{"type":"FeatureCollection","features":[{"type":"Feature","geometry":{"type":"LineString","coordinates":[[13.86516403372969,45.803426856269446],[13.851734220232101,45.8098767090113],[13.84065799277891,45.81688929358368],[13.834998606488954,45.82011353387677],[13.82700360046029,45.82491511459934],[13.825000357376704,45.826273504917374],[13.821910152799333,45.82865843261293],[13.817292812238959,45.833265247682405],[13.813358191294517,45.83638840132574],[13.8084264403847,45.84007462366799],[13.80518352220903,45.84182064375409],[13.798778534233257,45.84480564794981],[13.794466620869484,45.846657897067516],[13.790451151549467,45.849717727568176],[13.783794635294143,45.857006829620275],[13.778719153938868,45.86310641673684],[13.776626079326869,45.86486422480866]]},"properties":{"FID":0,"FAULT_NAME":"Raša segment 4","FAULT_DESI":"MAF.SI-014/4","FAULT_TYPE":"dextral strike-slip","MINDEPTH_g":0,"MAXDEPTH_g":0,"MAXDEPTH":15,"STRIKEMIN":305,"STRIKEMAX":330,"STRIKE_BES":315,"DIPMIN":75,"DIPMAX":95,"DIP_BEST_E":85,"RAKEMIN":160,"RAKEMAX":180,"RAKE_BEST":170,"FAULT_WIDT":15.0572975632,"TOTAL_FAUL":106,"TOTAL_FA_1":87,"SEGMENTATI":"geometric","TOTAL_SEGM":10,"TOTAL_SE_1":10,"MIN_TOTAL":1596.07354169,"MAX_TOTAL":1646.08912685,"BEST_ESTIM":1596.07354169,"MIN_TOTA_1":150.572975632,"MAX_TOTA_1":155.291427062,"BEST_EST_1":150.572975632,"SLIPRATEMI":0.23,"SLIPRATEMA":1.3,"BEST_EST_2":0.7,"ACTIVITY":"active","FAULT_WE_1":" ","__id":0},"id":0},{"type":"Feature","geometry":{"type":"LineString","coordinates":[[13.92966307112947,45.55503026982259],[13.926536933940735,45.55666570277067],[13.926438119259481,45.557175193311544],[13.926788462220289,45.557942565407565],[13.926779479067447,45.55826334899738],[13.926321338272546,45.55851494268836],[13.922126205895708,45.559175370767385],[13.920841615039416,45.55974144579965],[13.920464322620086,45.56050249324401],[13.920527204689975,45.56203713607663],[13.920320592174628,45.56325098370782],[13.920042114436551,45.5636912328443],[13.919404310584826,45.563817017678176],[13.918488028995023,45.563804439207466],[13.917131572916004,45.56366607584372],[13.915577487474476,45.563842174611175],[13.913637126460777,45.56542074962363],[13.912801693246546,45.566691124392115],[13.912505249202786,45.567772806994604],[13.912478299744265,45.56911230367415],[13.912011175796522,45.569942398260665],[13.912083041019251,45.57057753810675],[13.912792710093704,45.57160883899293],[13.912873558469277,45.57205531094187],[13.912415417674376,45.57256466192962],[13.909936067490207,45.573432434454666],[13.908471813577089,45.57424988906112],[13.906989593358295,45.57532513815457],[13.906235008519634,45.576846800517416],[13.905076181803118,45.58048101732659],[13.905112114414484,45.58359317865392],[13.904447361104234,45.58593818826395],[13.904070068684906,45.58672402747922],[13.903495146903069,45.587440703252035],[13.900422908631379,45.58957810297151],[13.89967730694556,45.590546192533786],[13.899291031373389,45.5920925866751],[13.89876102535576,45.59302291709421],[13.897970507905733,45.59377722773431],[13.895850483835211,45.594657244000466],[13.895563022944293,45.596316665698986],[13.893775375528895,45.598277737169404],[13.892939942314664,45.59870514108572],[13.891996711266339,45.59963536188516],[13.891305008497566,45.60110608492515],[13.891367890567455,45.60284073434367],[13.890846867702665,45.60351949560373],[13.890020417641276,45.603726893239646],[13.887307505483234,45.60380859512813],[13.884208317753023,45.605662567535305],[13.881100146869969,45.60778670467036],[13.87794706022271,45.6120598729703],[13.873626163706096,45.616860514875064],[13.867823046970683,45.61949943615476],[13.862810447685295,45.620523555484525],[13.856252746111224,45.62260943393639],[13.850476578834334,45.62336334681315],[13.845868221426802,45.62358323615915],[13.842409707582942,45.62408583713994],[13.83774745125836,45.62700083397216],[13.836130483746945,45.6307511564881],[13.833372655824698,45.63422484945614],[13.829087691919447,45.63740940228892],[13.824003227411332,45.64193781367667],[13.817724003575337,45.648601010087134],[13.814166675050222,45.65341108148918],[13.809459502961436,45.65820818247993],[13.804779280331175,45.661655060206016],[13.798976163595762,45.664015640917825],[13.781881223738967,45.673256105716185],[13.76949345597096,45.67796991278853],[13.760986410230348,45.68056829977272],[13.74701760756229,45.6868817517686],[13.741960092512697,45.69005703584797],[13.736489352432407,45.69429883371055],[13.72831468334692,45.69905478656539],[13.722475634000142,45.702223105841384],[13.716618618347686,45.706463980919146],[13.709989051550881,45.710691988744244],[13.701724550936984,45.719216034971645],[13.69162748714348,45.72563173300092],[13.658596434146405,45.74828460254754],[13.646037986474413,45.75665249081147],[13.636479911851382,45.76407284903737],[13.62872745094943,45.77124158207553]]},"properties":{"FID":1,"FAULT_NAME":"Petrinje segment 2","FAULT_DESI":"MAF.SI-008/2","FAULT_TYPE":"thrust","MINDEPTH_g":0,"MAXDEPTH_g":0,"MAXDEPTH":7,"STRIKEMIN":255,"STRIKEMAX":30,"STRIKE_BES":315,"DIPMIN":30,"DIPMAX":35,"DIP_BEST_E":32.5,"RAKEMIN":85,"RAKEMAX":120,"RAKE_BEST":90,"FAULT_WIDT":13.0281129769,"TOTAL_FAUL":52,"TOTAL_FA_1":51,"SEGMENTATI":"structural","TOTAL_SEGM":34,"TOTAL_SE_1":34,"MIN_TOTAL":634.614633606,"MAX_TOTAL":728,"BEST_ESTIM":677.4618748,"MIN_TOTA_1":414.940337358,"MAX_TOTA_1":476,"BEST_EST_1":442.955841215,"SLIPRATEMI":0.1,"SLIPRATEMA":0.5,"BEST_EST_2":0.2,"ACTIVITY":"probably","FAULT_WE_1":" ","__id":1},"id":1},{"type":"Feature","geometry":{"type":"LineString","coordinates":[[13.912810676399388,45.54181296728577],[13.912065074713569,45.54224080109047],[13.910996079525466,45.54264346522671],[13.909433010931098,45.54302725179722],[13.907995706476507,45.543171957528905],[13.906908744982722,45.543574614996025],[13.905696019349161,45.543687861889026],[13.9044832937156,45.54395210375223],[13.903108871330897,45.544600120206624],[13.902507000090537,45.54523554656371],[13.902273438116667,45.545682228119546],[13.902156657129732,45.54668253027879],[13.901204442928565,45.54773314294051],[13.901051729330263,45.54908569919052],[13.901348173374023,45.55029982661464],[13.899407812360325,45.5510987458976],[13.897907625835845,45.552073789477234],[13.897826777460274,45.552658807505516],[13.89756626602788,45.55316204394793],[13.896326590935793,45.55464027493759],[13.896021163739194,45.555413971826134],[13.895536073485768,45.55598008475206],[13.894763522341426,45.55651474172326],[13.893748426070372,45.55677892329008],[13.89344299887377,45.55698649364985],[13.89267943088227,45.55805578335425],[13.891906879737926,45.55856526129137],[13.89044262582481,45.560131405282036],[13.889167018121363,45.56126353037992],[13.88831361860145,45.561842163287174],[13.886966145675268,45.56245223718109],[13.886642752172985,45.562710101474316],[13.885807318958756,45.564056008086695],[13.883893907403582,45.56568488931743],[13.883049491036507,45.565860981756636],[13.882447619796148,45.565860981756636],[13.881755917027375,45.56558426481862],[13.879725724485265,45.56511887416705],[13.878072824362485,45.565030826853324],[13.876931963951654,45.56519434318327],[13.876455856851072,45.565383015280275],[13.875880935069235,45.565892426776976],[13.873931590902695,45.56800549180888],[13.871506139635573,45.572910514905345],[13.871344442884432,45.574205872577735],[13.87172173530376,45.57538172964182],[13.87209902772309,45.576218019415975],[13.873374635426542,45.57819865604389],[13.873482433260635,45.57918580440291],[13.873329719662335,45.580355269808635],[13.872961410395845,45.58127950749357],[13.871964280430474,45.58283873114339],[13.870140700403711,45.584058416231606],[13.862091795458,45.58723953202901],[13.86089703613012,45.58778646460713],[13.859333967535752,45.588848881626205],[13.859064472950516,45.58943351673363],[13.859136338173247,45.59011244018419],[13.859567529509624,45.59048333008212],[13.860825170907392,45.59099251391605],[13.861211446479562,45.591577126695455],[13.861328227466498,45.592168019445744],[13.861310261160817,45.59299777323159],[13.861076699186945,45.59370179712653],[13.860124484985777,45.59520410429931]]},"properties":{"FID":2,"FAULT_NAME":"Socerb segment 1","FAULT_DESI":"MAF.SI-007/1","FAULT_TYPE":"thrust","MINDEPTH_g":0,"MAXDEPTH_g":0,"MAXDEPTH":7,"STRIKEMIN":235,"STRIKEMAX":60,"STRIKE_BES":320,"DIPMIN":5,"DIPMAX":17,"DIP_BEST_E":10,"RAKEMIN":85,"RAKEMAX":120,"RAKE_BEST":90,"FAULT_WIDT":40.311393382,"TOTAL_FAUL":8,"TOTAL_FA_1":7,"SEGMENTATI":"not segmented","TOTAL_SEGM":8,"TOTAL_SE_1":7,"MIN_TOTAL":191.537002711,"MAX_TOTAL":642.527941758,"BEST_ESTIM":322.491147056,"MIN_TOTA_1":191.537002711,"MAX_TOTA_1":642.527941758,"BEST_EST_1":322.491147056,"SLIPRATEMI":0.1,"SLIPRATEMA":0.55,"BEST_EST_2":0.2,"ACTIVITY":"probably","FAULT_WE_1":" ","__id":2},"id":2},{"type":"Feature","geometry":{"type":"LineString","coordinates":[[13.833067228628098,45.50043613307322],[13.831755688313283,45.50133020430578],[13.830282451247326,45.50199760033728],[13.828827180487053,45.502205372958635],[13.826572409123914,45.50195982341465],[13.824245772538045,45.50136798165088],[13.82120946687772,45.50209204253295],[13.819897926562906,45.5031371922539],[13.819646398283354,45.50479931811012],[13.818352824274221,45.50508892592845],[13.81511888925139,45.50520854611427],[13.812747336901314,45.50548556030555],[13.810789009581935,45.50637325568978],[13.809037294777902,45.50772051130057],[13.809010345319377,45.50892923655495],[13.808543221371636,45.510742275768905],[13.80722269790398,45.51224050715783],[13.80482419609538,45.51343025073158],[13.80114110343049,45.51429893650197],[13.798985146748603,45.51442483187797],[13.794457637716642,45.51498506288584],[13.792041169602358,45.51693009129152],[13.790298437951167,45.51811973572438],[13.787917902448251,45.5185477497912],[13.785106175608957,45.518824698334825],[13.782096819407158,45.51879322697806],[13.778853901231486,45.519057585827774],[13.776033191239348,45.52024089117057],[13.774065880767127,45.521430465606166],[13.771029575106805,45.522607427199226],[13.767562078110103,45.52333121488274],[13.76086064609057,45.52447037489719],[13.758480110587655,45.52504938661499],[13.756306187600085,45.526087816615025],[13.753889719485803,45.52817720555612],[13.751706813345393,45.529366612185136],[13.748886103353257,45.53009031290581],[13.745652168330428,45.53051194294586],[13.742831458338292,45.53108459958032],[13.740010748346156,45.53211662538576],[13.737603263384717,45.533903747232884],[13.724442944472367,45.544361047044454],[13.717166590670997,45.5476702325554],[13.707168341558747,45.550211756077495],[13.6898218734224,45.55294816901049],[13.675448828876487,45.555854282372486],[13.661605790348204,45.561137739828915],[13.648705982868247,45.56880415937967]]},"properties":{"FID":3,"FAULT_NAME":"Buzet segment 3","FAULT_DESI":"MAF.SI-002/3","FAULT_TYPE":"thrust","MINDEPTH_g":0,"MAXDEPTH_g":7,"MAXDEPTH":7,"STRIKEMIN":255,"STRIKEMAX":360,"STRIKE_BES":300,"DIPMIN":10,"DIPMAX":20,"DIP_BEST_E":15,"RAKEMIN":85,"RAKEMAX":120,"RAKE_BEST":90,"FAULT_WIDT":27.0459231361,"TOTAL_FAUL":75,"TOTAL_FA_1":68,"SEGMENTATI":"structural","TOTAL_SEGM":17,"TOTAL_SE_1":16,"MIN_TOTAL":1534.99731009,"MAX_TOTAL":3023.35450365,"BEST_ESTIM":2028.44423521,"MIN_TOTA_1":347.932723619,"MAX_TOTA_1":685.293687494,"BEST_EST_1":459.780693314,"SLIPRATEMI":0.01,"SLIPRATEMA":0.1,"BEST_EST_2":0.05,"ACTIVITY":"potentially","FAULT_WE_1":" ","__id":3},"id":3},{"type":"Feature","geometry":{"type":"LineString","coordinates":[[13.900836133662075,45.46182012316944],[13.906765014537266,45.457107045070664],[13.910007932712935,45.45590981008179],[13.916619533204056,45.45380513537949],[13.92125484007011,45.45006819903671],[13.927219653556666,45.44691713282041],[13.928854587373761,45.44541716346347],[13.931028510361331,45.44411883845748],[13.934127698091544,45.44348227013515],[13.936409418913208,45.443507480898376],[13.93814316741156,45.4438037065224],[13.940011663202528,45.44438985051372],[13.943470177046388,45.44593396413206],[13.9464166511783,45.446431852981235],[13.948554641554503,45.44654529539545],[13.951923323869952,45.44619866507999],[13.954887764307545,45.44527850882002],[13.95733118188035,45.443507480898376],[13.963978714982835,45.43951143430482],[13.965092625935146,45.43753851830233],[13.970419635569973,45.432010204120715],[13.972746272155844,45.429860508138006],[13.97505494243603,45.427994429992836],[13.978585321502619,45.425756315717585],[13.981423997800437,45.424369270785014],[13.984936410561344,45.42279304199358],[13.989383071217738,45.421885114234726],[14.001474394941983,45.420479058405604],[14.00496884139721,45.41994310862575],[14.00713378123194,45.41911710547348],[14.010924671730923,45.416784054207746],[14.015245568247538,45.41522022534566],[14.020365965367017,45.41403471331751],[14.027121296303596,45.41069244436761],[14.031738636863972,45.40733105743816],[14.03579902194819,45.40509843099153],[14.038916175984088,45.4030486256281],[14.044315050841643,45.40120689091697],[14.055876368548263,45.399125406134495],[14.062874244611553,45.39729615923506],[14.065973432341767,45.39637520562583],[14.068542614054348,45.39535961609315],[14.072333504553333,45.393031891725336],[14.07599863091254,45.389940727435615],[14.079789521411524,45.387896681050535],[14.08329295101959,45.38660334191624],[14.088125887248154,45.38578946943783],[14.091620333703379,45.38534782830483],[14.095662752481916,45.3842437103771],[14.097549214578567,45.38322159341706],[14.099175165242825,45.38200386205208],[14.10095382950538,45.38022453901108],[14.104106916152642,45.375340577365044],[14.105193877646427,45.374305678617866],[14.106819828310682,45.37318872396358],[14.109254262730644,45.371882426975176],[14.115192126758673,45.36919401069616]]},"properties":{"FID":4,"FAULT_NAME":"Sočerga-Lupoglav segment 1","FAULT_DESI":"MAF.SI-003/1","FAULT_TYPE":"thrust","MINDEPTH_g":0,"MAXDEPTH_g":7,"MAXDEPTH":7,"STRIKEMIN":220,"STRIKEMAX":340,"STRIKE_BES":305,"DIPMIN":10,"DIPMAX":20,"DIP_BEST_E":15,"RAKEMIN":85,"RAKEMAX":120,"RAKE_BEST":90,"FAULT_WIDT":27.0459231361,"TOTAL_FAUL":47,"TOTAL_FA_1":35,"SEGMENTATI":"geometric","TOTAL_SEGM":21,"TOTAL_SE_1":20,"MIN_TOTAL":961.931647654,"MAX_TOTAL":1894.63548895,"BEST_ESTIM":1271.1583874,"MIN_TOTA_1":429.799246824,"MAX_TOTA_1":846.539261022,"BEST_EST_1":567.964385858,"SLIPRATEMI":0.01,"SLIPRATEMA":0.01,"BEST_EST_2":0.01,"ACTIVITY":"potentially","FAULT_WE_1":" ","__id":4},"id":4},{"type":"Feature","geometry":{"type":"LineString","coordinates":[[13.933211416501742,45.369294986387175],[13.92590811324185,45.37058241064619],[13.920958396026352,45.371743591705055],[13.916466819605755,45.37155427033292],[13.913259834041448,45.371219801026704],[13.909406061472575,45.37148485233769],[13.903809557252512,45.37279115850898],[13.897162024150026,45.37363046007973],[13.894350297310732,45.374961958069136],[13.891960778654973,45.37674775686228],[13.888717860479304,45.3782243111507],[13.883992722084834,45.37893733424539],[13.879276566843206,45.37918972964633],[13.873293787050969,45.37867862779019],[13.867939827957619,45.378476709734414],[13.860016687151683,45.378546119147416],[13.855291548757215,45.379252828320524],[13.844125489775609,45.381107897874685],[13.829716512618331,45.38397871886562],[13.818092312841825,45.38702604625445],[13.812064617285383,45.38847078796324],[13.806908287554537,45.38901965395502],[13.803054514985664,45.38898180129911],[13.794053395838787,45.38934140050678],[13.790199623269915,45.389297239323795],[13.785088209303275,45.38803547666277],[13.782968185232752,45.386956647251615],[13.78084816116223,45.3861806344171],[13.779150345275246,45.385410920106516],[13.776823708689376,45.38387776939167],[13.774488088950665,45.38324683109539],[13.771496699054545,45.382761003808795],[13.767858522153864,45.382571719320225],[13.759288594343364,45.38308278598495],[13.74807761959755,45.386281579778824],[13.735609003453972,45.38871052318993],[13.727434334368484,45.39012998725075],[13.71907101907333,45.39048957915358],[13.710923299446367,45.3910005742379],[13.699532661643731,45.392830024931726],[13.692211392078159,45.39440709006879],[13.687468287378005,45.39601565117031],[13.679886506380038,45.399396634254124],[13.675511710946376,45.40342074966565],[13.67180166882296,45.40624628950794],[13.667022631511447,45.40905907495359],[13.66117459901183,45.411701452063],[13.655128937149703,45.41374463743583],[13.644133558072081,45.41663271782349],[13.633380724121169,45.41846764412772],[13.614426271626247,45.422313859718116],[13.60558684923051,45.424621463307645],[13.596100639830208,45.42677135882201],[13.588339195775417,45.428788781609434],[13.579490790226838,45.431241114084756],[13.558542077801171,45.43762046187357],[13.538159304004502,45.44671545858902],[13.531637535041794,45.44995476370743],[13.526418323241057,45.45305524727036],[13.521154195676118,45.457359091303026],[13.509404231759834,45.46400010357168],[13.501292444744234,45.46709351489055],[13.486137865901139,45.46987177017242],[13.47600486949627,45.47271288280939],[13.464829827361823,45.47516960531621]]},"properties":{"FID":5,"FAULT_NAME":"Buje segment 3","FAULT_DESI":"MAF.SI-001/3","FAULT_TYPE":"reverse","MINDEPTH_g":0,"MAXDEPTH_g":7,"MAXDEPTH":7,"STRIKEMIN":240,"STRIKEMAX":290,"STRIKE_BES":290,"DIPMIN":45,"DIPMAX":85,"DIP_BEST_E":70,"RAKEMIN":85,"RAKEMAX":120,"RAKE_BEST":90,"FAULT_WIDT":7.44924440733,"TOTAL_FAUL":73,"TOTAL_FA_1":71,"SEGMENTATI":"structural","TOTAL_SEGM":40,"TOTAL_SE_1":39,"MIN_TOTAL":512.951936985,"MAX_TOTAL":722.663130373,"BEST_ESTIM":543.794841735,"MIN_TOTA_1":281.069554512,"MAX_TOTA_1":395.979797464,"BEST_EST_1":297.969776293,"SLIPRATEMI":0.01,"SLIPRATEMA":0.1,"BEST_EST_2":0.05,"ACTIVITY":"potentially","FAULT_WE_1":" ","__id":5},"id":5},{"type":"Feature","geometry":{"type":"LineString","coordinates":[[13.856926482574313,45.53341921628701],[13.856207830347016,45.532154382068335],[13.85578562216348,45.530895812323095],[13.855812571622003,45.529429543052245],[13.856585122766347,45.528076513893126],[13.859747192566447,45.5263269674751],[13.861849250331288,45.52561580535496],[13.864409448891028,45.52438226389597],[13.86682591700531,45.522311615639374],[13.868209322542853,45.52023459705905],[13.869736458525857,45.51846592382426],[13.87036527922474,45.51669090048516],[13.872655983199246,45.513996786450534],[13.874317866474865,45.5128574143727],[13.875683305706728,45.511718019227814],[13.87659958729653,45.51026384053747],[13.877408071052239,45.50712873009688],[13.8787735102841,45.505680728576344],[13.88435204819848,45.50227463032869],[13.887810562042343,45.5007383559234],[13.891574503082802,45.49837090017896],[13.893694527153325,45.49681562906606],[13.895949298516465,45.49558145623825],[13.900018666753525,45.49289892609319],[13.902426151714966,45.49177172154494],[13.903782607793987,45.49094676984116],[13.905615170973592,45.48856000945845],[13.907753161349795,45.48543628634997],[13.909576741376558,45.483572046477704],[13.912720844870977,45.48255172691288],[13.915559521168795,45.482369075164186],[13.91793107351887,45.48270918484163],[13.921353654751364,45.482740676374576],[13.922701127677545,45.48253913025956]]},"properties":{"FID":6,"FAULT_NAME":"Kubed segment 1","FAULT_DESI":"MAF.SI-004/1","FAULT_TYPE":"thrust","MINDEPTH_g":0,"MAXDEPTH_g":7,"MAXDEPTH":7,"STRIKEMIN":235,"STRIKEMAX":25,"STRIKE_BES":320,"DIPMIN":10,"DIPMAX":20,"DIP_BEST_E":15,"RAKEMIN":85,"RAKEMAX":120,"RAKE_BEST":90,"FAULT_WIDT":27.0459231361,"TOTAL_FAUL":9,"TOTAL_FA_1":8,"SEGMENTATI":"not segmented","TOTAL_SEGM":9,"TOTAL_SE_1":8,"MIN_TOTAL":184.19967721,"MAX_TOTAL":362.802540438,"BEST_ESTIM":243.413308225,"MIN_TOTA_1":184.19967721,"MAX_TOTA_1":362.802540438,"BEST_EST_1":243.413308225,"SLIPRATEMI":0.1,"SLIPRATEMA":0.5,"BEST_EST_2":0.2,"ACTIVITY":"probably","FAULT_WE_1":" ","__id":6},"id":6},{"type":"Feature","geometry":{"type":"LineString","coordinates":[[13.4535290210876,45.47241050956071],[13.436640693746154,45.48037246398659],[13.412880254481191,45.488049897156166],[13.393404779121482,45.493547530775054],[13.374504225543607,45.49718713497777],[13.356421138874278,45.500278724696265],[13.339937053410686,45.5026461002232],[13.327693016088139,45.50488745977778],[13.310373497410314,45.50891664580065],[13.296665206174648,45.515784483992455],[13.291203449247204,45.52110317779326],[13.281438762108824,45.52877505859281],[13.271934586402839,45.53645218543312],[13.26308618085426,45.540038680584196]]},"properties":{"FID":7,"FAULT_NAME":"Buje segment 2","FAULT_DESI":"MAF.SI-001/2","FAULT_TYPE":"reverse","MINDEPTH_g":0,"MAXDEPTH_g":7,"MAXDEPTH":7,"STRIKEMIN":285,"STRIKEMAX":320,"STRIKE_BES":300,"DIPMIN":45,"DIPMAX":85,"DIP_BEST_E":70,"RAKEMIN":85,"RAKEMAX":120,"RAKE_BEST":90,"FAULT_WIDT":7.44924440733,"TOTAL_FAUL":73,"TOTAL_FA_1":71,"SEGMENTATI":"structural","TOTAL_SEGM":17,"TOTAL_SE_1":16,"MIN_TOTAL":512.951936985,"MAX_TOTAL":722.663130373,"BEST_ESTIM":543.794841735,"MIN_TOTA_1":119.454560668,"MAX_TOTA_1":168.291413922,"BEST_EST_1":126.637154925,"SLIPRATEMI":0.01,"SLIPRATEMA":0.1,"BEST_EST_2":0.05,"ACTIVITY":"potentially","FAULT_WE_1":" ","__id":7},"id":7},{"type":"Feature","geometry":{"type":"LineString","coordinates":[[13.250931975060123,45.538918711925874],[13.239882697065454,45.54507826348083],[13.23285787154364,45.549626712577556],[13.229570037603763,45.55292300719964],[13.225662366117843,45.55937664254335],[13.22361420727005,45.565489929187294],[13.221601981033622,45.57048321086097],[13.219347209670483,45.57454542741333],[13.21517902675217,45.58080795955531],[13.21188220965945,45.584291033574644],[13.207794875116706,45.58776760495177],[13.190969429845145,45.59997476293151],[13.166364574213114,45.61465503539724],[13.153662396095664,45.62189949004233],[13.141660903899826,45.63175622541324],[13.123272390033899,45.65007044908922]]},"properties":{"FID":8,"FAULT_NAME":"Buje segment 1","FAULT_DESI":"MAF.SI-001/1","FAULT_TYPE":"reverse","MINDEPTH_g":0,"MAXDEPTH_g":7,"MAXDEPTH":7,"STRIKEMIN":310,"STRIKEMAX":345,"STRIKE_BES":320,"DIPMIN":45,"DIPMAX":85,"DIP_BEST_E":70,"RAKEMIN":85,"RAKEMAX":120,"RAKE_BEST":90,"FAULT_WIDT":7.44924440733,"TOTAL_FAUL":73,"TOTAL_FA_1":71,"SEGMENTATI":"structural","TOTAL_SEGM":16,"TOTAL_SE_1":16,"MIN_TOTAL":512.951936985,"MAX_TOTAL":722.663130373,"BEST_ESTIM":543.794841735,"MIN_TOTA_1":112.427821805,"MAX_TOTA_1":158.391918986,"BEST_EST_1":119.187910517,"SLIPRATEMI":0.01,"SLIPRATEMA":0.1,"BEST_EST_2":0.05,"ACTIVITY":"potentially","FAULT_WE_1":" ","__id":8},"id":8},{"type":"Feature","geometry":{"type":"LineString","coordinates":[[13.642498624254983,45.5708227882044],[13.635527697650216,45.57967622834505],[13.629796446137533,45.586447413330085],[13.61856750508604,45.59831544941063],[13.612458961154026,45.60424224162137],[13.60497599483731,45.609037268500906],[13.597286416005248,45.6145293644389],[13.58941717411636,45.618902548162666],[13.581350302864966,45.623130891423884],[13.570489671079962,45.62788032911137],[13.561865844352415,45.630562704058114],[13.552460483327684,45.632679616601834],[13.535868600029996,45.63553763576343],[13.518917390618661,45.63699485536133],[13.467282228087472,45.64036139021366],[13.455909556590516,45.64146677545589],[13.446108936840773,45.643288101294544],[13.436658660051835,45.64650981888872],[13.43143046509826,45.64853193294604]]},"properties":{"FID":9,"FAULT_NAME":"Buzet segment 2","FAULT_DESI":"MAF.SI-002/2","FAULT_TYPE":"thrust","MINDEPTH_g":0,"MAXDEPTH_g":7,"MAXDEPTH":7,"STRIKEMIN":275,"STRIKEMAX":330,"STRIKE_BES":295,"DIPMIN":25,"DIPMAX":80,"DIP_BEST_E":60,"RAKEMIN":85,"RAKEMAX":120,"RAKE_BEST":90,"FAULT_WIDT":8.08290376865,"TOTAL_FAUL":75,"TOTAL_FA_1":68,"SEGMENTATI":"structural","TOTAL_SEGM":20,"TOTAL_SE_1":18,"MIN_TOTAL":533.09897124,"MAX_TOTAL":1242.25583116,"BEST_ESTIM":606.217782649,"MIN_TOTA_1":142.159725664,"MAX_TOTA_1":331.268221641,"BEST_EST_1":161.658075373,"SLIPRATEMI":0.01,"SLIPRATEMA":0.1,"BEST_EST_2":0.05,"ACTIVITY":"potentially","FAULT_WE_1":" ","__id":9},"id":9},{"type":"Feature","geometry":{"type":"LineString","coordinates":[[13.417012504788143,45.6436900410905],[13.402666409700752,45.65116308386963],[13.389883383207733,45.65963969844631],[13.378438846488049,45.66994804396549],[13.36775787775987,45.68110804618382],[13.359861686412458,45.69257956388203],[13.353582462576462,45.70295712647292],[13.348417149692773,45.716004773589056],[13.343126072669312,45.73296216143117],[13.337008545584458,45.75116179329877],[13.329929821145594,45.767807723517]]},"properties":{"FID":10,"FAULT_NAME":"Buzet segment 1","FAULT_DESI":"MAF.SI-002/1","FAULT_TYPE":"thrust","MINDEPTH_g":0,"MAXDEPTH_g":7,"MAXDEPTH":7,"STRIKEMIN":310,"STRIKEMAX":350,"STRIKE_BES":335,"DIPMIN":25,"DIPMAX":80,"DIP_BEST_E":60,"RAKEMIN":85,"RAKEMAX":120,"RAKE_BEST":90,"FAULT_WIDT":8.08290376865,"TOTAL_FAUL":75,"TOTAL_FA_1":68,"SEGMENTATI":"structural","TOTAL_SEGM":16,"TOTAL_SE_1":15,"MIN_TOTAL":533.09897124,"MAX_TOTAL":1242.25583116,"BEST_ESTIM":606.217782649,"MIN_TOTA_1":113.727780531,"MAX_TOTA_1":265.014577313,"BEST_EST_1":129.326460298,"SLIPRATEMI":0.01,"SLIPRATEMA":0.1,"BEST_EST_2":0.05,"ACTIVITY":"potentially","FAULT_WE_1":" ","__id":10},"id":10},{"type":"Feature","geometry":{"type":"LineString","coordinates":[[13.615513233120032,45.766416574663324],[13.5912138046846,45.77199975957869],[13.573975134382344,45.778584818218036],[13.563608576003606,45.78360297540104],[13.536084195698184,45.80144791679143],[13.516994995910645,45.817922322935516],[13.503834676998292,45.82841431085034],[13.487413473604589,45.840925737078095],[13.467372059615881,45.86522703948358],[13.461389279823647,45.87212632303648]]},"properties":{"FID":11,"FAULT_NAME":"Petrinje segment 1","FAULT_DESI":"MAF.SI-008/1","FAULT_TYPE":"thrust","MINDEPTH_g":0,"MAXDEPTH_g":0,"MAXDEPTH":7,"STRIKEMIN":290,"STRIKEMAX":330,"STRIKE_BES":315,"DIPMIN":30,"DIPMAX":35,"DIP_BEST_E":32.5,"RAKEMIN":85,"RAKEMAX":120,"RAKE_BEST":90,"FAULT_WIDT":13.0281129769,"TOTAL_FAUL":52,"TOTAL_FA_1":51,"SEGMENTATI":"structural","TOTAL_SEGM":18,"TOTAL_SE_1":17,"MIN_TOTAL":634.614633606,"MAX_TOTAL":728,"BEST_ESTIM":677.4618748,"MIN_TOTA_1":219.674296248,"MAX_TOTA_1":252,"BEST_EST_1":234.506033585,"SLIPRATEMI":0.1,"SLIPRATEMA":0.5,"BEST_EST_2":0.2,"ACTIVITY":"probably","FAULT_WE_1":" ","__id":11},"id":11},{"type":"Feature","geometry":{"type":"LineString","coordinates":[[14.032762716287868,45.6628416411433],[14.028235207255905,45.66478155263423],[14.018569334798778,45.66822174814839],[14.012011633224708,45.67014891856605],[14.007232595913191,45.671216052793454],[13.998474021893024,45.67293597925346],[13.99377583295708,45.674128597955274],[13.987730171094958,45.67704099154451],[13.983454190342547,45.67935071316616],[13.972566609099019,45.6864236425469],[13.966952138573273,45.68983740737653],[13.962496494764038,45.69232857116472],[13.956531681277484,45.69499531118942],[13.945877662007828,45.69885401573078],[13.939023516389996,45.70231093787753],[13.935097878598393,45.70462588965437],[13.930381723356765,45.70680900837832],[13.923446729363365,45.709581697179544],[13.916772246802354,45.71254869823646],[13.91161591707151,45.71448061425217],[13.905758901419048,45.71633719788114],[13.900970880954693,45.71771705116017],[13.892517734131129,45.72090939927083],[13.889589226304897,45.72186894959289],[13.887280556024711,45.722464740519456],[13.879321482607413,45.72331765120867],[13.877021795480067,45.72396986824405],[13.873904641444172,45.725180212373374],[13.869898155276998,45.72699254392872],[13.859738209413607,45.73195890897646],[13.854384250320255,45.73474916022476],[13.850198101096256,45.736498482603146],[13.84637127798591,45.73788410767097],[13.841223931407905,45.73943897630861],[13.833148077003669,45.7416395429959],[13.828261241858058,45.74326326736233],[13.824173907315314,45.74432900671995],[13.822125748467522,45.74536338134619],[13.820589629331677,45.746642218024185],[13.819421819462324,45.74787087664839],[13.813519888045658,45.75120567087665],[13.809154075764837,45.75338696983517],[13.804339105841956,45.75525479601089],[13.792265748423388,45.762481064793114],[13.787810104614158,45.76453658865971],[13.783974298350966,45.76604058253114],[13.769403624442546,45.77039566939107],[13.763968816973625,45.77225039450308],[13.759611987845645,45.77350355223],[13.74959577242771,45.775126349642726],[13.745328774828145,45.776316788759935],[13.742750609962721,45.77715008102135],[13.735573070842605,45.77824649923584],[13.733075754352752,45.779267715095195],[13.730210128596413,45.78096552337808],[13.727425351215642,45.78291386696107],[13.72537719236785,45.78387861639203],[13.722502583458668,45.7857015713611],[13.719627974549484,45.78801933180288],[13.717454051561916,45.79021798303943],[13.712639081639036,45.79609941854624],[13.70945006238041,45.80038953106954],[13.706997661654764,45.80320767339647],[13.705147132169479,45.80463547776666]]},"properties":{"FID":12,"FAULT_NAME":"Divača segment 2","FAULT_DESI":"MAF.SI-011/2","FAULT_TYPE":"dextral strike-slip","MINDEPTH_g":0,"MAXDEPTH_g":0,"MAXDEPTH":15,"STRIKEMIN":280,"STRIKEMAX":330,"STRIKE_BES":300,"DIPMIN":65,"DIPMAX":85,"DIP_BEST_E":80,"RAKEMIN":150,"RAKEMAX":170,"RAKE_BEST":160,"FAULT_WIDT":15.2313991783,"TOTAL_FAUL":50,"TOTAL_FA_1":49,"SEGMENTATI":"structural","TOTAL_SEGM":30,"TOTAL_SE_1":30,"MIN_TOTAL":752.864878158,"MAX_TOTAL":827.533439222,"BEST_ESTIM":761.569958914,"MIN_TOTA_1":451.718926895,"MAX_TOTA_1":496.520063533,"BEST_EST_1":456.941975349,"SLIPRATEMI":0.05,"SLIPRATEMA":0.5,"BEST_EST_2":0.2,"ACTIVITY":"probably","FAULT_WE_1":" ","__id":12},"id":12},{"type":"Feature","geometry":{"type":"LineString","coordinates":[[13.705147132169479,45.80463547776666],[13.68104533309655,45.80842399180799],[13.670391313826894,45.81057174565211],[13.660743407675449,45.81189917891892],[13.647592071915941,45.812857165347445],[13.6442683053647,45.81328293180411],[13.628089647097706,45.816238162206275],[13.622636873323101,45.81696442363729],[13.60947655441075,45.81824161903977],[13.602829021308265,45.819042981590144],[13.596989971961488,45.81933722900672],[13.593953666301163,45.82003214758377],[13.588743437653271,45.82212311153039],[13.583506259546853,45.82537208831397],[13.579356042934222,45.8281701880171],[13.573885302853935,45.830893035913135],[13.56439011030079,45.83455458686281],[13.55162505011345,45.839042005359666],[13.534988251051557,45.84546270283716],[13.524280332864853,45.85061249281857],[13.510024069305876,45.85793275874177],[13.499037673381094,45.86400722212257],[13.483676482022652,45.871951193159056]]},"properties":{"FID":13,"FAULT_NAME":"Brestovica segment 1","FAULT_DESI":"MAF.SI-010/1","FAULT_TYPE":"dextral strike-slip","MINDEPTH_g":0,"MAXDEPTH_g":0,"MAXDEPTH":15,"STRIKEMIN":280,"STRIKEMAX":315,"STRIKE_BES":300,"DIPMIN":65,"DIPMAX":75,"DIP_BEST_E":70,"RAKEMIN":150,"RAKEMAX":170,"RAKE_BEST":160,"FAULT_WIDT":15.9626665871,"TOTAL_FAUL":19,"TOTAL_FA_1":19,"SEGMENTATI":"not segmented","TOTAL_SEGM":19,"TOTAL_SE_1":19,"MIN_TOTAL":295.053711417,"MAX_TOTAL":314.462706904,"BEST_ESTIM":303.290665156,"MIN_TOTA_1":295.053711417,"MAX_TOTA_1":314.462706904,"BEST_EST_1":303.290665156,"SLIPRATEMI":0.01,"SLIPRATEMA":0.1,"BEST_EST_2":0.05,"ACTIVITY":"potentially","FAULT_WE_1":" ","__id":13},"id":13},{"type":"Feature","geometry":{"type":"LineString","coordinates":[[14.348897831075211,45.39734031416801],[14.338001266678841,45.40707878768542],[14.326386050055174,45.41803886943666],[14.311950123439374,45.43216780324407],[14.29479230151269,45.44039386641881],[14.276933793664394,45.448618730440394],[14.258742909160974,45.45560734669422],[14.234982469896012,45.461574397548894],[14.206883167808753,45.4706718318982],[14.199579864548863,45.472561696387835],[14.187838883785421,45.477053020043456],[14.180418799538593,45.47955994265273],[14.177867584131695,45.48062440620633],[14.176088919869137,45.48170144649311],[14.170887674374086,45.482904432062135],[14.161257734528323,45.485543352307175],[14.15627208470146,45.487527184696184],[14.151717626210976,45.48981952622179],[14.146624178550017,45.4913309091607],[14.130768913785309,45.49702971751782],[14.122800857215166,45.49905722073368],[14.099121266325778,45.506234750948664],[14.087407235020859,45.50949581758287],[14.065946482883243,45.51708745310963],[14.064886470847982,45.517251108933664],[14.057026212111936,45.51985065492475],[14.048716795733831,45.523098345078836],[14.04390182581095,45.52554028318581],[14.038538883564756,45.52737166720524],[14.01857831795162,45.5333940457342],[14.015892355252102,45.53428759346025],[14.01008025536385,45.536515108372136],[14.008238709031405,45.53783647382697],[14.005983937668265,45.538918711925874],[14.001573209623238,45.54033439892278],[13.999237589884528,45.54130333747546],[13.996147385307156,45.54290771199881]]},"properties":{"FID":14,"FAULT_NAME":"Skadanščina segment 2","FAULT_DESI":"MAF.SI-009/2","FAULT_TYPE":"reverse","MINDEPTH_g":0,"MAXDEPTH_g":0,"MAXDEPTH":7,"STRIKEMIN":290,"STRIKEMAX":325,"STRIKE_BES":300,"DIPMIN":55,"DIPMAX":65,"DIP_BEST_E":60,"RAKEMIN":85,"RAKEMAX":120,"RAKE_BEST":90,"FAULT_WIDT":8.08290376865,"TOTAL_FAUL":44,"TOTAL_FA_1":36,"SEGMENTATI":"geometric","TOTAL_SEGM":33,"TOTAL_SE_1":32,"MIN_TOTAL":339.84039904,"MAX_TOTAL":375.998573339,"BEST_ESTIM":355.647765821,"MIN_TOTA_1":254.88029928,"MAX_TOTA_1":281.998930004,"BEST_EST_1":266.735824366,"SLIPRATEMI":0.06,"SLIPRATEMA":0.06,"BEST_EST_2":0.06,"ACTIVITY":"potentially","FAULT_WE_1":" ","__id":14},"id":14},{"type":"Feature","geometry":{"type":"LineString","coordinates":[[14.005112571842668,45.53670387676673],[14.001456428636303,45.537779844515754],[13.996443829350916,45.54034698264738],[13.992185814904188,45.542347759032936],[13.99009274029219,45.54354944898882],[13.986759990588107,45.54588983946544],[13.984595050753379,45.547934455699746],[13.982475026682856,45.55019917456092],[13.98128925050782,45.55228137721657],[13.978648203572508,45.55938293227473],[13.978172096471924,45.561320136035995],[13.976546145807669,45.56533899184765],[13.975063925588872,45.56796147043145],[13.97211745145696,45.57211819402981],[13.970069292609166,45.57574642896944],[13.968146897901152,45.57805404049564],[13.965335171061856,45.58089598213774]]},"properties":{"FID":15,"FAULT_NAME":"Skadanščina segment 1","FAULT_DESI":"MAF.SI-009/1","FAULT_TYPE":"reverse","MINDEPTH_g":0,"MAXDEPTH_g":0,"MAXDEPTH":7,"STRIKEMIN":295,"STRIKEMAX":350,"STRIKE_BES":330,"DIPMIN":55,"DIPMAX":65,"DIP_BEST_E":60,"RAKEMIN":85,"RAKEMAX":120,"RAKE_BEST":90,"FAULT_WIDT":8.08290376865,"TOTAL_FAUL":44,"TOTAL_FA_1":36,"SEGMENTATI":"geometric","TOTAL_SEGM":6,"TOTAL_SE_1":6,"MIN_TOTAL":339.84039904,"MAX_TOTAL":375.998573339,"BEST_ESTIM":355.647765821,"MIN_TOTA_1":46.3418725964,"MAX_TOTA_1":51.272532728,"BEST_EST_1":48.4974226119,"SLIPRATEMI":0.06,"SLIPRATEMA":0.06,"BEST_EST_2":0.06,"ACTIVITY":"potentially","FAULT_WE_1":" ","__id":15},"id":15},{"type":"Feature","geometry":{"type":"LineString","coordinates":[[13.975162740270124,45.732241075550895],[13.965703480328346,45.73437922481709],[13.947090387641389,45.74068660168714],[13.930875796763033,45.746661024227336],[13.924803185442384,45.74909323976889],[13.915056464609686,45.75333682598893],[13.881998462154089,45.76695549229999],[13.877156542772683,45.76973772843325],[13.866098281625172,45.77691199878873],[13.861507890523322,45.779468196993946],[13.848401470528017,45.7857015713611],[13.840316632970943,45.78914685609127],[13.83615743320547,45.790374578821805],[13.831261614907017,45.791420627362385],[13.826527493359709,45.79264830000855],[13.821613708755574,45.794326910674656],[13.812603606455855,45.798228858749056],[13.805839292366436,45.80156690564495],[13.801159069736174,45.803714923876775],[13.797637673822425,45.80621979680152],[13.794017463227421,45.80936325294967],[13.784683967425421,45.81626320586158],[13.779581536611621,45.81933096843958],[13.771694328417052,45.82438927719014],[13.765657649707768,45.82808255391837],[13.757545862692169,45.83221372565405],[13.750000014305565,45.836526091440206],[13.744044183971853,45.840506440186964],[13.734477126195982,45.846413854258685],[13.722421735083095,45.852871241757846],[13.720481374069397,45.85435408245505],[13.71674438248746,45.85870852532435],[13.71148025492252,45.86431374284905],[13.70831818512242,45.8686736607965],[13.70598256538371,45.87309578201793]]},"properties":{"FID":16,"FAULT_NAME":"Tomačevica segment 1","FAULT_DESI":"MAF.SI-012/1","FAULT_TYPE":"dextral strike-slip","MINDEPTH_g":0,"MAXDEPTH_g":0,"MAXDEPTH":10,"STRIKEMIN":295,"STRIKEMAX":340,"STRIKE_BES":305,"DIPMIN":70,"DIPMAX":80,"DIP_BEST_E":75,"RAKEMIN":160,"RAKEMAX":180,"RAKE_BEST":170,"FAULT_WIDT":10.3527618041,"TOTAL_FAUL":27,"TOTAL_FA_1":26,"SEGMENTATI":"not segmented","TOTAL_SEGM":27,"TOTAL_SE_1":26,"MIN_TOTAL":274.165185209,"MAX_TOTAL":287.327998568,"BEST_ESTIM":279.524568711,"MIN_TOTA_1":274.165185209,"MAX_TOTA_1":287.327998568,"BEST_EST_1":279.524568711,"SLIPRATEMI":0.01,"SLIPRATEMA":0.1,"BEST_EST_2":0.05,"ACTIVITY":"potentially","FAULT_WE_1":" ","__id":16},"id":16},{"type":"Feature","geometry":{"type":"LineString","coordinates":[[13.933211416501742,45.75749234439152],[13.927048973652683,45.75977994115396],[13.916466819605755,45.76463058946461],[13.91103201213683,45.76806464360899],[13.895536073485768,45.77652354664797],[13.88892447299465,45.77936795613468],[13.88508866673146,45.78117852888535],[13.879429280441506,45.783270951488745],[13.873239888133922,45.78597093765886],[13.86682591700531,45.78958533159944],[13.864678943476264,45.790443480826674],[13.859046506644834,45.79307422093454],[13.843514635382407,45.80235598319039],[13.834576398305419,45.80631372734519],[13.828458871220565,45.808812221666884],[13.820544713567472,45.81165498366437],[13.818254009592966,45.81292603955376],[13.815316518613896,45.814898310227804],[13.811076470472852,45.818898987606865],[13.809728997546674,45.81998206365202],[13.806234551091448,45.82216693328793],[13.804321139536274,45.823243685637216],[13.801257884417426,45.82475235593201],[13.79872463531621,45.82582279844023],[13.793433558292746,45.82852072303233],[13.790226572728438,45.82980391273861],[13.786983654552765,45.831356219769575],[13.784118028796426,45.833083736370064],[13.780964942149167,45.835268091822236],[13.7773087989428,45.83839739148817],[13.77325739701142,45.84147645058217],[13.768855652119235,45.84504344013845],[13.76513662684298,45.84897937896966],[13.761803877138895,45.853065202071285]]},"properties":{"FID":17,"FAULT_NAME":"Kobjeglava segment 1","FAULT_DESI":"MAF.SI-013/1","FAULT_TYPE":"dextral strike-slip","MINDEPTH_g":0,"MAXDEPTH_g":0,"MAXDEPTH":10,"STRIKEMIN":300,"STRIKEMAX":330,"STRIKE_BES":305,"DIPMIN":70,"DIPMAX":80,"DIP_BEST_E":75,"RAKEMIN":160,"RAKEMAX":180,"RAKE_BEST":170,"FAULT_WIDT":10.3527618041,"TOTAL_FAUL":17,"TOTAL_FA_1":17,"SEGMENTATI":"not segmented","TOTAL_SEGM":17,"TOTAL_SE_1":17,"MIN_TOTAL":172.622524021,"MAX_TOTAL":180.910221321,"BEST_ESTIM":175.99695067,"MIN_TOTA_1":172.622524021,"MAX_TOTA_1":180.910221321,"BEST_EST_1":175.99695067,"SLIPRATEMI":0.01,"SLIPRATEMA":0.1,"BEST_EST_2":0.05,"ACTIVITY":"potentially","FAULT_WE_1":" ","__id":17},"id":17},{"type":"Feature","geometry":{"type":"LineString","coordinates":[[13.855570026495293,45.956799434894776],[13.851527607716754,45.96316906341467],[13.847494172091057,45.97077418997486],[13.845185501810871,45.97576253592192],[13.84293971360057,45.979489454819806],[13.840415447652196,45.982454579612245],[13.836085567982739,45.98650561973128],[13.830498046915517,45.9904128136162],[13.82736292657394,45.99322756991415],[13.825790874826732,45.99493757368107],[13.818442655802633,46.00397974425116],[13.808471356148907,46.0140810151159],[13.806189635327241,46.01660136583423],[13.800584147954337,46.02391222835744],[13.79836530920256,46.02655687565472],[13.796362066118974,46.02855898910414],[13.793146097401827,46.031465354969],[13.788780285121007,46.034926599899066],[13.786363817006723,46.03658542602938],[13.783174797748101,46.03848740222853],[13.780479851895741,46.039834335938075],[13.777901687030319,46.04095052001245],[13.769861765237447,46.04387494006175],[13.761929641278673,46.04651239723209],[13.758767571478574,46.04744763548876],[13.74514911177132,46.05087670695935],[13.742472132224645,46.051126085671235]]},"properties":{"FID":18,"FAULT_NAME":"Predjama-Avče segment 3","FAULT_DESI":"MAF.SI-019/3","FAULT_TYPE":"dextral strike-slip","MINDEPTH_g":0,"MAXDEPTH_g":0,"MAXDEPTH":15,"STRIKEMIN":280,"STRIKEMAX":335,"STRIKE_BES":320,"DIPMIN":70,"DIPMAX":90,"DIP_BEST_E":80,"RAKEMIN":160,"RAKEMAX":180,"RAKE_BEST":170,"FAULT_WIDT":15.2313991783,"TOTAL_FAUL":158,"TOTAL_FA_1":90,"SEGMENTATI":"structural","TOTAL_SEGM":14,"TOTAL_SE_1":14,"MIN_TOTAL":75,"MAX_TOTAL":79.8133329357,"BEST_ESTIM":76.1569958914,"MIN_TOTA_1":210,"MAX_TOTA_1":223.47733222,"BEST_EST_1":213.239588496,"SLIPRATEMI":0.05,"SLIPRATEMA":1.45,"BEST_EST_2":0.7,"ACTIVITY":"active","FAULT_WE_1":" ","__id":18},"id":18},{"type":"Feature","geometry":{"type":"LineString","coordinates":[[14.036149364908997,45.859772058693956],[14.02932216874969,45.8651957624497],[14.014670646465701,45.87364617701046],[14.012577571853702,45.875316092094735],[14.004420869073895,45.879531309955],[14.001070153064132,45.881863926608645],[13.996183317918522,45.88476548999947],[13.991323432231434,45.88641005885436],[13.983319443049929,45.89009921870917],[13.978450574210001,45.892175044999675],[13.975315453868424,45.89368809840898],[13.971704226426263,45.89505731369042],[13.967949268538643,45.89627644957037],[13.957960002579235,45.898314534907776],[13.948428877414726,45.90040255702892],[13.937568245629723,45.90327189645555],[13.93026494236983,45.90621609713517],[13.926590832857782,45.90789128387214],[13.918568877370593,45.91112900151636],[13.913295766652812,45.912891540606935],[13.911058961595355,45.913829038594834],[13.907393835236146,45.91676018013511],[13.902345303339395,45.921909614625065],[13.894503010909034,45.929489162581035],[13.884531711255304,45.93658662948987],[13.871254611356019,45.944095460240064]]},"properties":{"FID":19,"FAULT_NAME":"Predjama-Avče segment 6a","FAULT_DESI":"MAF.SI-019/6a","FAULT_TYPE":"dextral transpressive","MINDEPTH_g":0,"MAXDEPTH_g":0,"MAXDEPTH":15,"STRIKEMIN":115,"STRIKEMAX":145,"STRIKE_BES":130,"DIPMIN":70,"DIPMAX":80,"DIP_BEST_E":75,"RAKEMIN":140,"RAKEMAX":170,"RAKE_BEST":155,"FAULT_WIDT":15.5291427062,"TOTAL_FAUL":158,"TOTAL_FA_1":90,"SEGMENTATI":"structural","TOTAL_SEGM":27,"TOTAL_SE_1":26,"MIN_TOTAL":152.313991783,"MAX_TOTAL":159.626665871,"BEST_ESTIM":155.291427062,"MIN_TOTA_1":411.247777814,"MAX_TOTA_1":430.991997853,"BEST_EST_1":419.286853066,"SLIPRATEMI":0.05,"SLIPRATEMA":1.45,"BEST_EST_2":0.7,"ACTIVITY":"active","FAULT_WE_1":" ","__id":19},"id":19},{"type":"Feature","geometry":{"type":"LineString","coordinates":[[13.742472132224645,46.051126085671235],[13.749838317554424,46.044959866767144],[13.761175056440011,46.036853577457755],[13.771002625648281,46.02766709082332],[13.777174051650181,46.02529694154288],[13.782483094979328,46.02276451186266],[13.788717403051118,46.017649398654754],[13.795203239402461,46.01071205012449],[13.799272607639521,46.004659875376966],[13.804006729186831,45.9980079587747],[13.810914773721711,45.99183581251895],[13.820014707549841,45.98522604740923],[13.827353943421098,45.97920854002603],[13.834306903720181,45.970742972377806],[13.838115760524849,45.96636609111075],[13.843882944648898,45.96215746544608],[13.855570026495293,45.956799434894776]]},"properties":{"FID":20,"FAULT_NAME":"Predjama-Avče segment 4","FAULT_DESI":"MAF.SI-019/4","FAULT_TYPE":"dextral strike-slip","MINDEPTH_g":0,"MAXDEPTH_g":0,"MAXDEPTH":15,"STRIKEMIN":300,"STRIKEMAX":330,"STRIKE_BES":320,"DIPMIN":70,"DIPMAX":90,"DIP_BEST_E":80,"RAKEMIN":160,"RAKEMAX":180,"RAKE_BEST":170,"FAULT_WIDT":15.2313991783,"TOTAL_FAUL":158,"TOTAL_FA_1":90,"SEGMENTATI":"structural","TOTAL_SEGM":14,"TOTAL_SE_1":14,"MIN_TOTAL":105,"MAX_TOTAL":111.73866611,"BEST_ESTIM":106.619794248,"MIN_TOTA_1":210,"MAX_TOTA_1":223.47733222,"BEST_EST_1":213.239588496,"SLIPRATEMI":0.05,"SLIPRATEMA":1.45,"BEST_EST_2":0.7,"ACTIVITY":"active","FAULT_WE_1":" ","__id":20},"id":20},{"type":"Feature","geometry":{"type":"LineString","coordinates":[[13.516348208906079,46.1992756954059],[13.505352829828457,46.19981663350285],[13.491294195631983,46.19937517867393],[13.4763821619156,46.19874718752419],[13.466258148663574,46.199039421922386],[13.458460771997416,46.199878809954356],[13.4422551642719,46.20129019647722],[13.42255511009116,46.204019603239885],[13.410733280952146,46.20710945134344],[13.401013509577973,46.21048508269856],[13.389515073941244,46.21520937489595],[13.381358371161438,46.21989596846111],[13.375968479456722,46.222730106806246],[13.370345025778132,46.22479346637539],[13.365592937925141,46.226869177568865],[13.360194063067583,46.229963954489705],[13.355262312157766,46.23383528716751],[13.350366493859314,46.23667491937518],[13.344482528748332,46.23933422285666],[13.336235994440115,46.24238480713697],[13.330217282036513,46.2453793094157],[13.324944171318732,46.24821834423164]]},"properties":{"FID":21,"FAULT_NAME":"Predjama-Avče segment 1","FAULT_DESI":"MAF.SI-019/1","FAULT_TYPE":"dextral strike-slip","MINDEPTH_g":0,"MAXDEPTH_g":0,"MAXDEPTH":15,"STRIKEMIN":270,"STRIKEMAX":320,"STRIKE_BES":295,"DIPMIN":70,"DIPMAX":80,"DIP_BEST_E":75,"RAKEMIN":140,"RAKEMAX":170,"RAKE_BEST":155,"FAULT_WIDT":15.5291427062,"TOTAL_FAUL":158,"TOTAL_FA_1":90,"SEGMENTATI":"geometric","TOTAL_SEGM":17,"TOTAL_SE_1":16,"MIN_TOTAL":152.313991783,"MAX_TOTAL":159.626665871,"BEST_ESTIM":155.291427062,"MIN_TOTA_1":258.933786031,"MAX_TOTA_1":271.365331981,"BEST_EST_1":263.995426005,"SLIPRATEMI":0.05,"SLIPRATEMA":1.45,"BEST_EST_2":0.7,"ACTIVITY":"active","FAULT_WE_1":" ","__id":21},"id":21},{"type":"Feature","geometry":{"type":"LineString","coordinates":[[13.506870982658617,46.18020888984403],[13.510850519367267,46.178199836053395],[13.512781897228125,46.176607468828145],[13.514156319612828,46.17430591908658],[13.515665489290148,46.17220333810575],[13.518342468836824,46.169914046107515],[13.53102668064859,46.1634064620897],[13.534718756466322,46.16112924800762],[13.536524370187403,46.15892660701094],[13.538491680659625,46.155921166471565],[13.541914261892119,46.15303379777884],[13.544860736024031,46.15175808017046],[13.548085687894021,46.15058812778431],[13.55325100077771,46.14772537345728],[13.556511885259061,46.14544128659269],[13.55858699356538,46.14364880328423],[13.560545320884758,46.141047109099894],[13.564902150012738,46.135743753658524],[13.56739946650259,46.13456101084144],[13.572223419578313,46.1337144003841],[13.576005326924458,46.13345916967829],[13.579077565196144,46.13278684898665],[13.580999959904162,46.13159781730032],[13.583389478559917,46.12900177933785],[13.587854105521993,46.12471213435503],[13.59023464102491,46.12281935459744],[13.59317213200398,46.12134368842497],[13.59654979747227,46.119967609672955],[13.600798828766155,46.11870357944989],[13.610473684376121,46.115390810944376],[13.615315603757526,46.11305556309882],[13.619564635051411,46.11147376567915],[13.624316722904403,46.109213086627285],[13.62631996598799,46.10772459993483],[13.629526951552297,46.105868606248386],[13.633048347466044,46.10424300339726],[13.638321458183826,46.102411807142786],[13.65097872053707,46.097254233676985],[13.65540741488778,46.09442608401989],[13.666636355939273,46.08654512217551],[13.670319448604163,46.084351958610505],[13.673023377609365,46.08255748720342],[13.675511710946376,46.08051371256467],[13.677892246449291,46.078812586308935],[13.683857059935846,46.07549118865221],[13.694591927581074,46.07021268391578],[13.697709081616969,46.06848631012371],[13.701446073198905,46.06600572184407],[13.703036091251798,46.06480901628227],[13.704967469112654,46.06262122186423],[13.710393293428735,46.05760330323858]]},"properties":{"FID":22,"FAULT_NAME":"Banjšice segment 1","FAULT_DESI":"MAF.SI-018/1","FAULT_TYPE":"dextral strike-slip","MINDEPTH_g":0,"MAXDEPTH_g":0,"MAXDEPTH":10,"STRIKEMIN":300,"STRIKEMAX":325,"STRIKE_BES":310,"DIPMIN":60,"DIPMAX":80,"DIP_BEST_E":70,"RAKEMIN":150,"RAKEMAX":170,"RAKE_BEST":160,"FAULT_WIDT":10.6417777248,"TOTAL_FAUL":22,"TOTAL_FA_1":21,"SEGMENTATI":"not segmented","TOTAL_SEGM":22,"TOTAL_SE_1":21,"MIN_TOTAL":223.393854615,"MAX_TOTAL":254.034118443,"BEST_ESTIM":234.119109945,"MIN_TOTA_1":223.393854615,"MAX_TOTA_1":254.034118443,"BEST_EST_1":234.119109945,"SLIPRATEMI":0.01,"SLIPRATEMA":0.1,"BEST_EST_2":0.05,"ACTIVITY":"potentially","FAULT_WE_1":" ","__id":22},"id":22},{"type":"Feature","geometry":{"type":"LineString","coordinates":[[13.704132035898425,46.05590770467538],[13.696559238053295,46.062646154482735],[13.695256680891323,46.063269466286044],[13.69266953287306,46.063967567151074],[13.689830856575242,46.06491497563401],[13.687854562950177,46.065787574326194],[13.685051819263725,46.067545195533015],[13.681467541280087,46.06907839386172],[13.677703600239626,46.07018775471457],[13.674999671234428,46.07053676250692],[13.672152011783767,46.071702183253144],[13.668819262079685,46.07276786731507],[13.660105603823725,46.07599595427403],[13.653772481070682,46.079672502839465],[13.648256825226188,46.08195308612417],[13.640719959992426,46.08467595417154],[13.632284779474544,46.086532661265174],[13.625179105577159,46.08870704750571],[13.620903124824748,46.09087511806911],[13.615612047801287,46.094008701634266],[13.607194833589086,46.09995765964367],[13.60219121745654,46.10369489661092],[13.599397456922928,46.10536411394173],[13.59654979747227,46.10647897348437]]},"properties":{"FID":23,"FAULT_NAME":"Golek segment 1","FAULT_DESI":"MAF.SI-017/1","FAULT_TYPE":"dextral strike-slip","MINDEPTH_g":0,"MAXDEPTH_g":0,"MAXDEPTH":10,"STRIKEMIN":280,"STRIKEMAX":325,"STRIKE_BES":305,"DIPMIN":70,"DIPMAX":80,"DIP_BEST_E":75,"RAKEMIN":150,"RAKEMAX":170,"RAKE_BEST":160,"FAULT_WIDT":10.3527618041,"TOTAL_FAUL":10,"TOTAL_FA_1":10,"SEGMENTATI":"not segmented","TOTAL_SEGM":10,"TOTAL_SE_1":10,"MIN_TOTAL":101.542661189,"MAX_TOTAL":106.417777248,"BEST_ESTIM":103.527618041,"MIN_TOTA_1":101.542661189,"MAX_TOTA_1":106.417777248,"BEST_EST_1":103.527618041,"SLIPRATEMI":0.01,"SLIPRATEMA":0.1,"BEST_EST_2":0.05,"ACTIVITY":"potentially","FAULT_WE_1":" ","__id":23},"id":23},{"type":"Feature","geometry":{"type":"LineString","coordinates":[[13.71598081449596,46.01669494100078],[13.706800032292259,46.019945020186356],[13.700727420971612,46.022745798896324],[13.694277517231631,46.02674399213313],[13.68846541734338,46.0327812772309],[13.677910212754975,46.0429521120722],[13.670526061119512,46.04992282299598],[13.664381584576134,46.055122225930766],[13.658048461823093,46.06138704317486],[13.650619394423424,46.06967670360839]]},"properties":{"FID":24,"FAULT_NAME":"Bate segment 1","FAULT_DESI":"MAF.SI-016/1","FAULT_TYPE":"dextral strike-slip","MINDEPTH_g":0,"MAXDEPTH_g":0,"MAXDEPTH":10,"STRIKEMIN":300,"STRIKEMAX":325,"STRIKE_BES":320,"DIPMIN":75,"DIPMAX":85,"DIP_BEST_E":80,"RAKEMIN":160,"RAKEMAX":180,"RAKE_BEST":170,"FAULT_WIDT":10.1542661189,"TOTAL_FAUL":8,"TOTAL_FA_1":8,"SEGMENTATI":"not segmented","TOTAL_SEGM":8,"TOTAL_SE_1":8,"MIN_TOTAL":80.3055870035,"MAX_TOTAL":82.8220944328,"BEST_ESTIM":81.2341289509,"MIN_TOTA_1":80.3055870035,"MAX_TOTA_1":82.8220944328,"BEST_EST_1":81.2341289509,"SLIPRATEMI":0.01,"SLIPRATEMA":0.1,"BEST_EST_2":0.05,"ACTIVITY":"potentially","FAULT_WE_1":" ","__id":24},"id":24},{"type":"Feature","geometry":{"type":"LineString","coordinates":[[13.953477409311478,45.83715820986608],[13.958193564553106,45.832282575918505],[13.964167361192501,45.824746095973765],[13.971380832923982,45.814973442967606],[13.975540032689453,45.80770388087318],[13.979672282996404,45.80141660389301],[13.984586067600537,45.79611820808034],[14.001321681343684,45.781792481382524],[14.026213997866636,45.75923468687709],[14.034999521345327,45.75045347905444],[14.04111704843018,45.74502486085105],[14.045599641697937,45.74126965323505]]},"properties":{"FID":25,"FAULT_NAME":"Vipava segment 1","FAULT_DESI":"MAF.SI-015/1","FAULT_TYPE":"dextral strike-slip","MINDEPTH_g":0,"MAXDEPTH_g":0,"MAXDEPTH":10,"STRIKEMIN":320,"STRIKEMAX":335,"STRIKE_BES":325,"DIPMIN":80,"DIPMAX":90,"DIP_BEST_E":85,"RAKEMIN":160,"RAKEMAX":180,"RAKE_BEST":170,"FAULT_WIDT":10.0381983754,"TOTAL_FAUL":13,"TOTAL_FA_1":13,"SEGMENTATI":"not segmented","TOTAL_SEGM":13,"TOTAL_SE_1":13,"MIN_TOTAL":130,"MAX_TOTAL":132.005459545,"BEST_ESTIM":130.496578881,"MIN_TOTA_1":130,"MAX_TOTA_1":132.005459545,"BEST_EST_1":130.496578881,"SLIPRATEMI":0.01,"SLIPRATEMA":0.1,"BEST_EST_2":0.05,"ACTIVITY":"potentially","FAULT_WE_1":" ","__id":25},"id":25},{"type":"Feature","geometry":{"type":"LineString","coordinates":[[13.901500886972322,45.51850998397509],[13.90357599527864,45.515734127092536],[13.904950417663342,45.513065146912936],[13.907896891795255,45.51008127865347],[13.911768630669808,45.50732389267076],[13.912954406844847,45.506348073034914],[13.915182228749464,45.499850571684526],[13.91614342610347,45.498490534639146],[13.917814292531935,45.49675266171946],[13.920823648733736,45.49431577131684],[13.921928576533201,45.493226377934185],[13.923294015765062,45.491211259489646],[13.924884033817953,45.48958651774382],[13.926932192665747,45.48818214893739],[13.929672054282312,45.48760275788192],[13.932097505549434,45.48685961715204],[13.935951278118306,45.485247345929096],[13.942482030233856,45.48158807480092],[13.945141043474848,45.480788168045024],[13.948374978497679,45.47873481209778],[13.950063811231823,45.47579321783211],[13.95039618788695,45.47491763870589],[13.951114840114245,45.47399165173515],[13.952453329887582,45.47312864337745],[13.956774226404196,45.470980514094826],[13.962568359986768,45.46612959840907],[13.964688384057292,45.46528537043474],[13.966754509210764,45.464686842943124],[13.969916579010867,45.46326295200139],[13.971344900312616,45.46185162637668],[13.97708513497814,45.45894065569613],[13.980399918376541,45.45645171959401],[13.981909088053861,45.454681042477894],[13.985861675303989,45.44938758363897],[13.9901825718206,45.44572598394447],[13.994494485184376,45.44258728074154],[14.001833721055633,45.438773962594716],[14.006630724672831,45.43652366882645],[14.013682499653168,45.434115692073334],[14.018713065244238,45.43327728861778],[14.022728534564253,45.43277928367633],[14.025279749971153,45.430156805411045],[14.027076380539391,45.42752790081693],[14.033427469598115,45.42211209754328]]},"properties":{"FID":26,"FAULT_NAME":"Hrastovlje segment 1","FAULT_DESI":"MAF.SI-005/1","FAULT_TYPE":"thrust","MINDEPTH_g":0,"MAXDEPTH_g":7,"MAXDEPTH":7,"STRIKEMIN":280,"STRIKEMAX":345,"STRIKE_BES":315,"DIPMIN":10,"DIPMAX":20,"DIP_BEST_E":15,"RAKEMIN":85,"RAKEMAX":120,"RAKE_BEST":90,"FAULT_WIDT":27.0459231361,"TOTAL_FAUL":16,"TOTAL_FA_1":15,"SEGMENTATI":"not segmented","TOTAL_SEGM":16,"TOTAL_SE_1":15,"MIN_TOTAL":327.466092818,"MAX_TOTAL":644.982294112,"BEST_ESTIM":432.734770178,"MIN_TOTA_1":327.466092818,"MAX_TOTA_1":644.982294112,"BEST_EST_1":432.734770178,"SLIPRATEMI":0.1,"SLIPRATEMA":0.5,"BEST_EST_2":0.2,"ACTIVITY":"probably","FAULT_WE_1":" ","__id":26},"id":26},{"type":"Feature","geometry":{"type":"LineString","coordinates":[[13.818191127523077,45.493238972197744],[13.819511650990734,45.49223142221341],[13.820014707549841,45.4912175568471],[13.820383016816331,45.48894416505636],[13.820895056528279,45.48781688135754],[13.823338474101083,45.486481745224346],[13.825620194922749,45.48570709984814],[13.827398859185303,45.4853859022997],[13.83014770395471,45.48518436564798],[13.832079081815568,45.485543352307175],[13.832869599265592,45.48634948945081],[13.8342889374145,45.48818214893739],[13.834711145598035,45.488440353901034],[13.836202348969675,45.48899454592404],[13.837819316481092,45.4890134387378],[13.838807463293621,45.488226232795455],[13.839660862813535,45.48585195304529],[13.840649009626068,45.484951337995604],[13.841780886884058,45.48462383804405],[13.844044641400039,45.484529366550355],[13.845347198562012,45.48431523057815],[13.84616466547056,45.48364762496963],[13.84682941878081,45.482854045747416],[13.848158925401306,45.48093933239674],[13.849138089060997,45.48049843523727],[13.852039647428702,45.48041025539137],[13.853476951883295,45.48122276446306],[13.855866470539052,45.48294852005054],[13.857303774993643,45.4837546943263],[13.85842666909879,45.484107391944356],[13.859872956706225,45.48423965298185],[13.86118449702104,45.483452380324785],[13.861525856829005,45.48255172691288],[13.86208281230516,45.4785836418315],[13.86231637427903,45.475175904467044],[13.861570772593211,45.47198844418847],[13.861588738898893,45.471081307915334],[13.862576885711423,45.47040724581267],[13.863879442873397,45.469739475407025],[13.865496410384813,45.469418186826864],[13.866798967546787,45.468863802225314],[13.867787114359317,45.468189713602676],[13.868128474167282,45.467282516189414],[13.868326103529789,45.46535467320747],[13.868838143241737,45.46400010357168],[13.870302397154852,45.46310543973228],[13.872413438072533,45.46244388339638],[13.875979749750487,45.4616815088485],[13.877938077069869,45.46079310897278],[13.880561157699496,45.45866341255492],[13.881540321359187,45.45810262112465],[13.88283389536832,45.457888384723915],[13.888484298505432,45.45794509443862],[13.890101266016845,45.45761743752199],[13.89156551992996,45.45694951560333],[13.8933621504982,45.45583419438699],[13.894844370717,45.45448569746918],[13.897296771442642,45.45257632191588],[13.899425778666007,45.45134748167785],[13.90283039359282,45.45024465353991],[13.912208805159029,45.44908508527039],[13.914813919482976,45.44820278909569],[13.916772246802354,45.4468604120157],[13.919880417685407,45.44438985051372],[13.924488775092941,45.439662709361656],[13.92907018304195,45.43652997229567],[13.931019527208491,45.43552140826322],[13.935888396048417,45.43397700965471],[13.937837740214958,45.43320164258061],[13.939796067534337,45.43219932301592],[13.941107607849153,45.4311906815851],[13.942455080775334,45.42779268811967],[13.943003053098645,45.42450797681189],[13.944853582583931,45.420434921557124],[13.949821266105113,45.41343564192298],[13.953450459852956,45.408699601212085],[13.958543907513913,45.403635192913015],[13.967068919560207,45.39587687515451],[13.970644214391003,45.39409168056211],[13.972764238461524,45.39320221627159],[13.975836476733212,45.39243890596721],[13.978926681310586,45.39098795713097],[13.980732295031665,45.38896287496165],[13.984505219224966,45.38513331565243],[13.985673029094322,45.3833288534721],[13.987631356413702,45.38163790656818],[13.989589683733083,45.38018037070561],[13.994314822127553,45.37727149634298],[13.99580602549919,45.37512602674193]]},"properties":{"FID":27,"FAULT_NAME":"Buzet segment 4","FAULT_DESI":"MAF.SI-002/4","FAULT_TYPE":"thrust","MINDEPTH_g":0,"MAXDEPTH_g":7,"MAXDEPTH":7,"STRIKEMIN":230,"STRIKEMAX":10,"STRIKE_BES":310,"DIPMIN":10,"DIPMAX":20,"DIP_BEST_E":15,"RAKEMIN":85,"RAKEMAX":120,"RAKE_BEST":90,"FAULT_WIDT":27.0459231361,"TOTAL_FAUL":75,"TOTAL_FA_1":68,"SEGMENTATI":"structural","TOTAL_SEGM":22,"TOTAL_SE_1":19,"MIN_TOTAL":1534.99731009,"MAX_TOTAL":3023.35450365,"BEST_ESTIM":2028.44423521,"MIN_TOTA_1":450.265877625,"MAX_TOTA_1":886.850654404,"BEST_EST_1":595.010308994,"SLIPRATEMI":0.01,"SLIPRATEMA":0.1,"BEST_EST_2":0.05,"ACTIVITY":"potentially","FAULT_WE_1":" ","__id":27},"id":27},{"type":"Feature","geometry":{"type":"LineString","coordinates":[[13.79896718044292,45.85549903366398],[13.800889575150936,45.85385354993135],[13.804563684662986,45.85141964632454],[13.813043780945073,45.84713972203359],[13.817364677461688,45.84528123131064],[13.827461741255192,45.838491267759274],[13.838106777372007,45.82870850873958],[13.844386001208004,45.82336888804723],[13.850000471733752,45.818191533497426],[13.856064099901557,45.811529754913366],[13.861597722051735,45.80626363107494],[13.866035399555283,45.80328908427852],[13.878450116781817,45.79569231041828],[13.886121729308197,45.7914143636571],[13.89373944291753,45.78618392404258],[13.89995578468364,45.78076504686316],[13.910448107202155,45.77327798591722],[13.915496639098906,45.770520990598314],[13.91680817941372,45.76954347771414],[13.92213518904855,45.76476219032537],[13.926635748621987,45.76131539870564],[13.930004430937435,45.75923468687709],[13.933678540449485,45.757241643153776],[13.937172986904711,45.754985281328274],[13.946219021815793,45.7487359363947],[13.952758757084183,45.74482425514452],[13.97677970778154,45.73133186704046],[13.991035971340516,45.722834754844044],[14.00460053213072,45.71428617118228],[14.007708703013776,45.712674149355905],[14.00969397979168,45.71200298259014],[14.014589798090128,45.7100584352426],[14.019611380528358,45.70781898560856],[14.03189135046227,45.70202234638348],[14.041826717504634,45.697128611653014],[14.059882854715436,45.69002566040486],[14.07103094739136,45.68612869352845],[14.082035309621824,45.68202434793527],[14.091162192908477,45.67699077914607],[14.100863997976969,45.671172112373974],[14.104044034082753,45.668975047415984],[14.108230183306748,45.66693483844683],[14.119018949869025,45.662647018480925],[14.128172782614204,45.657586591783],[14.13334707865073,45.65486155719797],[14.140300038949816,45.650390706319264],[14.148798101537587,45.645165889044215],[14.161733841628907,45.636737332240784],[14.176574010122563,45.62900480636707],[14.191845369952592,45.61922926658757],[14.207745550481508,45.60872305910579],[14.220717223184195,45.59936509662069],[14.247549900720847,45.58099029189437]]},"properties":{"FID":28,"FAULT_NAME":"Raša segment 5","FAULT_DESI":"MAF.SI-014/5","FAULT_TYPE":"dextral strike-slip","MINDEPTH_g":0,"MAXDEPTH_g":0,"MAXDEPTH":15,"STRIKEMIN":295,"STRIKEMAX":330,"STRIKE_BES":315,"DIPMIN":75,"DIPMAX":95,"DIP_BEST_E":85,"RAKEMIN":160,"RAKEMAX":180,"RAKE_BEST":170,"FAULT_WIDT":15.0572975632,"TOTAL_FAUL":106,"TOTAL_FA_1":87,"SEGMENTATI":"geometric","TOTAL_SEGM":46,"TOTAL_SE_1":46,"MIN_TOTAL":1596.07354169,"MAX_TOTAL":1646.08912685,"BEST_ESTIM":1596.07354169,"MIN_TOTA_1":692.635687905,"MAX_TOTA_1":714.340564483,"BEST_EST_1":692.635687905,"SLIPRATEMI":0.23,"SLIPRATEMA":1.3,"BEST_EST_2":0.7,"ACTIVITY":"active","FAULT_WE_1":" ","__id":28},"id":28},{"type":"Feature","geometry":{"type":"LineString","coordinates":[[14.022360225297763,45.70333354357134],[14.027561470792817,45.700196656977454],[14.034487481633379,45.6964384351146],[14.040676873940962,45.69394745439322],[14.049713925699203,45.69006958602031],[14.057250790932965,45.68546348365032],[14.068461765678778,45.67820841710644],[14.072629948597092,45.67598024504957],[14.078208486511475,45.67419136665661],[14.082556332486611,45.673306321465766],[14.090147096637423,45.671316487908456],[14.096129876429657,45.66910059630828],[14.099974665845691,45.668284523474576]]},"properties":{"FID":29,"FAULT_NAME":"Raša segment 6","FAULT_DESI":"MAF.SI-014/6","FAULT_TYPE":"dextral strike-slip","MINDEPTH_g":0,"MAXDEPTH_g":0,"MAXDEPTH":15,"STRIKEMIN":285,"STRIKEMAX":310,"STRIKE_BES":305,"DIPMIN":75,"DIPMAX":95,"DIP_BEST_E":85,"RAKEMIN":160,"RAKEMAX":180,"RAKE_BEST":170,"FAULT_WIDT":15.0572975632,"TOTAL_FAUL":106,"TOTAL_FA_1":87,"SEGMENTATI":"structural","TOTAL_SEGM":7.3,"TOTAL_SE_1":7,"MIN_TOTAL":1596.07354169,"MAX_TOTAL":1646.08912685,"BEST_ESTIM":1596.07354169,"MIN_TOTA_1":109.918272211,"MAX_TOTA_1":113.362741755,"BEST_EST_1":109.918272211,"SLIPRATEMI":0.23,"SLIPRATEMA":1.3,"BEST_EST_2":0.7,"ACTIVITY":"active","FAULT_WE_1":" ","__id":29},"id":29},{"type":"Feature","geometry":{"type":"LineString","coordinates":[[13.649200056274516,46.022477579016055],[13.655838606224158,46.01302667591306],[13.6677323005859,45.99798299698115],[13.680928552109615,45.98205507731766],[13.697852812062427,45.96298173185107]]},"properties":{"FID":30,"FAULT_NAME":"Raša segment 2","FAULT_DESI":"MAF.SI-014/2","FAULT_TYPE":"dextral strike-slip","MINDEPTH_g":0,"MAXDEPTH_g":0,"MAXDEPTH":15,"STRIKEMIN":330,"STRIKEMAX":335,"STRIKE_BES":330,"DIPMIN":75,"DIPMAX":95,"DIP_BEST_E":85,"RAKEMIN":160,"RAKEMAX":180,"RAKE_BEST":170,"FAULT_WIDT":15.0572975632,"TOTAL_FAUL":106,"TOTAL_FA_1":87,"SEGMENTATI":"geometric","TOTAL_SEGM":8,"TOTAL_SE_1":8,"MIN_TOTAL":1596.07354169,"MAX_TOTAL":1646.08912685,"BEST_ESTIM":1596.07354169,"MIN_TOTA_1":120.458380505,"MAX_TOTA_1":124.233141649,"BEST_EST_1":120.458380505,"SLIPRATEMI":0.23,"SLIPRATEMA":1.3,"BEST_EST_2":0.7,"ACTIVITY":"active","FAULT_WE_1":" ","__id":30},"id":30},{"type":"Feature","geometry":{"type":"LineString","coordinates":[[13.66886417784389,45.99474410875244],[13.65419468925422,46.00536495661564],[13.6417170899578,46.013525773899126],[13.63382089861039,46.01987640244634],[13.626616410031751,46.026737754927396],[13.610338937083505,46.04061379646573],[13.599127962337691,46.05089541040179],[13.587297150045838,46.06098187748897],[13.57807145207793,46.069795118310275]]},"properties":{"FID":31,"FAULT_NAME":"Raša segment 1","FAULT_DESI":"MAF.SI-014/1","FAULT_TYPE":"dextral strike-slip","MINDEPTH_g":0,"MAXDEPTH_g":0,"MAXDEPTH":15,"STRIKEMIN":315,"STRIKEMAX":325,"STRIKE_BES":320,"DIPMIN":75,"DIPMAX":95,"DIP_BEST_E":85,"RAKEMIN":160,"RAKEMAX":180,"RAKE_BEST":170,"FAULT_WIDT":15.0572975632,"TOTAL_FAUL":106,"TOTAL_FA_1":87,"SEGMENTATI":"structural","TOTAL_SEGM":11,"TOTAL_SE_1":11,"MIN_TOTAL":1596.07354169,"MAX_TOTAL":1646.08912685,"BEST_ESTIM":1596.07354169,"MIN_TOTA_1":165.630273195,"MAX_TOTA_1":170.820569768,"BEST_EST_1":165.630273195,"SLIPRATEMI":0.23,"SLIPRATEMA":1.3,"BEST_EST_2":0.7,"ACTIVITY":"active","FAULT_WE_1":" ","__id":31},"id":31},{"type":"Feature","geometry":{"type":"LineString","coordinates":[[14.224678793587163,45.57374684148067],[14.235359762315344,45.5677916733668],[14.246813282187867,45.56060312684513],[14.254943035509148,45.556042985836235],[14.273475279820534,45.54765765046992],[14.289474275030704,45.53871736687998],[14.308509575901194,45.52925962954948],[14.349841062123534,45.509470636324956]]},"properties":{"FID":32,"FAULT_NAME":"Raša segment 7","FAULT_DESI":"MAF.SI-014/7","FAULT_TYPE":"dextral strike-slip","MINDEPTH_g":0,"MAXDEPTH_g":0,"MAXDEPTH":15,"STRIKEMIN":305,"STRIKEMAX":310,"STRIKE_BES":305,"DIPMIN":75,"DIPMAX":95,"DIP_BEST_E":85,"RAKEMIN":160,"RAKEMAX":180,"RAKE_BEST":170,"FAULT_WIDT":15.0572975632,"TOTAL_FAUL":106,"TOTAL_FA_1":87,"SEGMENTATI":"geometric","TOTAL_SEGM":12,"TOTAL_SE_1":12,"MIN_TOTAL":1596.07354169,"MAX_TOTAL":1646.08912685,"BEST_ESTIM":1596.07354169,"MIN_TOTA_1":180.687570758,"MAX_TOTA_1":186.349712474,"BEST_EST_1":180.687570758,"SLIPRATEMI":0.23,"SLIPRATEMA":1.3,"BEST_EST_2":0.7,"ACTIVITY":"active","FAULT_WE_1":" ","__id":32},"id":32},{"type":"Feature","geometry":{"type":"LineString","coordinates":[[14.49305946787071,45.697969360654376],[14.508294895089378,45.68218752338532],[14.51379258462819,45.676626737909864],[14.516227019048154,45.67441733339851],[14.518598571398229,45.67272256059433],[14.525129323513777,45.66874278122283],[14.5331153463896,45.66291697876647],[14.549105358446926,45.6518287015064],[14.553282524518083,45.64934201406043],[14.55626493126136,45.64772811995026],[14.55898682657224,45.64645329912417],[14.561726688188807,45.645435933610706],[14.565041471587206,45.644519032812255],[14.5699462730385,45.64350163217021],[14.576054816970512,45.64279195288216],[14.578076026359783,45.64245909135795],[14.580510460779745,45.641805923374044],[14.582917945741185,45.640976891505275]]},"properties":{"FID":33,"FAULT_NAME":"Idrija segment 13","FAULT_DESI":"MAF.SI-022/13","FAULT_TYPE":"dextral strike-slip","MINDEPTH_g":0,"MAXDEPTH_g":0,"MAXDEPTH":15,"STRIKEMIN":280,"STRIKEMAX":325,"STRIKE_BES":315,"DIPMIN":70,"DIPMAX":90,"DIP_BEST_E":85,"RAKEMIN":150,"RAKEMAX":180,"RAKE_BEST":165,"FAULT_WIDT":15.0572975632,"TOTAL_FAUL":172,"TOTAL_FA_1":124,"SEGMENTATI":"geometric","TOTAL_SEGM":10,"TOTAL_SE_1":10,"MIN_TOTAL":2580,"MAX_TOTAL":2745.57865299,"BEST_ESTIM":2589.85518086,"MIN_TOTA_1":150,"MAX_TOTA_1":159.626665871,"BEST_EST_1":150.572975632,"SLIPRATEMI":0.06,"SLIPRATEMA":2,"BEST_EST_2":1,"ACTIVITY":"active","FAULT_WE_1":" ","__id":33},"id":33},{"type":"Feature","geometry":{"type":"LineString","coordinates":[[14.523224895111444,45.64929805647113],[14.508088282574029,45.66033660744715],[14.501674311445417,45.665453286251946],[14.498979365593058,45.667311498007344],[14.496958156203789,45.66920731264532],[14.492143186280908,45.67455542373605],[14.487391098427917,45.678879989592794],[14.48283663993743,45.68264566729728],[14.473089919104734,45.68979975669482],[14.464654738586852,45.696551373676535],[14.462660478656106,45.69801328003091],[14.458968402838375,45.7013949684311],[14.455581754217246,45.70485173347603],[14.452293920277365,45.70758688065509],[14.449266597769885,45.709606788757924],[14.437938842037136,45.71651908958127],[14.436205093538787,45.71782367476809],[14.432935225904592,45.72077769499926],[14.431390123615905,45.72186267807566],[14.42872212722207,45.72308561061935],[14.421266110363877,45.72551885318617],[14.416999112764309,45.727531842313105],[14.413657379907384,45.72936290960379],[14.410441411190238,45.731344407948164],[14.404404732480954,45.73584014190238]]},"properties":{"FID":34,"FAULT_NAME":"Idrija segment 12","FAULT_DESI":"MAF.SI-022/12","FAULT_TYPE":"dextral strike-slip","MINDEPTH_g":0,"MAXDEPTH_g":0,"MAXDEPTH":15,"STRIKEMIN":295,"STRIKEMAX":330,"STRIKE_BES":315,"DIPMIN":70,"DIPMAX":90,"DIP_BEST_E":85,"RAKEMIN":150,"RAKEMAX":180,"RAKE_BEST":165,"FAULT_WIDT":15.0572975632,"TOTAL_FAUL":172,"TOTAL_FA_1":124,"SEGMENTATI":"geometric","TOTAL_SEGM":13,"TOTAL_SE_1":13,"MIN_TOTAL":2580,"MAX_TOTAL":2745.57865299,"BEST_ESTIM":2589.85518086,"MIN_TOTA_1":195,"MAX_TOTA_1":207.514665633,"BEST_EST_1":195.744868321,"SLIPRATEMI":0.06,"SLIPRATEMA":2,"BEST_EST_2":1,"ACTIVITY":"active","FAULT_WE_1":" ","__id":34},"id":34},{"type":"Feature","geometry":{"type":"LineString","coordinates":[[14.160197722493063,45.91401028637896],[14.164060478214777,45.910228959966474],[14.166881188206911,45.908303822101644],[14.168453239954122,45.90674741183574],[14.173717367519062,45.90380949039771],[14.178990478236843,45.9010777090586],[14.183032897015382,45.89803946027198],[14.188341940344527,45.89455714763812],[14.18957263228377,45.89401321194297],[14.195600327840213,45.889092540073726],[14.201843619064844,45.88440280286308],[14.206299262874078,45.88130110581701],[14.211725087190159,45.877924061336834],[14.214195454221489,45.87622920796058],[14.219522463856316,45.87158842237174],[14.221705369996727,45.86991839527638],[14.225657957246854,45.86756651173095],[14.230149533667449,45.86537091361277],[14.274499359244432,45.83784038902187],[14.275065297873427,45.83738351766817],[14.275873781629135,45.836238193539586],[14.276924810511554,45.83512413980391],[14.279709587892324,45.83245783075277],[14.282727927246967,45.82994161914453],[14.285854064435702,45.82765690061916],[14.288117818951683,45.826273504917374],[14.29522349284907,45.822298398353624],[14.302688492860101,45.81722111722232],[14.312677758819511,45.81104762159324],[14.315875761230977,45.80866193946186],[14.323924666176687,45.80355210323827],[14.337084985089039,45.79646268174944],[14.342349112653977,45.793255862692284],[14.346768823851846,45.79033073204709],[14.351044804604255,45.78729269295387],[14.357306062134567,45.782581838944736],[14.369837560348037,45.77255115492558],[14.38098565302396,45.76508179112333],[14.38694148335767,45.76087043372274],[14.391981032101581,45.75644565925869],[14.396113282408534,45.753286682097624]]},"properties":{"FID":35,"FAULT_NAME":"Idrija segment 8","FAULT_DESI":"MAF.SI-022/8","FAULT_TYPE":"dextral strike-slip","MINDEPTH_g":0,"MAXDEPTH_g":0,"MAXDEPTH":15,"STRIKEMIN":310,"STRIKEMAX":330,"STRIKE_BES":315,"DIPMIN":70,"DIPMAX":90,"DIP_BEST_E":85,"RAKEMIN":150,"RAKEMAX":180,"RAKE_BEST":165,"FAULT_WIDT":15.0572975632,"TOTAL_FAUL":172,"TOTAL_FA_1":124,"SEGMENTATI":"geometric","TOTAL_SEGM":26,"TOTAL_SE_1":26,"MIN_TOTAL":2580,"MAX_TOTAL":2745.57865299,"BEST_ESTIM":2589.85518086,"MIN_TOTA_1":390,"MAX_TOTA_1":415.029331266,"BEST_EST_1":391.489736642,"SLIPRATEMI":0.06,"SLIPRATEMA":2,"BEST_EST_2":1,"ACTIVITY":"active","FAULT_WE_1":" ","__id":35},"id":35},{"type":"Feature","geometry":{"type":"LineString","coordinates":[[14.207314359145132,45.89302536108006],[14.219118221978462,45.88539706022307],[14.22255876951664,45.882051532272214],[14.223771495150203,45.881113497619474],[14.22534354689741,45.88018170085178],[14.226933564950302,45.87943750294743],[14.231919214777164,45.8772611359134],[14.233257704550505,45.8768170965371],[14.234632126935205,45.87602282007042],[14.23849488265692,45.874290382407466],[14.242797812867853,45.872107559147445],[14.252661314687487,45.86744766391043],[14.255895249710317,45.86567117146559],[14.263656693765109,45.86011613866404],[14.26773504515501,45.8569067282512],[14.271660682946614,45.85320910767316],[14.276978709428601,45.84984912756259],[14.279871284643466,45.847540196751446],[14.281533167919086,45.84663912458177],[14.286249323160716,45.84556282480528]]},"properties":{"FID":36,"FAULT_NAME":"Idrija segment 9","FAULT_DESI":"MAF.SI-022/9","FAULT_TYPE":"dextral strike-slip","MINDEPTH_g":0,"MAXDEPTH_g":0,"MAXDEPTH":15,"STRIKEMIN":290,"STRIKEMAX":325,"STRIKE_BES":310,"DIPMIN":70,"DIPMAX":90,"DIP_BEST_E":85,"RAKEMIN":150,"RAKEMAX":180,"RAKE_BEST":165,"FAULT_WIDT":15.0572975632,"TOTAL_FAUL":172,"TOTAL_FA_1":124,"SEGMENTATI":"geometric","TOTAL_SEGM":8,"TOTAL_SE_1":8,"MIN_TOTAL":2580,"MAX_TOTAL":2745.57865299,"BEST_ESTIM":2589.85518086,"MIN_TOTA_1":120,"MAX_TOTA_1":127.701332697,"BEST_EST_1":120.458380505,"SLIPRATEMI":0.06,"SLIPRATEMA":2,"BEST_EST_2":1,"ACTIVITY":"active","FAULT_WE_1":" ","__id":36},"id":36},{"type":"Feature","geometry":{"type":"LineString","coordinates":[[13.77415571229554,46.13819008319022],[13.779680351292875,46.135021661064],[13.784989394622022,46.131697423034055],[13.794772048066083,46.124737038918376],[13.802838919317477,46.11936361855342],[13.80550691571131,46.11723403002931],[13.81497515880593,46.10867748516667],[13.82157777614421,46.10304089842888],[13.8290337930024,46.09729783837328],[13.834091308051994,46.09390279813846],[13.837693552341314,46.09195912139277],[13.84803316126153,46.08716816410265],[13.862738582462566,46.079460640590604],[13.874246001252137,46.07360295038659],[13.878809442895463,46.070798516902904],[13.888304635448607,46.06404859614399],[13.891161278052106,46.06235942869008],[13.895356410428947,46.060177770629636],[13.901680550029146,46.057017330210805],[13.904743805147994,46.05574562267467],[13.908894021760627,46.05455492877798],[13.91485883524718,46.053301867162254]]},"properties":{"FID":37,"FAULT_NAME":"Idrija segment 5","FAULT_DESI":"MAF.SI-022/5","FAULT_TYPE":"dextral strike-slip","MINDEPTH_g":0,"MAXDEPTH_g":0,"MAXDEPTH":15,"STRIKEMIN":285,"STRIKEMAX":320,"STRIKE_BES":315,"DIPMIN":70,"DIPMAX":90,"DIP_BEST_E":85,"RAKEMIN":150,"RAKEMAX":180,"RAKE_BEST":165,"FAULT_WIDT":15.0572975632,"TOTAL_FAUL":172,"TOTAL_FA_1":124,"SEGMENTATI":"geometric","TOTAL_SEGM":14,"TOTAL_SE_1":14,"MIN_TOTAL":2580,"MAX_TOTAL":2745.57865299,"BEST_ESTIM":2589.85518086,"MIN_TOTA_1":210,"MAX_TOTA_1":223.47733222,"BEST_EST_1":210.802165884,"SLIPRATEMI":0.06,"SLIPRATEMA":2,"BEST_EST_2":1,"ACTIVITY":"active","FAULT_WE_1":" ","__id":37},"id":37},{"type":"Feature","geometry":{"type":"LineString","coordinates":[[13.642004550848716,46.20538114726289],[13.649882775890447,46.2009793215019],[13.657949647141837,46.196776119181244],[13.665369731388667,46.19315712824989],[13.67607764957537,46.18823815197372],[13.682410772328412,46.185551496126635],[13.688159990146778,46.18341202811375],[13.691744268130416,46.182323604003194],[13.700781319888659,46.1799352150087],[13.703233720614303,46.17914528227556],[13.705901717008137,46.178118974766605],[13.710384310275893,46.176109844613606],[13.715810134591978,46.17341637540497],[13.723832090079163,46.168837797104985],[13.726410254944588,46.16749401156411],[13.729069268185581,46.16631817228616],[13.7355281550784,46.163723771323966],[13.740549737516629,46.161359462457064],[13.744637072059373,46.15920660863984],[13.749721536567488,46.15630074462315],[13.762513546213352,46.148503310561395],[13.78346225863902,46.13596784943507],[13.797502926529805,46.12776285957909],[13.805408101030059,46.12332991343688],[13.821335231017496,46.114861496772264]]},"properties":{"FID":38,"FAULT_NAME":"Idrija segment 4","FAULT_DESI":"MAF.SI-022/4","FAULT_TYPE":"dextral strike-slip","MINDEPTH_g":0,"MAXDEPTH_g":0,"MAXDEPTH":15,"STRIKEMIN":290,"STRIKEMAX":310,"STRIKE_BES":305,"DIPMIN":70,"DIPMAX":90,"DIP_BEST_E":85,"RAKEMIN":150,"RAKEMAX":180,"RAKE_BEST":165,"FAULT_WIDT":15.0572975632,"TOTAL_FAUL":172,"TOTAL_FA_1":124,"SEGMENTATI":"geometric","TOTAL_SEGM":17,"TOTAL_SE_1":17,"MIN_TOTAL":2580,"MAX_TOTAL":2745.57865299,"BEST_ESTIM":2589.85518086,"MIN_TOTA_1":255,"MAX_TOTA_1":271.365331981,"BEST_EST_1":255.974058574,"SLIPRATEMI":0.06,"SLIPRATEMA":2,"BEST_EST_2":1,"ACTIVITY":"active","FAULT_WE_1":" ","__id":38},"id":38},{"type":"Feature","geometry":{"type":"LineString","coordinates":[[14.005067656078463,46.007448949510234],[14.007232595913191,46.00573309280642],[14.009918558612709,46.00395478515171],[14.012757234910527,46.00261321698741],[14.01547913022141,46.0011655348478],[14.01750932276352,45.99981141856059],[14.018183059226608,45.999193630997],[14.018982559829475,45.99815772929945],[14.022252427463668,45.992672119365686],[14.02390532758645,45.9907061541029],[14.02458804720238,45.99020060889075],[14.034846807747025,45.98546323865818],[14.037595652516432,45.98365306919942],[14.039706693434113,45.98258566567452],[14.04231180775806,45.980706735790484],[14.042751982247276,45.9805194635369],[14.046129647715565,45.97985776316793],[14.047333390196286,45.979314663560075],[14.048078991882106,45.9787965290838],[14.048851543026448,45.978190992286606],[14.050405628467974,45.976555385570244],[14.05301074279192,45.97418304570394],[14.05320837215443,45.97377724054799],[14.053531765656711,45.971823091008076],[14.055436194059043,45.96954420334051],[14.057870628479009,45.96771478183334],[14.059173185640983,45.967002976932825],[14.060305062898973,45.96616628228504],[14.061320159170029,45.96533581913059],[14.063197638113838,45.96333141692407],[14.067168191669646,45.96029657649876],[14.076313041261983,45.95481970511677],[14.07787610985635,45.95406401674016],[14.081586151979765,45.95270250258357],[14.090021332497646,45.94781826376166],[14.09464765621086,45.9455446349536]]},"properties":{"FID":39,"FAULT_NAME":"Zala segment 1","FAULT_DESI":"MAF.SI-021/1","FAULT_TYPE":"dextral strike-slip","MINDEPTH_g":0,"MAXDEPTH_g":0,"MAXDEPTH":15,"STRIKEMIN":285,"STRIKEMAX":360,"STRIKE_BES":315,"DIPMIN":55,"DIPMAX":75,"DIP_BEST_E":65,"RAKEMIN":150,"RAKEMAX":180,"RAKE_BEST":165,"FAULT_WIDT":16.5506687844,"TOTAL_FAUL":10,"TOTAL_FA_1":10,"SEGMENTATI":"not segmented","TOTAL_SEGM":10,"TOTAL_SE_1":10,"MIN_TOTAL":155.291427062,"MAX_TOTAL":183.116188314,"BEST_ESTIM":165.506687844,"MIN_TOTA_1":155.291427062,"MAX_TOTA_1":183.116188314,"BEST_EST_1":165.506687844,"SLIPRATEMI":0.05,"SLIPRATEMA":0.5,"BEST_EST_2":0.2,"ACTIVITY":"potentially","FAULT_WE_1":" ","__id":39},"id":39},{"type":"Feature","geometry":{"type":"LineString","coordinates":[[13.915855965212552,46.05052757487103],[13.922539430926404,46.047591037288015],[13.924048600603724,46.04704860243595],[13.926833377984494,46.04628170269418],[13.928216783522037,46.045726784859774],[13.930229009758465,46.04456081574349],[13.931163257653951,46.04427399603977],[13.933265315418788,46.04294587669552],[13.934801434554632,46.04183596843454],[13.9352955079609,46.04127477037717],[13.93627467162059,46.04075098038063],[13.93913131422409,46.0386121196921],[13.940892012180964,46.03788251853678],[13.944161879815159,46.03710925551482],[13.944880532042456,46.03679121677658],[13.947952770314144,46.03440274972325],[13.950324322664219,46.03231353594024],[13.95145619992221,46.03177095108371],[13.953827752272286,46.030872867892114],[13.954330808831392,46.03038640007019],[13.954519455041057,46.029993480626736],[13.95536387140813,46.02920139643242],[13.957322198727512,46.028159819624705],[13.959630869007698,46.026513215051956],[13.96078969572421,46.02592067489041],[13.963493624729413,46.025533961043976],[13.965631615105616,46.02491022333311],[13.971273035089887,46.02277074951671],[13.976743775170174,46.02106160598818],[13.977408528480424,46.02067485815129],[13.979519569398104,46.01864750668356],[13.98009449117994,46.01836055247057],[13.981998919582274,46.0177429720478],[13.98317571260447,46.017187767598195],[13.984639966517584,46.01687585254043],[13.995958739097492,46.01281455790507],[14.011508576665602,46.00592027976051],[14.01504793888503,46.00482834693249],[14.018362722283433,46.00333704385206],[14.021542758389215,46.002376099231114],[14.025100086914328,46.001621059605455]]},"properties":{"FID":40,"FAULT_NAME":"Idrija segment 6","FAULT_DESI":"MAF.SI-022/6","FAULT_TYPE":"dextral strike-slip","MINDEPTH_g":0,"MAXDEPTH_g":0,"MAXDEPTH":15,"STRIKEMIN":280,"STRIKEMAX":330,"STRIKE_BES":305,"DIPMIN":70,"DIPMAX":90,"DIP_BEST_E":85,"RAKEMIN":150,"RAKEMAX":180,"RAKE_BEST":165,"FAULT_WIDT":15.0572975632,"TOTAL_FAUL":172,"TOTAL_FA_1":124,"SEGMENTATI":"geometric","TOTAL_SEGM":10,"TOTAL_SE_1":10,"MIN_TOTAL":2580,"MAX_TOTAL":2745.57865299,"BEST_ESTIM":2589.85518086,"MIN_TOTA_1":150,"MAX_TOTA_1":159.626665871,"BEST_EST_1":150.572975632,"SLIPRATEMI":0.06,"SLIPRATEMA":2,"BEST_EST_2":1,"ACTIVITY":"active","FAULT_WE_1":" ","__id":40},"id":40},{"type":"Feature","geometry":{"type":"LineString","coordinates":[[14.360899323271045,45.798072285035325],[14.354709930963462,45.802155583602655],[14.348197145153597,45.80545582249683],[14.343310310007986,45.80751602431565],[14.33943857113343,45.81017726646086],[14.337803637316334,45.81154227780114],[14.336590911682773,45.812844642755316],[14.335557849106035,45.81415323840462],[14.33424630879122,45.81653242444474],[14.333473757646876,45.81730250762415],[14.331066272685437,45.8185421313477],[14.330123041637112,45.81919323578439],[14.325990791330161,45.822329699513986],[14.323403643311897,45.824458137133504],[14.320286489276004,45.82820148587607],[14.318130532594116,45.830392292272734]]},"properties":{"FID":41,"FAULT_NAME":"Idrija segment 10","FAULT_DESI":"MAF.SI-022/10","FAULT_TYPE":"dextral strike-slip","MINDEPTH_g":0,"MAXDEPTH_g":0,"MAXDEPTH":15,"STRIKEMIN":300,"STRIKEMAX":340,"STRIKE_BES":320,"DIPMIN":70,"DIPMAX":90,"DIP_BEST_E":85,"RAKEMIN":150,"RAKEMAX":180,"RAKE_BEST":165,"FAULT_WIDT":15.0572975632,"TOTAL_FAUL":172,"TOTAL_FA_1":124,"SEGMENTATI":"geometric","TOTAL_SEGM":5,"TOTAL_SE_1":5,"MIN_TOTAL":2580,"MAX_TOTAL":2745.57865299,"BEST_ESTIM":2589.85518086,"MIN_TOTA_1":75,"MAX_TOTA_1":79.8133329357,"BEST_EST_1":75.2864878158,"SLIPRATEMI":0.06,"SLIPRATEMA":2,"BEST_EST_2":1,"ACTIVITY":"active","FAULT_WE_1":" ","__id":41},"id":41},{"type":"Feature","geometry":{"type":"LineString","coordinates":[[14.41608283117451,45.760732556529],[14.421562554407638,45.75757382205127],[14.430931982821004,45.75253451832167],[14.435504407617172,45.74977022936336],[14.442124991261135,45.74694311651431],[14.445781134467499,45.744492000357376],[14.448763541210777,45.7418025444855],[14.454854118837106,45.7378652985111],[14.455887181413845,45.737069038265716],[14.456920243990583,45.73595300085944],[14.457827542427543,45.7347052697113],[14.459112133283833,45.73359545526436],[14.46065723557252,45.73279286384344],[14.462642512350424,45.73200280164833],[14.465966278901666,45.73147608730912],[14.470385990099535,45.73060448957518],[14.472883306589386,45.729989973644926],[14.477437765079872,45.72808994794952],[14.48358224162325,45.72637171724876],[14.486465833685273,45.72539970202315]]},"properties":{"FID":42,"FAULT_NAME":"Idrija segment 11","FAULT_DESI":"MAF.SI-022/11","FAULT_TYPE":"dextral strike-slip","MINDEPTH_g":0,"MAXDEPTH_g":0,"MAXDEPTH":15,"STRIKEMIN":285,"STRIKEMAX":335,"STRIKE_BES":310,"DIPMIN":70,"DIPMAX":90,"DIP_BEST_E":85,"RAKEMIN":150,"RAKEMAX":180,"RAKE_BEST":165,"FAULT_WIDT":15.0572975632,"TOTAL_FAUL":172,"TOTAL_FA_1":124,"SEGMENTATI":"geometric","TOTAL_SEGM":7,"TOTAL_SE_1":7,"MIN_TOTAL":2580,"MAX_TOTAL":2745.57865299,"BEST_ESTIM":2589.85518086,"MIN_TOTA_1":105,"MAX_TOTA_1":111.73866611,"BEST_EST_1":105.401082942,"SLIPRATEMI":0.06,"SLIPRATEMA":2,"BEST_EST_2":1,"ACTIVITY":"active","FAULT_WE_1":" ","__id":42},"id":42},{"type":"Feature","geometry":{"type":"LineString","coordinates":[[13.768532258616952,46.159150608428035],[13.757024839827379,46.167033633041825],[13.748239316348691,46.171183121920265],[13.73770207806597,46.17594811577428],[13.728179936054303,46.18094282926817],[13.719879502829038,46.18617341888228],[13.710258546136119,46.19281511506332],[13.68208737882613,46.2101618267994],[13.67066979156497,46.21598014190305],[13.665899737406296,46.21878962037204],[13.66262088661926,46.22098986375496],[13.658246091185598,46.2233516088138],[13.653889262057618,46.22499855510735],[13.648508353505743,46.22641551086686],[13.641555393206657,46.22859059108608],[13.635455832427485,46.23175362536574],[13.62338247500892,46.23718442207893]]},"properties":{"FID":43,"FAULT_NAME":"Idrija segment 3","FAULT_DESI":"MAF.SI-022/3","FAULT_TYPE":"dextral strike-slip","MINDEPTH_g":0,"MAXDEPTH_g":0,"MAXDEPTH":15,"STRIKEMIN":290,"STRIKEMAX":315,"STRIKE_BES":310,"DIPMIN":70,"DIPMAX":90,"DIP_BEST_E":85,"RAKEMIN":150,"RAKEMAX":180,"RAKE_BEST":165,"FAULT_WIDT":15.0572975632,"TOTAL_FAUL":172,"TOTAL_FA_1":124,"SEGMENTATI":"structural","TOTAL_SEGM":15,"TOTAL_SE_1":15,"MIN_TOTAL":2580,"MAX_TOTAL":2745.57865299,"BEST_ESTIM":2589.85518086,"MIN_TOTA_1":225,"MAX_TOTA_1":239.439998807,"BEST_EST_1":225.859463447,"SLIPRATEMI":0.06,"SLIPRATEMA":2,"BEST_EST_2":1,"ACTIVITY":"active","FAULT_WE_1":" ","__id":43},"id":43},{"type":"Feature","geometry":{"type":"LineString","coordinates":[[14.192438258040113,45.48438450995234],[14.186473444553558,45.486569915567536],[14.175415183406047,45.49002734378078],[14.171803955963888,45.49129942242979],[14.166809322984184,45.49268482193698],[14.164563534773883,45.493704957969314],[14.160341452938523,45.49594667346432],[14.15785311960151,45.49688489306599],[14.1532717116525,45.49810644415451],[14.150118625005243,45.49928389357458],[14.146076206226704,45.50036057710721],[14.142420063020337,45.5015631641967],[14.138557307298624,45.502633508063525],[14.134676585271228,45.503546432340485],[14.131271970344415,45.50457896333725]]},"properties":{"FID":44,"FAULT_NAME":"Skadanščina segment 3","FAULT_DESI":"MAF.SI-009/3","FAULT_TYPE":"reverse","MINDEPTH_g":0,"MAXDEPTH_g":0,"MAXDEPTH":7,"STRIKEMIN":290,"STRIKEMAX":305,"STRIKE_BES":295,"DIPMIN":60,"DIPMAX":70,"DIP_BEST_E":65,"RAKEMIN":85,"RAKEMAX":120,"RAKE_BEST":90,"FAULT_WIDT":7.72364543274,"TOTAL_FAUL":44,"TOTAL_FA_1":36,"SEGMENTATI":"geometric","TOTAL_SEGM":5,"TOTAL_SE_1":5,"MIN_TOTAL":327.766753923,"MAX_TOTAL":355.647765821,"BEST_ESTIM":339.84039904,"MIN_TOTA_1":37.2462220367,"MAX_TOTA_1":40.4145188433,"BEST_EST_1":38.6182271637,"SLIPRATEMI":0.06,"SLIPRATEMA":0.06,"BEST_EST_2":0.06,"ACTIVITY":"potentially","FAULT_WE_1":" ","__id":44},"id":44},{"type":"Feature","geometry":{"type":"LineString","coordinates":[[13.855570026495293,45.956799434894776],[13.8562257966527,45.956493424503066],[13.861552806287527,45.9527399758979],[13.867337956717257,45.94731232695649],[13.889319731719663,45.929095526477504],[13.895787601765322,45.922147077018046],[13.89848254761768,45.918516290983135],[13.901141560858676,45.91641020122489],[13.904905501899135,45.91370403977813],[13.916880044636448,45.90391575835144],[13.925090646333302,45.896982910934106],[13.930839864151666,45.89277526946669],[13.936364503149003,45.889167572650976],[13.940793197499712,45.886009864071575],[13.944754767902678,45.883915047463546],[13.949372108463054,45.88212657436025],[13.956387950832026,45.87990653640149],[13.96753604350795,45.8787871033394],[13.991341398537116,45.87732367638556],[14.012622487617907,45.87019986403309],[14.023393287874502,45.86541470131732],[14.03284356466344,45.86092941012898],[14.036149364908997,45.859772058693956]]},"properties":{"FID":45,"FAULT_NAME":"Predjama-Avče segment 5","FAULT_DESI":"MAF.SI-019/5","FAULT_TYPE":"dextral transpressive","MINDEPTH_g":0,"MAXDEPTH_g":0,"MAXDEPTH":15,"STRIKEMIN":275,"STRIKEMAX":335,"STRIKE_BES":315,"DIPMIN":70,"DIPMAX":90,"DIP_BEST_E":80,"RAKEMIN":140,"RAKEMAX":170,"RAKE_BEST":155,"FAULT_WIDT":15.2313991783,"TOTAL_FAUL":158,"TOTAL_FA_1":90,"SEGMENTATI":"structural","TOTAL_SEGM":19,"TOTAL_SE_1":18,"MIN_TOTAL":2370,"MAX_TOTAL":2522.10132077,"BEST_ESTIM":2406.56107017,"MIN_TOTA_1":285,"MAX_TOTA_1":303.290665156,"BEST_EST_1":289.396584387,"SLIPRATEMI":0.05,"SLIPRATEMA":1.45,"BEST_EST_2":0.7,"ACTIVITY":"active","FAULT_WE_1":" ","__id":45},"id":45},{"type":"Feature","geometry":{"type":"LineString","coordinates":[[13.742472132224645,46.051126085671235],[13.734531025113029,46.053931518592684],[13.72568261956445,46.05810199878976],[13.717301337963614,46.06503340055117],[13.695517192323717,46.08828339158034],[13.68163822118407,46.10153978754818],[13.669825375197899,46.11304310817837],[13.659827126085647,46.12102613484032],[13.649864809584763,46.12803056821873],[13.644483901032887,46.13117449092233],[13.639803678402624,46.13336579229525],[13.632733937116605,46.13740577563465],[13.624613166948164,46.1422483850899],[13.616555278849612,46.14652421697564],[13.60691635585101,46.150774823981656],[13.594205194580718,46.1560829542006],[13.579239261947286,46.162964714814166],[13.566501151218471,46.16898088344625],[13.541842396669391,46.184929566334866],[13.536838780536845,46.18859263148102],[13.52996666861333,46.19319443865058],[13.526112896044458,46.19545788891148],[13.523391000733575,46.19683829907335],[13.520022318418127,46.198075664294535],[13.516348208906079,46.1992756954059]]},"properties":{"FID":46,"FAULT_NAME":"Predjama-Avče segment 2","FAULT_DESI":"MAF.SI-019/2","FAULT_TYPE":"dextral strike-slip","MINDEPTH_g":0,"MAXDEPTH_g":0,"MAXDEPTH":15,"STRIKEMIN":295,"STRIKEMAX":330,"STRIKE_BES":315,"DIPMIN":70,"DIPMAX":90,"DIP_BEST_E":80,"RAKEMIN":160,"RAKEMAX":180,"RAKE_BEST":170,"FAULT_WIDT":15.2313991783,"TOTAL_FAUL":158,"TOTAL_FA_1":90,"SEGMENTATI":"structural","TOTAL_SEGM":24,"TOTAL_SE_1":24,"MIN_TOTAL":345,"MAX_TOTAL":367.141331504,"BEST_ESTIM":350.322181101,"MIN_TOTA_1":360,"MAX_TOTA_1":383.103998091,"BEST_EST_1":365.553580279,"SLIPRATEMI":0.05,"SLIPRATEMA":1.45,"BEST_EST_2":0.7,"ACTIVITY":"active","FAULT_WE_1":" ","__id":46},"id":46},{"type":"Feature","geometry":{"type":"LineString","coordinates":[[13.705147132169479,45.80463547776666],[13.699433846962478,45.80917540198842],[13.696559238053295,45.81112275952805],[13.693253437807735,45.81275072322468],[13.690217132147412,45.81401549294215],[13.686390309037062,45.81496092085134],[13.681961614686353,45.81559328420327],[13.674864923941808,45.81680790257787],[13.668810278926843,45.81859221657468],[13.66194715015617,45.82085852595339],[13.658192192268551,45.822548807143775],[13.652398058685979,45.824639676575885],[13.647232745802292,45.826123269830454],[13.639938425695242,45.82795736210943],[13.635581596567263,45.829203008071254],[13.631377481037584,45.83094311002939],[13.628152529167595,45.832633085035155],[13.623427390773125,45.834491998272036],[13.620130573680406,45.835255574270214],[13.609593335397685,45.83881670427292],[13.603412926242944,45.84071921810871],[13.596388100721127,45.8434351942115],[13.582904388306494,45.84986164183159],[13.574415308871565,45.85289626893307],[13.565018930999674,45.85608714151433],[13.555856115101657,45.86134855308479],[13.544878702329713,45.868035645383316],[13.518513148740807,45.88589105569044],[13.507329123453518,45.894532139217254],[13.501229562674347,45.90085891068891]]},"properties":{"FID":47,"FAULT_NAME":"Divača segment 1","FAULT_DESI":"MAF.SI-011/1","FAULT_TYPE":"dextral strike-slip","MINDEPTH_g":0,"MAXDEPTH_g":0,"MAXDEPTH":15,"STRIKEMIN":285,"STRIKEMAX":325,"STRIKE_BES":305,"DIPMIN":65,"DIPMAX":85,"DIP_BEST_E":80,"RAKEMIN":150,"RAKEMAX":170,"RAKE_BEST":160,"FAULT_WIDT":15.2313991783,"TOTAL_FAUL":50,"TOTAL_FA_1":49,"SEGMENTATI":"structural","TOTAL_SEGM":20,"TOTAL_SE_1":19,"MIN_TOTAL":752.864878158,"MAX_TOTAL":827.533439222,"BEST_ESTIM":761.569958914,"MIN_TOTA_1":301.145951263,"MAX_TOTA_1":331.013375689,"BEST_EST_1":304.627983566,"SLIPRATEMI":0.05,"SLIPRATEMA":0.5,"BEST_EST_2":0.2,"ACTIVITY":"probably","FAULT_WE_1":" ","__id":47},"id":47},{"type":"Feature","geometry":{"type":"LineString","coordinates":[[13.62338247500892,46.23718442207893],[13.61377050146884,46.24267059656733],[13.6082009467073,46.24517429683709],[13.590414304081733,46.25155417767992],[13.584341692761086,46.2541879140144],[13.581772511048504,46.255573059493194],[13.57693957481994,46.25911961780584],[13.571235272765781,46.26276531517255],[13.56574656637981,46.26581459645753],[13.560239893688157,46.26850353677144],[13.548193485728117,46.27332218523826],[13.54138425587449,46.276203236572144],[13.531107529024162,46.280735618494155],[13.52078588640963,46.285540775602925],[13.492785399003623,46.2956401645799],[13.432220982548287,46.322589647198626],[13.406618996950879,46.335634559498274],[13.372608780294113,46.35504419342971]]},"properties":{"FID":48,"FAULT_NAME":"Idrija segment 1","FAULT_DESI":"MAF.SI-022/1","FAULT_TYPE":"dextral strike-slip","MINDEPTH_g":0,"MAXDEPTH_g":0,"MAXDEPTH":15,"STRIKEMIN":300,"STRIKEMAX":315,"STRIKE_BES":305,"DIPMIN":70,"DIPMAX":90,"DIP_BEST_E":85,"RAKEMIN":150,"RAKEMAX":180,"RAKE_BEST":165,"FAULT_WIDT":15.0572975632,"TOTAL_FAUL":172,"TOTAL_FA_1":124,"SEGMENTATI":"structural","TOTAL_SEGM":23,"TOTAL_SE_1":23,"MIN_TOTAL":2580,"MAX_TOTAL":2745.57865299,"BEST_ESTIM":2589.85518086,"MIN_TOTA_1":345,"MAX_TOTA_1":367.141331504,"BEST_EST_1":346.317843952,"SLIPRATEMI":0.06,"SLIPRATEMA":2,"BEST_EST_2":1,"ACTIVITY":"active","FAULT_WE_1":" ","__id":48},"id":48},{"type":"Feature","geometry":{"type":"LineString","coordinates":[[13.623409424467443,46.23716578181949],[13.619133443715036,46.24281970350523],[13.616043239137664,46.2453793094157],[13.610958774629548,46.24939243165466],[13.602460712041776,46.25447364195486],[13.594555537541524,46.257585495513666],[13.585904761355453,46.26155425009135],[13.573615808268698,46.26880781963068],[13.564039767339983,46.27399899754653],[13.55304438826236,46.279046884392955],[13.542417318451228,46.283728026821095],[13.531987878002598,46.28742174945053],[13.521603353318177,46.28963165600323]]},"properties":{"FID":49,"FAULT_NAME":"Idrija segment 2","FAULT_DESI":"MAF.SI-022/2","FAULT_TYPE":"dextral strike-slip","MINDEPTH_g":0,"MAXDEPTH_g":0,"MAXDEPTH":15,"STRIKEMIN":290,"STRIKEMAX":335,"STRIKE_BES":305,"DIPMIN":70,"DIPMAX":90,"DIP_BEST_E":85,"RAKEMIN":150,"RAKEMAX":180,"RAKE_BEST":165,"FAULT_WIDT":15.0572975632,"TOTAL_FAUL":172,"TOTAL_FA_1":124,"SEGMENTATI":"structural","TOTAL_SEGM":10,"TOTAL_SE_1":10,"MIN_TOTAL":2580,"MAX_TOTAL":2745.57865299,"BEST_ESTIM":2589.85518086,"MIN_TOTA_1":150,"MAX_TOTA_1":159.626665871,"BEST_EST_1":150.572975632,"SLIPRATEMI":0.06,"SLIPRATEMA":2,"BEST_EST_2":1,"ACTIVITY":"active","FAULT_WE_1":" ","__id":49},"id":49},{"type":"Feature","geometry":{"type":"LineString","coordinates":[[13.58948903933909,46.33124938453461],[13.600008311316131,46.32255862848355],[13.615459334202985,46.310776448733726],[13.62963474938639,46.30149906699114],[13.644681530395392,46.29307049055442],[13.668621632717178,46.280120974974494],[13.679661927559009,46.27437155121361],[13.708668528083228,46.26399498465195],[13.731243191173151,46.25668487741243]]},"properties":{"FID":50,"FAULT_NAME":"Ravne segment 1","FAULT_DESI":"MAF.SI-025/1","FAULT_TYPE":"dextral strike-slip","MINDEPTH_g":0,"MAXDEPTH_g":0,"MAXDEPTH":10,"STRIKEMIN":300,"STRIKEMAX":320,"STRIKE_BES":310,"DIPMIN":60,"DIPMAX":85,"DIP_BEST_E":80,"RAKEMIN":160,"RAKEMAX":180,"RAKE_BEST":170,"FAULT_WIDT":10.1542661189,"TOTAL_FAUL":40,"TOTAL_FA_1":35,"SEGMENTATI":"geometric","TOTAL_SEGM":14,"TOTAL_SE_1":14,"MIN_TOTAL":401.527935017,"MAX_TOTAL":461.880215352,"BEST_ESTIM":406.170644754,"MIN_TOTA_1":140.534777256,"MAX_TOTA_1":161.658075373,"BEST_EST_1":142.159725664,"SLIPRATEMI":0.01,"SLIPRATEMA":0.2,"BEST_EST_2":0.1,"ACTIVITY":"active","FAULT_WE_1":" ","__id":50},"id":50},{"type":"Feature","geometry":{"type":"LineString","coordinates":[[13.618872932282638,46.30766761503376],[13.606718726488502,46.30920033555207],[13.59240856401248,46.31175684269796],[13.575601085046603,46.31721694348628],[13.564569773357613,46.32190723140446]]},"properties":{"FID":51,"FAULT_NAME":"Ravne segment 2","FAULT_DESI":"MAF.SI-025/2","FAULT_TYPE":"dextral strike-slip","MINDEPTH_g":0,"MAXDEPTH_g":0,"MAXDEPTH":10,"STRIKEMIN":280,"STRIKEMAX":305,"STRIKE_BES":295,"DIPMIN":55,"DIPMAX":80,"DIP_BEST_E":65,"RAKEMIN":160,"RAKEMAX":180,"RAKE_BEST":170,"FAULT_WIDT":11.0337791896,"TOTAL_FAUL":40,"TOTAL_FA_1":35,"SEGMENTATI":"structural","TOTAL_SEGM":5,"TOTAL_SE_1":5,"MIN_TOTAL":406.170644754,"MAX_TOTAL":488.309835505,"BEST_ESTIM":441.351167585,"MIN_TOTA_1":50.7713305943,"MAX_TOTA_1":61.0387294381,"BEST_EST_1":55.1688959481,"SLIPRATEMI":0.01,"SLIPRATEMA":0.2,"BEST_EST_2":0.1,"ACTIVITY":"active","FAULT_WE_1":" ","__id":51},"id":51},{"type":"Feature","geometry":{"type":"LineString","coordinates":[[13.733138636422641,46.25313816162554],[13.758560958963225,46.23998038928617],[13.78128833565145,46.224892903432014],[13.79354135612684,46.218093479811266],[13.81194783629845,46.2058971574124],[13.81654721055314,46.20321758206364]]},"properties":{"FID":52,"FAULT_NAME":"Ravne segment 3","FAULT_DESI":"MAF.SI-025/3","FAULT_TYPE":"dextral strike-slip","MINDEPTH_g":0,"MAXDEPTH_g":0,"MAXDEPTH":10,"STRIKEMIN":310,"STRIKEMAX":315,"STRIKE_BES":310,"DIPMIN":60,"DIPMAX":85,"DIP_BEST_E":80,"RAKEMIN":160,"RAKEMAX":180,"RAKE_BEST":170,"FAULT_WIDT":10.1542661189,"TOTAL_FAUL":40,"TOTAL_FA_1":35,"SEGMENTATI":"geometric","TOTAL_SEGM":9,"TOTAL_SE_1":9,"MIN_TOTAL":401.527935017,"MAX_TOTAL":461.880215352,"BEST_ESTIM":406.170644754,"MIN_TOTA_1":90.3437853789,"MAX_TOTA_1":103.923048454,"BEST_EST_1":91.3883950697,"SLIPRATEMI":0.01,"SLIPRATEMA":0.2,"BEST_EST_2":0.1,"ACTIVITY":"active","FAULT_WE_1":" ","__id":52},"id":52},{"type":"Feature","geometry":{"type":"LineString","coordinates":[[13.819808095034494,46.199157558791136],[13.838600850778274,46.18989858888754],[13.850790989183777,46.1813595532246],[13.861364160077864,46.174536078395406],[13.878521982004544,46.16667901452603],[13.893838257598784,46.1600528271246],[13.909558775070874,46.15196966464856],[13.918640742593324,46.1485095340139],[13.93949962349058,46.141856261611935],[13.949264310628958,46.137455573271886]]},"properties":{"FID":53,"FAULT_NAME":"Ravne segment 4","FAULT_DESI":"MAF.SI-025/4","FAULT_TYPE":"dextral strike-slip","MINDEPTH_g":0,"MAXDEPTH_g":0,"MAXDEPTH":10,"STRIKEMIN":305,"STRIKEMAX":315,"STRIKE_BES":310,"DIPMIN":60,"DIPMAX":85,"DIP_BEST_E":80,"RAKEMIN":160,"RAKEMAX":180,"RAKE_BEST":170,"FAULT_WIDT":10.1542661189,"TOTAL_FAUL":40,"TOTAL_FA_1":35,"SEGMENTATI":"geometric","TOTAL_SEGM":12,"TOTAL_SE_1":12,"MIN_TOTAL":401.527935017,"MAX_TOTAL":461.880215352,"BEST_ESTIM":406.170644754,"MIN_TOTA_1":120.458380505,"MAX_TOTA_1":138.564064606,"BEST_EST_1":121.851193426,"SLIPRATEMI":0.01,"SLIPRATEMA":0.2,"BEST_EST_2":0.1,"ACTIVITY":"active","FAULT_WE_1":" ","__id":53},"id":53},{"type":"Feature","geometry":{"type":"LineString","coordinates":[[13.994674148241199,46.33306056023935],[14.006082752349517,46.322242236585225],[14.019584431069834,46.31333288226215],[14.041000267443245,46.30112669778258]]},"properties":{"FID":54,"FAULT_NAME":"Dražgoše segment 1","FAULT_DESI":"MAF.SI-040/1","FAULT_TYPE":"dextral strike-slip","MINDEPTH_g":0,"MAXDEPTH_g":0,"MAXDEPTH":15,"STRIKEMIN":310,"STRIKEMAX":325,"STRIKE_BES":315,"DIPMIN":75,"DIPMAX":85,"DIP_BEST_E":80,"RAKEMIN":160,"RAKEMAX":180,"RAKE_BEST":170,"FAULT_WIDT":15.2313991783,"TOTAL_FAUL":33,"TOTAL_FA_1":29,"SEGMENTATI":"geometric","TOTAL_SEGM":5,"TOTAL_SE_1":5,"MIN_TOTAL":496.890819584,"MAX_TOTAL":512.461709303,"BEST_ESTIM":502.636172883,"MIN_TOTA_1":75.2864878158,"MAX_TOTA_1":77.6457135308,"BEST_EST_1":76.1569958914,"SLIPRATEMI":0.05,"SLIPRATEMA":0.3,"BEST_EST_2":0.1,"ACTIVITY":"probably","FAULT_WE_1":" ","__id":54},"id":54},{"type":"Feature","geometry":{"type":"LineString","coordinates":[[14.054349232565261,46.300183351119614],[14.067752096604321,46.29567740534604],[14.085125514199195,46.289308866224545],[14.106801862004998,46.27876749321871],[14.119620821109384,46.27278197125088],[14.18843177187294,46.24662179349948]]},"properties":{"FID":55,"FAULT_NAME":"Dražgoše segment 2","FAULT_DESI":"MAF.SI-040/2","FAULT_TYPE":"dextral strike-slip","MINDEPTH_g":0,"MAXDEPTH_g":0,"MAXDEPTH":15,"STRIKEMIN":295,"STRIKEMAX":305,"STRIKE_BES":300,"DIPMIN":75,"DIPMAX":85,"DIP_BEST_E":80,"RAKEMIN":160,"RAKEMAX":180,"RAKE_BEST":170,"FAULT_WIDT":15.2313991783,"TOTAL_FAUL":33,"TOTAL_FA_1":29,"SEGMENTATI":"geometric","TOTAL_SEGM":12,"TOTAL_SE_1":12,"MIN_TOTAL":496.890819584,"MAX_TOTAL":512.461709303,"BEST_ESTIM":502.636172883,"MIN_TOTA_1":180.687570758,"MAX_TOTA_1":186.349712474,"BEST_EST_1":182.776790139,"SLIPRATEMI":0.05,"SLIPRATEMA":0.3,"BEST_EST_2":0.1,"ACTIVITY":"probably","FAULT_WE_1":" ","__id":55},"id":55},{"type":"Feature","geometry":{"type":"LineString","coordinates":[[14.100360941417863,46.26528051870844],[14.084847036461117,46.26977654564746],[14.070824334876011,46.27554507871078],[14.05314549008454,46.28190900970314],[14.041889599574521,46.28517450585584],[14.032466272244108,46.28698720677397]]},"properties":{"FID":56,"FAULT_NAME":"Ratitovec segment 2","FAULT_DESI":"MAF.SI-038/2","FAULT_TYPE":"dextral strike-slip","MINDEPTH_g":0,"MAXDEPTH_g":0,"MAXDEPTH":15,"STRIKEMIN":285,"STRIKEMAX":300,"STRIKE_BES":295,"DIPMIN":75,"DIPMAX":85,"DIP_BEST_E":80,"RAKEMIN":160,"RAKEMAX":180,"RAKE_BEST":170,"FAULT_WIDT":15.2313991783,"TOTAL_FAUL":38,"TOTAL_FA_1":34,"SEGMENTATI":"geometric","TOTAL_SEGM":6,"TOTAL_SE_1":6,"MIN_TOTAL":572.1773074,"MAX_TOTAL":590.107422834,"BEST_ESTIM":578.793168775,"MIN_TOTA_1":90.3437853789,"MAX_TOTA_1":93.1748562369,"BEST_EST_1":91.3883950697,"SLIPRATEMI":0.05,"SLIPRATEMA":0.3,"BEST_EST_2":0.1,"ACTIVITY":"potentially","FAULT_WE_1":" ","__id":56},"id":56},{"type":"Feature","geometry":{"type":"LineString","coordinates":[[14.105696934205533,46.2348791952994],[14.088314533457819,46.24293153344271],[14.063880357729769,46.256169344532104],[14.046713552650244,46.26883886880705],[14.023402271027342,46.285646310499324],[14.003136278217605,46.30121979032214],[13.982331296237398,46.31237733613212],[13.965182457463555,46.32188241612428],[13.960879527252624,46.32499044238634]]},"properties":{"FID":57,"FAULT_NAME":"Ratitovec segment 1","FAULT_DESI":"MAF.SI-038/1","FAULT_TYPE":"dextral strike-slip","MINDEPTH_g":0,"MAXDEPTH_g":0,"MAXDEPTH":15,"STRIKEMIN":310,"STRIKEMAX":320,"STRIKE_BES":315,"DIPMIN":75,"DIPMAX":85,"DIP_BEST_E":80,"RAKEMIN":160,"RAKEMAX":180,"RAKE_BEST":170,"FAULT_WIDT":15.2313991783,"TOTAL_FAUL":38,"TOTAL_FA_1":34,"SEGMENTATI":"geometric","TOTAL_SEGM":15,"TOTAL_SE_1":15,"MIN_TOTAL":572.1773074,"MAX_TOTAL":590.107422834,"BEST_ESTIM":578.793168775,"MIN_TOTA_1":225.859463447,"MAX_TOTA_1":232.937140592,"BEST_EST_1":228.470987674,"SLIPRATEMI":0.05,"SLIPRATEMA":0.3,"BEST_EST_2":0.1,"ACTIVITY":"potentially","FAULT_WE_1":" ","__id":57},"id":57},{"type":"Feature","geometry":{"type":"LineString","coordinates":[[14.080894449210993,46.307121534196376],[14.111958191735845,46.29708012242781],[14.139644268792408,46.2895199212951],[14.169135959570053,46.281971093194095]]},"properties":{"FID":58,"FAULT_NAME":"Pokljuka segment 1","FAULT_DESI":"MAF.SI-042/1","FAULT_TYPE":"dextral strike-slip","MINDEPTH_g":0,"MAXDEPTH_g":0,"MAXDEPTH":10,"STRIKEMIN":290,"STRIKEMAX":295,"STRIKE_BES":295,"DIPMIN":75,"DIPMAX":85,"DIP_BEST_E":80,"RAKEMIN":160,"RAKEMAX":180,"RAKE_BEST":170,"FAULT_WIDT":10.1542661189,"TOTAL_FAUL":7,"TOTAL_FA_1":7,"SEGMENTATI":"not segmented","TOTAL_SEGM":7,"TOTAL_SE_1":7,"MIN_TOTAL":70.267388628,"MAX_TOTAL":72.4693326287,"BEST_ESTIM":71.079862832,"MIN_TOTA_1":70.267388628,"MAX_TOTA_1":72.4693326287,"BEST_EST_1":71.079862832,"SLIPRATEMI":0.01,"SLIPRATEMA":0.1,"BEST_EST_2":0.05,"ACTIVITY":"potentially","FAULT_WE_1":" ","__id":58},"id":58},{"type":"Feature","geometry":{"type":"LineString","coordinates":[[14.137057120774145,46.26136793001213],[14.16054806545387,46.24936137146447],[14.16746509314159,46.24521778441779],[14.180562529984051,46.23175983939906],[14.184236639496103,46.22934874164823],[14.192932331446377,46.22529686462246],[14.209380484298606,46.217024389623006],[14.21841753605685,46.21110672331124],[14.230122584208926,46.205213287494715],[14.249023137786802,46.197105671807634],[14.254996934426197,46.19349913930807],[14.266872662482255,46.19116720351337],[14.28943834241934,46.18346800362828],[14.294397042787677,46.18016535075679],[14.298134034369614,46.176072522615975]]},"properties":{"FID":59,"FAULT_NAME":"Dražgoše segment 3","FAULT_DESI":"MAF.SI-040/3","FAULT_TYPE":"dextral strike-slip","MINDEPTH_g":0,"MAXDEPTH_g":0,"MAXDEPTH":15,"STRIKEMIN":285,"STRIKEMAX":330,"STRIKE_BES":305,"DIPMIN":75,"DIPMAX":85,"DIP_BEST_E":80,"RAKEMIN":160,"RAKEMAX":180,"RAKE_BEST":170,"FAULT_WIDT":15.2313991783,"TOTAL_FAUL":33,"TOTAL_FA_1":29,"SEGMENTATI":"geometric","TOTAL_SEGM":16,"TOTAL_SE_1":16,"MIN_TOTAL":496.890819584,"MAX_TOTAL":512.461709303,"BEST_ESTIM":502.636172883,"MIN_TOTA_1":240.91676101,"MAX_TOTA_1":248.466283298,"BEST_EST_1":243.702386853,"SLIPRATEMI":0.05,"SLIPRATEMA":0.3,"BEST_EST_2":0.1,"ACTIVITY":"probably","FAULT_WE_1":" ","__id":59},"id":59},{"type":"Feature","geometry":{"type":"LineString","coordinates":[[13.980741278184507,46.420347563522874],[13.996309082058296,46.416080662711906],[14.015236585094696,46.409942923794944],[14.02865741543944,46.406486657849435],[14.046003883575791,46.403903606442356],[14.063080857126902,46.39921415740642],[14.07495658518296,46.397002480809654],[14.087155706741303,46.393111694906786],[14.09876194021213,46.3887930934006],[14.106379653821463,46.386754495638506]]},"properties":{"FID":60,"FAULT_NAME":"Zasip segment 1","FAULT_DESI":"MAF.SI-044/1","FAULT_TYPE":"dextral strike-slip","MINDEPTH_g":0,"MAXDEPTH_g":0,"MAXDEPTH":10,"STRIKEMIN":285,"STRIKEMAX":295,"STRIKE_BES":290,"DIPMIN":75,"DIPMAX":85,"DIP_BEST_E":80,"RAKEMIN":150,"RAKEMAX":170,"RAKE_BEST":160,"FAULT_WIDT":10.1542661189,"TOTAL_FAUL":10,"TOTAL_FA_1":10,"SEGMENTATI":"not segmented","TOTAL_SEGM":10,"TOTAL_SE_1":10,"MIN_TOTAL":100.381983754,"MAX_TOTAL":103.527618041,"BEST_ESTIM":101.542661189,"MIN_TOTA_1":100.381983754,"MAX_TOTA_1":103.527618041,"BEST_EST_1":101.542661189,"SLIPRATEMI":0.05,"SLIPRATEMA":0.3,"BEST_EST_2":0.1,"ACTIVITY":"potentially","FAULT_WE_1":" ","__id":60},"id":60},{"type":"Feature","geometry":{"type":"LineString","coordinates":[[14.165354052223908,46.33931857895823],[14.153136964359884,46.345737110766265],[14.133859118362677,46.35693517904993],[14.107538480537976,46.37142849548793],[14.090111164026057,46.3796900724768],[14.079331380616622,46.38926400485486],[14.071354340893642,46.39486506110791]]},"properties":{"FID":61,"FAULT_NAME":"Kranj segment 1","FAULT_DESI":"MAF.SI-045/1","FAULT_TYPE":"dextral strike-slip","MINDEPTH_g":1,"MAXDEPTH_g":0,"MAXDEPTH":15,"STRIKEMIN":305,"STRIKEMAX":325,"STRIKE_BES":310,"DIPMIN":75,"DIPMAX":85,"DIP_BEST_E":80,"RAKEMIN":160,"RAKEMAX":180,"RAKE_BEST":170,"FAULT_WIDT":15.2313991783,"TOTAL_FAUL":26,"TOTAL_FA_1":27,"SEGMENTATI":"geometric","TOTAL_SEGM":10,"TOTAL_SE_1":10,"MIN_TOTAL":391.489736642,"MAX_TOTAL":403.75771036,"BEST_ESTIM":396.016378635,"MIN_TOTA_1":150.572975632,"MAX_TOTA_1":155.291427062,"BEST_EST_1":152.313991783,"SLIPRATEMI":0.05,"SLIPRATEMA":0.3,"BEST_EST_2":0.1,"ACTIVITY":"potentially","FAULT_WE_1":"inferred","__id":61},"id":61},{"type":"Feature","geometry":{"type":"LineString","coordinates":[[14.25284996089715,46.30071088250669],[14.232422271336272,46.3114403883378],[14.211177114866846,46.3192085037405],[14.183410189434712,46.32917142072083],[14.174498901816245,46.33265119015518],[14.1699534264786,46.336205164614874]]},"properties":{"FID":62,"FAULT_NAME":"Kranj segment 2","FAULT_DESI":"MAF.SI-045/2","FAULT_TYPE":"dextral strike-slip","MINDEPTH_g":1,"MAXDEPTH_g":0,"MAXDEPTH":15,"STRIKEMIN":300,"STRIKEMAX":320,"STRIKE_BES":310,"DIPMIN":75,"DIPMAX":85,"DIP_BEST_E":80,"RAKEMIN":160,"RAKEMAX":180,"RAKE_BEST":170,"FAULT_WIDT":15.2313991783,"TOTAL_FAUL":26,"TOTAL_FA_1":27,"SEGMENTATI":"geometric","TOTAL_SEGM":7,"TOTAL_SE_1":7,"MIN_TOTAL":391.489736642,"MAX_TOTAL":403.75771036,"BEST_ESTIM":396.016378635,"MIN_TOTA_1":105.401082942,"MAX_TOTA_1":108.703998943,"BEST_EST_1":106.619794248,"SLIPRATEMI":0.05,"SLIPRATEMA":0.3,"BEST_EST_2":0.1,"ACTIVITY":"potentially","FAULT_WE_1":"inferred","__id":62},"id":62},{"type":"Feature","geometry":{"type":"LineString","coordinates":[[14.25832968413028,46.29434292875362],[14.266405538534514,46.28943301636454],[14.27923348079174,46.285379368897544],[14.295843330395112,46.279108971127094],[14.317438829825344,46.268137153128066],[14.332575442362756,46.255821512380706],[14.347712054900173,46.2425649789078]]},"properties":{"FID":63,"FAULT_NAME":"Kranj segment 3","FAULT_DESI":"MAF.SI-045/3","FAULT_TYPE":"dextral strike-slip","MINDEPTH_g":1,"MAXDEPTH_g":0,"MAXDEPTH":15,"STRIKEMIN":305,"STRIKEMAX":320,"STRIKE_BES":315,"DIPMIN":75,"DIPMAX":85,"DIP_BEST_E":80,"RAKEMIN":160,"RAKEMAX":180,"RAKE_BEST":170,"FAULT_WIDT":15.2313991783,"TOTAL_FAUL":26,"TOTAL_FA_1":27,"SEGMENTATI":"geometric","TOTAL_SEGM":9,"TOTAL_SE_1":9,"MIN_TOTAL":391.489736642,"MAX_TOTAL":403.75771036,"BEST_ESTIM":396.016378635,"MIN_TOTA_1":135.515678068,"MAX_TOTA_1":139.762284355,"BEST_EST_1":137.082592605,"SLIPRATEMI":0.05,"SLIPRATEMA":0.3,"BEST_EST_2":0.1,"ACTIVITY":"potentially","FAULT_WE_1":"inferred","__id":63},"id":63},{"type":"Feature","geometry":{"type":"LineString","coordinates":[[13.700951999792641,45.95556289272579],[13.72065205397338,45.93667409260628],[13.742508064836008,45.91507901127705],[13.775539117833084,45.877010973320914],[13.782617842271945,45.869317923831446],[13.786606362133437,45.8655773410608]]},"properties":{"FID":64,"FAULT_NAME":"Raša segment 3","FAULT_DESI":"MAF.SI-014/3","FAULT_TYPE":"dextral strike-slip","MINDEPTH_g":0,"MAXDEPTH_g":0,"MAXDEPTH":15,"STRIKEMIN":325,"STRIKEMAX":325,"STRIKE_BES":325,"DIPMIN":75,"DIPMAX":95,"DIP_BEST_E":85,"RAKEMIN":160,"RAKEMAX":180,"RAKE_BEST":170,"FAULT_WIDT":15.0572975632,"TOTAL_FAUL":106,"TOTAL_FA_1":87,"SEGMENTATI":"geologic","TOTAL_SEGM":12,"TOTAL_SE_1":12,"MIN_TOTAL":1596.07354169,"MAX_TOTAL":1646.08912685,"BEST_ESTIM":1596.07354169,"MIN_TOTA_1":180.687570758,"MAX_TOTA_1":186.349712474,"BEST_EST_1":180.687570758,"SLIPRATEMI":0.23,"SLIPRATEMA":1.3,"BEST_EST_2":0.7,"ACTIVITY":"active","FAULT_WE_1":"inferred","__id":64},"id":64},{"type":"Feature","geometry":{"type":"LineString","coordinates":[[14.029645562251973,46.000497841096795],[14.031379310750323,45.9998363795293],[14.032466272244108,45.99927475500987],[14.036257162743091,45.99680977998287],[14.039589912447177,45.9951747233161],[14.050324780092405,45.989470368765616],[14.051708185629948,45.9884030774063],[14.054295333648215,45.98592513448958],[14.056720784915337,45.984477015740545],[14.058598263859146,45.98361561679254],[14.059523528601787,45.98299764842103],[14.065578173616755,45.97747307925695],[14.070644671819187,45.97352751282019],[14.076546603235853,45.96927572546886],[14.08088546605815,45.96576041838905],[14.083068372198559,45.9642680624956],[14.096111910123977,45.95612496076864],[14.101169425173568,45.95414520689454],[14.10612812554191,45.951696959187245],[14.111113775368771,45.94887384543742],[14.124516639407835,45.93994761289629],[14.130535351811437,45.93553081384363],[14.1356737152366,45.931457301195366],[14.138844768189541,45.92960162952608],[14.143102782636268,45.92684612372373],[14.146588245938652,45.925321476658965],[14.148259112367116,45.92435917784308],[14.151349316944485,45.92194710875468],[14.155742078683831,45.918878755341794],[14.157664473391847,45.917060160301325]]},"properties":{"FID":65,"FAULT_NAME":"Idrija segment 7","FAULT_DESI":"MAF.SI-022/7","FAULT_TYPE":"dextral strike-slip","MINDEPTH_g":0,"MAXDEPTH_g":0,"MAXDEPTH":15,"STRIKEMIN":285,"STRIKEMAX":360,"STRIKE_BES":315,"DIPMIN":70,"DIPMAX":90,"DIP_BEST_E":85,"RAKEMIN":150,"RAKEMAX":180,"RAKE_BEST":165,"FAULT_WIDT":15.0572975632,"TOTAL_FAUL":172,"TOTAL_FA_1":124,"SEGMENTATI":"geometric","TOTAL_SEGM":14,"TOTAL_SE_1":14,"MIN_TOTAL":2580,"MAX_TOTAL":2745.57865299,"BEST_ESTIM":2589.85518086,"MIN_TOTA_1":210,"MAX_TOTA_1":223.47733222,"BEST_EST_1":210.802165884,"SLIPRATEMI":0.06,"SLIPRATEMA":2,"BEST_EST_2":1,"ACTIVITY":"active","FAULT_WE_1":" ","__id":65},"id":65},{"type":"Feature","geometry":{"type":"LineString","coordinates":[[14.243426633566736,46.17471647285598],[14.246570737061155,46.17214735112293],[14.250864684119245,46.169459908923244],[14.25479930506369,46.16738824927151],[14.258203919990503,46.165192080421875],[14.262488883895752,46.16324469589338],[14.266154010254962,46.161359462457064],[14.27252306561937,46.15597094736193],[14.275577337585375,46.152909338826106],[14.279431110154247,46.15015872412711],[14.28667153134425,46.145889398300476],[14.290076146271062,46.143256689780564],[14.292411766009774,46.14074211775946],[14.29598706084057,46.138669376752524],[14.30072118238788,46.136291541724525],[14.304655803332322,46.133664599363655]]},"properties":{"FID":66,"FAULT_NAME":"Ratitovec segment 4","FAULT_DESI":"MAF.SI-038/4","FAULT_TYPE":"dextral strike-slip","MINDEPTH_g":0,"MAXDEPTH_g":0,"MAXDEPTH":15,"STRIKEMIN":305,"STRIKEMAX":330,"STRIKE_BES":315,"DIPMIN":75,"DIPMAX":85,"DIP_BEST_E":80,"RAKEMIN":160,"RAKEMAX":180,"RAKE_BEST":170,"FAULT_WIDT":15.2313991783,"TOTAL_FAUL":38,"TOTAL_FA_1":34,"SEGMENTATI":"geometric","TOTAL_SEGM":6,"TOTAL_SE_1":6,"MIN_TOTAL":572.1773074,"MAX_TOTAL":590.107422834,"BEST_ESTIM":578.793168775,"MIN_TOTA_1":90.3437853789,"MAX_TOTA_1":93.1748562369,"BEST_EST_1":91.3883950697,"SLIPRATEMI":0.05,"SLIPRATEMA":0.3,"BEST_EST_2":0.1,"ACTIVITY":"potentially","FAULT_WE_1":" ","__id":66},"id":66},{"type":"Feature","geometry":{"type":"LineString","coordinates":[[14.230544792392461,46.184575063205244],[14.223519966870647,46.1878152611501],[14.213261206326003,46.19309494419246],[14.203002445781358,46.19852956515416],[14.19655254204138,46.202266332466664],[14.19286046622365,46.203969865833066],[14.18880906429227,46.20541844936395],[14.186653107610383,46.2072151372388],[14.183311374753458,46.20883148441969],[14.176771639485068,46.210926448257894],[14.173789232741791,46.212132414939994],[14.170456483037707,46.213095925990864],[14.165102523944356,46.215035329235846],[14.161401464973784,46.21689385974399],[14.158652620204377,46.21885177535007],[14.154592235120157,46.220958787484896],[14.1499569282541,46.22199051024935],[14.142941085885127,46.2232521689654],[14.135925243516153,46.22501098470284],[14.126394118351646,46.2288018800002],[14.118641657449695,46.23170391307385],[14.11244328198927,46.234288892545365]]},"properties":{"FID":67,"FAULT_NAME":"Ratitovec segment 3","FAULT_DESI":"MAF.SI-038/3","FAULT_TYPE":"dextral strike-slip","MINDEPTH_g":0,"MAXDEPTH_g":0,"MAXDEPTH":15,"STRIKEMIN":290,"STRIKEMAX":320,"STRIKE_BES":305,"DIPMIN":75,"DIPMAX":85,"DIP_BEST_E":80,"RAKEMIN":160,"RAKEMAX":180,"RAKE_BEST":170,"FAULT_WIDT":15.2313991783,"TOTAL_FAUL":38,"TOTAL_FA_1":34,"SEGMENTATI":"geometric","TOTAL_SEGM":11,"TOTAL_SE_1":11,"MIN_TOTAL":572.1773074,"MAX_TOTAL":590.107422834,"BEST_ESTIM":578.793168775,"MIN_TOTA_1":165.630273195,"MAX_TOTA_1":170.820569768,"BEST_EST_1":167.545390961,"SLIPRATEMI":0.05,"SLIPRATEMA":0.3,"BEST_EST_2":0.1,"ACTIVITY":"potentially","FAULT_WE_1":" ","__id":67},"id":67},{"type":"Feature","geometry":{"type":"LineString","coordinates":[[14.50434230783925,45.77833421176166],[14.524123210395565,45.76173529198436],[14.54155052690748,45.745118894527835],[14.556624257375008,45.729149706226124],[14.584858306754883,45.70209763126467],[14.60083035250653,45.68776030690243],[14.617745629306501,45.671134449129816],[14.62720488924828,45.65186009836938],[14.633879371809286,45.629965933849554],[14.641515051724303,45.60283444947882]]},"properties":{"FID":68,"FAULT_NAME":"Podplanina segment 1","FAULT_DESI":"MAF.SI-023/1","FAULT_TYPE":"dextral transpressive","MINDEPTH_g":0,"MAXDEPTH_g":0,"MAXDEPTH":10,"STRIKEMIN":140,"STRIKEMAX":170,"STRIKE_BES":145,"DIPMIN":60,"DIPMAX":80,"DIP_BEST_E":70,"RAKEMIN":140,"RAKEMAX":170,"RAKE_BEST":155,"FAULT_WIDT":10.6417777248,"TOTAL_FAUL":23,"TOTAL_FA_1":22,"SEGMENTATI":"not segmented","TOTAL_SEGM":23,"TOTAL_SE_1":22,"MIN_TOTAL":233.548120734,"MAX_TOTAL":265.581123827,"BEST_ESTIM":244.760887669,"MIN_TOTA_1":233.548120734,"MAX_TOTA_1":265.581123827,"BEST_EST_1":244.760887669,"SLIPRATEMI":0.01,"SLIPRATEMA":0.1,"BEST_EST_2":0.05,"ACTIVITY":"potentially","FAULT_WE_1":" ","__id":68},"id":68},{"type":"Feature","geometry":{"type":"LineString","coordinates":[[14.59949186273319,45.73650475247728],[14.612912693077938,45.72084668298975],[14.632415117896171,45.684597443843],[14.640940129942466,45.665484675476215],[14.65013887845185,45.64081359590322],[14.662859022874983,45.61925439869524],[14.665212608919376,45.615013196083495]]},"properties":{"FID":69,"FAULT_NAME":"Podpreska segment 1","FAULT_DESI":"MAF.SI-024/1","FAULT_TYPE":"dextral strike-slip","MINDEPTH_g":0,"MAXDEPTH_g":0,"MAXDEPTH":10,"STRIKEMIN":150,"STRIKEMAX":165,"STRIKE_BES":160,"DIPMIN":70,"DIPMAX":85,"DIP_BEST_E":80,"RAKEMIN":160,"RAKEMAX":180,"RAKE_BEST":170,"FAULT_WIDT":10.1542661189,"TOTAL_FAUL":15,"TOTAL_FA_1":14,"SEGMENTATI":"not segmented","TOTAL_SEGM":15,"TOTAL_SE_1":14,"MIN_TOTAL":150.572975632,"MAX_TOTAL":159.626665871,"BEST_ESTIM":152.313991783,"MIN_TOTA_1":150.572975632,"MAX_TOTA_1":159.626665871,"BEST_EST_1":152.313991783,"SLIPRATEMI":0.01,"SLIPRATEMA":0.1,"BEST_EST_2":0.05,"ACTIVITY":"potentially","FAULT_WE_1":" ","__id":69},"id":69},{"type":"Feature","geometry":{"type":"LineString","coordinates":[[14.702546592127382,45.7382979075849],[14.691676977189537,45.743238190897166],[14.67035097234454,45.75021528286409],[14.648818354984193,45.75650206794002],[14.62924406494323,45.7651319244157],[14.613245069733061,45.768258899478276],[14.59842286754509,45.773171468174624],[14.581597422273532,45.78111588029121],[14.574473782070463,45.78481829134614],[14.568311339221403,45.79073161556049],[14.561960250162679,45.795260146228145]]},"properties":{"FID":70,"FAULT_NAME":"Rakitna segment 6","FAULT_DESI":"MAF.SI-029/6","FAULT_TYPE":"dextral transpressive","MINDEPTH_g":0,"MAXDEPTH_g":0,"MAXDEPTH":10,"STRIKEMIN":285,"STRIKEMAX":325,"STRIKE_BES":305,"DIPMIN":50,"DIPMAX":70,"DIP_BEST_E":60,"RAKEMIN":130,"RAKEMAX":160,"RAKE_BEST":145,"FAULT_WIDT":11.5470053838,"TOTAL_FAUL":50,"TOTAL_FA_1":46,"SEGMENTATI":"geometric","TOTAL_SEGM":13,"TOTAL_SE_1":13,"MIN_TOTAL":532.088886238,"MAX_TOTAL":652.703644666,"BEST_ESTIM":577.35026919,"MIN_TOTA_1":138.343110422,"MAX_TOTA_1":169.702947613,"BEST_EST_1":150.111069989,"SLIPRATEMI":0.01,"SLIPRATEMA":0.2,"BEST_EST_2":0.1,"ACTIVITY":"potentially","FAULT_WE_1":" ","__id":70},"id":70},{"type":"Feature","geometry":{"type":"LineString","coordinates":[[14.425488192199241,45.88574723467855],[14.429889937091424,45.88038807329521],[14.433339467782446,45.87101924274376],[14.43856766273602,45.86221185249982],[14.444775021349287,45.85382226649904],[14.452141206679066,45.84805955810698],[14.469604455802349,45.83848500934614],[14.47576689865141,45.83464846961696]]},"properties":{"FID":71,"FAULT_NAME":"Rakitna segment 4","FAULT_DESI":"MAF.SI-029/4","FAULT_TYPE":"dextral transpressive","MINDEPTH_g":0,"MAXDEPTH_g":0,"MAXDEPTH":10,"STRIKEMIN":310,"STRIKEMAX":345,"STRIKE_BES":320,"DIPMIN":50,"DIPMAX":70,"DIP_BEST_E":60,"RAKEMIN":130,"RAKEMAX":160,"RAKE_BEST":145,"FAULT_WIDT":11.5470053838,"TOTAL_FAUL":50,"TOTAL_FA_1":46,"SEGMENTATI":"geometric","TOTAL_SEGM":7,"TOTAL_SE_1":7,"MIN_TOTAL":532.088886238,"MAX_TOTAL":652.703644666,"BEST_ESTIM":577.35026919,"MIN_TOTA_1":74.4924440733,"MAX_TOTA_1":91.3785102533,"BEST_EST_1":80.8290376865,"SLIPRATEMI":0.01,"SLIPRATEMA":0.2,"BEST_EST_2":0.1,"ACTIVITY":"potentially","FAULT_WE_1":" ","__id":71},"id":71},{"type":"Feature","geometry":{"type":"LineString","coordinates":[[14.489448240428551,45.850030584187415],[14.495053727801457,45.8419082562215],[14.499859714571494,45.83406639398805],[14.50132396848461,45.825240630506435],[14.503345177873879,45.81958765111514],[14.510307121325805,45.812857165347445],[14.51786195286525,45.806676923957184],[14.527770370449089,45.80188629552153],[14.535693511255024,45.79832906569494],[14.542439859038762,45.79394484328829],[14.547425508865624,45.787749975403344],[14.553587951714682,45.78101564239418]]},"properties":{"FID":72,"FAULT_NAME":"Rakitna segment 5","FAULT_DESI":"MAF.SI-029/5","FAULT_TYPE":"dextral transpressive","MINDEPTH_g":0,"MAXDEPTH_g":0,"MAXDEPTH":10,"STRIKEMIN":305,"STRIKEMAX":335,"STRIKE_BES":325,"DIPMIN":50,"DIPMAX":70,"DIP_BEST_E":60,"RAKEMIN":130,"RAKEMAX":160,"RAKE_BEST":145,"FAULT_WIDT":11.5470053838,"TOTAL_FAUL":50,"TOTAL_FA_1":46,"SEGMENTATI":"geometric","TOTAL_SEGM":10,"TOTAL_SE_1":9,"MIN_TOTAL":532.088886238,"MAX_TOTAL":652.703644666,"BEST_ESTIM":577.35026919,"MIN_TOTA_1":106.417777248,"MAX_TOTA_1":130.540728933,"BEST_EST_1":115.470053838,"SLIPRATEMI":0.01,"SLIPRATEMA":0.2,"BEST_EST_2":0.1,"ACTIVITY":"potentially","FAULT_WE_1":" ","__id":72},"id":72},{"type":"Feature","geometry":{"type":"LineString","coordinates":[[14.192285544441813,45.819074284580715],[14.198699515570427,45.81664512020938],[14.200280550470477,45.81587502793873],[14.202050231580193,45.814935876610384],[14.206955033031484,45.81147340188357],[14.20850013532017,45.80976399954958],[14.209515231591224,45.8077602377169],[14.211491525216287,45.804848392826884],[14.212955779129402,45.8037524978027],[14.215003937977194,45.80268163098305],[14.21669277071134,45.80127882693088],[14.21737549032727,45.800126497179264],[14.218857710546066,45.79865473702454],[14.22082502101829,45.796168313473636],[14.222522836905275,45.7950722477088],[14.227247975299745,45.79024303839418],[14.230149533667449,45.788645737001104],[14.232359389266383,45.787173673618895],[14.234919587826123,45.784855878014845],[14.23834216905862,45.78227486788743],[14.241665935609861,45.78046433073919],[14.244414780379268,45.779217594507884],[14.25043349278287,45.77492585213306],[14.256856447064324,45.76849701865323],[14.261689383292888,45.764022714793235]]},"properties":{"FID":73,"FAULT_NAME":"Predjama-Avče segment 7","FAULT_DESI":"MAF.SI-019/7","FAULT_TYPE":"dextral strike-slip","MINDEPTH_g":0,"MAXDEPTH_g":0,"MAXDEPTH":15,"STRIKEMIN":295,"STRIKEMAX":340,"STRIKE_BES":320,"DIPMIN":75,"DIPMAX":85,"DIP_BEST_E":80,"RAKEMIN":160,"RAKEMAX":180,"RAKE_BEST":170,"FAULT_WIDT":15.2313991783,"TOTAL_FAUL":158,"TOTAL_FA_1":90,"SEGMENTATI":"geometric","TOTAL_SEGM":8,"TOTAL_SE_1":8,"MIN_TOTAL":150.572975632,"MAX_TOTAL":155.291427062,"BEST_ESTIM":152.313991783,"MIN_TOTA_1":120.458380505,"MAX_TOTA_1":124.233141649,"BEST_EST_1":121.851193426,"SLIPRATEMI":0.05,"SLIPRATEMA":1.45,"BEST_EST_2":0.7,"ACTIVITY":"active","FAULT_WE_1":" ","__id":73},"id":73},{"type":"Feature","geometry":{"type":"LineString","coordinates":[[14.155715129225307,45.80886231564513],[14.157134467374215,45.80838015923457],[14.159622800711226,45.806990022584124],[14.163305893376116,45.80410944883507],[14.164626416843772,45.80330787138825],[14.17385211481168,45.79970689292671],[14.177732836839075,45.79804097023978],[14.179754046228346,45.797032624416566],[14.18519783685011,45.793212018184285],[14.191845369952592,45.789077952483524],[14.195528462617485,45.78605863803306],[14.199678679230114,45.78299530749328],[14.20511348669904,45.779837833605015],[14.208904377198024,45.77739442751889],[14.219765008983028,45.77154861387646],[14.222244359167199,45.77060871527585],[14.227203059535537,45.769317895384894],[14.232071928375467,45.767544535854306],[14.240866435006998,45.763765776084966],[14.243166122134342,45.762556268220514]]},"properties":{"FID":74,"FAULT_NAME":"Predjama-Avče segment 8","FAULT_DESI":"MAF.SI-019/8","FAULT_TYPE":"dextral strike-slip","MINDEPTH_g":0,"MAXDEPTH_g":0,"MAXDEPTH":15,"STRIKEMIN":290,"STRIKEMAX":300,"STRIKE_BES":310,"DIPMIN":75,"DIPMAX":85,"DIP_BEST_E":80,"RAKEMIN":160,"RAKEMAX":180,"RAKE_BEST":170,"FAULT_WIDT":15.2313991783,"TOTAL_FAUL":158,"TOTAL_FA_1":90,"SEGMENTATI":"geometric","TOTAL_SEGM":8,"TOTAL_SE_1":8,"MIN_TOTAL":225.859463447,"MAX_TOTAL":232.937140592,"BEST_ESTIM":228.470987674,"MIN_TOTA_1":120.458380505,"MAX_TOTA_1":124.233141649,"BEST_EST_1":121.851193426,"SLIPRATEMI":0.05,"SLIPRATEMA":1.45,"BEST_EST_2":0.7,"ACTIVITY":"active","FAULT_WE_1":" ","__id":74},"id":74},{"type":"Feature","geometry":{"type":"LineString","coordinates":[[14.465005081547657,45.547412299240285],[14.455312259632008,45.55390430947536],[14.446302157332289,45.561018238544584],[14.439906152509359,45.56781053973266],[14.434058120009741,45.5721936536424],[14.42285612841677,45.578689088608066],[14.40773748218504,45.586629727354236],[14.399131621763173,45.590791355422525],[14.393490201778903,45.5931674940856],[14.386689955078118,45.59647380536185],[14.375667626541972,45.60376460181834],[14.363145111481346,45.61235521228026],[14.354009245041851,45.620517272600885],[14.342870135518767,45.62833891753177],[14.323017367739727,45.64025461889324]]},"properties":{"FID":75,"FAULT_NAME":"Jesenovec segment 1","FAULT_DESI":"MAF.SI-020/1","FAULT_TYPE":"dextral strike-slip","MINDEPTH_g":0,"MAXDEPTH_g":0,"MAXDEPTH":10,"STRIKEMIN":300,"STRIKEMAX":325,"STRIKE_BES":310,"DIPMIN":80,"DIPMAX":90,"DIP_BEST_E":85,"RAKEMIN":160,"RAKEMAX":180,"RAKE_BEST":170,"FAULT_WIDT":10.0381983754,"TOTAL_FAUL":15,"TOTAL_FA_1":15,"SEGMENTATI":"not segmented","TOTAL_SEGM":15,"TOTAL_SE_1":15,"MIN_TOTAL":170,"MAX_TOTAL":172.622524021,"BEST_ESTIM":170.649372382,"MIN_TOTA_1":150,"MAX_TOTA_1":152.313991783,"BEST_EST_1":150.572975632,"SLIPRATEMI":0.01,"SLIPRATEMA":0.1,"BEST_EST_2":0.05,"ACTIVITY":"potentially","FAULT_WE_1":" ","__id":75},"id":75},{"type":"Feature","geometry":{"type":"LineString","coordinates":[[14.034101206061205,46.121661240179364],[14.040506194036979,46.12002364975044],[14.047189659750828,46.11767614435814],[14.058733011151762,46.11292478629357],[14.066853781320203,46.10904493324083],[14.068470748831619,46.10882695586527],[14.07036619408111,46.10873353672615],[14.072324521400493,46.1082228426337],[14.0737438595494,46.10736959926434],[14.078370183262615,46.10518972046561],[14.083912788565634,46.103109412887946],[14.094432060542673,46.09883643915413],[14.104070983541275,46.09509887285715],[14.107915772957307,46.09337950729173],[14.11177852867902,46.090900037924996],[14.116297054558142,46.08762921059828],[14.120896428812834,46.0835045766085],[14.122836789826533,46.081946855150726]]},"properties":{"FID":76,"FAULT_NAME":"Trebije segment 1","FAULT_DESI":"MAF.SI-030/1","FAULT_TYPE":"dextral strike-slip","MINDEPTH_g":0,"MAXDEPTH_g":0,"MAXDEPTH":10,"STRIKEMIN":275,"STRIKEMAX":320,"STRIKE_BES":305,"DIPMIN":70,"DIPMAX":85,"DIP_BEST_E":80,"RAKEMIN":160,"RAKEMAX":180,"RAKE_BEST":170,"FAULT_WIDT":10.1542661189,"TOTAL_FAUL":8,"TOTAL_FA_1":8,"SEGMENTATI":"not segmented","TOTAL_SEGM":8,"TOTAL_SE_1":8,"MIN_TOTAL":80.3055870035,"MAX_TOTAL":85.1342217981,"BEST_ESTIM":81.2341289509,"MIN_TOTA_1":80.3055870035,"MAX_TOTA_1":85.1342217981,"BEST_EST_1":81.2341289509,"SLIPRATEMI":0.01,"SLIPRATEMA":0.1,"BEST_EST_2":0.05,"ACTIVITY":"potentially","FAULT_WE_1":" ","__id":76},"id":76},{"type":"Feature","geometry":{"type":"LineString","coordinates":[[13.981486879870326,46.14402224211981],[13.984478269766443,46.14032508604938],[13.988826115741581,46.13578110301793],[13.990452066405838,46.13499053617035],[13.992563107323518,46.134231083313864],[13.995931789638966,46.13131767520845],[13.998914196382245,46.12969904855503],[14.001393546566414,46.12857843300669],[14.002830851021006,46.12679162661528],[14.003441705414208,46.12637448925228],[14.01008025536385,46.124338564553746],[14.014607764395812,46.122458224756535],[14.018102210851037,46.12115066587597],[14.023833462363719,46.11842959863195],[14.026142132643908,46.11707835512545],[14.029232337221277,46.114226313054715],[14.033643065266304,46.112339400599936],[14.037820231337461,46.111255797908896],[14.039446182001717,46.110701533124455],[14.041368576709733,46.10993551756233],[14.043120291513764,46.1090200215844],[14.047081861916734,46.106516342687435],[14.050684106206052,46.103732267701275],[14.055597890810187,46.09944065525066],[14.05734960561422,46.09820729989363],[14.058813859527334,46.095977223708275],[14.059586410671676,46.09513624977412],[14.060574557484209,46.09430149259372],[14.063242553878043,46.09286244122093],[14.064077987092274,46.092233233800805],[14.066548354123604,46.08967272164438],[14.068605496124235,46.08827716132186],[14.072252656177762,46.08644543481412],[14.07592676568981,46.08480679799333],[14.078289334887046,46.0836167308561],[14.081199876407592,46.08188454537759],[14.086769431169133,46.079329784089325],[14.087820460051553,46.078725347651286],[14.089482343327173,46.07727965838619],[14.096830562351272,46.07194523581549],[14.097845658622328,46.07098548356859],[14.099848901705915,46.06949596488942],[14.10208570676337,46.06811859176308],[14.10612812554191,46.06620517024889],[14.11441059246149,46.06263368817489],[14.128792620160246,46.055789260183204],[14.135907277210471,46.05138169768235],[14.148986747747252,46.0441867027909],[14.151214569651867,46.04314540840031],[14.165030658721626,46.035151105597166],[14.167213564862038,46.03341116258067],[14.16904612804164,46.032301062784974],[14.178532337441942,46.02761095688371],[14.18521580315579,46.02512229494442]]},"properties":{"FID":77,"FAULT_NAME":"Čeplez segment 1","FAULT_DESI":"MAF.SI-026/1","FAULT_TYPE":"dextral strike-slip","MINDEPTH_g":0,"MAXDEPTH_g":0,"MAXDEPTH":10,"STRIKEMIN":290,"STRIKEMAX":335,"STRIKE_BES":310,"DIPMIN":70,"DIPMAX":85,"DIP_BEST_E":80,"RAKEMIN":160,"RAKEMAX":180,"RAKE_BEST":170,"FAULT_WIDT":10.1542661189,"TOTAL_FAUL":27,"TOTAL_FA_1":22,"SEGMENTATI":"geometric","TOTAL_SEGM":21,"TOTAL_SE_1":21,"MIN_TOTAL":271.031356137,"MAX_TOTAL":287.327998568,"BEST_ESTIM":274.165185209,"MIN_TOTA_1":210.802165884,"MAX_TOTA_1":223.47733222,"BEST_EST_1":213.239588496,"SLIPRATEMI":0.01,"SLIPRATEMA":0.1,"BEST_EST_2":0.05,"ACTIVITY":"potentially","FAULT_WE_1":" ","__id":77},"id":77},{"type":"Feature","geometry":{"type":"LineString","coordinates":[[14.137955436058263,46.04770949936312],[14.139841898154915,46.0460073619896],[14.143533973972646,46.04332623338532],[14.143992114767547,46.042484456868074],[14.145761795877263,46.04024589246687],[14.149139461345552,46.03674756425788],[14.155481567251435,46.03211396511806],[14.156299034159984,46.03166492813329],[14.158940081095295,46.03089781484448],[14.162937584109628,46.02855898910414],[14.16656677785747,46.026893684859814],[14.169091043805846,46.02600799699747],[14.172720237553689,46.024118066295905],[14.17775080314476,46.02077466430366],[14.179053360306732,46.020244442055365],[14.180589479442576,46.01988887840541],[14.182619671984686,46.01968302472087],[14.184003077522231,46.01929626724094],[14.18664412445754,46.01818588395963],[14.190533829637781,46.01796130934912],[14.200810556488106,46.01510414163397]]},"properties":{"FID":78,"FAULT_NAME":"Čeplez segment 2","FAULT_DESI":"MAF.SI-026/2","FAULT_TYPE":"dextral strike-slip","MINDEPTH_g":0,"MAXDEPTH_g":0,"MAXDEPTH":10,"STRIKEMIN":270,"STRIKEMAX":350,"STRIKE_BES":310,"DIPMIN":70,"DIPMAX":85,"DIP_BEST_E":80,"RAKEMIN":160,"RAKEMAX":180,"RAKE_BEST":170,"FAULT_WIDT":10.1542661189,"TOTAL_FAUL":27,"TOTAL_FA_1":22,"SEGMENTATI":"geometric","TOTAL_SEGM":6,"TOTAL_SE_1":6,"MIN_TOTAL":271.031356137,"MAX_TOTAL":287.327998568,"BEST_ESTIM":274.165185209,"MIN_TOTA_1":60.2291902526,"MAX_TOTA_1":63.8506663486,"BEST_EST_1":60.9255967131,"SLIPRATEMI":0.01,"SLIPRATEMA":0.1,"BEST_EST_2":0.05,"ACTIVITY":"potentially","FAULT_WE_1":" ","__id":78},"id":78},{"type":"Feature","geometry":{"type":"LineString","coordinates":[[13.619286157313335,46.38230525498192],[13.633219027370027,46.390112874450416],[13.643953895015256,46.39572623447831],[13.658048461823093,46.40248504417116],[13.66117459901183,46.40514249528197],[13.66449836556307,46.40826437037489],[13.670166735005864,46.41279201060607],[13.67561950878047,46.41652037329163],[13.689255934793405,46.42517142221666],[13.703943389688758,46.43556077450049]]},"properties":{"FID":79,"FAULT_NAME":"Jalovec segment 1","FAULT_DESI":"MAF.SI-031/1","FAULT_TYPE":"sinistral strike-slip","MINDEPTH_g":0,"MAXDEPTH_g":0,"MAXDEPTH":10,"STRIKEMIN":215,"STRIKEMAX":230,"STRIKE_BES":225,"DIPMIN":80,"DIPMAX":90,"DIP_BEST_E":85,"RAKEMIN":0,"RAKEMAX":20,"RAKE_BEST":10,"FAULT_WIDT":10.0381983754,"TOTAL_FAUL":9,"TOTAL_FA_1":9,"SEGMENTATI":"not segmented","TOTAL_SEGM":9,"TOTAL_SE_1":9,"MIN_TOTAL":90,"MAX_TOTAL":91.3883950697,"BEST_ESTIM":90.3437853789,"MIN_TOTA_1":90,"MAX_TOTA_1":91.3883950697,"BEST_EST_1":90.3437853789,"SLIPRATEMI":0.05,"SLIPRATEMA":0.3,"BEST_EST_2":0.1,"ACTIVITY":"potentially","FAULT_WE_1":" ","__id":79},"id":79},{"type":"Feature","geometry":{"type":"LineString","coordinates":[[13.838421187721451,46.40336468101592],[13.8457155078285,46.409788077856305],[13.858480568015839,46.41866313748886],[13.870500026517359,46.426069269208185],[13.886085796696833,46.43403778714251],[13.900539689618315,46.44099613029947],[13.9145354417449,46.44660425479296],[13.92613269206288,46.451729055727],[13.931028510361331,46.4537095259375]]},"properties":{"FID":80,"FAULT_NAME":"Vrata segment 1","FAULT_DESI":"MAF.SI-033/1","FAULT_TYPE":"sinistral strike-slip","MINDEPTH_g":0,"MAXDEPTH_g":0,"MAXDEPTH":10,"STRIKEMIN":40,"STRIKEMAX":55,"STRIKE_BES":50,"DIPMIN":70,"DIPMAX":85,"DIP_BEST_E":80,"RAKEMIN":0,"RAKEMAX":20,"RAKE_BEST":10,"FAULT_WIDT":10.1542661189,"TOTAL_FAUL":16,"TOTAL_FA_1":17,"SEGMENTATI":"geometric","TOTAL_SEGM":9,"TOTAL_SE_1":9,"MIN_TOTAL":160.611174007,"MAX_TOTAL":170.268443596,"BEST_ESTIM":162.468257902,"MIN_TOTA_1":90.3437853789,"MAX_TOTA_1":95.7759995228,"BEST_EST_1":91.3883950697,"SLIPRATEMI":0.05,"SLIPRATEMA":0.3,"BEST_EST_2":0.1,"ACTIVITY":"potentially","FAULT_WE_1":" ","__id":80},"id":80},{"type":"Feature","geometry":{"type":"LineString","coordinates":[[13.76783157269534,46.35327094746497],[13.77161348004148,46.35503799336923],[13.77672489400812,46.357834149264406],[13.790010977060248,46.365980005072764],[13.79737716239003,46.37150287384921],[13.801320766487315,46.37489317994288],[13.804123510173767,46.37767592473727],[13.80722269790398,46.38129514009417],[13.81015120573021,46.3842820515142],[13.812720387442791,46.386419885692575],[13.814894310430361,46.38791322163853],[13.825368666643193,46.391934491645856],[13.82774920214611,46.39301256297971]]},"properties":{"FID":81,"FAULT_NAME":"Vrata segment 2","FAULT_DESI":"MAF.SI-033/2","FAULT_TYPE":"sinistral strike-slip","MINDEPTH_g":0,"MAXDEPTH_g":0,"MAXDEPTH":10,"STRIKEMIN":35,"STRIKEMAX":60,"STRIKE_BES":45,"DIPMIN":70,"DIPMAX":85,"DIP_BEST_E":80,"RAKEMIN":0,"RAKEMAX":20,"RAKE_BEST":10,"FAULT_WIDT":10.1542661189,"TOTAL_FAUL":16,"TOTAL_FA_1":17,"SEGMENTATI":"geometric","TOTAL_SEGM":7,"TOTAL_SE_1":6,"MIN_TOTAL":160.611174007,"MAX_TOTAL":170.268443596,"BEST_ESTIM":162.468257902,"MIN_TOTA_1":70.267388628,"MAX_TOTA_1":74.4924440733,"BEST_EST_1":71.079862832,"SLIPRATEMI":0.05,"SLIPRATEMA":0.3,"BEST_EST_2":0.1,"ACTIVITY":"potentially","FAULT_WE_1":" ","__id":81},"id":81},{"type":"Feature","geometry":{"type":"LineString","coordinates":[[13.860932968741485,46.35281832651535],[13.862478071030171,46.355112394048525],[13.864454364655234,46.357654356404666],[13.866430658280295,46.359495655283695],[13.868577631809341,46.36122530376989],[13.871155796674765,46.36298589330522],[13.888439382741224,46.3705235506459],[13.891448738943025,46.37235821772366],[13.896946428481838,46.37596539016448],[13.905713985654844,46.38311705156115],[13.910313359909535,46.38668633451957],[13.915721217919936,46.39148219100928],[13.920913480262145,46.39734322114089],[13.924677421302608,46.40239212395794],[13.928019154159532,46.40943502747244],[13.936148907480813,46.423809143369574],[13.938556392442253,46.42904753851062]]},"properties":{"FID":82,"FAULT_NAME":"Krma segment 1","FAULT_DESI":"MAF.SI-034/1","FAULT_TYPE":"sinistral strike-slip","MINDEPTH_g":0,"MAXDEPTH_g":0,"MAXDEPTH":10,"STRIKEMIN":20,"STRIKEMAX":60,"STRIKE_BES":35,"DIPMIN":70,"DIPMAX":85,"DIP_BEST_E":80,"RAKEMIN":0,"RAKEMAX":20,"RAKE_BEST":10,"FAULT_WIDT":10.1542661189,"TOTAL_FAUL":11,"TOTAL_FA_1":10,"SEGMENTATI":"not segmented","TOTAL_SEGM":11,"TOTAL_SE_1":10,"MIN_TOTAL":110.42018213,"MAX_TOTAL":117.059554972,"BEST_ESTIM":111.696927307,"MIN_TOTA_1":110.42018213,"MAX_TOTA_1":117.059554972,"BEST_EST_1":111.696927307,"SLIPRATEMI":0.05,"SLIPRATEMA":0.3,"BEST_EST_2":0.1,"ACTIVITY":"potentially","FAULT_WE_1":" ","__id":82},"id":82},{"type":"Feature","geometry":{"type":"LineString","coordinates":[[13.641070302953233,46.36751109198059],[13.649235988885879,46.37105660216216],[13.654356386005361,46.374657662739004],[13.666564490716546,46.38146246102959],[13.677479021418597,46.38773352777405],[13.693909207965143,46.39523059678841],[13.701985062369376,46.399573468948624],[13.711659917979345,46.40431863733748],[13.728126037137256,46.412692914432704],[13.739849051595016,46.41816770816393],[13.747134388549226,46.42264498719831],[13.754725152700034,46.42854601183093],[13.7717482273341,46.44310698221577],[13.777838804960432,46.447328440699984],[13.78167461122362,46.45247792949284]]},"properties":{"FID":83,"FAULT_NAME":"Mojstrovka segment 1","FAULT_DESI":"MAF.SI-032/1","FAULT_TYPE":"sinistral strike-slip","MINDEPTH_g":0,"MAXDEPTH_g":0,"MAXDEPTH":10,"STRIKEMIN":210,"STRIKEMAX":235,"STRIKE_BES":230,"DIPMIN":80,"DIPMAX":90,"DIP_BEST_E":85,"RAKEMIN":0,"RAKEMAX":20,"RAKE_BEST":10,"FAULT_WIDT":10.0381983754,"TOTAL_FAUL":14,"TOTAL_FA_1":14,"SEGMENTATI":"not segmented","TOTAL_SEGM":14,"TOTAL_SE_1":14,"MIN_TOTAL":140,"MAX_TOTAL":142.159725664,"BEST_ESTIM":140.534777256,"MIN_TOTA_1":140,"MAX_TOTA_1":142.159725664,"BEST_EST_1":140.534777256,"SLIPRATEMI":0.05,"SLIPRATEMA":0.3,"BEST_EST_2":0.1,"ACTIVITY":"potentially","FAULT_WE_1":" ","__id":83},"id":83},{"type":"Feature","geometry":{"type":"LineString","coordinates":[[14.567341158714553,45.97016232186536],[14.567871164732185,45.96867008456091],[14.571266796506157,45.96258833350571],[14.57498582178241,45.957305285101974],[14.578102975818306,45.95259008248856],[14.579836724316657,45.94970455534312],[14.584337283890093,45.94355200995577],[14.585514076912292,45.94115326918985],[14.586933415061202,45.93907302715779],[14.589727175594811,45.935711990738334],[14.590418878363584,45.934212577926374],[14.591407025176116,45.9304138840249],[14.592152626861935,45.92557767028334],[14.594497229753486,45.920328589098865],[14.595557241788748,45.919091233347764],[14.596976579937657,45.918178822038],[14.597434720732558,45.91776635720668],[14.598818126270102,45.916141465920695],[14.599779323624109,45.91487901753986],[14.600174582349121,45.913679039981],[14.601683752026444,45.91152276510492],[14.603058174411148,45.90921014532339],[14.604477512560054,45.90792253687566],[14.605429726761223,45.9072662201066],[14.606265159975452,45.90598481738279],[14.60699279535559,45.90449710296863],[14.60752280137322,45.90174660158439],[14.609642825443741,45.899283536973904],[14.611313691872205,45.89698916276446],[14.612768962632478,45.89212502600129],[14.61293964253646,45.88940517514358],[14.614394913296735,45.88454662735564],[14.61955124302758,45.8772861521107],[14.624923168426614,45.867522725721365],[14.629953734017686,45.86009111473801],[14.63532565941672,45.84924843933977],[14.647632578809157,45.8299603972644],[14.6511090589587,45.82561622341867],[14.653839937422424,45.82268653149828],[14.660235942245354,45.81820405488724],[14.664583788220492,45.816131726545585],[14.66960537065872,45.81430350579328],[14.672857271987231,45.81290099439768]]},"properties":{"FID":84,"FAULT_NAME":"Ortnek segment 3","FAULT_DESI":"MAF.SI-041/3","FAULT_TYPE":"dextral strike-slip","MINDEPTH_g":0,"MAXDEPTH_g":0,"MAXDEPTH":15,"STRIKEMIN":300,"STRIKEMAX":360,"STRIKE_BES":335,"DIPMIN":70,"DIPMAX":85,"DIP_BEST_E":80,"RAKEMIN":160,"RAKEMAX":180,"RAKE_BEST":170,"FAULT_WIDT":15.2313991783,"TOTAL_FAUL":55,"TOTAL_FA_1":57,"SEGMENTATI":"geometric","TOTAL_SEGM":20,"TOTAL_SE_1":19,"MIN_TOTAL":828.151365973,"MAX_TOTAL":877.946662293,"BEST_ESTIM":837.726954806,"MIN_TOTA_1":301.145951263,"MAX_TOTA_1":319.253331743,"BEST_EST_1":304.627983566,"SLIPRATEMI":0.05,"SLIPRATEMA":0.85,"BEST_EST_2":0.45,"ACTIVITY":"probably","FAULT_WE_1":" ","__id":84},"id":84},{"type":"Feature","geometry":{"type":"LineString","coordinates":[[14.67567798197937,45.805042520554935],[14.678354961526045,45.799825885498436],[14.680690581264754,45.791495791770934],[14.690904426045194,45.77333437758095],[14.696842290073224,45.76543272322377],[14.70725376421617,45.753499793324494],[14.73251439000561,45.7295635708629],[14.745306399651472,45.717635515322726],[14.748333722158954,45.71452452065819],[14.760371146966156,45.700711118444055],[14.76506035274926,45.69384705989705]]},"properties":{"FID":85,"FAULT_NAME":"Ortnek segment 4","FAULT_DESI":"MAF.SI-041/4","FAULT_TYPE":"dextral strike-slip","MINDEPTH_g":0,"MAXDEPTH_g":0,"MAXDEPTH":15,"STRIKEMIN":325,"STRIKEMAX":350,"STRIKE_BES":330,"DIPMIN":70,"DIPMAX":85,"DIP_BEST_E":80,"RAKEMIN":160,"RAKEMAX":180,"RAKE_BEST":170,"FAULT_WIDT":15.2313991783,"TOTAL_FAUL":55,"TOTAL_FA_1":57,"SEGMENTATI":"geometric","TOTAL_SEGM":14,"TOTAL_SE_1":14,"MIN_TOTAL":828.151365973,"MAX_TOTAL":877.946662293,"BEST_ESTIM":837.726954806,"MIN_TOTA_1":210.802165884,"MAX_TOTA_1":223.47733222,"BEST_EST_1":213.239588496,"SLIPRATEMI":0.05,"SLIPRATEMA":0.85,"BEST_EST_2":0.45,"ACTIVITY":"probably","FAULT_WE_1":" ","__id":85},"id":85},{"type":"Feature","geometry":{"type":"LineString","coordinates":[[14.564403667735483,45.9455446349536],[14.571320695423204,45.930763774604934],[14.571886634052198,45.92899555495875],[14.573575466786343,45.92505278451348],[14.576593806140984,45.9185537874059],[14.579441465591644,45.91254778737672],[14.581139281478631,45.90967892738989],[14.582998794116756,45.907209964022464],[14.591038715909626,45.89538241920873],[14.59542249449613,45.889330142887296],[14.597542518566653,45.88529700997321],[14.604989552272002,45.87418405775939],[14.61819478694856,45.855661702415055]]},"properties":{"FID":86,"FAULT_NAME":"Želimlje segment 1","FAULT_DESI":"MAF.SI-039/1","FAULT_TYPE":"dextral strike-slip","MINDEPTH_g":0,"MAXDEPTH_g":0,"MAXDEPTH":15,"STRIKEMIN":330,"STRIKEMAX":345,"STRIKE_BES":335,"DIPMIN":80,"DIPMAX":90,"DIP_BEST_E":85,"RAKEMIN":160,"RAKEMAX":180,"RAKE_BEST":170,"FAULT_WIDT":15.0572975632,"TOTAL_FAUL":11,"TOTAL_FA_1":11,"SEGMENTATI":"not segmented","TOTAL_SEGM":11,"TOTAL_SE_1":11,"MIN_TOTAL":165,"MAX_TOTAL":167.545390961,"BEST_ESTIM":165.630273195,"MIN_TOTA_1":165,"MAX_TOTA_1":167.545390961,"BEST_EST_1":165.630273195,"SLIPRATEMI":0.05,"SLIPRATEMA":0.85,"BEST_EST_2":0.45,"ACTIVITY":"potentially","FAULT_WE_1":" ","__id":86},"id":86},{"type":"Feature","geometry":{"type":"LineString","coordinates":[[14.52695290354054,45.91439152978592],[14.526108487173468,45.91826006474941],[14.524383721827958,45.92360307420605],[14.52305421520746,45.92942668084636],[14.522416411355737,45.931182390791584],[14.52131148355627,45.933394131329514],[14.519901128560202,45.93501226980454],[14.518517723022656,45.936036858170716],[14.512022903518474,45.94007879956723],[14.505887410127936,45.944251623129496],[14.504737566564264,45.94523856241542],[14.503785352363098,45.946412872345235],[14.503309245262512,45.94736229622919],[14.50289602023182,45.94866148150847],[14.501728210362463,45.955581628419075],[14.500937692912439,45.958192073087055],[14.496347301810587,45.96651594725706],[14.492691158604222,45.974020723998386]]},"properties":{"FID":87,"FAULT_NAME":"Mišja dolina segment 3","FAULT_DESI":"MAF.SI-037/3","FAULT_TYPE":"dextral strike-slip","MINDEPTH_g":0,"MAXDEPTH_g":0,"MAXDEPTH":15,"STRIKEMIN":315,"STRIKEMAX":350,"STRIKE_BES":335,"DIPMIN":80,"DIPMAX":90,"DIP_BEST_E":85,"RAKEMIN":160,"RAKEMAX":180,"RAKE_BEST":175,"FAULT_WIDT":15.0572975632,"TOTAL_FAUL":52,"TOTAL_FA_1":38,"SEGMENTATI":"geometric","TOTAL_SEGM":7,"TOTAL_SE_1":7,"MIN_TOTAL":780,"MAX_TOTAL":792.032757271,"BEST_ESTIM":782.979473284,"MIN_TOTA_1":105,"MAX_TOTA_1":106.619794248,"BEST_EST_1":105.401082942,"SLIPRATEMI":0.05,"SLIPRATEMA":0.85,"BEST_EST_2":0.45,"ACTIVITY":"active","FAULT_WE_1":" ","__id":87},"id":87},{"type":"Feature","geometry":{"type":"LineString","coordinates":[[14.643069137165828,45.7740799953288],[14.64186539468511,45.77537697051611],[14.634912434386024,45.78140406324136],[14.62955847529267,45.78687925627737],[14.624734522216949,45.792259957503866],[14.62067413713273,45.79756498318081],[14.617556983096835,45.80125377653752],[14.612032344099498,45.806539160003815],[14.607109576342525,45.81189917891892],[14.604190051669137,45.81558702321517],[14.600650689449706,45.82220449476695],[14.597425737579718,45.82637992119195],[14.593904341665969,45.83013565941095],[14.591676519761352,45.83354690199505],[14.589466664162417,45.83661997086838]]},"properties":{"FID":88,"FAULT_NAME":"Mišja dolina segment 6","FAULT_DESI":"MAF.SI-037/6","FAULT_TYPE":"dextral strike-slip","MINDEPTH_g":0,"MAXDEPTH_g":0,"MAXDEPTH":15,"STRIKEMIN":320,"STRIKEMAX":340,"STRIKE_BES":330,"DIPMIN":80,"DIPMAX":90,"DIP_BEST_E":85,"RAKEMIN":160,"RAKEMAX":180,"RAKE_BEST":175,"FAULT_WIDT":15.0572975632,"TOTAL_FAUL":52,"TOTAL_FA_1":38,"SEGMENTATI":"geometric","TOTAL_SEGM":8,"TOTAL_SE_1":8,"MIN_TOTAL":780,"MAX_TOTAL":792.032757271,"BEST_ESTIM":782.979473284,"MIN_TOTA_1":120,"MAX_TOTA_1":121.851193426,"BEST_EST_1":120.458380505,"SLIPRATEMI":0.05,"SLIPRATEMA":0.85,"BEST_EST_2":0.45,"ACTIVITY":"active","FAULT_WE_1":" ","__id":88},"id":88},{"type":"Feature","geometry":{"type":"LineString","coordinates":[[14.531462446266818,45.95517568697987],[14.531058204388966,45.951684467850214],[14.531408547349772,45.948723941572034],[14.531857704991832,45.94663773736629],[14.532234997411164,45.945488417675314],[14.533816032311213,45.94207154939973],[14.535549780809562,45.93914174510803],[14.53934965446139,45.93160725175038],[14.540742043151775,45.928083306526574],[14.541802055187036,45.92490281623848],[14.54226917913478,45.92253451347729],[14.54297884820923,45.91556024325344],[14.544137674925746,45.910772736814735],[14.545521080463288,45.907209964022464],[14.54649126097014,45.90409703850891],[14.54912332475261,45.89210626886528],[14.551593691783937,45.88281445544431]]},"properties":{"FID":89,"FAULT_NAME":"Mišja dolina segment 4","FAULT_DESI":"MAF.SI-037/4","FAULT_TYPE":"dextral strike-slip","MINDEPTH_g":0,"MAXDEPTH_g":0,"MAXDEPTH":15,"STRIKEMIN":335,"STRIKEMAX":5,"STRIKE_BES":345,"DIPMIN":80,"DIPMAX":90,"DIP_BEST_E":85,"RAKEMIN":160,"RAKEMAX":180,"RAKE_BEST":175,"FAULT_WIDT":15.0572975632,"TOTAL_FAUL":52,"TOTAL_FA_1":38,"SEGMENTATI":"geometric","TOTAL_SEGM":8,"TOTAL_SE_1":8,"MIN_TOTAL":780,"MAX_TOTAL":792.032757271,"BEST_ESTIM":782.979473284,"MIN_TOTA_1":120,"MAX_TOTA_1":121.851193426,"BEST_EST_1":120.458380505,"SLIPRATEMI":0.05,"SLIPRATEMA":0.85,"BEST_EST_2":0.45,"ACTIVITY":"active","FAULT_WE_1":" ","__id":89},"id":89},{"type":"Feature","geometry":{"type":"LineString","coordinates":[[14.579234853076295,45.84479939024691],[14.572964612393143,45.85253963062282],[14.565436730312221,45.86144239062707],[14.559534798895557,45.86682840010267],[14.547569239311082,45.88043184916952],[14.544056826550175,45.8859098149254],[14.54236799381603,45.88906127646996],[14.536987085264155,45.89660779982473],[14.532639239289018,45.90142778465667],[14.528830382484351,45.90766001109924],[14.52176962435117,45.91749137894915],[14.519972993782932,45.91919747204564],[14.515041242873115,45.92307192086081],[14.513163763929306,45.92430293908432]]},"properties":{"FID":90,"FAULT_NAME":"Mišja dolina segment 5","FAULT_DESI":"MAF.SI-037/5","FAULT_TYPE":"dextral strike-slip","MINDEPTH_g":0,"MAXDEPTH_g":0,"MAXDEPTH":15,"STRIKEMIN":315,"STRIKEMAX":330,"STRIKE_BES":330,"DIPMIN":80,"DIPMAX":90,"DIP_BEST_E":85,"RAKEMIN":160,"RAKEMAX":180,"RAKE_BEST":175,"FAULT_WIDT":15.0572975632,"TOTAL_FAUL":52,"TOTAL_FA_1":38,"SEGMENTATI":"geometric","TOTAL_SEGM":10,"TOTAL_SE_1":10,"MIN_TOTAL":780,"MAX_TOTAL":792.032757271,"BEST_ESTIM":782.979473284,"MIN_TOTA_1":150,"MAX_TOTA_1":152.313991783,"BEST_EST_1":150.572975632,"SLIPRATEMI":0.05,"SLIPRATEMA":0.85,"BEST_EST_2":0.45,"ACTIVITY":"active","FAULT_WE_1":" ","__id":90},"id":90},{"type":"Feature","geometry":{"type":"LineString","coordinates":[[14.30747651332446,45.9919543941094],[14.304449190816976,45.99441958541786],[14.301206272641304,45.99629180924401],[14.299427608378746,45.998232614409815],[14.298753871915657,45.99879424950716],[14.295663667338287,46.0007786478617],[14.292681260595009,46.00286905342681],[14.284452692592474,46.0098448203689],[14.282404533744682,46.01137338166289],[14.28111095973555,46.0122343486094],[14.278137536145115,46.01382523052878],[14.271957126990374,46.017549586860966]]},"properties":{"FID":91,"FAULT_NAME":"Rakitna segment 1","FAULT_DESI":"MAF.SI-029/1","FAULT_TYPE":"dextral transpressive","MINDEPTH_g":0,"MAXDEPTH_g":0,"MAXDEPTH":10,"STRIKEMIN":310,"STRIKEMAX":330,"STRIKE_BES":315,"DIPMIN":80,"DIPMAX":90,"DIP_BEST_E":85,"RAKEMIN":150,"RAKEMAX":170,"RAKE_BEST":155,"FAULT_WIDT":10.0381983754,"TOTAL_FAUL":50,"TOTAL_FA_1":46,"SEGMENTATI":"geologic","TOTAL_SEGM":4,"TOTAL_SE_1":4,"MIN_TOTAL":500,"MAX_TOTAL":507.713305943,"BEST_ESTIM":501.909918772,"MIN_TOTA_1":40,"MAX_TOTA_1":40.6170644754,"BEST_EST_1":40.1527935017,"SLIPRATEMI":0.01,"SLIPRATEMA":0.2,"BEST_EST_2":0.1,"ACTIVITY":"potentially","FAULT_WE_1":" ","__id":91},"id":91},{"type":"Feature","geometry":{"type":"LineString","coordinates":[[14.300990676973116,45.953108462139205],[14.304637837026641,45.950547744394854],[14.309731284687599,45.946544043718376],[14.310431970609212,45.94566331568719],[14.313782686618977,45.942365145985946],[14.314725917667303,45.941596794183354],[14.317582560270804,45.93884188433646],[14.319289359310629,45.93701144904877],[14.319612752812914,45.93643044501028],[14.323745003119864,45.932994275165036],[14.327041820212582,45.930701294306104],[14.346921537450145,45.91955368266584],[14.352230580779294,45.91782885207517],[14.36467224746435,45.91428528188656]]},"properties":{"FID":92,"FAULT_NAME":"Vrhnika segment 2","FAULT_DESI":"MAF.SI-027/2","FAULT_TYPE":"dextral transpressive","MINDEPTH_g":0,"MAXDEPTH_g":0,"MAXDEPTH":10,"STRIKEMIN":290,"STRIKEMAX":340,"STRIKE_BES":310,"DIPMIN":75,"DIPMAX":85,"DIP_BEST_E":80,"RAKEMIN":130,"RAKEMAX":160,"RAKE_BEST":150,"FAULT_WIDT":10.1542661189,"TOTAL_FAUL":18,"TOTAL_FA_1":17,"SEGMENTATI":"geometric","TOTAL_SEGM":7,"TOTAL_SE_1":7,"MIN_TOTAL":180.687570758,"MAX_TOTAL":186.349712474,"BEST_ESTIM":182.776790139,"MIN_TOTA_1":70.267388628,"MAX_TOTA_1":72.4693326287,"BEST_EST_1":71.079862832,"SLIPRATEMI":0.01,"SLIPRATEMA":0.1,"BEST_EST_2":0.05,"ACTIVITY":"potentially","FAULT_WE_1":" ","__id":92},"id":92},{"type":"Feature","geometry":{"type":"LineString","coordinates":[[14.368229575989462,45.93862323483487],[14.372703186104376,45.93444998765627],[14.374499816672614,45.93255692918413],[14.376691705965868,45.92991403651024],[14.378380538700013,45.928508191224594],[14.381479726430223,45.926177533653366],[14.382674485758102,45.92552143275982],[14.38490230766272,45.924027993220804],[14.3860970669906,45.923015680797114],[14.389223204179334,45.92132220328627],[14.390256266756072,45.9206285499739],[14.391424076625427,45.91965992047827],[14.394253769770403,45.91766011576871],[14.397757199378471,45.914629024354824],[14.399994004435928,45.91296654102876],[14.401952331755309,45.9111102507996],[14.404153204201402,45.90926014893246],[14.409291567626564,45.9058598008992],[14.413369919016466,45.903753230810445],[14.420637289664993,45.899058479937196],[14.423529864879859,45.89760183872479],[14.435827801119457,45.88914256180316],[14.442637030973083,45.885559641494766]]},"properties":{"FID":93,"FAULT_NAME":"Rakitna segment 3","FAULT_DESI":"MAF.SI-029/3","FAULT_TYPE":"dextral transpressive","MINDEPTH_g":0,"MAXDEPTH_g":0,"MAXDEPTH":10,"STRIKEMIN":310,"STRIKEMAX":330,"STRIKE_BES":315,"DIPMIN":70,"DIPMAX":85,"DIP_BEST_E":80,"RAKEMIN":150,"RAKEMAX":170,"RAKE_BEST":155,"FAULT_WIDT":10.1542661189,"TOTAL_FAUL":50,"TOTAL_FA_1":46,"SEGMENTATI":"geologic","TOTAL_SEGM":8,"TOTAL_SE_1":8,"MIN_TOTAL":501.909918772,"MAX_TOTAL":532.088886238,"BEST_ESTIM":507.713305943,"MIN_TOTA_1":80.3055870035,"MAX_TOTA_1":85.1342217981,"BEST_EST_1":81.2341289509,"SLIPRATEMI":0.01,"SLIPRATEMA":0.2,"BEST_EST_2":0.1,"ACTIVITY":"potentially","FAULT_WE_1":" ","__id":93},"id":93},{"type":"Feature","geometry":{"type":"LineString","coordinates":[[14.38827098997817,45.9093976586251],[14.388693198161704,45.90894762563679],[14.389708294432758,45.90720371334292],[14.391981032101581,45.900327539629934],[14.392735616940243,45.89648276222517],[14.392924263149908,45.8884172423174],[14.393211724040826,45.88366491482828],[14.39406512356074,45.87564131316451],[14.394101056172104,45.87285810976786],[14.393831561586868,45.866465595879156]]},"properties":{"FID":94,"FAULT_NAME":"Borovnica segment 2","FAULT_DESI":"MAF.SI-028/2","FAULT_TYPE":"dextral strike-slip","MINDEPTH_g":0,"MAXDEPTH_g":0,"MAXDEPTH":10,"STRIKEMIN":325,"STRIKEMAX":360,"STRIKE_BES":355,"DIPMIN":60,"DIPMAX":80,"DIP_BEST_E":70,"RAKEMIN":150,"RAKEMAX":180,"RAKE_BEST":165,"FAULT_WIDT":10.6417777248,"TOTAL_FAUL":11,"TOTAL_FA_1":9,"SEGMENTATI":"geometric","TOTAL_SEGM":5,"TOTAL_SE_1":5,"MIN_TOTAL":111.696927307,"MAX_TOTAL":127.017059222,"BEST_ESTIM":117.059554972,"MIN_TOTA_1":50.7713305943,"MAX_TOTA_1":57.735026919,"BEST_EST_1":53.2088886238,"SLIPRATEMI":0.05,"SLIPRATEMA":0.2,"BEST_EST_2":0.1,"ACTIVITY":"potentially","FAULT_WE_1":" ","__id":94},"id":94},{"type":"Feature","geometry":{"type":"LineString","coordinates":[[14.307512445935822,45.99191694731881],[14.30983009936885,45.99006954085977],[14.363827831097277,45.94343332470216],[14.368202626530937,45.9386419762545]]},"properties":{"FID":95,"FAULT_NAME":"Rakitna segment 2","FAULT_DESI":"MAF.SI-029/2","FAULT_TYPE":"dextral transpressive","MINDEPTH_g":0,"MAXDEPTH_g":0,"MAXDEPTH":10,"STRIKEMIN":320,"STRIKEMAX":320,"STRIKE_BES":320,"DIPMIN":80,"DIPMAX":90,"DIP_BEST_E":85,"RAKEMIN":150,"RAKEMAX":170,"RAKE_BEST":155,"FAULT_WIDT":10.0381983754,"TOTAL_FAUL":50,"TOTAL_FA_1":46,"SEGMENTATI":"geologic","TOTAL_SEGM":8,"TOTAL_SE_1":8,"MIN_TOTAL":500,"MAX_TOTAL":507.713305943,"BEST_ESTIM":501.909918772,"MIN_TOTA_1":80,"MAX_TOTA_1":81.2341289509,"BEST_EST_1":80.3055870035,"SLIPRATEMI":0.01,"SLIPRATEMA":0.2,"BEST_EST_2":0.1,"ACTIVITY":"potentially","FAULT_WE_1":"inferred","__id":95},"id":95},{"type":"Feature","geometry":{"type":"LineString","coordinates":[[14.355105189688475,45.94044736998168],[14.356461645767496,45.93945409835402],[14.358446922545399,45.938223416373624],[14.363136128328504,45.93468114878512],[14.364196140363765,45.93408137737646],[14.366603625325206,45.931794689374016],[14.368067879238321,45.93012022415588],[14.369235689107676,45.92782087611661],[14.370376549518507,45.924102978591456],[14.371041302828754,45.92280946674246],[14.371795887667416,45.921984602858956],[14.373448787790196,45.92069104161875],[14.377033065773833,45.91753512558127],[14.379449533888113,45.91519150743749],[14.381407861207496,45.913516541025174],[14.383213474928576,45.91219778190018],[14.385153835942274,45.91105399861133],[14.38648334256277,45.91072898485162],[14.388477602493515,45.909378907323436],[14.393571050154472,45.90792878747425],[14.400434178925146,45.90736623078209],[14.403748962323547,45.90664740004534],[14.409417331766342,45.90567227564594]]},"properties":{"FID":96,"FAULT_NAME":"Borovnica segment 1","FAULT_DESI":"MAF.SI-028/1","FAULT_TYPE":"dextral strike-slip","MINDEPTH_g":0,"MAXDEPTH_g":0,"MAXDEPTH":10,"STRIKEMIN":275,"STRIKEMAX":350,"STRIKE_BES":315,"DIPMIN":60,"DIPMAX":80,"DIP_BEST_E":70,"RAKEMIN":150,"RAKEMAX":180,"RAKE_BEST":165,"FAULT_WIDT":10.6417777248,"TOTAL_FAUL":11,"TOTAL_FA_1":9,"SEGMENTATI":"geometric","TOTAL_SEGM":6,"TOTAL_SE_1":6,"MIN_TOTAL":111.696927307,"MAX_TOTAL":127.017059222,"BEST_ESTIM":117.059554972,"MIN_TOTA_1":60.9255967131,"MAX_TOTA_1":69.2820323028,"BEST_EST_1":63.8506663486,"SLIPRATEMI":0.05,"SLIPRATEMA":0.2,"BEST_EST_2":0.1,"ACTIVITY":"potentially","FAULT_WE_1":" ","__id":96},"id":96},{"type":"Feature","geometry":{"type":"LineString","coordinates":[[14.685631315327411,45.85010566951417],[14.687634558410998,45.84509350152233],[14.690401369486086,45.839661578644346],[14.69418327683223,45.83513039859506],[14.697623824370408,45.83166292047219],[14.70034571968129,45.83006054713],[14.704163559638799,45.82616708843935],[14.711260250383344,45.81991945867397],[14.71994695918078,45.81087856086928],[14.727358060274764,45.80396541623759],[14.738766664383082,45.797358303323385],[14.750597476674935,45.79163359292335],[14.759365033847942,45.78612754537315],[14.777537952045682,45.77230678720585],[14.790204197551764,45.763928712964066],[14.80075940214017,45.758125360004236],[14.824079666915912,45.742391853592835],[14.828400563432528,45.73922581139518],[14.833044853451424,45.73481186089844],[14.838425762003302,45.72995235000098],[14.845288890773976,45.722445926166294],[14.877762988294895,45.69153166182161],[14.883979330061003,45.687038637625946],[14.901765972686569,45.67703471499718],[14.909033343335096,45.67269117542876]]},"properties":{"FID":97,"FAULT_NAME":"Dobrepolje segment 2","FAULT_DESI":"MAF.SI-043/2","FAULT_TYPE":"dextral strike-slip","MINDEPTH_g":0,"MAXDEPTH_g":0,"MAXDEPTH":15,"STRIKEMIN":310,"STRIKEMAX":345,"STRIKE_BES":320,"DIPMIN":70,"DIPMAX":85,"DIP_BEST_E":80,"RAKEMIN":160,"RAKEMAX":180,"RAKE_BEST":170,"FAULT_WIDT":15.2313991783,"TOTAL_FAUL":64,"TOTAL_FA_1":65,"SEGMENTATI":"geometric","TOTAL_SEGM":27,"TOTAL_SE_1":26,"MIN_TOTAL":963.667044042,"MAX_TOTAL":1021.61066158,"BEST_ESTIM":974.80954741,"MIN_TOTA_1":406.547034205,"MAX_TOTA_1":430.991997853,"BEST_EST_1":411.247777814,"SLIPRATEMI":0.05,"SLIPRATEMA":0.85,"BEST_EST_2":0.45,"ACTIVITY":"probably","FAULT_WE_1":" ","__id":97},"id":97},{"type":"Feature","geometry":{"type":"LineString","coordinates":[[14.597650316400747,45.95876660420569],[14.598773210505895,45.951678222180625],[14.600057801362185,45.94627545438333],[14.60038119486447,45.94534475103848],[14.600965099799147,45.94435156714788],[14.60181849931906,45.94338959849205],[14.604109203293566,45.94147185792442],[14.605986682237376,45.94011003444314],[14.607998908473801,45.93896682652169],[14.61014588200285,45.93741752352598],[14.612526417505766,45.935468338915086],[14.614269149156957,45.93431878766802],[14.615931032432579,45.93265064647037],[14.618724792966189,45.92870813583869],[14.624384179256143,45.92151592473425],[14.626495220173823,45.91949743903574],[14.627842693100003,45.91657894133217],[14.629199149179025,45.91450402733998],[14.630546622105204,45.912954040965495],[14.632747494551296,45.90926014893246],[14.633690725599623,45.9081100545272],[14.635442440403654,45.90475964370352],[14.638433830299773,45.89990243912125],[14.642161838728867,45.89460716444606],[14.645036447638052,45.890855778842514],[14.648548860398959,45.885559641494766],[14.651962458478614,45.87901224252681],[14.654432825509941,45.87201999424815],[14.658592025275414,45.864657794712585],[14.66020899278683,45.859578121772515],[14.661807993992563,45.8563436546925],[14.664368192552303,45.85222053124878],[14.668195015662654,45.84744007834228],[14.67148284960253,45.844211163031275]]},"properties":{"FID":98,"FAULT_NAME":"Dobrepolje segment 1","FAULT_DESI":"MAF.SI-043/1","FAULT_TYPE":"dextral strike-slip","MINDEPTH_g":0,"MAXDEPTH_g":0,"MAXDEPTH":15,"STRIKEMIN":310,"STRIKEMAX":355,"STRIKE_BES":335,"DIPMIN":70,"DIPMAX":85,"DIP_BEST_E":80,"RAKEMIN":160,"RAKEMAX":180,"RAKE_BEST":170,"FAULT_WIDT":15.2313991783,"TOTAL_FAUL":64,"TOTAL_FA_1":65,"SEGMENTATI":"geometric","TOTAL_SEGM":14,"TOTAL_SE_1":14,"MIN_TOTAL":963.667044042,"MAX_TOTAL":1021.61066158,"BEST_ESTIM":974.80954741,"MIN_TOTA_1":210.802165884,"MAX_TOTA_1":223.47733222,"BEST_EST_1":213.239588496,"SLIPRATEMI":0.05,"SLIPRATEMA":0.85,"BEST_EST_2":0.45,"ACTIVITY":"probably","FAULT_WE_1":" ","__id":98},"id":98},{"type":"Feature","geometry":{"type":"LineString","coordinates":[[14.601584937345189,46.033467290629794],[14.611708950597217,46.02335084826627],[14.61962310825031,46.016613842532244],[14.65277094223432,45.9907061541029],[14.663703439242056,45.981405879940546],[14.672794389917346,45.97319662184632],[14.677447663089085,45.968713790827515],[14.68372688692508,45.96248842237],[14.69335682677084,45.952533872355545],[14.696896188990271,45.949148668137695],[14.702546592127382,45.943976776149896],[14.715464365913023,45.932950540722146],[14.730349450170882,45.921128481161894],[14.740733974855303,45.91360404052205],[14.747228794359488,45.90941640992042],[14.751747320238609,45.90674741183574],[14.763434402085004,45.90034629398917],[14.772785864192688,45.895888829782386]]},"properties":{"FID":99,"FAULT_NAME":"Žužemberk segment 2","FAULT_DESI":"MAF.SI-046/2","FAULT_TYPE":"dextral strike-slip","MINDEPTH_g":0,"MAXDEPTH_g":0,"MAXDEPTH":15,"STRIKEMIN":305,"STRIKEMAX":325,"STRIKE_BES":320,"DIPMIN":70,"DIPMAX":90,"DIP_BEST_E":80,"RAKEMIN":130,"RAKEMAX":170,"RAKE_BEST":160,"FAULT_WIDT":15.2313991783,"TOTAL_FAUL":79,"TOTAL_FA_1":70,"SEGMENTATI":"geometric","TOTAL_SEGM":20,"TOTAL_SE_1":20,"MIN_TOTAL":1185,"MAX_TOTAL":1261.05066038,"BEST_ESTIM":1203.28053508,"MIN_TOTA_1":300,"MAX_TOTA_1":319.253331743,"BEST_EST_1":304.627983566,"SLIPRATEMI":0.1,"SLIPRATEMA":1,"BEST_EST_2":0.5,"ACTIVITY":"active","FAULT_WE_1":" ","__id":99},"id":99},{"type":"Feature","geometry":{"type":"LineString","coordinates":[[15.050607832112332,45.76918630527151],[15.055476700952259,45.76454285538497],[15.060749811670041,45.759103072977474],[15.066130720221919,45.75329921807468],[15.069337705786225,45.75069167422827],[15.075886424207457,45.74613444814419],[15.104066574670284,45.72777640614354],[15.112411923659756,45.72222015343415],[15.134061322007035,45.70764961181863],[15.14912606932172,45.69716625740103]]},"properties":{"FID":100,"FAULT_NAME":"Žužemberk segment 6","FAULT_DESI":"MAF.SI-046/6","FAULT_TYPE":"dextral strike-slip","MINDEPTH_g":0,"MAXDEPTH_g":0,"MAXDEPTH":15,"STRIKEMIN":315,"STRIKEMAX":325,"STRIKE_BES":310,"DIPMIN":65,"DIPMAX":90,"DIP_BEST_E":75,"RAKEMIN":130,"RAKEMAX":170,"RAKE_BEST":160,"FAULT_WIDT":15.5291427062,"TOTAL_FAUL":79,"TOTAL_FA_1":70,"SEGMENTATI":"geometric","TOTAL_SEGM":11,"TOTAL_SE_1":11,"MIN_TOTAL":1185,"MAX_TOTAL":1307.50283397,"BEST_ESTIM":1226.80227379,"MIN_TOTA_1":165,"MAX_TOTA_1":182.057356629,"BEST_EST_1":170.820569768,"SLIPRATEMI":0.1,"SLIPRATEMA":1,"BEST_EST_2":0.5,"ACTIVITY":"active","FAULT_WE_1":" ","__id":100},"id":100},{"type":"Feature","geometry":{"type":"LineString","coordinates":[[15.02654196565077,45.77116639035645],[15.033000852543589,45.756809180871386],[15.037133102850541,45.74950695660788],[15.040043644371085,45.744611110791475],[15.04307096687857,45.73992172913352],[15.047319998172455,45.73367696781034],[15.050634781570857,45.72910581131205],[15.055404835729531,45.72335527932154],[15.062501526474076,45.71555944738181],[15.071224167882876,45.70731713584965],[15.080297152252482,45.69976375280754],[15.092388475976731,45.69114889030506]]},"properties":{"FID":101,"FAULT_NAME":"Žužemberk segment 5","FAULT_DESI":"MAF.SI-046/5","FAULT_TYPE":"dextral strike-slip","MINDEPTH_g":0,"MAXDEPTH_g":0,"MAXDEPTH":15,"STRIKEMIN":315,"STRIKEMAX":345,"STRIKE_BES":330,"DIPMIN":65,"DIPMAX":90,"DIP_BEST_E":75,"RAKEMIN":130,"RAKEMAX":170,"RAKE_BEST":160,"FAULT_WIDT":15.5291427062,"TOTAL_FAUL":79,"TOTAL_FA_1":70,"SEGMENTATI":"geometric","TOTAL_SEGM":11,"TOTAL_SE_1":10,"MIN_TOTAL":1185,"MAX_TOTAL":1307.50283397,"BEST_ESTIM":1226.80227379,"MIN_TOTA_1":165,"MAX_TOTA_1":182.057356629,"BEST_EST_1":170.820569768,"SLIPRATEMI":0.1,"SLIPRATEMA":1,"BEST_EST_2":0.5,"ACTIVITY":"active","FAULT_WE_1":" ","__id":101},"id":101},{"type":"Feature","geometry":{"type":"LineString","coordinates":[[14.902879883638878,45.846495201980595],[14.905799408312266,45.84469926690476],[14.908835713972591,45.84319739514849],[14.912455924567592,45.841889482132956],[14.917127164045015,45.840712959946146],[14.921483993172993,45.83939873021464],[14.925032338545265,45.83792800775691],[14.935866020871746,45.83288970638154],[14.942926779004926,45.82915293238948],[14.946960214630623,45.8272688021272],[14.951397892134173,45.82462089666101],[14.954371315724607,45.822542546937754],[14.958817976381,45.818216576274224],[14.96512414967552,45.81252531570494],[14.971124895773437,45.807253024070754],[14.975562573276989,45.80388400634387],[14.985659637070492,45.7968635211565],[14.995307543221935,45.790737879342515],[14.999835052253898,45.788213518167204],[15.004263746604607,45.78603358079736],[15.010650768274695,45.783302274583804],[15.01720846984877,45.78082143095584],[15.029668102839507,45.775771696107704],[15.03511189346127,45.77320279694357],[15.037869721383519,45.771605007288805]]},"properties":{"FID":102,"FAULT_NAME":"Žužemberk segment 4","FAULT_DESI":"MAF.SI-046/4","FAULT_TYPE":"dextral strike-slip","MINDEPTH_g":0,"MAXDEPTH_g":0,"MAXDEPTH":15,"STRIKEMIN":290,"STRIKEMAX":325,"STRIKE_BES":310,"DIPMIN":65,"DIPMAX":90,"DIP_BEST_E":75,"RAKEMIN":130,"RAKEMAX":170,"RAKE_BEST":160,"FAULT_WIDT":15.5291427062,"TOTAL_FAUL":79,"TOTAL_FA_1":70,"SEGMENTATI":"geometric","TOTAL_SEGM":14,"TOTAL_SE_1":14,"MIN_TOTAL":1185,"MAX_TOTAL":1307.50283397,"BEST_ESTIM":1226.80227379,"MIN_TOTA_1":210,"MAX_TOTA_1":231.709362982,"BEST_EST_1":217.407997886,"SLIPRATEMI":0.1,"SLIPRATEMA":1,"BEST_EST_2":0.5,"ACTIVITY":"active","FAULT_WE_1":" ","__id":102},"id":102},{"type":"Feature","geometry":{"type":"LineString","coordinates":[[14.788111122939767,45.884790502818134],[14.801127711406659,45.88137614891865],[14.807020659670483,45.879643878155015],[14.813201068825226,45.8777677117138],[14.82451085825229,45.87404646085403],[14.83436537691908,45.87166973327134],[14.838506610378872,45.87036874460294],[14.845073295105784,45.86714116046381],[14.851828626042364,45.86303760461426],[14.855394937720318,45.861617553615574],[14.859185828219305,45.86076675678767],[14.863803168779677,45.86069168585426],[14.869696117043501,45.85979708276357],[14.874484137507858,45.858946258078234],[14.879101478068234,45.85789522137455],[14.893555370989716,45.85341558027763],[14.90455973322018,45.849567555765866]]},"properties":{"FID":103,"FAULT_NAME":"Žužemberk segment 3","FAULT_DESI":"MAF.SI-046/3","FAULT_TYPE":"dextral strike-slip","MINDEPTH_g":0,"MAXDEPTH_g":0,"MAXDEPTH":15,"STRIKEMIN":270,"STRIKEMAX":310,"STRIKE_BES":295,"DIPMIN":65,"DIPMAX":90,"DIP_BEST_E":75,"RAKEMIN":130,"RAKEMAX":170,"RAKE_BEST":160,"FAULT_WIDT":15.5291427062,"TOTAL_FAUL":79,"TOTAL_FA_1":70,"SEGMENTATI":"geometric","TOTAL_SEGM":10,"TOTAL_SE_1":10,"MIN_TOTAL":1185,"MAX_TOTAL":1307.50283397,"BEST_ESTIM":1226.80227379,"MIN_TOTA_1":150,"MAX_TOTA_1":165.506687844,"BEST_EST_1":155.291427062,"SLIPRATEMI":0.1,"SLIPRATEMA":1,"BEST_EST_2":0.5,"ACTIVITY":"active","FAULT_WE_1":" ","__id":103},"id":103},{"type":"Feature","geometry":{"type":"LineString","coordinates":[[14.806059462316476,45.69037078931118],[14.816893144642957,45.675088951384154],[14.83239806644686,45.6574107871018],[14.85155913145713,45.63852740750168],[14.872426995507224,45.62239582344478],[14.887878018394082,45.61192791235039]]},"properties":{"FID":104,"FAULT_NAME":"Ortnek segment 5","FAULT_DESI":"MAF.SI-041/5","FAULT_TYPE":"dextral strike-slip","MINDEPTH_g":0,"MAXDEPTH_g":0,"MAXDEPTH":15,"STRIKEMIN":320,"STRIKEMAX":335,"STRIKE_BES":325,"DIPMIN":70,"DIPMAX":85,"DIP_BEST_E":80,"RAKEMIN":160,"RAKEMAX":180,"RAKE_BEST":170,"FAULT_WIDT":15.2313991783,"TOTAL_FAUL":55,"TOTAL_FA_1":57,"SEGMENTATI":"geometric","TOTAL_SEGM":11,"TOTAL_SE_1":11,"MIN_TOTAL":828.151365973,"MAX_TOTAL":877.946662293,"BEST_ESTIM":837.726954806,"MIN_TOTA_1":165.630273195,"MAX_TOTA_1":175.589332459,"BEST_EST_1":167.545390961,"SLIPRATEMI":0.05,"SLIPRATEMA":0.85,"BEST_EST_2":0.45,"ACTIVITY":"probably","FAULT_WE_1":" ","__id":104},"id":104},{"type":"Feature","geometry":{"type":"LineString","coordinates":[[14.505285538887579,46.04886916731318],[14.508510490757567,46.04600112695776],[14.516056339144171,46.039996464633546],[14.523826766351805,46.035132396823826],[14.527285280195665,46.033298906311366],[14.530420400537242,46.031409224886715],[14.534507735079986,46.0286525440339],[14.537723703797134,46.02583958995321],[14.541191200793834,46.022477579016055],[14.543706483589368,46.01977035668063],[14.545916339188304,46.01706300178622]]},"properties":{"FID":105,"FAULT_NAME":"Ortnek segment 1","FAULT_DESI":"MAF.SI-041/1","FAULT_TYPE":"dextral strike-slip","MINDEPTH_g":0,"MAXDEPTH_g":0,"MAXDEPTH":15,"STRIKEMIN":130,"STRIKEMAX":140,"STRIKE_BES":140,"DIPMIN":80,"DIPMAX":90,"DIP_BEST_E":85,"RAKEMIN":-160,"RAKEMAX":-180,"RAKE_BEST":-170,"FAULT_WIDT":15.0572975632,"TOTAL_FAUL":55,"TOTAL_FA_1":57,"SEGMENTATI":"geometric","TOTAL_SEGM":5,"TOTAL_SE_1":5,"MIN_TOTAL":825,"MAX_TOTAL":837.726954806,"BEST_ESTIM":828.151365973,"MIN_TOTA_1":75,"MAX_TOTA_1":76.1569958914,"BEST_EST_1":75.2864878158,"SLIPRATEMI":0.05,"SLIPRATEMA":0.85,"BEST_EST_2":0.45,"ACTIVITY":"probably","FAULT_WE_1":" ","__id":105},"id":105},{"type":"Feature","geometry":{"type":"LineString","coordinates":[[14.541505611143275,46.01285822932616],[14.542772235693885,46.010793157248024],[14.543796315117781,46.00954534218682],[14.545134804891118,46.00835365252397],[14.549527566630465,46.00565197826296],[14.554001176745379,46.001976740712806],[14.566658439098623,45.989351781853074],[14.569101856671429,45.98664293793042],[14.570602043195906,45.98414619019365],[14.572111212873228,45.981106247814424],[14.572910713476094,45.97849688283658],[14.573800045607372,45.97463879256476],[14.573809028760214,45.97262848367604]]},"properties":{"FID":106,"FAULT_NAME":"Ortnek segment 2","FAULT_DESI":"MAF.SI-041/2","FAULT_TYPE":"dextral strike-slip","MINDEPTH_g":0,"MAXDEPTH_g":0,"MAXDEPTH":15,"STRIKEMIN":130,"STRIKEMAX":180,"STRIKE_BES":150,"DIPMIN":75,"DIPMAX":90,"DIP_BEST_E":85,"RAKEMIN":-160,"RAKEMAX":-180,"RAKE_BEST":-170,"FAULT_WIDT":15.0572975632,"TOTAL_FAUL":55,"TOTAL_FA_1":57,"SEGMENTATI":"geometric","TOTAL_SEGM":5,"TOTAL_SE_1":5,"MIN_TOTAL":825,"MAX_TOTAL":854.102848838,"BEST_ESTIM":828.151365973,"MIN_TOTA_1":75,"MAX_TOTA_1":77.6457135308,"BEST_EST_1":75.2864878158,"SLIPRATEMI":0.05,"SLIPRATEMA":0.85,"BEST_EST_2":0.45,"ACTIVITY":"probably","FAULT_WE_1":" ","__id":106},"id":106},{"type":"Feature","geometry":{"type":"LineString","coordinates":[[14.296804527749119,45.950560235988085],[14.28832443146703,45.956199902743606],[14.283006404985043,45.958966439720136],[14.27517309570752,45.96226986613251],[14.265740785224265,45.96675321865964],[14.261824130585504,45.96829545800394],[14.258769858619498,45.9700499371921],[14.256479154644992,45.97086784266044],[14.253299118539209,45.97222891048299],[14.248843474729977,45.974601334060125],[14.24654378760263,45.97546287325635],[14.243049341147406,45.97654289983698],[14.241405424177467,45.97722961098555],[14.232808546908444,45.981449576156805],[14.229691392872548,45.98322860710452],[14.227912728609994,45.984389628052355],[14.225729822469582,45.9863495759097],[14.225056086006491,45.986736563779985],[14.216791585392594,45.990699912832135],[14.211473558910606,45.99367691908766],[14.204646362751298,45.99798299698115],[14.199400201492038,46.000123429860004],[14.190893155751427,46.00613242420942],[14.189240255628647,46.007112021847846]]},"properties":{"FID":107,"FAULT_NAME":"Vrhnika segment 1","FAULT_DESI":"MAF.SI-027/1","FAULT_TYPE":"dextral transpressive","MINDEPTH_g":0,"MAXDEPTH_g":0,"MAXDEPTH":10,"STRIKEMIN":300,"STRIKEMAX":315,"STRIKE_BES":305,"DIPMIN":75,"DIPMAX":85,"DIP_BEST_E":80,"RAKEMIN":130,"RAKEMAX":160,"RAKE_BEST":150,"FAULT_WIDT":10.1542661189,"TOTAL_FAUL":18,"TOTAL_FA_1":17,"SEGMENTATI":"geometric","TOTAL_SEGM":11,"TOTAL_SE_1":11,"MIN_TOTAL":180.687570758,"MAX_TOTAL":186.349712474,"BEST_ESTIM":182.776790139,"MIN_TOTA_1":110.42018213,"MAX_TOTA_1":113.880379845,"BEST_EST_1":111.696927307,"SLIPRATEMI":0.01,"SLIPRATEMA":0.1,"BEST_EST_2":0.05,"ACTIVITY":"potentially","FAULT_WE_1":" ","__id":107},"id":107},{"type":"Feature","geometry":{"type":"LineString","coordinates":[[14.535325201988533,45.929751585098074],[14.525740177906979,45.94437030663127],[14.506561146591027,45.972678430122485],[14.486995839702903,45.99992374283107],[14.480267458224848,46.00992592876414],[14.476009443778123,46.019945020186356]]},"properties":{"FID":108,"FAULT_NAME":"Mišja dolina segment 2","FAULT_DESI":"MAF.SI-037/2","FAULT_TYPE":"dextral strike-slip","MINDEPTH_g":0,"MAXDEPTH_g":0,"MAXDEPTH":15,"STRIKEMIN":335,"STRIKEMAX":345,"STRIKE_BES":340,"DIPMIN":85,"DIPMAX":95,"DIP_BEST_E":90,"RAKEMIN":160,"RAKEMAX":180,"RAKE_BEST":175,"FAULT_WIDT":15,"TOTAL_FAUL":52,"TOTAL_FA_1":38,"SEGMENTATI":"geometric","TOTAL_SEGM":11,"TOTAL_SE_1":11,"MIN_TOTAL":782.979473284,"MAX_TOTAL":782.979473284,"BEST_ESTIM":780,"MIN_TOTA_1":165.630273195,"MAX_TOTA_1":165.630273195,"BEST_EST_1":165,"SLIPRATEMI":0.05,"SLIPRATEMA":0.85,"BEST_EST_2":0.45,"ACTIVITY":"active","FAULT_WE_1":" ","__id":108},"id":108},{"type":"Feature","geometry":{"type":"LineString","coordinates":[[14.406533739704319,46.07056792380963],[14.414259251147747,46.06674741695663],[14.42270341481847,46.061343410090004],[14.429728240340284,46.05612589123277],[14.435181014114889,46.05150015162784],[14.449392361909661,46.03879295951426],[14.461313005729927,46.02468567603439],[14.467565280107397,46.01780535422188]]},"properties":{"FID":109,"FAULT_NAME":"Mišja dolina segment 1","FAULT_DESI":"MAF.SI-037/1","FAULT_TYPE":"dextral strike-slip","MINDEPTH_g":0,"MAXDEPTH_g":0,"MAXDEPTH":15,"STRIKEMIN":305,"STRIKEMAX":330,"STRIKE_BES":320,"DIPMIN":80,"DIPMAX":90,"DIP_BEST_E":85,"RAKEMIN":160,"RAKEMAX":180,"RAKE_BEST":175,"FAULT_WIDT":15.0572975632,"TOTAL_FAUL":52,"TOTAL_FA_1":38,"SEGMENTATI":"geometric","TOTAL_SEGM":8,"TOTAL_SE_1":8,"MIN_TOTAL":780,"MAX_TOTAL":792.032757271,"BEST_ESTIM":782.979473284,"MIN_TOTA_1":120,"MAX_TOTA_1":121.851193426,"BEST_EST_1":120.458380505,"SLIPRATEMI":0.05,"SLIPRATEMA":0.85,"BEST_EST_2":0.45,"ACTIVITY":"active","FAULT_WE_1":"inferred","__id":109},"id":109},{"type":"Feature","geometry":{"type":"LineString","coordinates":[[14.496149672448082,46.1234108552574],[14.519092644804493,46.09942196825411],[14.57873179651719,46.046580981908924],[14.595853685832505,46.034034804369064]]},"properties":{"FID":110,"FAULT_NAME":"Žužemberk segment 1","FAULT_DESI":"MAF.SI-046/1","FAULT_TYPE":"dextral strike-slip","MINDEPTH_g":0,"MAXDEPTH_g":0,"MAXDEPTH":15,"STRIKEMIN":315,"STRIKEMAX":325,"STRIKE_BES":325,"DIPMIN":70,"DIPMAX":90,"DIP_BEST_E":85,"RAKEMIN":130,"RAKEMAX":170,"RAKE_BEST":160,"FAULT_WIDT":15.0572975632,"TOTAL_FAUL":79,"TOTAL_FA_1":70,"SEGMENTATI":"geologic","TOTAL_SEGM":13,"TOTAL_SE_1":13,"MIN_TOTAL":1185,"MAX_TOTAL":1261.05066038,"BEST_ESTIM":1189.52650749,"MIN_TOTA_1":195,"MAX_TOTA_1":207.514665633,"BEST_EST_1":195.744868321,"SLIPRATEMI":0.1,"SLIPRATEMA":1,"BEST_EST_2":0.5,"ACTIVITY":"active","FAULT_WE_1":"inferred","__id":110},"id":110},{"type":"Feature","geometry":{"type":"LineString","coordinates":[[14.142015821142484,45.803295346649136],[14.13273622425753,45.80750350052263],[14.125091561189672,45.81049034541286],[14.118336230253094,45.81379009054139],[14.10906561652098,45.819994584639176],[14.101816212178136,45.82606693156833],[14.09418053226312,45.833665822276856],[14.086913161614593,45.83840364991118],[14.078819340904674,45.84314107416889],[14.064679858332635,45.84778423461884],[14.047764581532665,45.85571801071803],[14.036149364908997,45.859772058693956]]},"properties":{"FID":111,"FAULT_NAME":"Predjama-Avče segment 6b","FAULT_DESI":"MAF.SI-019/6b","FAULT_TYPE":"dextral strike-slip","MINDEPTH_g":0,"MAXDEPTH_g":0,"MAXDEPTH":15,"STRIKEMIN":295,"STRIKEMAX":325,"STRIKE_BES":310,"DIPMIN":70,"DIPMAX":80,"DIP_BEST_E":75,"RAKEMIN":160,"RAKEMAX":180,"RAKE_BEST":170,"FAULT_WIDT":15.5291427062,"TOTAL_FAUL":158,"TOTAL_FA_1":90,"SEGMENTATI":"structural","TOTAL_SEGM":27,"TOTAL_SE_1":26,"MIN_TOTAL":152.313991783,"MAX_TOTAL":159.626665871,"BEST_ESTIM":155.291427062,"MIN_TOTA_1":411.247777814,"MAX_TOTA_1":430.991997853,"BEST_EST_1":419.286853066,"SLIPRATEMI":0.05,"SLIPRATEMA":1.45,"BEST_EST_2":0.7,"ACTIVITY":"active","FAULT_WE_1":" ","__id":111},"id":111},{"type":"Feature","geometry":{"type":"LineString","coordinates":[[16.301044741301023,46.233369250340274],[16.278982117923047,46.23328847022111],[16.218830926498406,46.229715384474886],[16.173654650860033,46.22399796343817],[16.13641049918044,46.21558232802445],[16.095950378783698,46.21011831143692],[16.052274289669803,46.20792384916568],[15.95009092610121,46.205325194063825],[15.942976269050984,46.20491486886263],[15.888457514457768,46.20429315817252],[15.842796148565974,46.207463809131646],[15.787477893369893,46.21032967144605],[15.75755501125587,46.21335078737732],[15.713447730805605,46.21998298365734],[15.658407953347602,46.226129636772804],[15.631719006256409,46.23221967591244],[15.584925763106625,46.24380752673321],[15.569043548883391,46.24747287885581]]},"properties":{"FID":112,"FAULT_NAME":"Šoštanj segment 8","FAULT_DESI":"MAF.SI-076/8","FAULT_TYPE":"dextral strike-slip","MINDEPTH_g":0,"MAXDEPTH_g":0,"MAXDEPTH":15,"STRIKEMIN":250,"STRIKEMAX":290,"STRIKE_BES":270,"DIPMIN":80,"DIPMAX":90,"DIP_BEST_E":85,"RAKEMIN":-160,"RAKEMAX":-180,"RAKE_BEST":-170,"FAULT_WIDT":15.0572975632,"TOTAL_FAUL":184,"TOTAL_FA_1":133,"SEGMENTATI":"geometric","TOTAL_SEGM":57,"TOTAL_SE_1":56,"MIN_TOTAL":2760,"MAX_TOTAL":2802.5774488,"BEST_ESTIM":2770.54275162,"MIN_TOTA_1":855,"MAX_TOTA_1":868.189753162,"BEST_EST_1":858.2659611,"SLIPRATEMI":0.1,"SLIPRATEMA":0.9,"BEST_EST_2":0.5,"ACTIVITY":"active","FAULT_WE_1":" ","__id":112},"id":112},{"type":"Feature","geometry":{"type":"LineString","coordinates":[[15.044373524040543,46.37767592473727],[15.00812650232632,46.389003764816565],[14.983800124432365,46.39632718913915],[14.979928385557809,46.39762820232945],[14.969004871702914,46.403054951350306],[14.954101821139373,46.40944122135852],[14.940204883694044,46.415950606790574],[14.924017242274209,46.42232917458871],[14.909464534671475,46.42704759599064],[14.888821249442406,46.43762850221968],[14.872256315603241,46.4473470094428],[14.864315208491625,46.45083163145253]]},"properties":{"FID":113,"FAULT_NAME":"Šoštanj segment 1","FAULT_DESI":"MAF.SI-076/1","FAULT_TYPE":"dextral strike-slip","MINDEPTH_g":0,"MAXDEPTH_g":0,"MAXDEPTH":15,"STRIKEMIN":295,"STRIKEMAX":305,"STRIKE_BES":300,"DIPMIN":80,"DIPMAX":90,"DIP_BEST_E":85,"RAKEMIN":-160,"RAKEMAX":-180,"RAKE_BEST":-170,"FAULT_WIDT":15.0572975632,"TOTAL_FAUL":184,"TOTAL_FA_1":133,"SEGMENTATI":"geometric","TOTAL_SEGM":16,"TOTAL_SE_1":16,"MIN_TOTAL":2760,"MAX_TOTAL":2802.5774488,"BEST_ESTIM":2770.54275162,"MIN_TOTA_1":240,"MAX_TOTA_1":243.702386853,"BEST_EST_1":240.91676101,"SLIPRATEMI":0.1,"SLIPRATEMA":0.9,"BEST_EST_2":0.5,"ACTIVITY":"active","FAULT_WE_1":" ","__id":113},"id":113},{"type":"Feature","geometry":{"type":"LineString","coordinates":[[15.047850004190087,46.37298422177969],[15.055252122131229,46.37124254914158],[15.063058481950229,46.36958759876929],[15.069930593873744,46.36857724861014],[15.073541821315905,46.368310711403666],[15.078078313500708,46.367380920268964],[15.091759655277848,46.36309747805402]]},"properties":{"FID":114,"FAULT_NAME":"Šoštanj segment 2","FAULT_DESI":"MAF.SI-076/2","FAULT_TYPE":"dextral strike-slip","MINDEPTH_g":0,"MAXDEPTH_g":0,"MAXDEPTH":15,"STRIKEMIN":285,"STRIKEMAX":295,"STRIKE_BES":290,"DIPMIN":80,"DIPMAX":90,"DIP_BEST_E":85,"RAKEMIN":-160,"RAKEMAX":-180,"RAKE_BEST":-170,"FAULT_WIDT":15.0572975632,"TOTAL_FAUL":184,"TOTAL_FA_1":133,"SEGMENTATI":"geometric","TOTAL_SEGM":4,"TOTAL_SE_1":4,"MIN_TOTAL":2760,"MAX_TOTAL":2802.5774488,"BEST_ESTIM":2770.54275162,"MIN_TOTA_1":60,"MAX_TOTA_1":60.9255967131,"BEST_EST_1":60.2291902526,"SLIPRATEMI":0.1,"SLIPRATEMA":0.9,"BEST_EST_2":0.5,"ACTIVITY":"active","FAULT_WE_1":" ","__id":114},"id":114},{"type":"Feature","geometry":{"type":"LineString","coordinates":[[15.075482182329603,46.36280611739723],[15.09214593085002,46.36151047353107],[15.099682796083782,46.360220998411954],[15.104839125814626,46.35911748111588],[15.118628265425862,46.35456058660007],[15.132624017552445,46.3506667756739],[15.147634865950081,46.34729976965706],[15.15933991410216,46.34516660511939],[15.172383452027574,46.3411480923412],[15.176758247461237,46.339287569729244],[15.202468030892739,46.33250232754666],[15.20729198396846,46.33084000089348],[15.216427850407955,46.32799283899531],[15.229264775818024,46.324208799706206]]},"properties":{"FID":115,"FAULT_NAME":"Šoštanj segment 3","FAULT_DESI":"MAF.SI-076/3","FAULT_TYPE":"dextral strike-slip","MINDEPTH_g":0,"MAXDEPTH_g":0,"MAXDEPTH":15,"STRIKEMIN":275,"STRIKEMAX":300,"STRIKE_BES":290,"DIPMIN":80,"DIPMAX":90,"DIP_BEST_E":85,"RAKEMIN":-160,"RAKEMAX":-180,"RAKE_BEST":-170,"FAULT_WIDT":15.0572975632,"TOTAL_FAUL":184,"TOTAL_FA_1":133,"SEGMENTATI":"geometric","TOTAL_SEGM":13,"TOTAL_SE_1":13,"MIN_TOTAL":2760,"MAX_TOTAL":2802.5774488,"BEST_ESTIM":2770.54275162,"MIN_TOTA_1":195,"MAX_TOTA_1":198.008189318,"BEST_EST_1":195.744868321,"SLIPRATEMI":0.1,"SLIPRATEMA":0.9,"BEST_EST_2":0.5,"ACTIVITY":"active","FAULT_WE_1":" ","__id":115},"id":115},{"type":"Feature","geometry":{"type":"LineString","coordinates":[[15.28027111765033,46.31063993678886],[15.265377050239627,46.31577131073398],[15.244616984023626,46.32208714184914],[15.238733018912644,46.32428324234739],[15.236334517104044,46.32506488396389],[15.229201893748135,46.326268342077654],[15.223704204209325,46.32740974180451]]},"properties":{"FID":116,"FAULT_NAME":"Šoštanj segment 4","FAULT_DESI":"MAF.SI-076/4","FAULT_TYPE":"dextral strike-slip","MINDEPTH_g":0,"MAXDEPTH_g":0,"MAXDEPTH":15,"STRIKEMIN":285,"STRIKEMAX":300,"STRIKE_BES":295,"DIPMIN":80,"DIPMAX":90,"DIP_BEST_E":85,"RAKEMIN":-160,"RAKEMAX":-180,"RAKE_BEST":-170,"FAULT_WIDT":15.0572975632,"TOTAL_FAUL":184,"TOTAL_FA_1":133,"SEGMENTATI":"geometric","TOTAL_SEGM":5,"TOTAL_SE_1":5,"MIN_TOTAL":2760,"MAX_TOTAL":2802.5774488,"BEST_ESTIM":2770.54275162,"MIN_TOTA_1":75,"MAX_TOTA_1":76.1569958914,"BEST_EST_1":75.2864878158,"SLIPRATEMI":0.1,"SLIPRATEMA":0.9,"BEST_EST_2":0.5,"ACTIVITY":"active","FAULT_WE_1":" ","__id":116},"id":116},{"type":"Feature","geometry":{"type":"LineString","coordinates":[[15.301103049089061,46.299966130835834],[15.2943297518468,46.30264098343883],[15.27170118983983,46.31084470457848]]},"properties":{"FID":117,"FAULT_NAME":"Šoštanj segment 5","FAULT_DESI":"MAF.SI-076/5","FAULT_TYPE":"dextral strike-slip","MINDEPTH_g":0,"MAXDEPTH_g":0,"MAXDEPTH":15,"STRIKEMIN":295,"STRIKEMAX":300,"STRIKE_BES":300,"DIPMIN":80,"DIPMAX":90,"DIP_BEST_E":85,"RAKEMIN":-160,"RAKEMAX":-180,"RAKE_BEST":-170,"FAULT_WIDT":15.0572975632,"TOTAL_FAUL":184,"TOTAL_FA_1":133,"SEGMENTATI":"geometric","TOTAL_SEGM":3,"TOTAL_SE_1":3,"MIN_TOTAL":2760,"MAX_TOTAL":2802.5774488,"BEST_ESTIM":2770.54275162,"MIN_TOTA_1":45,"MAX_TOTA_1":45.6941975349,"BEST_EST_1":45.1718926895,"SLIPRATEMI":0.1,"SLIPRATEMA":0.9,"BEST_EST_2":0.5,"ACTIVITY":"active","FAULT_WE_1":" ","__id":117},"id":117},{"type":"Feature","geometry":{"type":"LineString","coordinates":[[15.568953717354978,46.24532339697026],[15.54964892189925,46.248392284694916],[15.50769759813087,46.25679667908432],[15.476193681116797,46.26379004165408],[15.439075293576979,46.27067694870788],[15.406861707488453,46.277035236140954],[15.390206942120876,46.280003012298245],[15.342299788018783,46.29133868570164],[15.309331617091598,46.29971787802772],[15.300195750652101,46.30219414940445]]},"properties":{"FID":118,"FAULT_NAME":"Šoštanj segment 6","FAULT_DESI":"MAF.SI-076/6","FAULT_TYPE":"dextral strike-slip","MINDEPTH_g":0,"MAXDEPTH_g":0,"MAXDEPTH":15,"STRIKEMIN":285,"STRIKEMAX":290,"STRIKE_BES":285,"DIPMIN":80,"DIPMAX":90,"DIP_BEST_E":85,"RAKEMIN":-160,"RAKEMAX":-180,"RAKE_BEST":-170,"FAULT_WIDT":15.0572975632,"TOTAL_FAUL":184,"TOTAL_FA_1":133,"SEGMENTATI":"geometric","TOTAL_SEGM":22,"TOTAL_SE_1":22,"MIN_TOTAL":2760,"MAX_TOTAL":2802.5774488,"BEST_ESTIM":2770.54275162,"MIN_TOTA_1":330,"MAX_TOTA_1":335.090781922,"BEST_EST_1":331.260546389,"SLIPRATEMI":0.1,"SLIPRATEMA":0.9,"BEST_EST_2":0.5,"ACTIVITY":"active","FAULT_WE_1":" ","__id":118},"id":118},{"type":"Feature","geometry":{"type":"LineString","coordinates":[[15.565306557301453,46.251144197911955],[15.577209234816038,46.24790152268479],[15.58716256816408,46.24574584514683],[15.603520889487898,46.24266438376946],[15.609647399725594,46.24178837222602],[15.617444776391752,46.239688372707555],[15.628862363652908,46.235979005599766],[15.6378006007299,46.23382285957013]]},"properties":{"FID":119,"FAULT_NAME":"Šoštanj segment 7","FAULT_DESI":"MAF.SI-076/7","FAULT_TYPE":"dextral strike-slip","MINDEPTH_g":0,"MAXDEPTH_g":0,"MAXDEPTH":15,"STRIKEMIN":280,"STRIKEMAX":295,"STRIKE_BES":290,"DIPMIN":80,"DIPMAX":90,"DIP_BEST_E":85,"RAKEMIN":-160,"RAKEMAX":-180,"RAKE_BEST":-170,"FAULT_WIDT":15.0572975632,"TOTAL_FAUL":184,"TOTAL_FA_1":133,"SEGMENTATI":"geometric","TOTAL_SEGM":6,"TOTAL_SE_1":6,"MIN_TOTAL":2760,"MAX_TOTAL":2802.5774488,"BEST_ESTIM":2770.54275162,"MIN_TOTA_1":90,"MAX_TOTA_1":91.3883950697,"BEST_EST_1":90.3437853789,"SLIPRATEMI":0.1,"SLIPRATEMA":0.9,"BEST_EST_2":0.5,"ACTIVITY":"active","FAULT_WE_1":" ","__id":119},"id":119},{"type":"Feature","geometry":{"type":"LineString","coordinates":[[15.674901021964034,46.22837930135863],[15.687585233775804,46.22688782132573],[15.706360023213902,46.224196840253164],[15.738214283188778,46.22200294052589],[15.752165119551155,46.220877989100394],[15.76069911475029,46.21952304462962],[15.782096984818018,46.21579988284639],[15.812837333840587,46.21200808970217],[15.844422099230231,46.20945314374776],[15.866323025857065,46.20754462725444],[15.874093453064699,46.206481548596024]]},"properties":{"FID":120,"FAULT_NAME":"Šoštanj segment 9","FAULT_DESI":"MAF.SI-076/9","FAULT_TYPE":"dextral strike-slip","MINDEPTH_g":0,"MAXDEPTH_g":0,"MAXDEPTH":15,"STRIKEMIN":275,"STRIKEMAX":285,"STRIKE_BES":280,"DIPMIN":80,"DIPMAX":90,"DIP_BEST_E":85,"RAKEMIN":-160,"RAKEMAX":-180,"RAKE_BEST":-170,"FAULT_WIDT":15.0572975632,"TOTAL_FAUL":184,"TOTAL_FA_1":133,"SEGMENTATI":"geometric","TOTAL_SEGM":16,"TOTAL_SE_1":16,"MIN_TOTAL":2760,"MAX_TOTAL":2802.5774488,"BEST_ESTIM":2770.54275162,"MIN_TOTA_1":240,"MAX_TOTA_1":243.702386853,"BEST_EST_1":240.91676101,"SLIPRATEMI":0.1,"SLIPRATEMA":0.9,"BEST_EST_2":0.5,"ACTIVITY":"potentially","FAULT_WE_1":" ","__id":120},"id":120},{"type":"Feature","geometry":{"type":"LineString","coordinates":[[15.106330329186266,46.380322189680214],[15.096763271410394,46.3823858154873],[15.083899396541801,46.38472201843337],[15.074395220835818,46.387051924979666],[15.064531719016186,46.39015005091928],[15.056357049930698,46.39243015927167],[15.031842025827077,46.39785742524889],[15.015465738197578,46.40181601510358],[14.994570924688958,46.40440535981228]]},"properties":{"FID":121,"FAULT_NAME":"Velenje segment 1","FAULT_DESI":"MAF.SI-079/1","FAULT_TYPE":"dextral strike-slip","MINDEPTH_g":0,"MAXDEPTH_g":0,"MAXDEPTH":15,"STRIKEMIN":100,"STRIKEMAX":115,"STRIKE_BES":105,"DIPMIN":80,"DIPMAX":100,"DIP_BEST_E":90,"RAKEMIN":-160,"RAKEMAX":-180,"RAKE_BEST":-170,"FAULT_WIDT":15,"TOTAL_FAUL":21,"TOTAL_FA_1":20,"SEGMENTATI":"geometric","TOTAL_SEGM":9,"TOTAL_SE_1":9,"MIN_TOTAL":319.859382744,"MAX_TOTAL":319.859382744,"BEST_ESTIM":315,"MIN_TOTA_1":137.082592605,"MAX_TOTA_1":137.082592605,"BEST_EST_1":135,"SLIPRATEMI":0.01,"SLIPRATEMA":0.1,"BEST_EST_2":0.05,"ACTIVITY":"probably","FAULT_WE_1":" ","__id":121},"id":121},{"type":"Feature","geometry":{"type":"LineString","coordinates":[[15.103734198015161,46.38430064173745],[15.12536563005676,46.37219706700336],[15.13866967941457,46.36569485864112],[15.14279294656868,46.36356241205418]]},"properties":{"FID":122,"FAULT_NAME":"Velenje segment 2","FAULT_DESI":"MAF.SI-079/2","FAULT_TYPE":"dextral strike-slip","MINDEPTH_g":0,"MAXDEPTH_g":0,"MAXDEPTH":15,"STRIKEMIN":125,"STRIKEMAX":130,"STRIKE_BES":125,"DIPMIN":80,"DIPMAX":100,"DIP_BEST_E":90,"RAKEMIN":-160,"RAKEMAX":-180,"RAKE_BEST":-170,"FAULT_WIDT":15,"TOTAL_FAUL":21,"TOTAL_FA_1":20,"SEGMENTATI":"geometric","TOTAL_SEGM":4,"TOTAL_SE_1":4,"MIN_TOTAL":319.859382744,"MAX_TOTAL":319.859382744,"BEST_ESTIM":315,"MIN_TOTA_1":60.9255967131,"MAX_TOTA_1":60.9255967131,"BEST_EST_1":60,"SLIPRATEMI":0.01,"SLIPRATEMA":0.1,"BEST_EST_2":0.05,"ACTIVITY":"probably","FAULT_WE_1":" ","__id":122},"id":122},{"type":"Feature","geometry":{"type":"LineString","coordinates":[[15.22240164704735,46.328613148332195],[15.196386436419248,46.338909255719535],[15.173892621704894,46.34689670715481],[15.146323325635267,46.36009080932876],[15.14055614151122,46.363419832714776],[15.135804053658228,46.36555228486714]]},"properties":{"FID":123,"FAULT_NAME":"Velenje segment 3","FAULT_DESI":"MAF.SI-079/3","FAULT_TYPE":"dextral strike-slip","MINDEPTH_g":0,"MAXDEPTH_g":0,"MAXDEPTH":15,"STRIKEMIN":115,"STRIKEMAX":130,"STRIKE_BES":120,"DIPMIN":80,"DIPMAX":100,"DIP_BEST_E":90,"RAKEMIN":-160,"RAKEMAX":-180,"RAKE_BEST":-170,"FAULT_WIDT":15,"TOTAL_FAUL":21,"TOTAL_FA_1":20,"SEGMENTATI":"geometric","TOTAL_SEGM":8,"TOTAL_SE_1":8,"MIN_TOTAL":319.859382744,"MAX_TOTAL":319.859382744,"BEST_ESTIM":315,"MIN_TOTA_1":121.851193426,"MAX_TOTA_1":121.851193426,"BEST_EST_1":120,"SLIPRATEMI":0.01,"SLIPRATEMA":0.1,"BEST_EST_2":0.05,"ACTIVITY":"probably","FAULT_WE_1":" ","__id":123},"id":123},{"type":"Feature","geometry":{"type":"LineString","coordinates":[[15.637486190380455,46.26567797241234],[15.627254379294337,46.26541714374419],[15.613653885892765,46.26627414756512],[15.587890203544218,46.27212377229984],[15.56596232745886,46.27954978491658],[15.524532026555269,46.29094762541416],[15.457481773748588,46.31864392548506],[15.429526202106787,46.33108811255694],[15.412754655752277,46.337786702022264],[15.388976250181633,46.34648744065004]]},"properties":{"FID":124,"FAULT_NAME":"Labot segment 8","FAULT_DESI":"MAF.SI-080/8","FAULT_TYPE":"dextral strike-slip","MINDEPTH_g":0,"MAXDEPTH_g":0,"MAXDEPTH":15,"STRIKEMIN":265,"STRIKEMAX":295,"STRIKE_BES":300,"DIPMIN":80,"DIPMAX":90,"DIP_BEST_E":85,"RAKEMIN":160,"RAKEMAX":180,"RAKE_BEST":170,"FAULT_WIDT":15.0572975632,"TOTAL_FAUL":201,"TOTAL_FA_1":157,"SEGMENTATI":"geometric","TOTAL_SEGM":21,"TOTAL_SE_1":21,"MIN_TOTAL":3015,"MAX_TOTAL":3061.51123484,"BEST_ESTIM":3026.51681019,"MIN_TOTA_1":315,"MAX_TOTA_1":319.859382744,"BEST_EST_1":316.203248826,"SLIPRATEMI":0.5,"SLIPRATEMA":1,"BEST_EST_2":0.75,"ACTIVITY":"active","FAULT_WE_1":" ","__id":124},"id":124},{"type":"Feature","geometry":{"type":"LineString","coordinates":[[15.64216641301072,46.265392302853925],[15.667930095359267,46.26472780486148],[15.685420293941075,46.26507558051636],[15.703305751247893,46.26703177746627],[15.726365504591243,46.2728192275589],[15.738196316883098,46.274036253027205],[15.764588819930527,46.278053487078864],[15.787594674356829,46.27983538068985],[15.808094229140437,46.28175380066795],[15.811930035403627,46.28288992063485]]},"properties":{"FID":125,"FAULT_NAME":"Donat segment 1","FAULT_DESI":"MAF.SI-086/1","FAULT_TYPE":"dextral strike-slip","MINDEPTH_g":0,"MAXDEPTH_g":0,"MAXDEPTH":15,"STRIKEMIN":250,"STRIKEMAX":270,"STRIKE_BES":260,"DIPMIN":75,"DIPMAX":90,"DIP_BEST_E":85,"RAKEMIN":160,"RAKEMAX":180,"RAKE_BEST":170,"FAULT_WIDT":15.0572975632,"TOTAL_FAUL":68,"TOTAL_FA_1":52,"SEGMENTATI":"geometric","TOTAL_SEGM":13,"TOTAL_SE_1":13,"MIN_TOTAL":1020,"MAX_TOTAL":1055.98170402,"BEST_ESTIM":1023.89623429,"MIN_TOTA_1":195,"MAX_TOTA_1":201.87885518,"BEST_EST_1":195.744868321,"SLIPRATEMI":0.3,"SLIPRATEMA":1,"BEST_EST_2":0.65,"ACTIVITY":"potentially","FAULT_WE_1":" ","__id":125},"id":125},{"type":"Feature","geometry":{"type":"LineString","coordinates":[[15.563438061510483,46.277190458542876],[15.572600877408505,46.27262673636153],[15.579814349139983,46.26846006765366],[15.585833061543585,46.26552892761108],[15.591582279361948,46.2638210936727],[15.599568302237772,46.26248584098976],[15.60932400622331,46.261212662795764],[15.614049144617777,46.26002019591813],[15.619331238488401,46.2583805116143],[15.624442652455041,46.257641395459984],[15.640720125403286,46.25729357264592],[15.64833783901262,46.25699543704927],[15.656620305932202,46.25688363578262],[15.663339704257417,46.258715905574576],[15.67117301353494,46.26060401106744],[15.677128843868653,46.26095802360906]]},"properties":{"FID":126,"FAULT_NAME":"Cerovec segment 1","FAULT_DESI":"MAF.SI-083/1","FAULT_TYPE":"reverse","MINDEPTH_g":0,"MAXDEPTH_g":0,"MAXDEPTH":10,"STRIKEMIN":250,"STRIKEMAX":310,"STRIKE_BES":280,"DIPMIN":60,"DIPMAX":80,"DIP_BEST_E":70,"RAKEMIN":70,"RAKEMAX":110,"RAKE_BEST":90,"FAULT_WIDT":10.6417777248,"TOTAL_FAUL":9,"TOTAL_FA_1":9,"SEGMENTATI":"not segmented","TOTAL_SEGM":9,"TOTAL_SE_1":9,"MIN_TOTAL":91.3883950697,"MAX_TOTAL":103.923048454,"BEST_ESTIM":95.7759995228,"MIN_TOTA_1":91.3883950697,"MAX_TOTA_1":103.923048454,"BEST_EST_1":95.7759995228,"SLIPRATEMI":0.01,"SLIPRATEMA":0.1,"BEST_EST_2":0.05,"ACTIVITY":"potentially","FAULT_WE_1":" ","__id":126},"id":126},{"type":"Feature","geometry":{"type":"LineString","coordinates":[[15.604446154230542,46.26918040858636],[15.614345588661537,46.27203683977196],[15.619888193964556,46.27378788267764],[15.623256876280003,46.275706514389555],[15.626922002639212,46.276768252581114],[15.630102038744996,46.27753194627934],[15.63090153934786,46.27855639672002],[15.63253647316496,46.27956220215506],[15.636848386528733,46.28146200649146],[15.638420438275942,46.281666883416186],[15.640675209639081,46.281691716930766],[15.64434033599829,46.282033176614696],[15.648697165126269,46.28291475359506],[15.653682814953132,46.28415638725389],[15.657680317967465,46.285298665366525],[15.66194731556703,46.28788732706439],[15.674460847474817,46.29191596007045]]},"properties":{"FID":127,"FAULT_NAME":"Mlinišče segment 1","FAULT_DESI":"MAF.SI-084/1","FAULT_TYPE":"dextral strike-slip","MINDEPTH_g":0,"MAXDEPTH_g":0,"MAXDEPTH":10,"STRIKEMIN":210,"STRIKEMAX":260,"STRIKE_BES":245,"DIPMIN":70,"DIPMAX":110,"DIP_BEST_E":90,"RAKEMIN":160,"RAKEMAX":180,"RAKE_BEST":170,"FAULT_WIDT":10,"TOTAL_FAUL":6,"TOTAL_FA_1":6,"SEGMENTATI":"not segmented","TOTAL_SEGM":6,"TOTAL_SE_1":6,"MIN_TOTAL":63.8506663486,"MAX_TOTAL":63.8506663486,"BEST_ESTIM":60,"MIN_TOTA_1":63.8506663486,"MAX_TOTA_1":63.8506663486,"BEST_EST_1":60,"SLIPRATEMI":0.01,"SLIPRATEMA":0.1,"BEST_EST_2":0.05,"ACTIVITY":"potentially","FAULT_WE_1":" ","__id":127},"id":127},{"type":"Feature","geometry":{"type":"LineString","coordinates":[[14.107242036494217,46.42131980045173],[14.067886843896941,46.43191420120298],[14.05524754784938,46.43606842749476],[14.043838943741061,46.44023471789599],[14.028899960566154,46.44454924749039],[14.015092854649236,46.44882010953568],[13.990434100100156,46.4550710574307],[13.97220728298537,46.458388100755194],[13.951599930367667,46.462509369348325],[13.91455340805058,46.470311697589615],[13.896299641477272,46.47435782552117],[13.879177752161954,46.47745099260242],[13.858714129989709,46.480791415569705],[13.838672716001005,46.483754322826655],[13.814319388648524,46.486760364441245],[13.792175916894978,46.48904880327236],[13.762459647296305,46.49160308209517],[13.744637072059373,46.4927039207229],[13.724200399345653,46.49420671501163],[13.668424003354673,46.498028449188624]]},"properties":{"FID":128,"FAULT_NAME":"Sava segment 1","FAULT_DESI":"MAF.SI-047/1","FAULT_TYPE":"dextral transpressive","MINDEPTH_g":0,"MAXDEPTH_g":0,"MAXDEPTH":15,"STRIKEMIN":275,"STRIKEMAX":295,"STRIKE_BES":285,"DIPMIN":70,"DIPMAX":90,"DIP_BEST_E":80,"RAKEMIN":140,"RAKEMAX":160,"RAKE_BEST":150,"FAULT_WIDT":15.2313991783,"TOTAL_FAUL":164,"TOTAL_FA_1":141,"SEGMENTATI":"geologic","TOTAL_SEGM":35,"TOTAL_SE_1":35,"MIN_TOTAL":2460,"MAX_TOTAL":2617.87732029,"BEST_ESTIM":2497.94946524,"MIN_TOTA_1":525,"MAX_TOTA_1":558.69333055,"BEST_EST_1":533.09897124,"SLIPRATEMI":0.05,"SLIPRATEMA":1.5,"BEST_EST_2":1,"ACTIVITY":"active","FAULT_WE_1":" ","__id":128},"id":128},{"type":"Feature","geometry":{"type":"LineString","coordinates":[[14.294513823774613,46.354988392860086],[14.285764232907288,46.356941378895165],[14.277580580668962,46.35842932140712],[14.269432861041997,46.359142279502144],[14.265273661276522,46.35997921843911],[14.257251705789336,46.36186383399632],[14.250155015044792,46.36440548228186],[14.23983337243026,46.36772184552269],[14.231784467484548,46.37111858455897],[14.22572083931674,46.37445313381687],[14.221103498756367,46.37737224678668],[14.217025147366465,46.379640494347434],[14.208670815224153,46.38260270856479],[14.202086164191556,46.38536027399895],[14.196130333857845,46.38812389645044],[14.18963551435366,46.39152556246568]]},"properties":{"FID":129,"FAULT_NAME":"Sava segment 4","FAULT_DESI":"MAF.SI-047/4","FAULT_TYPE":"dextral transpressive","MINDEPTH_g":0,"MAXDEPTH_g":0,"MAXDEPTH":15,"STRIKEMIN":290,"STRIKEMAX":310,"STRIKE_BES":295,"DIPMIN":70,"DIPMAX":90,"DIP_BEST_E":80,"RAKEMIN":140,"RAKEMAX":160,"RAKE_BEST":150,"FAULT_WIDT":15.2313991783,"TOTAL_FAUL":164,"TOTAL_FA_1":141,"SEGMENTATI":"geometric","TOTAL_SEGM":9,"TOTAL_SE_1":9,"MIN_TOTAL":2460,"MAX_TOTAL":2617.87732029,"BEST_ESTIM":2497.94946524,"MIN_TOTA_1":135,"MAX_TOTA_1":143.663999284,"BEST_EST_1":137.082592605,"SLIPRATEMI":0.05,"SLIPRATEMA":1.5,"BEST_EST_2":1,"ACTIVITY":"active","FAULT_WE_1":" ","__id":129},"id":129},{"type":"Feature","geometry":{"type":"LineString","coordinates":[[14.196606440958428,46.38374293228586],[14.184802578125097,46.388402729510055],[14.175909256812313,46.392151346786065],[14.165569647892099,46.395881120333215],[14.156891922247501,46.3994123985499],[14.149166410804076,46.40208858349183],[14.143093799483427,46.40470269296498],[14.138180014879293,46.406536211596766],[14.129304659872194,46.40927398618755]]},"properties":{"FID":130,"FAULT_NAME":"Sava segment 3","FAULT_DESI":"MAF.SI-047/3","FAULT_TYPE":"dextral transpressive","MINDEPTH_g":0,"MAXDEPTH_g":0,"MAXDEPTH":15,"STRIKEMIN":295,"STRIKEMAX":305,"STRIKE_BES":300,"DIPMIN":70,"DIPMAX":90,"DIP_BEST_E":80,"RAKEMIN":140,"RAKEMAX":160,"RAKE_BEST":150,"FAULT_WIDT":15.2313991783,"TOTAL_FAUL":164,"TOTAL_FA_1":141,"SEGMENTATI":"geometric","TOTAL_SEGM":6,"TOTAL_SE_1":6,"MIN_TOTAL":2460,"MAX_TOTAL":2617.87732029,"BEST_ESTIM":2497.94946524,"MIN_TOTA_1":90,"MAX_TOTA_1":95.7759995228,"BEST_EST_1":91.3883950697,"SLIPRATEMI":0.05,"SLIPRATEMA":1.5,"BEST_EST_2":1,"ACTIVITY":"active","FAULT_WE_1":" ","__id":130},"id":130},{"type":"Feature","geometry":{"type":"LineString","coordinates":[[14.1833203579063,46.397163558322326],[14.171103270042273,46.40131423791894],[14.159200592527691,46.40511152340386],[14.146669094314223,46.40853690654608],[14.135089810301924,46.41147277804142],[14.127472096692589,46.4136405142189],[14.11356617609442,46.41892942889101]]},"properties":{"FID":131,"FAULT_NAME":"Sava segment 2","FAULT_DESI":"MAF.SI-047/2","FAULT_TYPE":"dextral transpressive","MINDEPTH_g":0,"MAXDEPTH_g":0,"MAXDEPTH":15,"STRIKEMIN":290,"STRIKEMAX":300,"STRIKE_BES":295,"DIPMIN":70,"DIPMAX":90,"DIP_BEST_E":80,"RAKEMIN":140,"RAKEMAX":160,"RAKE_BEST":150,"FAULT_WIDT":15.2313991783,"TOTAL_FAUL":164,"TOTAL_FA_1":141,"SEGMENTATI":"geometric","TOTAL_SEGM":6,"TOTAL_SE_1":6,"MIN_TOTAL":2460,"MAX_TOTAL":2617.87732029,"BEST_ESTIM":2497.94946524,"MIN_TOTA_1":90,"MAX_TOTA_1":95.7759995228,"BEST_EST_1":91.3883950697,"SLIPRATEMI":0.05,"SLIPRATEMA":1.5,"BEST_EST_2":1,"ACTIVITY":"active","FAULT_WE_1":" ","__id":131},"id":131},{"type":"Feature","geometry":{"type":"LineString","coordinates":[[14.489403324664343,46.29328153113008],[14.484543438977257,46.29565257817142],[14.479270328259476,46.29773802160079],[14.473449245218383,46.29915309869611],[14.46734968443921,46.300369539248365],[14.462642512350424,46.30092189363836],[14.460154179013413,46.30138735649448],[14.45473733785017,46.30337328688687],[14.45043440763924,46.305557727115826],[14.44668843290446,46.30688572487792],[14.439744455758218,46.3089583299025],[14.430869100751115,46.311310083069436],[14.414232301689221,46.31515706036422],[14.403542349808202,46.318457799508664],[14.395080219831796,46.32138610815709],[14.38827098997817,46.323935842488545],[14.38438128479793,46.325542548342725],[14.380752091050088,46.32782535426827],[14.37602695265562,46.32990957213132],[14.371436561553768,46.33170218408385],[14.365741242652451,46.333687014587106]]},"properties":{"FID":132,"FAULT_NAME":"Sava segment 6","FAULT_DESI":"MAF.SI-047/6","FAULT_TYPE":"dextral transpressive","MINDEPTH_g":0,"MAXDEPTH_g":0,"MAXDEPTH":15,"STRIKEMIN":280,"STRIKEMAX":315,"STRIKE_BES":295,"DIPMIN":70,"DIPMAX":90,"DIP_BEST_E":80,"RAKEMIN":140,"RAKEMAX":160,"RAKE_BEST":150,"FAULT_WIDT":15.2313991783,"TOTAL_FAUL":164,"TOTAL_FA_1":141,"SEGMENTATI":"geometric","TOTAL_SEGM":11,"TOTAL_SE_1":11,"MIN_TOTAL":2460,"MAX_TOTAL":2617.87732029,"BEST_ESTIM":2497.94946524,"MIN_TOTA_1":165,"MAX_TOTA_1":175.589332459,"BEST_EST_1":167.545390961,"SLIPRATEMI":0.05,"SLIPRATEMA":1.5,"BEST_EST_2":1,"ACTIVITY":"active","FAULT_WE_1":" ","__id":132},"id":132},{"type":"Feature","geometry":{"type":"LineString","coordinates":[[14.368768565159932,46.33552291867034],[14.362471375018254,46.33589505387708],[14.353721784150933,46.338431708068235],[14.34830494298769,46.340131014491476],[14.34424455790347,46.34096824458622],[14.33987874562265,46.341520189266404],[14.329799648134829,46.34225197249842],[14.325128408657408,46.342723285326485],[14.32116683825444,46.34413719943223],[14.316369834637243,46.34591074173789],[14.30989298143874,46.3491786217958],[14.3053924218653,46.35195027584983],[14.300361856274233,46.35551539596776],[14.2960589260633,46.35915467869107],[14.28914189837558,46.36421951202654]]},"properties":{"FID":133,"FAULT_NAME":"Sava segment 5","FAULT_DESI":"MAF.SI-047/5","FAULT_TYPE":"dextral transpressive","MINDEPTH_g":0,"MAXDEPTH_g":0,"MAXDEPTH":15,"STRIKEMIN":275,"STRIKEMAX":315,"STRIKE_BES":300,"DIPMIN":70,"DIPMAX":90,"DIP_BEST_E":80,"RAKEMIN":140,"RAKEMAX":160,"RAKE_BEST":150,"FAULT_WIDT":15.2313991783,"TOTAL_FAUL":164,"TOTAL_FA_1":141,"SEGMENTATI":"geometric","TOTAL_SEGM":7,"TOTAL_SE_1":7,"MIN_TOTAL":2460,"MAX_TOTAL":2617.87732029,"BEST_ESTIM":2497.94946524,"MIN_TOTA_1":105,"MAX_TOTA_1":111.73866611,"BEST_EST_1":106.619794248,"SLIPRATEMI":0.05,"SLIPRATEMA":1.5,"BEST_EST_2":1,"ACTIVITY":"active","FAULT_WE_1":" ","__id":133},"id":133},{"type":"Feature","geometry":{"type":"LineString","coordinates":[[14.495107626718504,46.28994823643842],[14.50065921517436,46.28719827079027],[14.51274155574577,46.28159238280493],[14.518436874647087,46.27845084816568],[14.522596074412562,46.27645780494565],[14.525506615933107,46.27532155160119],[14.527824269366135,46.2750669779492],[14.530519215218495,46.27536501527724],[14.5337262007828,46.27652610357635],[14.539610165893786,46.27892271071361],[14.54303274712628,46.279226935728154],[14.547075165904817,46.2791710577909],[14.552051832578838,46.27933248278751],[14.557953763995503,46.279785711966646],[14.568311339221403,46.2810460418936]]},"properties":{"FID":134,"FAULT_NAME":"Sava segment 8","FAULT_DESI":"MAF.SI-047/8","FAULT_TYPE":"dextral transpressive","MINDEPTH_g":0,"MAXDEPTH_g":0,"MAXDEPTH":15,"STRIKEMIN":240,"STRIKEMAX":305,"STRIKE_BES":280,"DIPMIN":60,"DIPMAX":80,"DIP_BEST_E":70,"RAKEMIN":130,"RAKEMAX":160,"RAKE_BEST":140,"FAULT_WIDT":15.9626665871,"TOTAL_FAUL":164,"TOTAL_FA_1":141,"SEGMENTATI":"geometric","TOTAL_SEGM":6,"TOTAL_SE_1":6,"MIN_TOTAL":2497.94946524,"MAX_TOTAL":2840.56332441,"BEST_ESTIM":2617.87732029,"MIN_TOTA_1":91.3883950697,"MAX_TOTA_1":103.923048454,"BEST_EST_1":95.7759995228,"SLIPRATEMI":0.05,"SLIPRATEMA":1.5,"BEST_EST_2":1,"ACTIVITY":"active","FAULT_WE_1":" ","__id":134},"id":134},{"type":"Feature","geometry":{"type":"LineString","coordinates":[[14.443427548423108,46.296900129767565],[14.44967982280058,46.294702930293184],[14.46247183244644,46.29051931808604],[14.48336664595506,46.28522416969389],[14.487319233205186,46.28373423496723],[14.505555033472813,46.27389344021374],[14.51274155574577,46.26946605840385],[14.516918721816927,46.26639213979551],[14.522021152630725,46.26368446465921],[14.52680018994224,46.261616356643714],[14.530959389707713,46.26034315825835],[14.53634928141243,46.25979039463307],[14.541631375283053,46.260312104269836],[14.546185833773539,46.261194030700246],[14.550327067233331,46.26164119924496],[14.555510346422698,46.261808886508945],[14.561313463158111,46.26154182877244],[14.566496742347482,46.2617778333506],[14.571769853065263,46.262877104446744],[14.578183824193877,46.264622229672554]]},"properties":{"FID":135,"FAULT_NAME":"Sava segment 7","FAULT_DESI":"MAF.SI-047/7","FAULT_TYPE":"dextral transpressive","MINDEPTH_g":0,"MAXDEPTH_g":0,"MAXDEPTH":15,"STRIKEMIN":280,"STRIKEMAX":310,"STRIKE_BES":290,"DIPMIN":60,"DIPMAX":80,"DIP_BEST_E":70,"RAKEMIN":130,"RAKEMAX":160,"RAKE_BEST":140,"FAULT_WIDT":15.9626665871,"TOTAL_FAUL":164,"TOTAL_FA_1":141,"SEGMENTATI":"geometric","TOTAL_SEGM":12,"TOTAL_SE_1":11,"MIN_TOTAL":2497.94946524,"MAX_TOTAL":2840.56332441,"BEST_ESTIM":2617.87732029,"MIN_TOTA_1":182.776790139,"MAX_TOTA_1":207.846096908,"BEST_EST_1":191.551999046,"SLIPRATEMI":0.05,"SLIPRATEMA":1.5,"BEST_EST_2":1,"ACTIVITY":"active","FAULT_WE_1":" ","__id":135},"id":135},{"type":"Feature","geometry":{"type":"LineString","coordinates":[[14.576818384962015,46.27583690439832],[14.590472777280631,46.273582976291856],[14.600066784515027,46.27157112745313],[14.611143011968222,46.26892580640733],[14.632190539075141,46.262864683427544],[14.644003385061314,46.26021894219878],[14.657469131170267,46.25770350644461]]},"properties":{"FID":136,"FAULT_NAME":"Sava segment 9","FAULT_DESI":"MAF.SI-047/9","FAULT_TYPE":"dextral transpressive","MINDEPTH_g":0,"MAXDEPTH_g":0,"MAXDEPTH":15,"STRIKEMIN":285,"STRIKEMAX":295,"STRIKE_BES":290,"DIPMIN":70,"DIPMAX":90,"DIP_BEST_E":80,"RAKEMIN":140,"RAKEMAX":160,"RAKE_BEST":150,"FAULT_WIDT":15.2313991783,"TOTAL_FAUL":164,"TOTAL_FA_1":141,"SEGMENTATI":"geometric","TOTAL_SEGM":6,"TOTAL_SE_1":6,"MIN_TOTAL":2460,"MAX_TOTAL":2617.87732029,"BEST_ESTIM":2497.94946524,"MIN_TOTA_1":90,"MAX_TOTA_1":95.7759995228,"BEST_EST_1":91.3883950697,"SLIPRATEMI":0.05,"SLIPRATEMA":1.5,"BEST_EST_2":1,"ACTIVITY":"active","FAULT_WE_1":" ","__id":136},"id":136},{"type":"Feature","geometry":{"type":"LineString","coordinates":[[14.582765232142885,46.26972065807342],[14.59512605045237,46.26708145774969],[14.601953246611679,46.2654481948412],[14.607684498124362,46.26329320696413],[14.614341014379688,46.259740707742104],[14.627636080584654,46.25518174391272],[14.656292338148068,46.23878746070344]]},"properties":{"FID":137,"FAULT_NAME":"Sava segment 10","FAULT_DESI":"MAF.SI-047/10","FAULT_TYPE":"dextral transpressive","MINDEPTH_g":0,"MAXDEPTH_g":0,"MAXDEPTH":15,"STRIKEMIN":285,"STRIKEMAX":310,"STRIKE_BES":300,"DIPMIN":70,"DIPMAX":90,"DIP_BEST_E":80,"RAKEMIN":140,"RAKEMAX":160,"RAKE_BEST":150,"FAULT_WIDT":15.2313991783,"TOTAL_FAUL":164,"TOTAL_FA_1":141,"SEGMENTATI":"geometric","TOTAL_SEGM":7,"TOTAL_SE_1":7,"MIN_TOTAL":2460,"MAX_TOTAL":2617.87732029,"BEST_ESTIM":2497.94946524,"MIN_TOTA_1":105,"MAX_TOTA_1":111.73866611,"BEST_EST_1":106.619794248,"SLIPRATEMI":0.05,"SLIPRATEMA":1.5,"BEST_EST_2":1,"ACTIVITY":"active","FAULT_WE_1":" ","__id":137},"id":137},{"type":"Feature","geometry":{"type":"LineString","coordinates":[[14.593706712303462,46.259411530952136],[14.583968974623605,46.256051330299464],[14.571841718287994,46.25243003328068],[14.56025345112285,46.249833484457426],[14.548656200804867,46.24837986039441],[14.53650199501073,46.24795122030336],[14.521212668875016,46.24839849684412],[14.49320319831617,46.249553944360215],[14.479926098416882,46.250771486372614],[14.467565280107397,46.253144373237234],[14.452419684417142,46.256908480528246],[14.437633414840537,46.261566671407444],[14.426170911815172,46.26559723986196],[14.417645899768877,46.26964614121937],[14.406345093494652,46.275718932499]]},"properties":{"FID":138,"FAULT_NAME":"Cerklje segment 2","FAULT_DESI":"MAF.SI-054/2","FAULT_TYPE":"dextral transpressive","MINDEPTH_g":0,"MAXDEPTH_g":0,"MAXDEPTH":10,"STRIKEMIN":245,"STRIKEMAX":310,"STRIKE_BES":280,"DIPMIN":60,"DIPMAX":80,"DIP_BEST_E":70,"RAKEMIN":90,"RAKEMAX":150,"RAKE_BEST":130,"FAULT_WIDT":10.6417777248,"TOTAL_FAUL":26,"TOTAL_FA_1":15,"SEGMENTATI":"geometric","TOTAL_SEGM":15,"TOTAL_SE_1":15,"MIN_TOTAL":264.01091909,"MAX_TOTAL":300.222139979,"BEST_ESTIM":276.686220844,"MIN_TOTA_1":152.313991783,"MAX_TOTA_1":173.205080757,"BEST_EST_1":159.626665871,"SLIPRATEMI":0.1,"SLIPRATEMA":1,"BEST_EST_2":0.3,"ACTIVITY":"active","FAULT_WE_1":" ","__id":138},"id":138},{"type":"Feature","geometry":{"type":"LineString","coordinates":[[14.442133974413975,46.27168289877056],[14.455267343867803,46.26714355804065],[14.48020457615496,46.26048600637897],[14.489807566542197,46.25810101508028],[14.510289155020121,46.25512584145901],[14.521904371643789,46.25402020344298],[14.53424722364759,46.25318164289263],[14.543275292252991,46.25334314443999],[14.554324570247662,46.253895973059414],[14.563532301909886,46.25495813375591],[14.576953132254634,46.257945738612435]]},"properties":{"FID":139,"FAULT_NAME":"Cerklje segment 1","FAULT_DESI":"MAF.SI-054/1","FAULT_TYPE":"dextral transpressive","MINDEPTH_g":0,"MAXDEPTH_g":0,"MAXDEPTH":10,"STRIKEMIN":255,"STRIKEMAX":300,"STRIKE_BES":280,"DIPMIN":60,"DIPMAX":80,"DIP_BEST_E":70,"RAKEMIN":90,"RAKEMAX":150,"RAKE_BEST":130,"FAULT_WIDT":10.6417777248,"TOTAL_FAUL":26,"TOTAL_FA_1":15,"SEGMENTATI":"geometric","TOTAL_SEGM":11,"TOTAL_SE_1":11,"MIN_TOTAL":264.01091909,"MAX_TOTAL":300.222139979,"BEST_ESTIM":276.686220844,"MIN_TOTA_1":111.696927307,"MAX_TOTA_1":127.017059222,"BEST_EST_1":117.059554972,"SLIPRATEMI":0.1,"SLIPRATEMA":1,"BEST_EST_2":0.3,"ACTIVITY":"active","FAULT_WE_1":" ","__id":139},"id":139},{"type":"Feature","geometry":{"type":"LineString","coordinates":[[14.406677470149777,46.168713373896985],[14.420861868486023,46.17304313600873],[14.437480701242237,46.178579260503334],[14.462435899835077,46.18551418053754],[14.485944810820483,46.190054057940515],[14.497218667636185,46.19180771840108],[14.50793556897573,46.19293326531386],[14.519523836140872,46.193940641345016],[14.529171742292316,46.19532108961958],[14.536888270582903,46.196788555165284],[14.543230376488786,46.198349248823206]]},"properties":{"FID":140,"FAULT_NAME":"Vodice segment 2","FAULT_DESI":"MAF.SI-049/2","FAULT_TYPE":"reverse","MINDEPTH_g":0,"MAXDEPTH_g":0,"MAXDEPTH":10,"STRIKEMIN":245,"STRIKEMAX":265,"STRIKE_BES":255,"DIPMIN":45,"DIPMAX":60,"DIP_BEST_E":55,"RAKEMIN":80,"RAKEMAX":100,"RAKE_BEST":90,"FAULT_WIDT":12.2077458876,"TOTAL_FAUL":21,"TOTAL_FA_1":11,"SEGMENTATI":"geometric","TOTAL_SEGM":11,"TOTAL_SE_1":11,"MIN_TOTAL":242.48711306,"MAX_TOTAL":296.984848098,"BEST_ESTIM":256.36266364,"MIN_TOTA_1":127.017059222,"MAX_TOTA_1":155.563491861,"BEST_EST_1":134.285204764,"SLIPRATEMI":0.1,"SLIPRATEMA":0.1,"BEST_EST_2":0.3,"ACTIVITY":"active","FAULT_WE_1":" ","__id":140},"id":140},{"type":"Feature","geometry":{"type":"LineString","coordinates":[[14.524671182718876,46.1946743974479],[14.51356800580716,46.196788555165284],[14.502087536476111,46.198653920899716],[14.491451483512135,46.199474661761876],[14.482064088793088,46.199524403238286],[14.471724479872872,46.198709880893404],[14.461519618245275,46.19770881017503],[14.440849383557683,46.19453759620562],[14.42939586368516,46.19371678160053],[14.421391874503655,46.193866021531505],[14.413100424431232,46.194979089899974],[14.406048649450893,46.19647143669286],[14.399392133195569,46.19921973598846]]},"properties":{"FID":141,"FAULT_NAME":"Vodice segment 1","FAULT_DESI":"MAF.SI-049/1","FAULT_TYPE":"reverse","MINDEPTH_g":0,"MAXDEPTH_g":0,"MAXDEPTH":10,"STRIKEMIN":260,"STRIKEMAX":300,"STRIKE_BES":275,"DIPMIN":45,"DIPMAX":60,"DIP_BEST_E":55,"RAKEMIN":80,"RAKEMAX":100,"RAKE_BEST":90,"FAULT_WIDT":12.2077458876,"TOTAL_FAUL":21,"TOTAL_FA_1":11,"SEGMENTATI":"geometric","TOTAL_SEGM":10,"TOTAL_SE_1":10,"MIN_TOTAL":242.48711306,"MAX_TOTAL":296.984848098,"BEST_ESTIM":256.36266364,"MIN_TOTA_1":115.470053838,"MAX_TOTA_1":141.421356237,"BEST_EST_1":122.077458876,"SLIPRATEMI":0.1,"SLIPRATEMA":0.15,"BEST_EST_2":0.1,"ACTIVITY":"active","FAULT_WE_1":" ","__id":141},"id":141},{"type":"Feature","geometry":{"type":"LineString","coordinates":[[14.669129263558137,46.23785546720196],[14.679352091491417,46.23740810469842],[14.705897308137148,46.232393667102],[14.718886947145517,46.23079665583723],[14.730906405647035,46.22958488476645],[14.755924486309764,46.22637822302598],[14.767943944811284,46.224196840253164],[14.781490539295806,46.22106444673137],[14.799043619947502,46.21658928881964],[14.806921844989231,46.215837177872174],[14.818105870276518,46.214991817734614],[14.832047723486053,46.21491722650946],[14.846411784879125,46.21512856805093],[14.86035363808866,46.215047761087],[14.875813644128357,46.21478047566688],[14.894597416719296,46.21594906279757],[14.910883872820383,46.21711140936998],[14.922481123138365,46.21779513115491],[14.934078373456348,46.21789458088714],[14.93988149019176,46.21780134676844],[14.948990407172733,46.216850349715365],[14.965151099134042,46.214649940454024],[14.974403746560473,46.213120790568446],[14.987240671970541,46.21149213695768],[14.99662806668959,46.21062806066249],[15.000913030594841,46.210342104362425]]},"properties":{"FID":142,"FAULT_NAME":"Sava segment 11","FAULT_DESI":"MAF.SI-047/11","FAULT_TYPE":"dextral transpressive","MINDEPTH_g":0,"MAXDEPTH_g":0,"MAXDEPTH":15,"STRIKEMIN":275,"STRIKEMAX":290,"STRIKE_BES":275,"DIPMIN":70,"DIPMAX":90,"DIP_BEST_E":80,"RAKEMIN":140,"RAKEMAX":160,"RAKE_BEST":150,"FAULT_WIDT":15.2313991783,"TOTAL_FAUL":164,"TOTAL_FA_1":141,"SEGMENTATI":"geometric","TOTAL_SEGM":26,"TOTAL_SE_1":26,"MIN_TOTAL":2460,"MAX_TOTAL":2617.87732029,"BEST_ESTIM":2497.94946524,"MIN_TOTA_1":390,"MAX_TOTA_1":415.029331266,"BEST_EST_1":396.016378635,"SLIPRATEMI":0.05,"SLIPRATEMA":1.5,"BEST_EST_2":1,"ACTIVITY":"active","FAULT_WE_1":" ","__id":142},"id":142},{"type":"Feature","geometry":{"type":"LineString","coordinates":[[15.018457128093695,46.232890781747074],[15.069858728651013,46.23423296879729],[15.084591099310574,46.2349040500129],[15.092774751548903,46.23444423599099],[15.105216418233958,46.23329468408066],[15.1202721823958,46.23146156500603],[15.134339799745113,46.230311950619296],[15.149072170404674,46.22938602747129],[15.168385949013244,46.22958488476645],[15.186388187306997,46.22910016884728],[15.209304210204886,46.22928659855353],[15.223057417204757,46.2301690239045],[15.238445558021725,46.2308215123997],[15.253833698838692,46.230784227551794],[15.282633686847564,46.22867137811986],[15.300959318643601,46.22817422525714]]},"properties":{"FID":143,"FAULT_NAME":"Celje segment 2","FAULT_DESI":"MAF.SI-072/2","FAULT_TYPE":"dextral transpressive","MINDEPTH_g":0,"MAXDEPTH_g":0,"MAXDEPTH":15,"STRIKEMIN":265,"STRIKEMAX":280,"STRIKE_BES":270,"DIPMIN":70,"DIPMAX":110,"DIP_BEST_E":90,"RAKEMIN":90,"RAKEMAX":160,"RAKE_BEST":125,"FAULT_WIDT":15,"TOTAL_FAUL":58,"TOTAL_FA_1":52,"SEGMENTATI":"geometric","TOTAL_SEGM":22,"TOTAL_SE_1":22,"MIN_TOTAL":925.834662054,"MAX_TOTAL":925.834662054,"BEST_ESTIM":870,"MIN_TOTA_1":351.178664917,"MAX_TOTA_1":351.178664917,"BEST_EST_1":330,"SLIPRATEMI":0.05,"SLIPRATEMA":1,"BEST_EST_2":0.5,"ACTIVITY":"probably","FAULT_WE_1":" ","__id":143},"id":143},{"type":"Feature","geometry":{"type":"LineString","coordinates":[[15.000778283302221,46.21812455770308],[15.026308403676898,46.21789458088714],[15.041031791183618,46.21788836528415],[15.053464474715833,46.215837177872174],[15.071134336354463,46.21264836166955],[15.096664456729142,46.211722140587106],[15.126443608397704,46.2121448474483],[15.148694877985344,46.21075238902425],[15.175850949024277,46.208899867290185],[15.232786171731773,46.208340368575804],[15.249476869710712,46.20739542447334],[15.271431695254595,46.20679860929626],[15.293332621881428,46.205977977840156],[15.307867363178481,46.20530032595706],[15.334367664060006,46.20343518586576],[15.3538611057254,46.201333718833396],[15.367111256166163,46.20090471124608],[15.3768669601517,46.20125910905884],[15.392165269440257,46.20491486886263],[15.40600830796854,46.20908014899523],[15.418917098601336,46.21235619965889]]},"properties":{"FID":144,"FAULT_NAME":"Sava segment 12","FAULT_DESI":"MAF.SI-047/12","FAULT_TYPE":"dextral transpressive","MINDEPTH_g":0,"MAXDEPTH_g":0,"MAXDEPTH":15,"STRIKEMIN":245,"STRIKEMAX":285,"STRIKE_BES":270,"DIPMIN":70,"DIPMAX":90,"DIP_BEST_E":80,"RAKEMIN":140,"RAKEMAX":160,"RAKE_BEST":150,"FAULT_WIDT":15.2313991783,"TOTAL_FAUL":164,"TOTAL_FA_1":141,"SEGMENTATI":"geometric","TOTAL_SEGM":33,"TOTAL_SE_1":32,"MIN_TOTAL":2460,"MAX_TOTAL":2617.87732029,"BEST_ESTIM":2497.94946524,"MIN_TOTA_1":495,"MAX_TOTA_1":526.767997376,"BEST_EST_1":502.636172883,"SLIPRATEMI":0.05,"SLIPRATEMA":1.5,"BEST_EST_2":1,"ACTIVITY":"active","FAULT_WE_1":" ","__id":144},"id":144},{"type":"Feature","geometry":{"type":"LineString","coordinates":[[15.435131689479695,46.22228883610984],[15.452190696725124,46.22676352949371],[15.474792309273571,46.22826122733317],[15.494115071034981,46.229771312826365],[15.510158982009354,46.22992666905925],[15.528493596958235,46.22984588387303],[15.547474998911682,46.22906909716801],[15.567444547677658,46.229199598102745],[15.588393260103325,46.229547599078494],[15.601167303443503,46.22948545620893]]},"properties":{"FID":145,"FAULT_NAME":"Celje segment 5","FAULT_DESI":"MAF.SI-072/5","FAULT_TYPE":"dextral transpressive","MINDEPTH_g":0,"MAXDEPTH_g":0,"MAXDEPTH":15,"STRIKEMIN":250,"STRIKEMAX":275,"STRIKE_BES":265,"DIPMIN":70,"DIPMAX":110,"DIP_BEST_E":90,"RAKEMIN":90,"RAKEMAX":160,"RAKE_BEST":125,"FAULT_WIDT":15,"TOTAL_FAUL":58,"TOTAL_FA_1":52,"SEGMENTATI":"geometric","TOTAL_SEGM":13,"TOTAL_SE_1":13,"MIN_TOTAL":925.834662054,"MAX_TOTAL":925.834662054,"BEST_ESTIM":870,"MIN_TOTA_1":207.514665633,"MAX_TOTA_1":207.514665633,"BEST_EST_1":195,"SLIPRATEMI":0.05,"SLIPRATEMA":1,"BEST_EST_2":0.5,"ACTIVITY":"probably","FAULT_WE_1":" ","__id":145},"id":145},{"type":"Feature","geometry":{"type":"LineString","coordinates":[[15.290466996125085,46.22410983173526],[15.31598813334692,46.22268038634171],[15.333334601483271,46.22217696410212],[15.346099661670609,46.22236341732168],[15.369671454725903,46.22228883610984]]},"properties":{"FID":146,"FAULT_NAME":"Celje segment 3","FAULT_DESI":"MAF.SI-072/3","FAULT_TYPE":"dextral transpressive","MINDEPTH_g":0,"MAXDEPTH_g":0,"MAXDEPTH":15,"STRIKEMIN":270,"STRIKEMAX":275,"STRIKE_BES":270,"DIPMIN":70,"DIPMAX":110,"DIP_BEST_E":90,"RAKEMIN":90,"RAKEMAX":160,"RAKE_BEST":125,"FAULT_WIDT":15,"TOTAL_FAUL":58,"TOTAL_FA_1":52,"SEGMENTATI":"geometric","TOTAL_SEGM":6,"TOTAL_SE_1":6,"MIN_TOTAL":925.834662054,"MAX_TOTAL":925.834662054,"BEST_ESTIM":870,"MIN_TOTA_1":95.7759995228,"MAX_TOTA_1":95.7759995228,"BEST_EST_1":90,"SLIPRATEMI":0.05,"SLIPRATEMA":1,"BEST_EST_2":0.5,"ACTIVITY":"probably","FAULT_WE_1":" ","__id":146},"id":146},{"type":"Feature","geometry":{"type":"LineString","coordinates":[[15.476346394715097,46.21893879220113],[15.456044469293996,46.21811212654846],[15.430514348919319,46.21798781484754],[15.397114986655756,46.21538342000446],[15.379445125017124,46.21566935005666],[15.359152182748865,46.2161914793539]]},"properties":{"FID":147,"FAULT_NAME":"Celje segment 4","FAULT_DESI":"MAF.SI-072/4","FAULT_TYPE":"dextral transpressive","MINDEPTH_g":0,"MAXDEPTH_g":0,"MAXDEPTH":15,"STRIKEMIN":265,"STRIKEMAX":270,"STRIKE_BES":270,"DIPMIN":70,"DIPMAX":110,"DIP_BEST_E":90,"RAKEMIN":90,"RAKEMAX":160,"RAKE_BEST":125,"FAULT_WIDT":15,"TOTAL_FAUL":58,"TOTAL_FA_1":52,"SEGMENTATI":"geometric","TOTAL_SEGM":9,"TOTAL_SE_1":9,"MIN_TOTAL":925.834662054,"MAX_TOTAL":925.834662054,"BEST_ESTIM":870,"MIN_TOTA_1":143.663999284,"MAX_TOTA_1":143.663999284,"BEST_EST_1":135,"SLIPRATEMI":0.05,"SLIPRATEMA":1,"BEST_EST_2":0.5,"ACTIVITY":"probably","FAULT_WE_1":" ","__id":147},"id":147},{"type":"Feature","geometry":{"type":"LineString","coordinates":[[15.02774570813149,46.23613434426119],[14.999260130472061,46.237501305520766],[14.981338740553877,46.238178560075134],[14.954074871680847,46.23953304410701],[14.932218860818223,46.24157092038518],[14.919444817478041,46.244627592881756]]},"properties":{"FID":148,"FAULT_NAME":"Celje segment 1","FAULT_DESI":"MAF.SI-072/1","FAULT_TYPE":"dextral transpressive","MINDEPTH_g":0,"MAXDEPTH_g":0,"MAXDEPTH":15,"STRIKEMIN":275,"STRIKEMAX":290,"STRIKE_BES":275,"DIPMIN":70,"DIPMAX":110,"DIP_BEST_E":90,"RAKEMIN":90,"RAKEMAX":160,"RAKE_BEST":125,"FAULT_WIDT":15,"TOTAL_FAUL":58,"TOTAL_FA_1":52,"SEGMENTATI":"geometric","TOTAL_SEGM":8,"TOTAL_SE_1":8,"MIN_TOTAL":925.834662054,"MAX_TOTAL":925.834662054,"BEST_ESTIM":870,"MIN_TOTA_1":127.701332697,"MAX_TOTA_1":127.701332697,"BEST_EST_1":120,"SLIPRATEMI":0.05,"SLIPRATEMA":1,"BEST_EST_2":0.5,"ACTIVITY":"probably","FAULT_WE_1":" ","__id":148},"id":148},{"type":"Feature","geometry":{"type":"LineString","coordinates":[[14.723998361112157,46.10731977442587],[14.728579769061165,46.09879906474514],[14.729936225140186,46.09575296524649],[14.732146080739122,46.09245750657587],[14.73657477508983,46.08463233949531],[14.737877332251804,46.082002933886386],[14.740536345492798,46.078401317143886],[14.742494672812178,46.07531670069672],[14.74490215777362,46.071995092619055],[14.751953932753956,46.06528271533585],[14.755708890641575,46.062240998036835],[14.761853367184953,46.056842783851614],[14.763605081988986,46.05493520553531],[14.764961538068007,46.05282183105099],[14.767413938793654,46.050228317038815],[14.775795220394487,46.045072099348175],[14.782487669261178,46.04074474475552],[14.786449239664147,46.037389876410806],[14.789045370835252,46.03425307733237],[14.793509997797326,46.02920139643242],[14.800364143415157,46.01991383031509],[14.804972500822691,46.014860838872565],[14.808242368456884,46.01239031944838],[14.813883788441156,46.009819863915645],[14.826945292672255,46.00467235476904],[14.85306830113445,45.99244744115582],[14.86915712787303,45.983447080648034]]},"properties":{"FID":149,"FAULT_NAME":"Toplice segment 1","FAULT_DESI":"MAF.SI-051/1","FAULT_TYPE":"dextral strike-slip","MINDEPTH_g":0,"MAXDEPTH_g":0,"MAXDEPTH":15,"STRIKEMIN":300,"STRIKEMAX":340,"STRIKE_BES":320,"DIPMIN":75,"DIPMAX":85,"DIP_BEST_E":80,"RAKEMIN":160,"RAKEMAX":180,"RAKE_BEST":170,"FAULT_WIDT":15.2313991783,"TOTAL_FAUL":37,"TOTAL_FA_1":35,"SEGMENTATI":"structural","TOTAL_SEGM":18,"TOTAL_SE_1":18,"MIN_TOTAL":557.120009837,"MAX_TOTAL":574.578280128,"BEST_ESTIM":563.561769597,"MIN_TOTA_1":271.031356137,"MAX_TOTA_1":279.524568711,"BEST_EST_1":274.165185209,"SLIPRATEMI":0.01,"SLIPRATEMA":0.1,"BEST_EST_2":0.05,"ACTIVITY":"active","FAULT_WE_1":" ","__id":149},"id":149},{"type":"Feature","geometry":{"type":"LineString","coordinates":[[14.76979447429657,46.123211613639135],[14.782667332318002,46.11898378569549],[14.78550600861582,46.117819363732174],[14.79430051524735,46.11265077674295],[14.803427398534005,46.10606791057875],[14.812275804082581,46.09911051737925],[14.817369251743541,46.09607066446485],[14.827250719868854,46.09098725733197],[14.835964378124814,46.08787219301158],[14.840491887156777,46.08607783611206],[14.849663686207636,46.08363542320853],[14.853724071291857,46.08266964337637],[14.858574973826101,46.08101220116471],[14.863901983460932,46.07875650433057],[14.869354757235536,46.07663157848926]]},"properties":{"FID":150,"FAULT_NAME":"Ponoviče segment 1","FAULT_DESI":"MAF.SI-059/1","FAULT_TYPE":"dextral strike-slip","MINDEPTH_g":0,"MAXDEPTH_g":0,"MAXDEPTH":10,"STRIKEMIN":295,"STRIKEMAX":315,"STRIKE_BES":305,"DIPMIN":80,"DIPMAX":85,"DIP_BEST_E":82,"RAKEMIN":160,"RAKEMAX":180,"RAKE_BEST":170,"FAULT_WIDT":10.0982757252,"TOTAL_FAUL":9,"TOTAL_FA_1":9,"SEGMENTATI":"not segmented","TOTAL_SEGM":9,"TOTAL_SE_1":9,"MIN_TOTAL":90.3437853789,"MAX_TOTAL":91.3883950697,"BEST_ESTIM":90.8844815267,"MIN_TOTA_1":90.3437853789,"MAX_TOTA_1":91.3883950697,"BEST_EST_1":90.8844815267,"SLIPRATEMI":0.01,"SLIPRATEMA":0.1,"BEST_EST_2":0.05,"ACTIVITY":"potentially","FAULT_WE_1":" ","__id":150},"id":150},{"type":"Feature","geometry":{"type":"LineString","coordinates":[[14.78632347552437,46.10338969842477],[14.794677807666682,46.09536051074389],[14.795683920784896,46.0935290194689],[14.79768716386848,46.09109939636683],[14.799034636794662,46.08871327771562],[14.80234942019306,46.0836167308561],[14.804442494805059,46.081367371544594],[14.806346923207395,46.079672502839465],[14.812985473157037,46.07496772313059],[14.815285160284382,46.073621646131635],[14.820082163901581,46.07033109746777],[14.831014660909315,46.061923103974564],[14.843123950939248,46.05039664976894],[14.850705731937214,46.042621636138236],[14.860102109809107,46.036223731343746],[14.865375220526888,46.03038640007019],[14.874097861935688,46.02409935378771],[14.886117320437206,46.016900805809804]]},"properties":{"FID":151,"FAULT_NAME":"Litija segment 1","FAULT_DESI":"MAF.SI-057/1","FAULT_TYPE":"dextral strike-slip","MINDEPTH_g":0,"MAXDEPTH_g":0,"MAXDEPTH":10,"STRIKEMIN":315,"STRIKEMAX":335,"STRIKE_BES":320,"DIPMIN":85,"DIPMAX":90,"DIP_BEST_E":87,"RAKEMIN":170,"RAKEMAX":180,"RAKE_BEST":175,"FAULT_WIDT":10.01372346,"TOTAL_FAUL":12,"TOTAL_FA_1":12,"SEGMENTATI":"not segmented","TOTAL_SEGM":12,"TOTAL_SE_1":12,"MIN_TOTAL":120,"MAX_TOTAL":120.458380505,"BEST_ESTIM":120.16468152,"MIN_TOTA_1":120,"MAX_TOTA_1":120.458380505,"BEST_EST_1":120.16468152,"SLIPRATEMI":0.01,"SLIPRATEMA":0.1,"BEST_EST_2":0.05,"ACTIVITY":"potentially","FAULT_WE_1":" ","__id":151},"id":151},{"type":"Feature","geometry":{"type":"LineString","coordinates":[[15.063318993382623,46.08449526457411],[15.056878072795488,46.08856998270945],[15.053626171466973,46.091248914725305],[15.049844264120832,46.094625429716245],[15.043331478310963,46.10082347542043],[15.03436629177545,46.10794880970664],[15.026658746637706,46.113734352007214],[15.02413448068933,46.11585784863886],[15.022535479483597,46.11785049832944],[15.020738848915359,46.11955664736304],[15.01655269969136,46.12307463460859],[15.009042783916122,46.12755740788024],[15.002727627468762,46.13223280076653]]},"properties":{"FID":152,"FAULT_NAME":"Zagorje segment 3","FAULT_DESI":"MAF.SI-066/3","FAULT_TYPE":"dextral strike-slip","MINDEPTH_g":0,"MAXDEPTH_g":0,"MAXDEPTH":15,"STRIKEMIN":140,"STRIKEMAX":150,"STRIKE_BES":140,"DIPMIN":80,"DIPMAX":90,"DIP_BEST_E":85,"RAKEMIN":160,"RAKEMAX":180,"RAKE_BEST":170,"FAULT_WIDT":15.0572975632,"TOTAL_FAUL":32,"TOTAL_FA_1":26,"SEGMENTATI":"geometric","TOTAL_SEGM":7,"TOTAL_SE_1":7,"MIN_TOTAL":480,"MAX_TOTAL":487.404773705,"BEST_ESTIM":481.833522021,"MIN_TOTA_1":105,"MAX_TOTA_1":106.619794248,"BEST_EST_1":105.401082942,"SLIPRATEMI":0.04,"SLIPRATEMA":0.1,"BEST_EST_2":0.07,"ACTIVITY":"probably","FAULT_WE_1":" ","__id":152},"id":152},{"type":"Feature","geometry":{"type":"LineString","coordinates":[[15.061001339949595,46.08870081729509],[15.071296033105606,46.08467595417154],[15.078266959710373,46.08217116975134],[15.083180744314506,46.08008999371355],[15.087762152263515,46.07837639164141],[15.09267593686765,46.07674997826945],[15.097589721471783,46.07489917370649],[15.101048235315643,46.07378367565673],[15.108944426663054,46.0704058848434],[15.113256340026828,46.06877923655632],[15.125338680598235,46.064977304569446],[15.132040112617767,46.062745884844176],[15.137016779291788,46.06089461064438],[15.141463439948181,46.059037040808796],[15.149629125880827,46.055377819446946],[15.1566449682498,46.05193655870855],[15.169230365380317,46.046655801459266],[15.176354005583383,46.0441617618373],[15.182848825087568,46.04210409438291]]},"properties":{"FID":153,"FAULT_NAME":"Zagorje segment 4","FAULT_DESI":"MAF.SI-066/4","FAULT_TYPE":"dextral strike-slip","MINDEPTH_g":0,"MAXDEPTH_g":0,"MAXDEPTH":15,"STRIKEMIN":120,"STRIKEMAX":125,"STRIKE_BES":120,"DIPMIN":80,"DIPMAX":90,"DIP_BEST_E":85,"RAKEMIN":160,"RAKEMAX":180,"RAKE_BEST":170,"FAULT_WIDT":15.0572975632,"TOTAL_FAUL":32,"TOTAL_FA_1":26,"SEGMENTATI":"structural","TOTAL_SEGM":11,"TOTAL_SE_1":11,"MIN_TOTAL":480,"MAX_TOTAL":487.404773705,"BEST_ESTIM":481.833522021,"MIN_TOTA_1":165,"MAX_TOTA_1":167.545390961,"BEST_EST_1":165.630273195,"SLIPRATEMI":0.04,"SLIPRATEMA":0.1,"BEST_EST_2":0.07,"ACTIVITY":"probably","FAULT_WE_1":" ","__id":153},"id":153},{"type":"Feature","geometry":{"type":"LineString","coordinates":[[15.044975395280902,46.08473826079205],[15.041400100450106,46.08690025693637],[15.036665978902798,46.089230382685756],[15.032389998150387,46.091990270598664],[15.026955190681466,46.09588378279337],[15.022212085981316,46.100318936944504],[15.01646286816295,46.10345821245037],[15.002934239984109,46.11048979005002],[14.998658259231702,46.11389626372288],[14.99376244093325,46.11913945521622],[14.990726135272926,46.123354818625096],[14.989019336233099,46.12703443646166],[14.987321520346114,46.132382207576995],[14.984599625035228,46.13753649433635]]},"properties":{"FID":154,"FAULT_NAME":"Zagorje segment 2","FAULT_DESI":"MAF.SI-066/2","FAULT_TYPE":"dextral strike-slip","MINDEPTH_g":0,"MAXDEPTH_g":0,"MAXDEPTH":15,"STRIKEMIN":310,"STRIKEMAX":340,"STRIKE_BES":320,"DIPMIN":75,"DIPMAX":85,"DIP_BEST_E":80,"RAKEMIN":150,"RAKEMAX":180,"RAKE_BEST":165,"FAULT_WIDT":15.2313991783,"TOTAL_FAUL":32,"TOTAL_FA_1":26,"SEGMENTATI":"geometric","TOTAL_SEGM":8,"TOTAL_SE_1":8,"MIN_TOTAL":481.833522021,"MAX_TOTAL":496.932566597,"BEST_ESTIM":487.404773705,"MIN_TOTA_1":120.458380505,"MAX_TOTA_1":124.233141649,"BEST_EST_1":121.851193426,"SLIPRATEMI":0.04,"SLIPRATEMA":0.1,"BEST_EST_2":0.07,"ACTIVITY":"probably","FAULT_WE_1":" ","__id":154},"id":154},{"type":"Feature","geometry":{"type":"LineString","coordinates":[[14.972678981214965,46.14226083340854],[14.965429576872118,46.1483663944283],[14.959258150870218,46.15137847068563],[14.956158963140007,46.15259819021289],[14.949385665897745,46.155921166471565],[14.944552729669182,46.158099038312095],[14.941354727257718,46.15995327268424],[14.937761466121238,46.1616207857999],[14.935138385491609,46.16366155397129],[14.93364718211997,46.164569920334586],[14.926595407139633,46.1677304206593],[14.921070768142297,46.17082853015573],[14.91787276573083,46.173229756023474],[14.911782188104503,46.17633377606742]]},"properties":{"FID":155,"FAULT_NAME":"Zagorje segment 1","FAULT_DESI":"MAF.SI-066/1","FAULT_TYPE":"dextral strike-slip","MINDEPTH_g":0,"MAXDEPTH_g":0,"MAXDEPTH":15,"STRIKEMIN":300,"STRIKEMAX":320,"STRIKE_BES":310,"DIPMIN":80,"DIPMAX":90,"DIP_BEST_E":85,"RAKEMIN":160,"RAKEMAX":180,"RAKE_BEST":170,"FAULT_WIDT":15.0572975632,"TOTAL_FAUL":32,"TOTAL_FA_1":26,"SEGMENTATI":"geometric","TOTAL_SEGM":6,"TOTAL_SE_1":6,"MIN_TOTAL":480,"MAX_TOTAL":487.404773705,"BEST_ESTIM":481.833522021,"MIN_TOTA_1":90,"MAX_TOTA_1":91.3883950697,"BEST_EST_1":90.3437853789,"SLIPRATEMI":0.04,"SLIPRATEMA":0.1,"BEST_EST_2":0.07,"ACTIVITY":"probably","FAULT_WE_1":" ","__id":155},"id":155},{"type":"Feature","geometry":{"type":"LineString","coordinates":[[15.080171388112706,46.107282405767464],[15.074035894722169,46.1105769784733],[15.068681935628819,46.11489886029235],[15.061585244884274,46.12019176964096],[15.05915979361715,46.121449539213124],[15.051380383256676,46.124512897442926],[15.044669968084303,46.1263993930641],[15.039262110073903,46.128123954647386],[15.02374820511716,46.13409413168415],[15.02217615336995,46.135071460857255]]},"properties":{"FID":156,"FAULT_NAME":"Dobovec segment 1","FAULT_DESI":"MAF.SI-069/1","FAULT_TYPE":"dextral strike-slip","MINDEPTH_g":0,"MAXDEPTH_g":0,"MAXDEPTH":10,"STRIKEMIN":120,"STRIKEMAX":140,"STRIKE_BES":125,"DIPMIN":75,"DIPMAX":85,"DIP_BEST_E":80,"RAKEMIN":160,"RAKEMAX":180,"RAKE_BEST":170,"FAULT_WIDT":10.1542661189,"TOTAL_FAUL":6,"TOTAL_FA_1":5,"SEGMENTATI":"not segmented","TOTAL_SEGM":6,"TOTAL_SE_1":5,"MIN_TOTAL":60.2291902526,"MAX_TOTAL":62.1165708246,"BEST_ESTIM":60.9255967131,"MIN_TOTA_1":60.2291902526,"MAX_TOTA_1":62.1165708246,"BEST_EST_1":60.9255967131,"SLIPRATEMI":0.04,"SLIPRATEMA":0.1,"BEST_EST_2":0.07,"ACTIVITY":"potentially","FAULT_WE_1":" ","__id":156},"id":156},{"type":"Feature","geometry":{"type":"LineString","coordinates":[[15.095802074056387,46.11874716718169],[15.102171129420793,46.11344166423713],[15.11145970945859,46.107201440254016],[15.121251346055491,46.100916907964844],[15.128401935717083,46.095964764928766],[15.138310353300923,46.09030818830572]]},"properties":{"FID":157,"FAULT_NAME":"Hrastnik segment 4","FAULT_DESI":"MAF.SI-071/4","FAULT_TYPE":"dextral strike-slip","MINDEPTH_g":0,"MAXDEPTH_g":0,"MAXDEPTH":15,"STRIKEMIN":310,"STRIKEMAX":320,"STRIKE_BES":315,"DIPMIN":80,"DIPMAX":90,"DIP_BEST_E":85,"RAKEMIN":160,"RAKEMAX":180,"RAKE_BEST":170,"FAULT_WIDT":15.0572975632,"TOTAL_FAUL":49,"TOTAL_FA_1":40,"SEGMENTATI":"geometric","TOTAL_SEGM":5,"TOTAL_SE_1":5,"MIN_TOTAL":735,"MAX_TOTAL":746.338559736,"BEST_ESTIM":737.807580594,"MIN_TOTA_1":75,"MAX_TOTA_1":76.1569958914,"BEST_EST_1":75.2864878158,"SLIPRATEMI":0.04,"SLIPRATEMA":0.1,"BEST_EST_2":0.07,"ACTIVITY":"probably","FAULT_WE_1":" ","__id":157},"id":157},{"type":"Feature","geometry":{"type":"LineString","coordinates":[[15.165116081379047,46.08869458708375],[15.168556628917226,46.08645166527948],[15.173677026036707,46.08222101731651],[15.176129426762353,46.079734815110776],[15.182552381043807,46.07231916074443],[15.18834651462638,46.06757012592774],[15.195164727632847,46.062764584266894],[15.204830600089972,46.05736018752437],[15.223425726471246,46.05042782244046]]},"properties":{"FID":158,"FAULT_NAME":"Hrastnik segment 5","FAULT_DESI":"MAF.SI-071/5","FAULT_TYPE":"dextral strike-slip","MINDEPTH_g":0,"MAXDEPTH_g":0,"MAXDEPTH":15,"STRIKEMIN":120,"STRIKEMAX":150,"STRIKE_BES":135,"DIPMIN":80,"DIPMAX":90,"DIP_BEST_E":85,"RAKEMIN":160,"RAKEMAX":180,"RAKE_BEST":170,"FAULT_WIDT":15.0572975632,"TOTAL_FAUL":49,"TOTAL_FA_1":40,"SEGMENTATI":"geometric","TOTAL_SEGM":6,"TOTAL_SE_1":6,"MIN_TOTAL":735,"MAX_TOTAL":746.338559736,"BEST_ESTIM":737.807580594,"MIN_TOTA_1":90,"MAX_TOTA_1":91.3883950697,"BEST_EST_1":90.3437853789,"SLIPRATEMI":0.04,"SLIPRATEMA":0.1,"BEST_EST_2":0.07,"ACTIVITY":"probably","FAULT_WE_1":" ","__id":158},"id":158},{"type":"Feature","geometry":{"type":"LineString","coordinates":[[15.109474432680685,46.12531606684231],[15.113561767223429,46.121499351278366],[15.11673282017637,46.12017308967845],[15.11973319322533,46.11813693579888],[15.12290424617827,46.11631242819354],[15.127755148712518,46.11304310817837],[15.13003686953418,46.11083231520524],[15.132947411054728,46.10835985858635],[15.138256454383875,46.10297238388467],[15.140834619249297,46.10152733002548],[15.147338421906321,46.098369257221066],[15.156896496529354,46.09055738891949],[15.16108264575335,46.08793449602206]]},"properties":{"FID":159,"FAULT_NAME":"Hrastnik segment 3","FAULT_DESI":"MAF.SI-071/3","FAULT_TYPE":"dextral strike-slip","MINDEPTH_g":0,"MAXDEPTH_g":0,"MAXDEPTH":15,"STRIKEMIN":300,"STRIKEMAX":325,"STRIKE_BES":315,"DIPMIN":80,"DIPMAX":90,"DIP_BEST_E":85,"RAKEMIN":160,"RAKEMAX":180,"RAKE_BEST":170,"FAULT_WIDT":15.0572975632,"TOTAL_FAUL":49,"TOTAL_FA_1":40,"SEGMENTATI":"geometric","TOTAL_SEGM":6,"TOTAL_SE_1":6,"MIN_TOTAL":735,"MAX_TOTAL":746.338559736,"BEST_ESTIM":737.807580594,"MIN_TOTA_1":90,"MAX_TOTA_1":91.3883950697,"BEST_EST_1":90.3437853789,"SLIPRATEMI":0.04,"SLIPRATEMA":0.1,"BEST_EST_2":0.07,"ACTIVITY":"probably","FAULT_WE_1":" ","__id":159},"id":159},{"type":"Feature","geometry":{"type":"LineString","coordinates":[[15.1055308285834,46.1238280150619],[15.103338939290149,46.124593837525374],[15.102404691394664,46.12521644956843],[15.096323096921177,46.131099785929635],[15.0950205397592,46.132954929929014],[15.094427651671683,46.134131482162395],[15.093628151068817,46.13666503046344],[15.090457098115875,46.13913621712053],[15.085157037939569,46.144993171237175],[15.078527471142767,46.149972025839936],[15.072886051158498,46.15448372383864],[15.06907719435383,46.15713456284505],[15.065259354396321,46.16026437971228],[15.063121364020118,46.16160834185935]]},"properties":{"FID":160,"FAULT_NAME":"Hrastnik segment 2","FAULT_DESI":"MAF.SI-071/2","FAULT_TYPE":"dextral strike-slip","MINDEPTH_g":0,"MAXDEPTH_g":0,"MAXDEPTH":15,"STRIKEMIN":315,"STRIKEMAX":350,"STRIKE_BES":320,"DIPMIN":80,"DIPMAX":90,"DIP_BEST_E":85,"RAKEMIN":160,"RAKEMAX":180,"RAKE_BEST":170,"FAULT_WIDT":15.0572975632,"TOTAL_FAUL":49,"TOTAL_FA_1":40,"SEGMENTATI":"geometric","TOTAL_SEGM":5,"TOTAL_SE_1":5,"MIN_TOTAL":735,"MAX_TOTAL":746.338559736,"BEST_ESTIM":737.807580594,"MIN_TOTA_1":75,"MAX_TOTA_1":76.1569958914,"BEST_EST_1":75.2864878158,"SLIPRATEMI":0.04,"SLIPRATEMA":0.1,"BEST_EST_2":0.07,"ACTIVITY":"probably","FAULT_WE_1":" ","__id":160},"id":160},{"type":"Feature","geometry":{"type":"LineString","coordinates":[[15.064747314684373,46.154881980103255],[15.060462350779124,46.15626340918337],[15.057435028271641,46.158080371205415],[15.049098662435012,46.16201276848691],[15.044643018625779,46.164489039006405],[15.03892973341878,46.1690928638015],[15.031329986115129,46.175537571199825],[15.020181893439203,46.18309483245493],[15.018160684049935,46.185078830126585],[15.01420809679981,46.18846203403377],[15.012168921104859,46.19159006854838]]},"properties":{"FID":161,"FAULT_NAME":"Hrastnik segment 1","FAULT_DESI":"MAF.SI-071/1","FAULT_TYPE":"dextral strike-slip","MINDEPTH_g":0,"MAXDEPTH_g":0,"MAXDEPTH":15,"STRIKEMIN":305,"STRIKEMAX":335,"STRIKE_BES":315,"DIPMIN":80,"DIPMAX":90,"DIP_BEST_E":85,"RAKEMIN":160,"RAKEMAX":180,"RAKE_BEST":170,"FAULT_WIDT":15.0572975632,"TOTAL_FAUL":49,"TOTAL_FA_1":40,"SEGMENTATI":"geometric","TOTAL_SEGM":6,"TOTAL_SE_1":6,"MIN_TOTAL":735,"MAX_TOTAL":746.338559736,"BEST_ESTIM":737.807580594,"MIN_TOTA_1":90,"MAX_TOTA_1":91.3883950697,"BEST_EST_1":90.3437853789,"SLIPRATEMI":0.04,"SLIPRATEMA":0.1,"BEST_EST_2":0.07,"ACTIVITY":"probably","FAULT_WE_1":" ","__id":161},"id":161},{"type":"Feature","geometry":{"type":"LineString","coordinates":[[15.364030034741635,45.932369494136545],[15.357768777211321,45.937804853333226],[15.352908891524235,45.94085341929675],[15.349387495610486,45.94477008076785],[15.346620684535397,45.94976701423128],[15.343817940848945,45.954095243736695],[15.339919252515866,45.95869791058114],[15.336730233257242,45.96289431023795],[15.32618401182168,45.97119874754792],[15.312331990140557,45.98076915973426],[15.29629706231902,45.99528705699903],[15.277234811990004,46.0094267982918],[15.265377050239627,46.01421826489446],[15.252414360689784,46.01995749612995],[15.243278494250289,46.02483537433487],[15.234627718064216,46.03098512908912],[15.217712441264245,46.040856985899765],[15.19985393341595,46.049243248555044],[15.190421622932694,46.05564587966855],[15.183405780563723,46.062851848155795]]},"properties":{"FID":162,"FAULT_NAME":"Hrastnik segment 6","FAULT_DESI":"MAF.SI-071/6","FAULT_TYPE":"dextral strike-slip","MINDEPTH_g":0,"MAXDEPTH_g":0,"MAXDEPTH":15,"STRIKEMIN":300,"STRIKEMAX":340,"STRIKE_BES":315,"DIPMIN":80,"DIPMAX":90,"DIP_BEST_E":85,"RAKEMIN":160,"RAKEMAX":180,"RAKE_BEST":170,"FAULT_WIDT":15.0572975632,"TOTAL_FAUL":49,"TOTAL_FA_1":40,"SEGMENTATI":"geometric","TOTAL_SEGM":21,"TOTAL_SE_1":20,"MIN_TOTAL":735,"MAX_TOTAL":746.338559736,"BEST_ESTIM":737.807580594,"MIN_TOTA_1":315,"MAX_TOTA_1":319.859382744,"BEST_EST_1":316.203248826,"SLIPRATEMI":0.04,"SLIPRATEMA":0.1,"BEST_EST_2":0.07,"ACTIVITY":"probably","FAULT_WE_1":" ","__id":162},"id":162},{"type":"Feature","geometry":{"type":"LineString","coordinates":[[14.474814684450244,46.44441925948187],[14.477392849315665,46.44534773845239],[14.486187355947196,46.4477369515797],[14.49155928134623,46.44870251057134],[14.498557157409522,46.449340017703896],[14.501880923960766,46.450280791298404],[14.50365060507048,46.45055311746414],[14.507540310250718,46.45049122527332],[14.509372873430323,46.45055930667936],[14.51417886020036,46.45138865515669],[14.517736188725474,46.451648597602386],[14.519559768752236,46.451592895754175],[14.522721838552336,46.45112871147036],[14.526782223636557,46.45109776571077],[14.528399191147972,46.45121535950365],[14.529495135794598,46.45141341163354],[14.532450593079352,46.452304637305716],[14.534301122564637,46.45263884317288],[14.537876417395433,46.45298542486892],[14.539592199588101,46.45304731422542],[14.541137301876788,46.452818323255116],[14.543616652060956,46.451958051277266],[14.548557386123614,46.450478846826705],[14.55077622487539,46.45002703160027],[14.553210659295354,46.449692809706065],[14.556103234510218,46.44908625362271],[14.55986717555068,46.44787312119213],[14.563667049202506,46.44636285735112],[14.565984702635534,46.446140027993785],[14.568428120208338,46.44625144278639],[14.57286579771189,46.447025150337986],[14.575093619616505,46.44768124573104],[14.579791808552452,46.44971137764287],[14.581768102177515,46.45023746655559],[14.588397668974316,46.44968662039238],[14.59189211542954,46.44868394229059],[14.595009269465434,46.448213543733935],[14.597084377771752,46.44815164888458],[14.601315442759953,46.44771219343178],[14.604989552272002,46.44780503642848],[14.606858048062973,46.44766886664583],[14.610029101015915,46.447631729373306],[14.615050683454141,46.44905530670266],[14.61721562328887,46.44979183862926],[14.618149871184356,46.44998989593553],[14.618886489717333,46.44994038167648],[14.623405015596454,46.448919140045554],[14.624914185273774,46.44870251057134],[14.627303703929531,46.448634426844364],[14.629109317650611,46.4482011647697],[14.631382055319433,46.448560153590606],[14.634930400691706,46.448950087042974],[14.637652296002589,46.449828974429046],[14.639574690710605,46.450200331034324],[14.641829462073744,46.45091827995846],[14.643338631751066,46.45121535950365],[14.645090346555099,46.45146911366532],[14.648270382660883,46.45154338295239],[14.65043532249561,46.45146292455348],[14.652726026470114,46.45114727891767],[14.656678613720242,46.450082735049925],[14.660676116734571,46.44921004112708],[14.663928018063086,46.44830019640487],[14.668275864038222,46.44664758242569],[14.672785406764504,46.445298219973445],[14.677079353822595,46.443787884742854],[14.682747723265388,46.4426612959535],[14.69168596034238,46.441491352167965],[14.696482963959577,46.44097136908788],[14.701783024135882,46.44119421958701],[14.705888324984306,46.441646108078764],[14.710038541596939,46.44222179620779],[14.713290442925453,46.442970800689125],[14.716443529572711,46.44460495654195],[14.7187521998529,46.445613899505524],[14.721653758220604,46.446715668636074],[14.725588379165048,46.44767505618879],[14.729729612624839,46.44922241986204],[14.73348457051246,46.451271061737984],[14.736952067509161,46.45258314233744]]},"properties":{"FID":163,"FAULT_NAME":"Olševa segment 1","FAULT_DESI":"MAF.SI-064/1","FAULT_TYPE":"reverse","MINDEPTH_g":0,"MAXDEPTH_g":0,"MAXDEPTH":10,"STRIKEMIN":240,"STRIKEMAX":300,"STRIKE_BES":270,"DIPMIN":70,"DIPMAX":75,"DIP_BEST_E":72,"RAKEMIN":90,"RAKEMAX":120,"RAKE_BEST":105,"FAULT_WIDT":10.5146222424,"TOTAL_FAUL":25,"TOTAL_FA_1":22,"SEGMENTATI":"structural","TOTAL_SEGM":21,"TOTAL_SE_1":20,"MIN_TOTAL":258.819045103,"MAX_TOTAL":266.044443119,"BEST_ESTIM":262.86555606,"MIN_TOTA_1":217.407997886,"MAX_TOTA_1":223.47733222,"BEST_EST_1":220.80706709,"SLIPRATEMI":0.1,"SLIPRATEMA":0.5,"BEST_EST_2":0.3,"ACTIVITY":"potentially","FAULT_WE_1":" ","__id":163},"id":163},{"type":"Feature","geometry":{"type":"LineString","coordinates":[[14.717449642690926,46.441961808773755],[14.72018950430749,46.4415470643465],[14.725750075916189,46.44040185811558],[14.730538096380547,46.44104565268887],[14.733807964014742,46.44210418299845],[14.738056995308627,46.443849784550615],[14.742764167397413,46.44559533017192],[14.745953186656038,46.44707466724713],[14.749070340691933,46.448238301653994],[14.752412073548857,46.448560153590606],[14.757891796781987,46.44873345769184],[14.762221676451444,46.44911101114609],[14.764629161412882,46.449828974429046]]},"properties":{"FID":164,"FAULT_NAME":"Olševa segment 2","FAULT_DESI":"MAF.SI-064/2","FAULT_TYPE":"reverse","MINDEPTH_g":0,"MAXDEPTH_g":0,"MAXDEPTH":10,"STRIKEMIN":235,"STRIKEMAX":285,"STRIKE_BES":260,"DIPMIN":70,"DIPMAX":75,"DIP_BEST_E":72,"RAKEMIN":90,"RAKEMAX":120,"RAKE_BEST":105,"FAULT_WIDT":10.5146222424,"TOTAL_FAUL":25,"TOTAL_FA_1":22,"SEGMENTATI":"structural","TOTAL_SEGM":4,"TOTAL_SE_1":4,"MIN_TOTAL":258.819045103,"MAX_TOTAL":266.044443119,"BEST_ESTIM":262.86555606,"MIN_TOTA_1":41.4110472164,"MAX_TOTA_1":42.567110899,"BEST_EST_1":42.0584889695,"SLIPRATEMI":0.1,"SLIPRATEMA":0.5,"BEST_EST_2":0.3,"ACTIVITY":"potentially","FAULT_WE_1":" ","__id":164},"id":164},{"type":"Feature","geometry":{"type":"LineString","coordinates":[[14.780367645190658,46.43902138833888],[14.774007572979091,46.439009007285776],[14.765222049500403,46.43871186116722],[14.759005707734294,46.437857557049895],[14.752924113260805,46.43803089520031],[14.747911513975419,46.4385818592308],[14.742638403257638,46.43866233665659],[14.738856495911493,46.43780803176279],[14.728193493488995,46.436941331951886],[14.716739973616471,46.43505930775337],[14.703408974800137,46.43151795443305],[14.700848776240397,46.43107836480191],[14.697021953130049,46.43078736689857],[14.68515520822683,46.432174236580124],[14.68116668836534,46.4317346522423],[14.677061387516911,46.43160463366014],[14.673459143227593,46.43214328005268],[14.668671122763236,46.432050410364795],[14.665940244299511,46.43161082502823],[14.661834943451087,46.43120219322573],[14.6574331985589,46.43178418304915],[14.654639438025288,46.4317346522423],[14.652025340548501,46.43121457605264],[14.64848597832907,46.431319829967755],[14.640715551121437,46.43244046199044],[14.635756850753095,46.43242807944205],[14.630214245450079,46.43219900178944]]},"properties":{"FID":165,"FAULT_NAME":"Podolševa segment 2","FAULT_DESI":"MAF.SI-067/2","FAULT_TYPE":"reverse","MINDEPTH_g":0,"MAXDEPTH_g":0,"MAXDEPTH":10,"STRIKEMIN":255,"STRIKEMAX":280,"STRIKE_BES":265,"DIPMIN":70,"DIPMAX":75,"DIP_BEST_E":72,"RAKEMIN":90,"RAKEMAX":120,"RAKE_BEST":105,"FAULT_WIDT":10.5146222424,"TOTAL_FAUL":15,"TOTAL_FA_1":15,"SEGMENTATI":"structural","TOTAL_SEGM":12,"TOTAL_SE_1":12,"MIN_TOTAL":155.291427062,"MAX_TOTAL":159.626665871,"BEST_ESTIM":157.719333636,"MIN_TOTA_1":124.233141649,"MAX_TOTA_1":127.701332697,"BEST_EST_1":126.175466909,"SLIPRATEMI":0.1,"SLIPRATEMA":0.5,"BEST_EST_2":0.3,"ACTIVITY":"potentially","FAULT_WE_1":" ","__id":165},"id":165},{"type":"Feature","geometry":{"type":"LineString","coordinates":[[14.621473637735596,46.41752983627932],[14.61782647768207,46.416489407873904],[14.611349624483568,46.41497208086489],[14.60324682062081,46.414012117483736],[14.595691989081365,46.412581431022446],[14.588945641297627,46.4111569007205],[14.583385069688928,46.40878466552007],[14.578165857888193,46.406183140164735],[14.573800045607372,46.40373015975966]]},"properties":{"FID":166,"FAULT_NAME":"Podolševa segment 1","FAULT_DESI":"MAF.SI-067/1","FAULT_TYPE":"reverse","MINDEPTH_g":0,"MAXDEPTH_g":0,"MAXDEPTH":10,"STRIKEMIN":250,"STRIKEMAX":260,"STRIKE_BES":255,"DIPMIN":70,"DIPMAX":75,"DIP_BEST_E":72,"RAKEMIN":90,"RAKEMAX":120,"RAKE_BEST":105,"FAULT_WIDT":10.5146222424,"TOTAL_FAUL":15,"TOTAL_FA_1":15,"SEGMENTATI":"structural","TOTAL_SEGM":3,"TOTAL_SE_1":3,"MIN_TOTAL":155.291427062,"MAX_TOTAL":159.626665871,"BEST_ESTIM":157.719333636,"MIN_TOTA_1":31.0582854123,"MAX_TOTA_1":31.9253331743,"BEST_EST_1":31.5438667271,"SLIPRATEMI":0.1,"SLIPRATEMA":0.5,"BEST_EST_2":0.3,"ACTIVITY":"potentially","FAULT_WE_1":" ","__id":166},"id":166},{"type":"Feature","geometry":{"type":"LineString","coordinates":[[14.613721176833646,46.347324573406276],[14.618284618476972,46.35088999526098],[14.629549492139832,46.36130589537502],[14.633151736429149,46.36823013013171],[14.635810749670142,46.37497375138472],[14.63631380622925,46.3782708807244],[14.639520791793558,46.38276382857884],[14.641622849558397,46.38669872745662],[14.642907440414687,46.39146979915826],[14.646132392284676,46.3944251759412],[14.65015684475753,46.39892298942114],[14.652474498190562,46.401035470822315],[14.6580440529521,46.402243451287596],[14.665122777390964,46.40500002449711],[14.670782163680917,46.40690786326694],[14.67734884840783,46.41036410252402],[14.687463878507016,46.41452616449269],[14.696060755776038,46.41896658572745],[14.700291820764242,46.42339426077657],[14.712311279265762,46.43190800986936]]},"properties":{"FID":167,"FAULT_NAME":"Strelovec segment 1","FAULT_DESI":"MAF.SI-063/1","FAULT_TYPE":"sinistral transpressive","MINDEPTH_g":0,"MAXDEPTH_g":0,"MAXDEPTH":10,"STRIKEMIN":5,"STRIKEMAX":75,"STRIKE_BES":40,"DIPMIN":70,"DIPMAX":75,"DIP_BEST_E":72,"RAKEMIN":20,"RAKEMAX":50,"RAKE_BEST":35,"FAULT_WIDT":10.5146222424,"TOTAL_FAUL":13,"TOTAL_FA_1":12,"SEGMENTATI":"not segmented","TOTAL_SEGM":13,"TOTAL_SE_1":12,"MIN_TOTAL":134.585903453,"MAX_TOTAL":138.343110422,"BEST_ESTIM":136.690089151,"MIN_TOTA_1":134.585903453,"MAX_TOTA_1":138.343110422,"BEST_EST_1":136.690089151,"SLIPRATEMI":0.01,"SLIPRATEMA":0.1,"BEST_EST_2":0.05,"ACTIVITY":"potentially","FAULT_WE_1":" ","__id":167},"id":167},{"type":"Feature","geometry":{"type":"LineString","coordinates":[[14.6315707015291,46.434409251398314],[14.630366959048379,46.43257047857864],[14.628803890454012,46.42921471304505],[14.627079125108502,46.4248060871391],[14.622183306810049,46.41826060150523],[14.621293974678771,46.41502782015503],[14.619829720765658,46.41202401055285],[14.617116808607618,46.40929256789853],[14.609454179234078,46.40437438751567],[14.605950749626011,46.40006287224288],[14.604486495712894,46.39710160548911],[14.600704588366753,46.392039821393006],[14.59692268102061,46.38780788392764],[14.589511579926622,46.380130076402295],[14.587544269454401,46.37633725006444],[14.583421002300295,46.37158964847601]]},"properties":{"FID":168,"FAULT_NAME":"Matkov kot segment 1","FAULT_DESI":"MAF.SI-065/1","FAULT_TYPE":"sinistral strike-slip","MINDEPTH_g":0,"MAXDEPTH_g":0,"MAXDEPTH":10,"STRIKEMIN":10,"STRIKEMAX":45,"STRIKE_BES":30,"DIPMIN":85,"DIPMAX":90,"DIP_BEST_E":87,"RAKEMIN":0,"RAKEMAX":20,"RAKE_BEST":10,"FAULT_WIDT":10.01372346,"TOTAL_FAUL":8,"TOTAL_FA_1":8,"SEGMENTATI":"not segmented","TOTAL_SEGM":8,"TOTAL_SE_1":8,"MIN_TOTAL":80,"MAX_TOTAL":80.3055870035,"BEST_ESTIM":80.1097876798,"MIN_TOTA_1":80,"MAX_TOTA_1":80.3055870035,"BEST_EST_1":80.1097876798,"SLIPRATEMI":0.01,"SLIPRATEMA":0.1,"BEST_EST_2":0.05,"ACTIVITY":"potentially","FAULT_WE_1":" ","__id":168},"id":168},{"type":"Feature","geometry":{"type":"LineString","coordinates":[[14.571410526951615,46.34615878502638],[14.574267169555116,46.35005911773483],[14.577950262220005,46.35396537231935],[14.583007777269598,46.35834872555897],[14.591038715909626,46.36153527083126],[14.603381567913429,46.36667426842165],[14.610262662989786,46.37038098947496],[14.616155611253609,46.375395200066365],[14.62278517805041,46.383464075423504],[14.626692849536331,46.389840246238414],[14.63060950417509,46.39542265692746],[14.634436327285442,46.40295583748593],[14.63970045485038,46.41075430932647],[14.64420101442382,46.42065719499951],[14.645162211777826,46.42434167460792]]},"properties":{"FID":169,"FAULT_NAME":"Logarska dolina segment 1","FAULT_DESI":"MAF.SI-061/1","FAULT_TYPE":"sinistral strike-slip","MINDEPTH_g":0,"MAXDEPTH_g":0,"MAXDEPTH":10,"STRIKEMIN":10,"STRIKEMAX":60,"STRIKE_BES":35,"DIPMIN":85,"DIPMAX":90,"DIP_BEST_E":87,"RAKEMIN":0,"RAKEMAX":20,"RAKE_BEST":10,"FAULT_WIDT":10.01372346,"TOTAL_FAUL":11,"TOTAL_FA_1":10,"SEGMENTATI":"not segmented","TOTAL_SEGM":11,"TOTAL_SE_1":10,"MIN_TOTAL":110,"MAX_TOTAL":110.42018213,"BEST_ESTIM":110.15095806,"MIN_TOTA_1":110,"MAX_TOTA_1":110.42018213,"BEST_EST_1":110.15095806,"SLIPRATEMI":0.01,"SLIPRATEMA":0.1,"BEST_EST_2":0.05,"ACTIVITY":"potentially","FAULT_WE_1":" ","__id":169},"id":169},{"type":"Feature","geometry":{"type":"LineString","coordinates":[[14.811781730676316,46.436452259545874],[14.826675798087019,46.435430765046185],[14.851298620024735,46.43209994088469],[14.863605539417172,46.4298710229261],[14.875373469639136,46.42839121871392],[14.88875836737252,46.4276543974507],[14.899574083393318,46.426453171684315],[14.91079404129197,46.42496708255975],[14.914315437205719,46.424217830598096]]},"properties":{"FID":170,"FAULT_NAME":"Periadriatic segment 5","FAULT_DESI":"MAF.SI-056/5","FAULT_TYPE":"dextral transpressive","MINDEPTH_g":0,"MAXDEPTH_g":40,"MAXDEPTH":20,"STRIKEMIN":270,"STRIKEMAX":285,"STRIKE_BES":280,"DIPMIN":70,"DIPMAX":110,"DIP_BEST_E":90,"RAKEMIN":130,"RAKEMAX":170,"RAKE_BEST":150,"FAULT_WIDT":20,"TOTAL_FAUL":239,"TOTAL_FA_1":249,"SEGMENTATI":"geometric","TOTAL_SEGM":8,"TOTAL_SE_1":8,"MIN_TOTAL":5086.76975243,"MAX_TOTAL":5086.76975243,"BEST_ESTIM":4780,"MIN_TOTA_1":170.268443596,"MAX_TOTA_1":170.268443596,"BEST_EST_1":160,"SLIPRATEMI":0.2,"SLIPRATEMA":1,"BEST_EST_2":0.6,"ACTIVITY":"probably","FAULT_WE_1":" ","__id":170},"id":170},{"type":"Feature","geometry":{"type":"LineString","coordinates":[[14.43932224757468,46.44752031740383],[14.43292624275175,46.44470399471517],[14.425326495448099,46.44259939479537],[14.419208968363245,46.4419494283888],[14.412660249942013,46.43985091248831],[14.395816838364773,46.43614890863271],[14.384632813077484,46.43443401559202],[14.374050659030555,46.432620008625896],[14.365399882844486,46.43133221276794],[14.33138966618772,46.42732003829807],[14.319010881572552,46.42631694853451],[14.311105707072302,46.42533860863895],[14.30590446157725,46.42334472234551],[14.302931037986815,46.42188331837838],[14.296508083705358,46.42194524307008],[14.29072293327563,46.41933195993712],[14.284623372496457,46.41774039675558],[14.278972969359346,46.41564094858657],[14.268372849006736,46.41516407151335],[14.263899238891822,46.41513310532544],[14.250155015044792,46.414241271568216],[14.210557277320804,46.411280774397724],[14.195681176215784,46.41167097464205]]},"properties":{"FID":171,"FAULT_NAME":"Košuta segment 2","FAULT_DESI":"MAF.SI-052/2","FAULT_TYPE":"reverse","MINDEPTH_g":0,"MAXDEPTH_g":0,"MAXDEPTH":10,"STRIKEMIN":240,"STRIKEMAX":270,"STRIKE_BES":260,"DIPMIN":70,"DIPMAX":80,"DIP_BEST_E":75,"RAKEMIN":70,"RAKEMAX":110,"RAKE_BEST":90,"FAULT_WIDT":10.3527618041,"TOTAL_FAUL":31,"TOTAL_FA_1":32,"SEGMENTATI":"geometric","TOTAL_SEGM":19,"TOTAL_SE_1":19,"MIN_TOTAL":314.782249685,"MAX_TOTAL":329.895109468,"BEST_ESTIM":320.935615927,"MIN_TOTA_1":192.931056258,"MAX_TOTA_1":202.19377677,"BEST_EST_1":196.702474278,"SLIPRATEMI":0.1,"SLIPRATEMA":0.5,"BEST_EST_2":0.3,"ACTIVITY":"potentially","FAULT_WE_1":" ","__id":171},"id":171},{"type":"Feature","geometry":{"type":"LineString","coordinates":[[14.19384861303618,46.416247877012125],[14.188270075121796,46.416755709891746],[14.17708604983451,46.41846496629907],[14.164680315760819,46.42264498719831],[14.153891549198542,46.42518380641367],[14.148878949913158,46.42735099756503],[14.138584256757147,46.435950801002384],[14.12333984638564,46.44285318909672],[14.11079936501933,46.4546007140361],[14.107098306048758,46.46159355884203],[14.102597746475318,46.46885774023633],[14.09410866704039,46.4759539216901],[14.08838639868055,46.48403266699138],[14.085161446810561,46.48662429207287]]},"properties":{"FID":172,"FAULT_NAME":"Košuta segment 1","FAULT_DESI":"MAF.SI-052/1","FAULT_TYPE":"reverse","MINDEPTH_g":0,"MAXDEPTH_g":0,"MAXDEPTH":10,"STRIKEMIN":200,"STRIKEMAX":260,"STRIKE_BES":225,"DIPMIN":70,"DIPMAX":80,"DIP_BEST_E":75,"RAKEMIN":90,"RAKEMAX":130,"RAKE_BEST":110,"FAULT_WIDT":10.3527618041,"TOTAL_FAUL":31,"TOTAL_FA_1":32,"SEGMENTATI":"geometric","TOTAL_SEGM":12,"TOTAL_SE_1":11,"MIN_TOTAL":314.782249685,"MAX_TOTAL":329.895109468,"BEST_ESTIM":320.935615927,"MIN_TOTA_1":121.851193426,"MAX_TOTA_1":127.701332697,"BEST_EST_1":124.233141649,"SLIPRATEMI":0.1,"SLIPRATEMA":0.5,"BEST_EST_2":0.3,"ACTIVITY":"potentially","FAULT_WE_1":" ","__id":172},"id":172},{"type":"Feature","geometry":{"type":"LineString","coordinates":[[14.428865857667528,46.44999608521475],[14.41931676619734,46.44829400693295],[14.401539106724615,46.4472851136088],[14.391451026083953,46.44613383827641],[14.377661886472717,46.44403548355185],[14.363055279952933,46.443955014062354],[14.35031716922412,46.443150312630124],[14.333842066913366,46.443608374902674],[14.326170454386986,46.44154087410725],[14.31057570105467,46.43557315633711],[14.295510953739988,46.43016202572186],[14.282251820146382,46.428607928954655],[14.266333673311784,46.42740672420125],[14.251170111315847,46.429511910951355],[14.232305490349336,46.430304430779124],[14.218480418126738,46.43167893003078],[14.20760182003605,46.431053599083405],[14.203487536034782,46.43196992317396],[14.196902885002185,46.43253952227625],[14.189285171392854,46.43289861430297]]},"properties":{"FID":173,"FAULT_NAME":"Zelenica segment 1","FAULT_DESI":"MAF.SI-055/1","FAULT_TYPE":"reverse","MINDEPTH_g":0,"MAXDEPTH_g":0,"MAXDEPTH":10,"STRIKEMIN":245,"STRIKEMAX":290,"STRIKE_BES":265,"DIPMIN":75,"DIPMAX":85,"DIP_BEST_E":80,"RAKEMIN":70,"RAKEMAX":110,"RAKE_BEST":90,"FAULT_WIDT":10.1542661189,"TOTAL_FAUL":19,"TOTAL_FA_1":19,"SEGMENTATI":"not segmented","TOTAL_SEGM":19,"TOTAL_SE_1":19,"MIN_TOTAL":190.725769133,"MAX_TOTAL":196.702474278,"BEST_ESTIM":192.931056258,"MIN_TOTA_1":190.725769133,"MAX_TOTA_1":196.702474278,"BEST_EST_1":192.931056258,"SLIPRATEMI":0.1,"SLIPRATEMA":0.5,"BEST_EST_2":0.3,"ACTIVITY":"potentially","FAULT_WE_1":" ","__id":173},"id":173},{"type":"Feature","geometry":{"type":"LineString","coordinates":[[13.846344328527383,46.489988890784176],[13.8482667232354,46.49135569956205],[13.853890176913987,46.493891317184314],[13.86263078462847,46.49810883877073],[13.869718492220173,46.50230748326525],[13.875791103540822,46.50536196343077],[13.887693781055408,46.50826788848621],[13.907510616223082,46.51217518537282],[13.920895513956463,46.51591529345653],[13.927138805181093,46.51835086181091],[13.930830880998824,46.520557615009345]]},"properties":{"FID":174,"FAULT_NAME":"Srednji vrh segment 1","FAULT_DESI":"MAF.SI-048/1","FAULT_TYPE":"sinistral strike-slip","MINDEPTH_g":0,"MAXDEPTH_g":0,"MAXDEPTH":10,"STRIKEMIN":45,"STRIKEMAX":70,"STRIKE_BES":65,"DIPMIN":85,"DIPMAX":90,"DIP_BEST_E":87,"RAKEMIN":0,"RAKEMAX":30,"RAKE_BEST":15,"FAULT_WIDT":10.01372346,"TOTAL_FAUL":7,"TOTAL_FA_1":7,"SEGMENTATI":"not segmented","TOTAL_SEGM":7,"TOTAL_SE_1":7,"MIN_TOTAL":70,"MAX_TOTAL":70.267388628,"BEST_ESTIM":70.0960642199,"MIN_TOTA_1":70,"MAX_TOTA_1":70.267388628,"BEST_EST_1":70.0960642199,"SLIPRATEMI":0.1,"SLIPRATEMA":0.3,"BEST_EST_2":0.2,"ACTIVITY":"potentially","FAULT_WE_1":" ","__id":174},"id":174},{"type":"Feature","geometry":{"type":"LineString","coordinates":[[14.799762272174798,46.36732513229759],[14.803535196368099,46.36843468235916],[14.808224402151204,46.370647516579055],[14.81158410131381,46.37163923391515],[14.82105234440843,46.376132727432825],[14.825660701815965,46.37810974745132],[14.834545039975906,46.38172893405331],[14.840500870309619,46.383941229632505],[14.845450587525116,46.386041897916115],[14.856347151921486,46.39018103129065],[14.861799925696092,46.392628425061524],[14.87840079214662,46.40257796422613],[14.892998415513564,46.410147319760824],[14.89937645403081,46.41323174770302]]},"properties":{"FID":175,"FAULT_NAME":"Savinja segment 1","FAULT_DESI":"MAF.SI-070/1","FAULT_TYPE":"sinistral strike-slip","MINDEPTH_g":0,"MAXDEPTH_g":0,"MAXDEPTH":10,"STRIKEMIN":45,"STRIKEMAX":75,"STRIKE_BES":55,"DIPMIN":85,"DIPMAX":90,"DIP_BEST_E":87,"RAKEMIN":0,"RAKEMAX":20,"RAKE_BEST":10,"FAULT_WIDT":10.01372346,"TOTAL_FAUL":15,"TOTAL_FA_1":16,"SEGMENTATI":"geometric","TOTAL_SEGM":6,"TOTAL_SE_1":6,"MIN_TOTAL":150,"MAX_TOTAL":150.572975632,"BEST_ESTIM":150.2058519,"MIN_TOTA_1":60,"MAX_TOTA_1":60.2291902526,"BEST_EST_1":60.0823407599,"SLIPRATEMI":0.01,"SLIPRATEMA":0.1,"BEST_EST_2":0.05,"ACTIVITY":"potentially","FAULT_WE_1":" ","__id":175},"id":175},{"type":"Feature","geometry":{"type":"LineString","coordinates":[[14.796133078426955,46.37090784412282],[14.79303389069674,46.36990991513342],[14.789009438223886,46.368800395038555],[14.777187609084875,46.366165969334986],[14.773827909922266,46.36476502298034],[14.756580256467172,46.35612919318048],[14.751558674028942,46.35321514508473],[14.743949943572453,46.349129015968735],[14.734409835255104,46.34376512031816],[14.730816574118624,46.34137755241106],[14.729136724537321,46.34050311833856]]},"properties":{"FID":176,"FAULT_NAME":"Savinja segment 2","FAULT_DESI":"MAF.SI-070/2","FAULT_TYPE":"sinistral strike-slip","MINDEPTH_g":0,"MAXDEPTH_g":0,"MAXDEPTH":10,"STRIKEMIN":50,"STRIKEMAX":65,"STRIKE_BES":55,"DIPMIN":85,"DIPMAX":90,"DIP_BEST_E":87,"RAKEMIN":0,"RAKEMAX":20,"RAKE_BEST":10,"FAULT_WIDT":10.01372346,"TOTAL_FAUL":15,"TOTAL_FA_1":16,"SEGMENTATI":"geometric","TOTAL_SEGM":9,"TOTAL_SE_1":9,"MIN_TOTAL":150,"MAX_TOTAL":150.572975632,"BEST_ESTIM":150.2058519,"MIN_TOTA_1":90,"MAX_TOTA_1":90.3437853789,"BEST_EST_1":90.1235111398,"SLIPRATEMI":0.01,"SLIPRATEMA":0.1,"BEST_EST_2":0.05,"ACTIVITY":"potentially","FAULT_WE_1":" ","__id":176},"id":176},{"type":"Feature","geometry":{"type":"LineString","coordinates":[[14.871681393821405,45.994700423029784],[14.877987567115925,45.985001338972765],[14.881580828252403,45.97849064018918],[14.884724931746822,45.97205409630452],[14.88673715798325,45.96736512442871],[14.899789679061506,45.94987944005262],[14.915617994367691,45.931301102269465],[14.935380930618322,45.90679741766336],[14.947112928228922,45.89389442068007],[14.962186658696448,45.87696719475143],[14.966399757378968,45.87146332844778],[14.968268253169937,45.868279593317794],[14.973038307328611,45.85631237266095],[14.97505053356504,45.85076266179963],[14.978221586517982,45.84589447753758]]},"properties":{"FID":177,"FAULT_NAME":"Toplice segment 2","FAULT_DESI":"MAF.SI-051/2","FAULT_TYPE":"dextral strike-slip","MINDEPTH_g":0,"MAXDEPTH_g":0,"MAXDEPTH":15,"STRIKEMIN":330,"STRIKEMAX":345,"STRIKE_BES":335,"DIPMIN":85,"DIPMAX":90,"DIP_BEST_E":87,"RAKEMIN":170,"RAKEMAX":180,"RAKE_BEST":175,"FAULT_WIDT":15.02058519,"TOTAL_FAUL":37,"TOTAL_FA_1":35,"SEGMENTATI":"geometric","TOTAL_SEGM":19,"TOTAL_SE_1":18,"MIN_TOTAL":555,"MAX_TOTAL":557.120009837,"BEST_ESTIM":555.761652029,"MIN_TOTA_1":285,"MAX_TOTA_1":286.0886537,"BEST_EST_1":285.391118609,"SLIPRATEMI":0.01,"SLIPRATEMA":0.1,"BEST_EST_2":0.05,"ACTIVITY":"active","FAULT_WE_1":" ","__id":177},"id":177},{"type":"Feature","geometry":{"type":"LineString","coordinates":[[14.602016128681568,46.14246623025978],[14.608448066115864,46.13343426905829],[14.621743132320832,46.116412061567516],[14.627546249056245,46.10947465754212],[14.640634702745865,46.099509174183815],[14.647533764127903,46.09270669747853]]},"properties":{"FID":178,"FAULT_NAME":"Stična segment 1","FAULT_DESI":"MAF.SI-050/1","FAULT_TYPE":"dextral strike-slip","MINDEPTH_g":0,"MAXDEPTH_g":0,"MAXDEPTH":15,"STRIKEMIN":140,"STRIKEMAX":155,"STRIKE_BES":150,"DIPMIN":80,"DIPMAX":90,"DIP_BEST_E":85,"RAKEMIN":160,"RAKEMAX":180,"RAKE_BEST":170,"FAULT_WIDT":15.0572975632,"TOTAL_FAUL":26,"TOTAL_FA_1":26,"SEGMENTATI":"geometric","TOTAL_SEGM":7,"TOTAL_SE_1":7,"MIN_TOTAL":390,"MAX_TOTAL":396.016378635,"BEST_ESTIM":391.489736642,"MIN_TOTA_1":105,"MAX_TOTA_1":106.619794248,"BEST_EST_1":105.401082942,"SLIPRATEMI":0.01,"SLIPRATEMA":0.1,"BEST_EST_2":0.05,"ACTIVITY":"probably","FAULT_WE_1":" ","__id":178},"id":178},{"type":"Feature","geometry":{"type":"LineString","coordinates":[[14.66111629122379,46.076911998609624],[14.677061387516911,46.05969779428734],[14.688640671529212,46.04529656382621],[14.700525382738114,46.02963174279661],[14.703867115595038,46.02626996249099],[14.710397867710588,46.020911897469006],[14.715563180594275,46.01744977488702],[14.724052260029204,46.01241527474179],[14.732550322616973,46.00642568137267],[14.741650256445105,45.9993933206609],[14.751801219155656,45.99477531281892],[14.757703150572322,45.99299665294745],[14.761637771516765,45.9916360955818],[14.76587781965781,45.989645127963094],[14.771483307030714,45.986181048088326],[14.779657976116201,45.98240464198308],[14.789503511630153,45.97631191326392],[14.799052603100343,45.97018729620622],[14.80600556339943,45.96642853122098],[14.810856465933673,45.96361865658286],[14.814018535733775,45.96092728747277]]},"properties":{"FID":179,"FAULT_NAME":"Stična segment 2","FAULT_DESI":"MAF.SI-050/2","FAULT_TYPE":"dextral strike-slip","MINDEPTH_g":0,"MAXDEPTH_g":0,"MAXDEPTH":15,"STRIKEMIN":125,"STRIKEMAX":145,"STRIKE_BES":140,"DIPMIN":80,"DIPMAX":90,"DIP_BEST_E":85,"RAKEMIN":160,"RAKEMAX":180,"RAKE_BEST":170,"FAULT_WIDT":15.0572975632,"TOTAL_FAUL":26,"TOTAL_FA_1":26,"SEGMENTATI":"geometric","TOTAL_SEGM":18,"TOTAL_SE_1":17,"MIN_TOTAL":390,"MAX_TOTAL":396.016378635,"BEST_ESTIM":391.489736642,"MIN_TOTA_1":270,"MAX_TOTA_1":274.165185209,"BEST_EST_1":271.031356137,"SLIPRATEMI":0.01,"SLIPRATEMA":0.1,"BEST_EST_2":0.05,"ACTIVITY":"probably","FAULT_WE_1":" ","__id":179},"id":179},{"type":"Feature","geometry":{"type":"LineString","coordinates":[[15.813277508329806,46.28046865296396],[15.858426834509654,46.28805493403667],[15.867499818879262,46.28884330069334],[15.874219217204473,46.29008479998281],[15.891646533716393,46.29356084828858],[15.917050889951295,46.298867603630455],[15.95143839902739,46.306842286208465],[15.989509000768376,46.31890450078836],[16.02246818854272,46.32858833609379]]},"properties":{"FID":180,"FAULT_NAME":"Donat segment 3","FAULT_DESI":"MAF.SI-086/3","FAULT_TYPE":"dextral strike-slip","MINDEPTH_g":0,"MAXDEPTH_g":0,"MAXDEPTH":15,"STRIKEMIN":245,"STRIKEMAX":260,"STRIKE_BES":250,"DIPMIN":75,"DIPMAX":90,"DIP_BEST_E":85,"RAKEMIN":160,"RAKEMAX":180,"RAKE_BEST":170,"FAULT_WIDT":15.0572975632,"TOTAL_FAUL":68,"TOTAL_FA_1":52,"SEGMENTATI":"geometric","TOTAL_SEGM":17,"TOTAL_SE_1":17,"MIN_TOTAL":1020,"MAX_TOTAL":1055.98170402,"BEST_ESTIM":1023.89623429,"MIN_TOTA_1":255,"MAX_TOTA_1":263.995426005,"BEST_EST_1":255.974058574,"SLIPRATEMI":0.3,"SLIPRATEMA":1,"BEST_EST_2":0.65,"ACTIVITY":"potentially","FAULT_WE_1":" ","__id":180},"id":180},{"type":"Feature","geometry":{"type":"LineString","coordinates":[[16.027929945470166,46.330325165601046],[16.052570733713562,46.337327750779735],[16.068731425674873,46.34267987510431],[16.18384154618195,46.38677308501981],[16.269100649797732,46.42316514515556]]},"properties":{"FID":181,"FAULT_NAME":"Donat segment 4","FAULT_DESI":"MAF.SI-086/4","FAULT_TYPE":"dextral strike-slip","MINDEPTH_g":0,"MAXDEPTH_g":0,"MAXDEPTH":15,"STRIKEMIN":235,"STRIKEMAX":245,"STRIKE_BES":240,"DIPMIN":75,"DIPMAX":90,"DIP_BEST_E":85,"RAKEMIN":160,"RAKEMAX":180,"RAKE_BEST":170,"FAULT_WIDT":15.0572975632,"TOTAL_FAUL":68,"TOTAL_FA_1":52,"SEGMENTATI":"geometric","TOTAL_SEGM":21,"TOTAL_SE_1":21,"MIN_TOTAL":1020,"MAX_TOTAL":1055.98170402,"BEST_ESTIM":1023.89623429,"MIN_TOTA_1":315,"MAX_TOTA_1":326.111996829,"BEST_EST_1":316.203248826,"SLIPRATEMI":0.3,"SLIPRATEMA":1,"BEST_EST_2":0.65,"ACTIVITY":"potentially","FAULT_WE_1":" ","__id":181},"id":181},{"type":"Feature","geometry":{"type":"LineString","coordinates":[[15.609836045935259,46.299891655111594],[15.613222694556388,46.30011508198043],[15.628745582665973,46.30253548128738],[15.644160672941466,46.30801511818473],[15.662872580309674,46.31610635348418],[15.678889541825527,46.32201890002597],[15.72252071517521,46.331596737948324],[15.759908597300265,46.33964107389721],[15.776069289261576,46.342413211554714],[15.792391677974026,46.34409999163479],[15.824865775494947,46.34711374117917],[15.862612983733651,46.35428158071318],[15.874767189527788,46.35562699597378],[15.890829066807845,46.36162826060674],[15.901662749134326,46.36658748598558],[15.913861870692669,46.369854129744965],[15.940775396604888,46.371316927756084]]},"properties":{"FID":182,"FAULT_NAME":"Haloze south segment 1","FAULT_DESI":"MAF.SI-087/1","FAULT_TYPE":"reverse","MINDEPTH_g":0,"MAXDEPTH_g":0,"MAXDEPTH":10,"STRIKEMIN":55,"STRIKEMAX":85,"STRIKE_BES":70,"DIPMIN":55,"DIPMAX":70,"DIP_BEST_E":65,"RAKEMIN":70,"RAKEMAX":110,"RAKE_BEST":90,"FAULT_WIDT":11.0337791896,"TOTAL_FAUL":35,"TOTAL_FA_1":35,"SEGMENTATI":"geometric","TOTAL_SEGM":27,"TOTAL_SE_1":27,"MIN_TOTAL":372.462220367,"MAX_TOTAL":427.271106067,"BEST_ESTIM":386.182271637,"MIN_TOTA_1":287.327998568,"MAX_TOTA_1":329.609138966,"BEST_EST_1":297.91203812,"SLIPRATEMI":0.01,"SLIPRATEMA":0.1,"BEST_EST_2":0.05,"ACTIVITY":"potentially","FAULT_WE_1":" ","__id":182},"id":182},{"type":"Feature","geometry":{"type":"LineString","coordinates":[[15.490755371872373,46.32141712753693],[15.50862286287351,46.32278196283955],[15.517821611382894,46.32405991411996],[15.532392285291316,46.32519515648084],[15.54175273055184,46.325269597779815],[15.552496581349908,46.324618232979134],[15.56602520952875,46.32563559935971],[15.589102929177779,46.3278005416725],[15.622942465930564,46.33074075591295],[15.632671220457576,46.33237207243183],[15.648149192802958,46.336484262775265],[15.666277195236487,46.34442865963614],[15.685788603207563,46.351634053967054],[15.712091274726584,46.36084094217154],[15.720966629733685,46.36246516146406],[15.729815035282261,46.36301068993576],[15.762073537134993,46.36244036458591],[15.785151256784024,46.36288670667052],[15.807034217105175,46.36453566108389],[15.82248523999203,46.365384915179405],[15.844143621492153,46.36402734209762],[15.866637436206506,46.36037598501131]]},"properties":{"FID":183,"FAULT_NAME":"Haloze north segment 1","FAULT_DESI":"MAF.SI-081/1","FAULT_TYPE":"reverse","MINDEPTH_g":0,"MAXDEPTH_g":0,"MAXDEPTH":10,"STRIKEMIN":55,"STRIKEMAX":105,"STRIKE_BES":80,"DIPMIN":40,"DIPMAX":60,"DIP_BEST_E":50,"RAKEMIN":90,"RAKEMAX":110,"RAKE_BEST":100,"FAULT_WIDT":13.0540728933,"TOTAL_FAUL":30,"TOTAL_FA_1":29,"SEGMENTATI":"not segmented","TOTAL_SEGM":30,"TOTAL_SE_1":29,"MIN_TOTAL":346.410161514,"MAX_TOTAL":466.717148058,"BEST_ESTIM":391.6221868,"MIN_TOTA_1":346.410161514,"MAX_TOTA_1":466.717148058,"BEST_EST_1":391.6221868,"SLIPRATEMI":0.01,"SLIPRATEMA":0.1,"BEST_EST_2":0.05,"ACTIVITY":"potentially","FAULT_WE_1":" ","__id":183},"id":183},{"type":"Feature","geometry":{"type":"LineString","coordinates":[[15.114531947730278,46.50253008275908],[15.082911249729271,46.52879660446322],[15.0578841859137,46.54670421485261],[15.042379264109798,46.55863934084447],[15.031527615477632,46.56919467397777],[15.01157603301734,46.5863295909205],[14.990977663552478,46.60655108589384],[14.971205744149009,46.62413690798474],[14.952314173723973,46.64023064143178],[14.94206439633217,46.64703927393309],[14.933961592469412,46.653347595136125]]},"properties":{"FID":184,"FAULT_NAME":"Labot segment 5","FAULT_DESI":"MAF.SI-080/5","FAULT_TYPE":"dextral strike-slip","MINDEPTH_g":0,"MAXDEPTH_g":0,"MAXDEPTH":15,"STRIKEMIN":320,"STRIKEMAX":320,"STRIKE_BES":320,"DIPMIN":80,"DIPMAX":90,"DIP_BEST_E":85,"RAKEMIN":160,"RAKEMAX":180,"RAKE_BEST":170,"FAULT_WIDT":15.0572975632,"TOTAL_FAUL":201,"TOTAL_FA_1":157,"SEGMENTATI":"geometric","TOTAL_SEGM":22,"TOTAL_SE_1":22,"MIN_TOTAL":3015,"MAX_TOTAL":3061.51123484,"BEST_ESTIM":3026.51681019,"MIN_TOTA_1":330,"MAX_TOTA_1":335.090781922,"BEST_EST_1":331.260546389,"SLIPRATEMI":0.5,"SLIPRATEMA":1,"BEST_EST_2":0.75,"ACTIVITY":"active","FAULT_WE_1":" ","__id":184},"id":184},{"type":"Feature","geometry":{"type":"LineString","coordinates":[[15.305953951623307,46.39505712253344],[15.288302056290357,46.40091157387773],[15.272186280093253,46.40656718266599],[15.25238741123126,46.41518265121764],[15.213580190957297,46.43490453313406],[15.180585070571587,46.45098636083068],[15.161774348522123,46.463066273610366],[15.136217278688921,46.482115156080894],[15.114073806935377,46.49976607444483]]},"properties":{"FID":185,"FAULT_NAME":"Labot segment 6","FAULT_DESI":"MAF.SI-080/6","FAULT_TYPE":"dextral strike-slip","MINDEPTH_g":0,"MAXDEPTH_g":0,"MAXDEPTH":15,"STRIKEMIN":295,"STRIKEMAX":320,"STRIKE_BES":310,"DIPMIN":80,"DIPMAX":90,"DIP_BEST_E":85,"RAKEMIN":160,"RAKEMAX":180,"RAKE_BEST":170,"FAULT_WIDT":15.0572975632,"TOTAL_FAUL":201,"TOTAL_FA_1":157,"SEGMENTATI":"geometric","TOTAL_SEGM":19,"TOTAL_SE_1":19,"MIN_TOTAL":3015,"MAX_TOTAL":3061.51123484,"BEST_ESTIM":3026.51681019,"MIN_TOTA_1":285,"MAX_TOTA_1":289.396584387,"BEST_EST_1":286.0886537,"SLIPRATEMI":0.5,"SLIPRATEMA":1,"BEST_EST_2":0.75,"ACTIVITY":"active","FAULT_WE_1":" ","__id":185},"id":185},{"type":"Feature","geometry":{"type":"LineString","coordinates":[[15.442596689490728,46.33434447380878],[15.41419196020687,46.34183646966173],[15.394231394593731,46.34929023474212],[15.37849291081596,46.357635757109556],[15.35159735120942,46.36817434302764],[15.331726617124696,46.37812214233536],[15.314766424560519,46.386810263763415],[15.300213716957781,46.394858865566796]]},"properties":{"FID":186,"FAULT_NAME":"Labot segment 7","FAULT_DESI":"MAF.SI-080/7","FAULT_TYPE":"dextral strike-slip","MINDEPTH_g":0,"MAXDEPTH_g":0,"MAXDEPTH":15,"STRIKEMIN":300,"STRIKEMAX":305,"STRIKE_BES":300,"DIPMIN":80,"DIPMAX":90,"DIP_BEST_E":85,"RAKEMIN":160,"RAKEMAX":180,"RAKE_BEST":170,"FAULT_WIDT":15.0572975632,"TOTAL_FAUL":201,"TOTAL_FA_1":157,"SEGMENTATI":"geometric","TOTAL_SEGM":13,"TOTAL_SE_1":13,"MIN_TOTAL":3015,"MAX_TOTAL":3061.51123484,"BEST_ESTIM":3026.51681019,"MIN_TOTA_1":195,"MAX_TOTA_1":198.008189318,"BEST_EST_1":195.744868321,"SLIPRATEMI":0.5,"SLIPRATEMA":1,"BEST_EST_2":0.75,"ACTIVITY":"active","FAULT_WE_1":" ","__id":186},"id":186},{"type":"Feature","geometry":{"type":"LineString","coordinates":[[14.933692097884178,45.65963341994742],[14.961863265194165,45.630638085106156],[14.987276604581906,45.605920233427085],[15.00488358415065,45.58679946746514],[15.023918885021143,45.57299854986818],[15.044373524040543,45.558470913873755],[15.075230654050047,45.52668569185886],[15.089720479582898,45.5094265690965],[15.09725734481666,45.49518475208484]]},"properties":{"FID":187,"FAULT_NAME":"Dobrepolje segment 3","FAULT_DESI":"MAF.SI-043/3","FAULT_TYPE":"dextral strike-slip","MINDEPTH_g":0,"MAXDEPTH_g":0,"MAXDEPTH":15,"STRIKEMIN":315,"STRIKEMAX":340,"STRIKE_BES":325,"DIPMIN":70,"DIPMAX":85,"DIP_BEST_E":80,"RAKEMIN":160,"RAKEMAX":180,"RAKE_BEST":170,"FAULT_WIDT":15.2313991783,"TOTAL_FAUL":64,"TOTAL_FA_1":65,"SEGMENTATI":"geometric","TOTAL_SEGM":23,"TOTAL_SE_1":22,"MIN_TOTAL":963.667044042,"MAX_TOTAL":1021.61066158,"BEST_ESTIM":974.80954741,"MIN_TOTA_1":346.317843952,"MAX_TOTA_1":367.141331504,"BEST_EST_1":350.322181101,"SLIPRATEMI":0.05,"SLIPRATEMA":0.85,"BEST_EST_2":0.45,"ACTIVITY":"probably","FAULT_WE_1":" ","__id":187},"id":187},{"type":"Feature","geometry":{"type":"LineString","coordinates":[[15.15129999230929,45.84477435942826],[15.14039444476008,45.85342809374418],[15.13696288037474,45.858458279222205],[15.130072802145547,45.864094799645436],[15.101910617988398,45.87758634559993],[15.070280936834548,45.89408823787285],[15.059716749093305,45.90133401462362]]},"properties":{"FID":188,"FAULT_NAME":"Trebnje segment 2","FAULT_DESI":"MAF.SI-058/2","FAULT_TYPE":"dextral strike-slip","MINDEPTH_g":0,"MAXDEPTH_g":0,"MAXDEPTH":15,"STRIKEMIN":125,"STRIKEMAX":155,"STRIKE_BES":130,"DIPMIN":75,"DIPMAX":80,"DIP_BEST_E":77,"RAKEMIN":160,"RAKEMAX":180,"RAKE_BEST":170,"FAULT_WIDT":15.3945616169,"TOTAL_FAUL":17,"TOTAL_FA_1":19,"SEGMENTATI":"geometric","TOTAL_SEGM":10,"TOTAL_SE_1":9,"MIN_TOTAL":258.933786031,"MAX_TOTAL":263.995426005,"BEST_ESTIM":261.707547487,"MIN_TOTA_1":152.313991783,"MAX_TOTA_1":155.291427062,"BEST_EST_1":153.945616169,"SLIPRATEMI":0.01,"SLIPRATEMA":0.1,"BEST_EST_2":0.05,"ACTIVITY":"potentially","FAULT_WE_1":" ","__id":188},"id":188},{"type":"Feature","geometry":{"type":"LineString","coordinates":[[15.038696171444908,45.9157414853835],[15.025976027021775,45.92445290898099],[14.99430143010372,45.95379546384365],[14.981329757401035,45.96363738955235]]},"properties":{"FID":189,"FAULT_NAME":"Trebnje segment 1","FAULT_DESI":"MAF.SI-058/1","FAULT_TYPE":"dextral strike-slip","MINDEPTH_g":0,"MAXDEPTH_g":0,"MAXDEPTH":15,"STRIKEMIN":135,"STRIKEMAX":145,"STRIKE_BES":140,"DIPMIN":80,"DIPMAX":85,"DIP_BEST_E":82,"RAKEMIN":160,"RAKEMAX":180,"RAKE_BEST":170,"FAULT_WIDT":15.1474135878,"TOTAL_FAUL":17,"TOTAL_FA_1":19,"SEGMENTATI":"geometric","TOTAL_SEGM":7,"TOTAL_SE_1":7,"MIN_TOTAL":255.974058574,"MAX_TOTAL":258.933786031,"BEST_ESTIM":257.506030992,"MIN_TOTA_1":105.401082942,"MAX_TOTA_1":106.619794248,"BEST_EST_1":106.031895114,"SLIPRATEMI":0.01,"SLIPRATEMA":0.1,"BEST_EST_2":0.05,"ACTIVITY":"potentially","FAULT_WE_1":" ","__id":189},"id":189},{"type":"Feature","geometry":{"type":"LineString","coordinates":[[15.447465558330654,45.81722111722232],[15.453187826690495,45.825290709707815],[15.464066424781183,45.830924332241075],[15.473714330932628,45.8362194175378],[15.47718182792933,45.83878541238316],[15.488060426020017,45.84407349193367],[15.495965600520268,45.84696451343789],[15.504131286452916,45.85088780230745],[15.511784932673613,45.853778469664235],[15.522178440510876,45.85837694899651],[15.53161075099413,45.865908874448905],[15.540288476638723,45.87206377671504],[15.556404252835828,45.882651866138545]]},"properties":{"FID":190,"FAULT_NAME":"Poštena vas segment 1","FAULT_DESI":"MAF.SI-068/1","FAULT_TYPE":"sinistral transpressive","MINDEPTH_g":0,"MAXDEPTH_g":0,"MAXDEPTH":10,"STRIKEMIN":25,"STRIKEMAX":60,"STRIKE_BES":50,"DIPMIN":50,"DIPMAX":70,"DIP_BEST_E":60,"RAKEMIN":20,"RAKEMAX":70,"RAKE_BEST":45,"FAULT_WIDT":11.5470053838,"TOTAL_FAUL":11,"TOTAL_FA_1":11,"SEGMENTATI":"not segmented","TOTAL_SEGM":11,"TOTAL_SE_1":11,"MIN_TOTAL":117.059554972,"MAX_TOTAL":143.594801827,"BEST_ESTIM":127.017059222,"MIN_TOTA_1":117.059554972,"MAX_TOTA_1":143.594801827,"BEST_EST_1":127.017059222,"SLIPRATEMI":0.05,"SLIPRATEMA":0.1,"BEST_EST_2":0.08,"ACTIVITY":"potentially","FAULT_WE_1":" ","__id":190},"id":190},{"type":"Feature","geometry":{"type":"LineString","coordinates":[[15.876761449458535,46.288005272765005],[15.859361082405137,46.28404464137695],[15.836022851323714,46.27820870659636],[15.799380570884477,46.270031143874796],[15.783085131630548,46.26592016935013],[15.76956548660455,46.261535618111914],[15.757123819919494,46.25586499152028],[15.749901365035173,46.25361024210921],[15.743442478142354,46.25262880707246],[15.711902628516919,46.25231822270622],[15.69199596182083,46.252697135397],[15.669484180800795,46.25167841336819]]},"properties":{"FID":191,"FAULT_NAME":"Donat segment 2","FAULT_DESI":"MAF.SI-086/2","FAULT_TYPE":"dextral strike-slip","MINDEPTH_g":0,"MAXDEPTH_g":0,"MAXDEPTH":15,"STRIKEMIN":235,"STRIKEMAX":265,"STRIKE_BES":255,"DIPMIN":75,"DIPMAX":90,"DIP_BEST_E":85,"RAKEMIN":160,"RAKEMAX":180,"RAKE_BEST":170,"FAULT_WIDT":15.0572975632,"TOTAL_FAUL":68,"TOTAL_FA_1":52,"SEGMENTATI":"geometric","TOTAL_SEGM":17,"TOTAL_SE_1":16,"MIN_TOTAL":1020,"MAX_TOTAL":1055.98170402,"BEST_ESTIM":1023.89623429,"MIN_TOTA_1":255,"MAX_TOTA_1":263.995426005,"BEST_EST_1":255.974058574,"SLIPRATEMI":0.3,"SLIPRATEMA":1,"BEST_EST_2":0.65,"ACTIVITY":"potentially","FAULT_WE_1":" ","__id":191},"id":191},{"type":"Feature","geometry":{"type":"LineString","coordinates":[[15.534745871335707,46.2942001688671],[15.555038813603966,46.29638497509078],[15.570121527224336,46.29715460197623],[15.588501057937421,46.29850142299763],[15.595436051930823,46.298582107076236],[15.604607850981683,46.29793663111855],[15.609279090459106,46.29730976737676],[15.61412999299335,46.29704288261561],[15.614839662067805,46.29711736221469],[15.628305408176756,46.29536706485437],[15.635617694589488,46.29359809046874],[15.638627050791287,46.293132561396376],[15.642956930460745,46.292784963775254],[15.647933597134767,46.29280358513232],[15.655937586316272,46.293442914550965],[15.660923236143134,46.29364153964692]]},"properties":{"FID":192,"FAULT_NAME":"Dravinja segment 1","FAULT_DESI":"MAF.SI-082/1","FAULT_TYPE":"reverse","MINDEPTH_g":0,"MAXDEPTH_g":0,"MAXDEPTH":10,"STRIKEMIN":80,"STRIKEMAX":110,"STRIKE_BES":90,"DIPMIN":75,"DIPMAX":85,"DIP_BEST_E":80,"RAKEMIN":70,"RAKEMAX":110,"RAKE_BEST":90,"FAULT_WIDT":10.1542661189,"TOTAL_FAUL":10,"TOTAL_FA_1":10,"SEGMENTATI":"not segmented","TOTAL_SEGM":10,"TOTAL_SE_1":10,"MIN_TOTAL":100.381983754,"MAX_TOTAL":103.527618041,"BEST_ESTIM":101.542661189,"MIN_TOTA_1":100.381983754,"MAX_TOTA_1":103.527618041,"BEST_EST_1":101.542661189,"SLIPRATEMI":0.01,"SLIPRATEMA":0.1,"BEST_EST_2":0.05,"ACTIVITY":"potentially","FAULT_WE_1":" ","__id":192},"id":192},{"type":"Feature","geometry":{"type":"LineString","coordinates":[[15.95257027628538,46.35903688628275],[15.987011684278523,46.367027595488],[16.00663089008369,46.37538280456332],[16.023635998412075,46.38183428349465],[16.048743910603214,46.39340908960761]]},"properties":{"FID":193,"FAULT_NAME":"Haloze south segment 2","FAULT_DESI":"MAF.SI-087/2","FAULT_TYPE":"reverse","MINDEPTH_g":0,"MAXDEPTH_g":0,"MAXDEPTH":10,"STRIKEMIN":60,"STRIKEMAX":70,"STRIKE_BES":65,"DIPMIN":65,"DIPMAX":80,"DIP_BEST_E":75,"RAKEMIN":70,"RAKEMAX":110,"RAKE_BEST":90,"FAULT_WIDT":10.3527618041,"TOTAL_FAUL":35,"TOTAL_FA_1":35,"SEGMENTATI":"geometric","TOTAL_SEGM":8,"TOTAL_SE_1":8,"MIN_TOTAL":355.39931416,"MAX_TOTAL":386.182271637,"BEST_ESTIM":362.346663144,"MIN_TOTA_1":81.2341289509,"MAX_TOTA_1":88.270233517,"BEST_EST_1":82.8220944328,"SLIPRATEMI":0.01,"SLIPRATEMA":0.1,"BEST_EST_2":0.05,"ACTIVITY":"potentially","FAULT_WE_1":" ","__id":193},"id":193},{"type":"Feature","geometry":{"type":"LineString","coordinates":[[16.047908477388983,46.47276168253897],[16.06853379631237,46.47798918571667],[16.104969464236255,46.48895603059759],[16.119099963655458,46.492005076311614],[16.135539133354843,46.49455303208762],[16.14248311050109,46.494924083650275],[16.16090755697838,46.49642063258795],[16.174795511270865,46.4991724435915],[16.18723717795592,46.50300619528361],[16.198582899994353,46.507606340481935],[16.232215824231787,46.51881447286061],[16.245124614864583,46.521095381618494],[16.26019834533211,46.52409317839014],[16.269954049317647,46.52479161037315],[16.27906296629862,46.52567545390473],[16.283231149216935,46.52634296256503],[16.287300517453996,46.5279993375135],[16.31130350184567,46.532745684477064],[16.327670806322327,46.53820223487849],[16.34062451271933,46.54181697481668],[16.35302126364018,46.54426991766882],[16.37565880879999,46.55063345917238],[16.394074272124442,46.55444504859132],[16.413388050733012,46.557700440550775],[16.42173339972248,46.55894200918691],[16.471518032768387,46.56797186754225]]},"properties":{"FID":194,"FAULT_NAME":"Ljutomer segment 1","FAULT_DESI":"MAF.SI-089/1","FAULT_TYPE":"reverse","MINDEPTH_g":0,"MAXDEPTH_g":0,"MAXDEPTH":10,"STRIKEMIN":60,"STRIKEMAX":80,"STRIKE_BES":70,"DIPMIN":60,"DIPMAX":80,"DIP_BEST_E":70,"RAKEMIN":80,"RAKEMAX":100,"RAKE_BEST":90,"FAULT_WIDT":10.6417777248,"TOTAL_FAUL":34,"TOTAL_FA_1":34,"SEGMENTATI":"not segmented","TOTAL_SEGM":34,"TOTAL_SE_1":34,"MIN_TOTAL":345.245048041,"MAX_TOTAL":392.598183049,"BEST_ESTIM":361.820442642,"MIN_TOTA_1":345.245048041,"MAX_TOTA_1":392.598183049,"BEST_EST_1":361.820442642,"SLIPRATEMI":0.015,"SLIPRATEMA":0.025,"BEST_EST_2":0.025,"ACTIVITY":"probably","FAULT_WE_1":" ","__id":194},"id":194},{"type":"Feature","geometry":{"type":"LineString","coordinates":[[14.848810286687725,46.470948951761905],[14.879613517780182,46.458883164519],[14.91328237462898,46.44690754749839]]},"properties":{"FID":195,"FAULT_NAME":"Javornik segment 1","FAULT_DESI":"MAF.SI-077/1","FAULT_TYPE":"dextral strike-slip","MINDEPTH_g":0,"MAXDEPTH_g":0,"MAXDEPTH":10,"STRIKEMIN":115,"STRIKEMAX":120,"STRIKE_BES":120,"DIPMIN":80,"DIPMAX":100,"DIP_BEST_E":90,"RAKEMIN":-170,"RAKEMAX":170,"RAKE_BEST":180,"FAULT_WIDT":10,"TOTAL_FAUL":6,"TOTAL_FA_1":6,"SEGMENTATI":"not segmented","TOTAL_SEGM":6,"TOTAL_SE_1":6,"MIN_TOTAL":60.9255967131,"MAX_TOTAL":60.9255967131,"BEST_ESTIM":60,"MIN_TOTA_1":60.9255967131,"MAX_TOTA_1":60.9255967131,"BEST_EST_1":60,"SLIPRATEMI":0.01,"SLIPRATEMA":0.1,"BEST_EST_2":0.05,"ACTIVITY":"potentially","FAULT_WE_1":" ","__id":195},"id":195},{"type":"Feature","geometry":{"type":"LineString","coordinates":[[15.044014197926895,46.47338653478628],[15.04232536519275,46.47790876639421],[15.041094673253507,46.48056254128109],[15.039558554117663,46.482906910713055],[15.033944083591916,46.48907354262557],[15.031554564936158,46.49210402827842],[15.030404721372484,46.494602505775575],[15.029865732202014,46.497583212428054],[15.02878775386107,46.50071834373451],[15.026946207528624,46.50300619528361],[15.02607484170303,46.50445305710688],[15.024637537248438,46.505615465205366],[15.021340720155719,46.507488868499216],[15.018681706914725,46.50844718515667],[15.016031676826573,46.508886150370586],[15.013201983681595,46.50908399268834],[15.00863854203827,46.50912727059935],[15.006213090771148,46.508688307332704],[15.003787639504022,46.50732811695356],[15.001991008935784,46.506889139157295],[14.997840792323151,46.5050960944459],[14.994202615422466,46.503340089891374],[14.992693445745147,46.50314222666765],[14.98438402936704,46.503618333831355],[14.980682970396467,46.5040573380407],[14.977332254386704,46.504218099258736],[14.974098319363874,46.5041748174391],[14.97144828927572,46.503896576347266],[14.968151472183001,46.50337718916565],[14.964109053404465,46.503537952394964],[14.961396141246421,46.50393367524179],[14.95949171284409,46.50481167502253],[14.958045425236657,46.50608536780728],[14.956365575655353,46.508236975207396],[14.954227585279149,46.510073193475385],[14.95220637588988,46.511309669142705],[14.95001448659663,46.512342104774625],[14.944121538332805,46.51473455986514],[14.94018691738836,46.51660764886567],[14.938048927012156,46.51696618659278],[14.93649484157063,46.516922914923654],[14.934527531098409,46.51656437691104],[14.931985298844351,46.515606203372215],[14.928984925795392,46.51412872848285],[14.925463529881643,46.51268830634404],[14.923325539505436,46.512811949227235],[14.922112813871877,46.513603257018644],[14.920720425181491,46.51480256092525],[14.918878878849046,46.51603892899798],[14.917252928184789,46.51703418486036],[14.915231718795521,46.517868702123046],[14.9128062675284,46.518542488191045],[14.909859793396487,46.51878356558037],[14.905736526242377,46.51936461950748],[14.901074269917796,46.52059470253258],[14.895594546684668,46.521249911268804],[14.89094127351293,46.52133644768099],[14.886422747633809,46.52180621437073],[14.881760491309228,46.52397574204213],[14.87764620730796,46.52605247369315],[14.874502103813542,46.52604011243009],[14.871896989489596,46.525279889346635],[14.866695743994542,46.52281990759866],[14.86259942629896,46.52007547490348],[14.859868547835235,46.51553202149039],[14.857272416664129,46.51486437999694],[14.851523198845765,46.51485819809294],[14.848918084521818,46.51514256494938],[14.84494753096601,46.51636656182246],[14.841381219288055,46.51654583177707],[14.836188956945843,46.51530947523728],[14.832766375713348,46.51351052623282],[14.830035497249625,46.51133439836912],[14.827987338401835,46.51019684230794],[14.825247476785268,46.50972079275935]]},"properties":{"FID":196,"FAULT_NAME":"Northern Karavanke segment 4","FAULT_DESI":"MAF.SI-078/4","FAULT_TYPE":"thrust","MINDEPTH_g":0,"MAXDEPTH_g":0,"MAXDEPTH":10,"STRIKEMIN":20,"STRIKEMAX":170,"STRIKE_BES":105,"DIPMIN":20,"DIPMAX":50,"DIP_BEST_E":30,"RAKEMIN":80,"RAKEMAX":100,"RAKE_BEST":90,"FAULT_WIDT":20,"TOTAL_FAUL":92,"TOTAL_FA_1":72,"SEGMENTATI":"geometric","TOTAL_SEGM":22,"TOTAL_SE_1":17,"MIN_TOTAL":1200.97470619,"MAX_TOTAL":2689.90004815,"BEST_ESTIM":1840,"MIN_TOTA_1":287.189603653,"MAX_TOTA_1":643.236968036,"BEST_EST_1":440,"SLIPRATEMI":0.19,"SLIPRATEMA":0.36,"BEST_EST_2":0.3,"ACTIVITY":"potentially","FAULT_WE_1":" ","__id":196},"id":196},{"type":"Feature","geometry":{"type":"LineString","coordinates":[[14.770674823275009,46.229392241772665],[14.776918114499638,46.227242051503],[14.784913120528303,46.22522850216841],[14.809068818518275,46.22459459172176],[14.841012910021567,46.225452233519576],[14.855619516541351,46.22614828078085],[14.871977837865165,46.22914366916871],[14.886189185659937,46.232940492963934],[14.89846017244101,46.23741431809151],[14.912087615301102,46.243645997107336]]},"properties":{"FID":197,"FAULT_NAME":"Menina segment 1","FAULT_DESI":"MAF.SI-062/1","FAULT_TYPE":"reverse","MINDEPTH_g":0,"MAXDEPTH_g":0,"MAXDEPTH":10,"STRIKEMIN":235,"STRIKEMAX":290,"STRIKE_BES":260,"DIPMIN":60,"DIPMAX":80,"DIP_BEST_E":70,"RAKEMIN":80,"RAKEMAX":100,"RAKE_BEST":90,"FAULT_WIDT":10.6417777248,"TOTAL_FAUL":11,"TOTAL_FA_1":11,"SEGMENTATI":"not segmented","TOTAL_SEGM":11,"TOTAL_SE_1":11,"MIN_TOTAL":111.696927307,"MAX_TOTAL":127.017059222,"BEST_ESTIM":117.059554972,"MIN_TOTA_1":111.696927307,"MAX_TOTA_1":127.017059222,"BEST_EST_1":117.059554972,"SLIPRATEMI":0.01,"SLIPRATEMA":0.5,"BEST_EST_2":0.3,"ACTIVITY":"potentially","FAULT_WE_1":" ","__id":197},"id":197},{"type":"Feature","geometry":{"type":"LineString","coordinates":[[14.935084486574562,46.244068458201085],[14.960219348224227,46.24772758066527],[14.97152015449845,46.250299381453516],[14.984770304939211,46.25300771761744],[14.993349215902553,46.255709708720616],[15.000553704481192,46.25936184371785],[15.005629185836469,46.2636906750763],[15.010893313401409,46.26923008692242],[15.013812838074799,46.275582333140406],[15.017909155770381,46.28220700981814],[15.021619197893795,46.29113384494691],[15.024556688872865,46.30451516424324]]},"properties":{"FID":198,"FAULT_NAME":"Vransko segment 1","FAULT_DESI":"MAF.SI-073/1","FAULT_TYPE":"reverse","MINDEPTH_g":0,"MAXDEPTH_g":0,"MAXDEPTH":10,"STRIKEMIN":200,"STRIKEMAX":260,"STRIKE_BES":225,"DIPMIN":50,"DIPMAX":70,"DIP_BEST_E":60,"RAKEMIN":80,"RAKEMAX":100,"RAKE_BEST":90,"FAULT_WIDT":11.5470053838,"TOTAL_FAUL":11,"TOTAL_FA_1":10,"SEGMENTATI":"not segmented","TOTAL_SEGM":11,"TOTAL_SE_1":10,"MIN_TOTAL":117.059554972,"MAX_TOTAL":143.594801827,"BEST_ESTIM":127.017059222,"MIN_TOTA_1":117.059554972,"MAX_TOTA_1":143.594801827,"BEST_EST_1":127.017059222,"SLIPRATEMI":0.01,"SLIPRATEMA":0.5,"BEST_EST_2":0.3,"ACTIVITY":"potentially","FAULT_WE_1":" ","__id":198},"id":198},{"type":"Feature","geometry":{"type":"LineString","coordinates":[[14.69569244650955,46.25866621770991],[14.735649510347187,46.27354572050302],[14.824708487614796,46.30742560260754],[14.868627121855399,46.32623112212037]]},"properties":{"FID":199,"FAULT_NAME":"Gornji Grad segment 1","FAULT_DESI":"MAF.SI-060/1","FAULT_TYPE":"sinistral strike-slip","MINDEPTH_g":0,"MAXDEPTH_g":0,"MAXDEPTH":10,"STRIKEMIN":240,"STRIKEMAX":240,"STRIKE_BES":240,"DIPMIN":80,"DIPMAX":90,"DIP_BEST_E":85,"RAKEMIN":0,"RAKEMAX":20,"RAKE_BEST":10,"FAULT_WIDT":10.0381983754,"TOTAL_FAUL":15,"TOTAL_FA_1":15,"SEGMENTATI":"not segmented","TOTAL_SEGM":15,"TOTAL_SE_1":15,"MIN_TOTAL":150,"MAX_TOTAL":152.313991783,"BEST_ESTIM":150.572975632,"MIN_TOTA_1":150,"MAX_TOTA_1":152.313991783,"BEST_EST_1":150.572975632,"SLIPRATEMI":0.01,"SLIPRATEMA":0.1,"BEST_EST_2":0.05,"ACTIVITY":"potentially","FAULT_WE_1":" ","__id":199},"id":199},{"type":"Feature","geometry":{"type":"LineString","coordinates":[[15.244527152495214,46.53418557492257],[15.277324643518417,46.53162093662827],[15.328519631560388,46.53099057325303],[15.363131719457513,46.53088551197918],[15.442812285158915,46.53110181438028],[15.478861677510633,46.530706289337125],[15.564668753449729,46.530310761413624],[15.607221948458472,46.53133665601183]]},"properties":{"FID":200,"FAULT_NAME":"Lovrenc segment 1","FAULT_DESI":"MAF.SI-085/1","FAULT_TYPE":"reverse","MINDEPTH_g":0,"MAXDEPTH_g":0,"MAXDEPTH":10,"STRIKEMIN":90,"STRIKEMAX":95,"STRIKE_BES":90,"DIPMIN":80,"DIPMAX":90,"DIP_BEST_E":90,"RAKEMIN":70,"RAKEMAX":110,"RAKE_BEST":90,"FAULT_WIDT":10,"TOTAL_FAUL":28,"TOTAL_FA_1":28,"SEGMENTATI":"not segmented","TOTAL_SEGM":28,"TOTAL_SE_1":28,"MIN_TOTAL":280,"MAX_TOTAL":284.319451328,"BEST_ESTIM":280,"MIN_TOTA_1":280,"MAX_TOTA_1":284.319451328,"BEST_EST_1":280,"SLIPRATEMI":0.01,"SLIPRATEMA":0.1,"BEST_EST_2":0.05,"ACTIVITY":"potentially","FAULT_WE_1":" ","__id":200},"id":200},{"type":"Feature","geometry":{"type":"LineString","coordinates":[[15.499028855639116,46.61191382420237],[15.507760480200758,46.61403655665637],[15.527667146896846,46.6180287960708],[15.536237074707346,46.62063254016037],[15.540944246796133,46.62157035096186],[15.54949620830095,46.62213179570749],[15.568863885826568,46.624797036392515],[15.591043290191479,46.62804203656378],[15.612737604302966,46.63238485025946],[15.61797478240938,46.633902285391095],[15.620013958104332,46.63501257682441]]},"properties":{"FID":201,"FAULT_NAME":"Kungota segment 1","FAULT_DESI":"MAF.SI-088/1","FAULT_TYPE":"sinistral transpressive","MINDEPTH_g":0,"MAXDEPTH_g":0,"MAXDEPTH":10,"STRIKEMIN":50,"STRIKEMAX":85,"STRIKE_BES":75,"DIPMIN":75,"DIPMAX":90,"DIP_BEST_E":85,"RAKEMIN":15,"RAKEMAX":75,"RAKE_BEST":45,"FAULT_WIDT":10.0381983754,"TOTAL_FAUL":10,"TOTAL_FA_1":10,"SEGMENTATI":"not segmented","TOTAL_SEGM":10,"TOTAL_SE_1":10,"MIN_TOTAL":100,"MAX_TOTAL":103.527618041,"BEST_ESTIM":100.381983754,"MIN_TOTA_1":100,"MAX_TOTA_1":103.527618041,"BEST_EST_1":100.381983754,"SLIPRATEMI":0.01,"SLIPRATEMA":0.1,"BEST_EST_2":0.05,"ACTIVITY":"potentially","FAULT_WE_1":" ","__id":201},"id":201},{"type":"Feature","geometry":{"type":"LineString","coordinates":[[14.84014154419597,46.435591729086745],[14.825606802898914,46.43838376044554],[14.816309239708279,46.43970853237539],[14.809140683741006,46.440903275698005],[14.795477308269547,46.443422674445564],[14.785667705366961,46.44589243874994],[14.774196219188754,46.44776170971637],[14.759391983306465,46.450973982496606],[14.750866971260173,46.45141960075099],[14.737814450181917,46.45248411848932],[14.72380971490249,46.45406847845348],[14.712167548820304,46.45572086727955],[14.693752085495852,46.4585737501941],[14.68035820460963,46.4584252306936],[14.669973679925208,46.458951235434526],[14.666874492194998,46.45939678841647],[14.662894955486347,46.45935965914057],[14.65944542479533,46.45954530526692],[14.652438565579196,46.46111089575473],[14.649438192530237,46.4620019627277],[14.646051543909106,46.462490805774806],[14.641245557139069,46.46249699363335],[14.636807879635517,46.46340660118834],[14.6345800577309,46.46346229095309],[14.630402891659745,46.46290539074204],[14.627061158802817,46.46302295903873],[14.622875009578822,46.46358604578192],[14.61895835494006,46.46468745136505],[14.61152030438755,46.465634147344346],[14.608915190063604,46.466556077278554],[14.60550159198395,46.467057254114444],[14.58828088798738,46.46805959394335],[14.581462674980912,46.46863500291326],[14.577599919259198,46.46868450017494],[14.566254197220768,46.46916090901699],[14.546904486000834,46.4707695314389],[14.536843354818695,46.47081283984688],[14.531749907157737,46.47049111942188],[14.527015785610429,46.470497306371065],[14.521787590656853,46.47066435373318],[14.516774991371465,46.469996161208506],[14.514232759117407,46.46940839248407],[14.510370003395694,46.468981482799734],[14.49019384211437,46.46930321214807],[14.482594094810716,46.469730119308984],[14.475686050275838,46.468703061636454],[14.461555550856637,46.46780591708918],[14.454611573710396,46.468344205591954],[14.452895791517728,46.46865975154973]]},"properties":{"FID":202,"FAULT_NAME":"Periadriatic segment 4","FAULT_DESI":"MAF.SI-056/4","FAULT_TYPE":"dextral transpressive","MINDEPTH_g":0,"MAXDEPTH_g":40,"MAXDEPTH":20,"STRIKEMIN":250,"STRIKEMAX":290,"STRIKE_BES":270,"DIPMIN":70,"DIPMAX":110,"DIP_BEST_E":90,"RAKEMIN":130,"RAKEMAX":170,"RAKE_BEST":150,"FAULT_WIDT":20,"TOTAL_FAUL":239,"TOTAL_FA_1":249,"SEGMENTATI":"geometric","TOTAL_SEGM":30,"TOTAL_SE_1":30,"MIN_TOTAL":5086.76975243,"MAX_TOTAL":5086.76975243,"BEST_ESTIM":4780,"MIN_TOTA_1":638.506663486,"MAX_TOTA_1":638.506663486,"BEST_EST_1":600,"SLIPRATEMI":0.2,"SLIPRATEMA":1,"BEST_EST_2":0.6,"ACTIVITY":"probably","FAULT_WE_1":" ","__id":202},"id":202},{"type":"Feature","geometry":{"type":"LineString","coordinates":[[14.161500279655035,46.47806341883194],[14.157143450527057,46.48138524707208],[14.154655117190046,46.48262856078854],[14.150882192996743,46.483989369103725],[14.14544738552782,46.486290294816456],[14.140488685159482,46.48726135522754],[14.132340965532517,46.48833754205539],[14.125621567207304,46.48904880327236],[14.121336603302053,46.48993941289916]]},"properties":{"FID":203,"FAULT_NAME":"Periadriatic segment 2","FAULT_DESI":"MAF.SI-056/2","FAULT_TYPE":"dextral transpressive","MINDEPTH_g":0,"MAXDEPTH_g":40,"MAXDEPTH":20,"STRIKEMIN":280,"STRIKEMAX":320,"STRIKE_BES":295,"DIPMIN":70,"DIPMAX":110,"DIP_BEST_E":90,"RAKEMIN":130,"RAKEMAX":170,"RAKE_BEST":150,"FAULT_WIDT":20,"TOTAL_FAUL":239,"TOTAL_FA_1":249,"SEGMENTATI":"structural","TOTAL_SEGM":3,"TOTAL_SE_1":3,"MIN_TOTAL":5086.76975243,"MAX_TOTAL":5086.76975243,"BEST_ESTIM":4780,"MIN_TOTA_1":63.8506663486,"MAX_TOTA_1":63.8506663486,"BEST_EST_1":60,"SLIPRATEMI":0.2,"SLIPRATEMA":1,"BEST_EST_2":0.6,"ACTIVITY":"probably","FAULT_WE_1":" ","__id":203},"id":203},{"type":"Feature","geometry":{"type":"LineString","coordinates":[[14.429144335405605,46.47347314740293],[14.42556005742197,46.4739309546582],[14.419945586896224,46.4744753690839],[14.415984016493255,46.474524861034354],[14.412839912998837,46.47475376071974],[14.407333240307185,46.47472901485422],[14.404404732480954,46.474462996089244],[14.397972795046659,46.474215535605545],[14.39534971441703,46.47391858153978],[14.389959822712314,46.47271837568174],[14.383950093461554,46.47193884635862],[14.381479726430223,46.471926472787274],[14.379206988761403,46.47219869070692],[14.37601796950278,46.47232242567484],[14.36799601401559,46.47188935205638],[14.361770689096643,46.471214987703895],[14.357557590414121,46.47094276486406],[14.344738631309736,46.471010820701665],[14.338207879194186,46.47089945655946],[14.334300207708267,46.470559175824214],[14.32553265053526,46.470280762731164],[14.31771730756342,46.469878607971395],[14.314159979038308,46.46993429111536],[14.311069774460936,46.47020033201692],[14.307880755202314,46.47028694970427],[14.305967343647136,46.47059629746236],[14.301996790091328,46.47153051701907],[14.300712199235038,46.47152433018733],[14.299167096946352,46.47147483550814],[14.297729792491761,46.47128923006026],[14.294495857468931,46.47020033201692],[14.292905839416038,46.469804363690834],[14.291369720280194,46.46975486744752],[14.284919816540217,46.470497306371065],[14.2817757130458,46.47108506333654],[14.274903601122286,46.47295965630465],[14.272900358038697,46.47319474921601],[14.267753011460695,46.47320093585786],[14.26578570098847,46.47354120007646],[14.261087512052526,46.474617658320156],[14.256398306269423,46.475403335665035],[14.253299118539209,46.47605908917359],[14.251035364023227,46.47625705094408],[14.247127692537308,46.47594773536121],[14.24383087544459,46.475922990038626],[14.23986032188878,46.4763993355218],[14.227014413325874,46.47883048842619],[14.223555899482013,46.47907174195031],[14.217348540868747,46.47906555597588],[14.206613673223519,46.47756234333866],[14.202319726165427,46.47734582780898],[14.200487162985823,46.47745717876042],[14.19542964793623,46.47887379041954],[14.193327590171391,46.479053184024885],[14.191683673201451,46.479040812071105],[14.18611411843991,46.47818095439064],[14.182996964404015,46.47815621008358],[14.179152174987985,46.47857067574241],[14.17557688015719,46.47866965214918],[14.16799509915922,46.477797416366876],[14.166216434896663,46.47778504412754]]},"properties":{"FID":204,"FAULT_NAME":"Periadriatic segment 3","FAULT_DESI":"MAF.SI-056/3","FAULT_TYPE":"dextral transpressive","MINDEPTH_g":0,"MAXDEPTH_g":40,"MAXDEPTH":20,"STRIKEMIN":245,"STRIKEMAX":290,"STRIKE_BES":270,"DIPMIN":70,"DIPMAX":110,"DIP_BEST_E":90,"RAKEMIN":130,"RAKEMAX":170,"RAKE_BEST":150,"FAULT_WIDT":20,"TOTAL_FAUL":239,"TOTAL_FA_1":249,"SEGMENTATI":"geometric","TOTAL_SEGM":21,"TOTAL_SE_1":20,"MIN_TOTAL":5086.76975243,"MAX_TOTAL":5086.76975243,"BEST_ESTIM":4780,"MIN_TOTA_1":446.95466444,"MAX_TOTA_1":446.95466444,"BEST_EST_1":420,"SLIPRATEMI":0.2,"SLIPRATEMA":1,"BEST_EST_2":0.6,"ACTIVITY":"probably","FAULT_WE_1":" ","__id":204},"id":204},{"type":"Feature","geometry":{"type":"LineString","coordinates":[[13.630191704862547,46.496055775279835],[13.61969938234403,46.50007525461408],[13.606898389545325,46.502950545982955],[13.57700245688983,46.50520738859779],[13.565108762528087,46.50677784844847],[13.557607829905688,46.50829880174746],[13.549361295597471,46.510314308438325],[13.537350820248793,46.51066670530626],[13.525699671013761,46.50879959413012],[13.51200934608378,46.50640069490743],[13.500528876752734,46.50362451701384],[13.48742245675743,46.50142944304086],[13.47749607286791,46.50069360967822],[13.467991897161925,46.50056993922799],[13.456098202800183,46.50212816634352],[13.448444556579485,46.503636883376714],[13.4332270956665,46.503630700195636],[13.417749123321121,46.50271558164104],[13.40580153004233,46.501033701965895],[13.392928672020897,46.50105225239314],[13.38339754685639,46.501726246956764],[13.37428862987542,46.50321642546094],[13.36438919544442,46.50630795183255],[13.355657570882778,46.50971461027025],[13.348291385552999,46.511328216063575],[13.336550404789557,46.512471930621594],[13.328923708027382,46.512966502435646],[13.316832384303133,46.516224381782756],[13.300788473328758,46.51911736327669],[13.276848371006974,46.521991647472234],[13.266760290366312,46.52180621437073],[13.259897161595637,46.5229126224986],[13.252998100213599,46.525100648207975],[13.245164790936077,46.52578670591772],[13.232866854696482,46.526003028624075],[13.21083118077703,46.52552711753299],[13.207121138653617,46.52560128576949]]},"properties":{"FID":205,"FAULT_NAME":"Fella segment 2","FAULT_DESI":"MAF.SI-090/2","FAULT_TYPE":"reverse","MINDEPTH_g":0,"MAXDEPTH_g":0,"MAXDEPTH":12,"STRIKEMIN":70,"STRIKEMAX":120,"STRIKE_BES":100,"DIPMIN":65,"DIPMAX":85,"DIP_BEST_E":75,"RAKEMIN":80,"RAKEMAX":110,"RAKE_BEST":95,"FAULT_WIDT":12.4233141649,"TOTAL_FAUL":39,"TOTAL_FA_1":39,"SEGMENTATI":"geometric","TOTAL_SEGM":33,"TOTAL_SE_1":33,"MIN_TOTAL":469.78768397,"MAX_TOTAL":516.380866074,"BEST_ESTIM":484.509252432,"MIN_TOTA_1":397.512655667,"MAX_TOTA_1":436.937655909,"BEST_EST_1":409.969367442,"SLIPRATEMI":0.2,"SLIPRATEMA":0.7,"BEST_EST_2":0.5,"ACTIVITY":"probably","FAULT_WE_1":" ","__id":205},"id":205},{"type":"Feature","geometry":{"type":"LineString","coordinates":[[13.205288575474013,46.527863368338544],[13.198272733105037,46.5277521205786],[13.188328382909836,46.52732566872144],[13.181276607929497,46.528289815974304],[13.174197883490635,46.529927590991],[13.170631571812681,46.53135519609739],[13.159860771556087,46.532393430787835],[13.148164706556852,46.53220803319161],[13.139388166231003,46.531929935610606],[13.135660157801908,46.53254174840914],[13.131671637940416,46.534902416017374]]},"properties":{"FID":206,"FAULT_NAME":"Fella segment 1","FAULT_DESI":"MAF.SI-090/1","FAULT_TYPE":"reverse","MINDEPTH_g":0,"MAXDEPTH_g":0,"MAXDEPTH":12,"STRIKEMIN":90,"STRIKEMAX":130,"STRIKE_BES":100,"DIPMIN":65,"DIPMAX":85,"DIP_BEST_E":75,"RAKEMIN":80,"RAKEMAX":110,"RAKE_BEST":95,"FAULT_WIDT":12.4233141649,"TOTAL_FAUL":39,"TOTAL_FA_1":39,"SEGMENTATI":"geometric","TOTAL_SEGM":6,"TOTAL_SE_1":6,"MIN_TOTAL":469.78768397,"MAX_TOTAL":516.380866074,"BEST_ESTIM":484.509252432,"MIN_TOTA_1":72.2750283031,"MAX_TOTA_1":79.4432101653,"BEST_EST_1":74.5398849895,"SLIPRATEMI":0.2,"SLIPRATEMA":0.7,"BEST_EST_2":0.5,"ACTIVITY":"probably","FAULT_WE_1":" ","__id":206},"id":206},{"type":"Feature","geometry":{"type":"LineString","coordinates":[[13.629895260818786,46.227055614852546],[13.623364508703236,46.22987074086606],[13.616788840823482,46.23407762475364],[13.612584725293804,46.23581745292544],[13.610967757782387,46.23729626350265],[13.605452101937894,46.23932179650458],[13.600358654276935,46.24185050116511],[13.596127589288733,46.24439151448947],[13.593935699995482,46.24596328044016],[13.586461716831606,46.246068891557385],[13.583173882891728,46.24552840899166],[13.579697402742188,46.24638572368908],[13.574334460495994,46.248112737252676],[13.56581843160254,46.2496968205879],[13.555883064560177,46.25037392460564],[13.544258864783671,46.250026055695635],[13.53258974924296,46.25087087636408],[13.525663738402399,46.25218156502787],[13.519276716732307,46.25449227633404],[13.515773287124242,46.2564364284366],[13.510401361725208,46.25846125479222],[13.503619081330104,46.25936805462458],[13.491949965789392,46.26041147697117],[13.486631939307406,46.26054190336833],[13.478699815348628,46.26133687660404],[13.469186656489804,46.26250447264626],[13.450250170300565,46.266137524665275]]},"properties":{"FID":207,"FAULT_NAME":"Gemona-Kolovrat segment 2","FAULT_DESI":"MAF.SI-091/2","FAULT_TYPE":"reverse","MINDEPTH_g":0,"MAXDEPTH_g":0,"MAXDEPTH":9,"STRIKEMIN":260,"STRIKEMAX":315,"STRIKE_BES":290,"DIPMIN":20,"DIPMAX":45,"DIP_BEST_E":32,"RAKEMIN":90,"RAKEMAX":130,"RAKE_BEST":110,"FAULT_WIDT":16.9837192332,"TOTAL_FAUL":75,"TOTAL_FA_1":69,"SEGMENTATI":"geometric","TOTAL_SEGM":15,"TOTAL_SE_1":15,"MIN_TOTAL":954.594154602,"MAX_TOTAL":1973.56797011,"BEST_ESTIM":1273.77894249,"MIN_TOTA_1":190.91883092,"MAX_TOTA_1":394.713594022,"BEST_EST_1":254.755788498,"SLIPRATEMI":0.29,"SLIPRATEMA":0.72,"BEST_EST_2":0.5,"ACTIVITY":"potentially","FAULT_WE_1":" ","__id":207},"id":207},{"type":"Feature","geometry":{"type":"LineString","coordinates":[[13.432140134172714,46.27645780494565],[13.427792288197576,46.277693376104885],[13.400600284547279,46.27831425561712],[13.397267534843195,46.27916484912768],[13.392371716544744,46.27939456919805],[13.379885134095483,46.27851914431229],[13.37519592831238,46.27686138652881],[13.37121639160373,46.27520978770448],[13.367066174991097,46.27465096480185],[13.3631854529637,46.27459508219818],[13.358289634665248,46.274924167821766],[13.351130061850817,46.27382513830183],[13.34769849746548,46.273173161221884],[13.344536427665378,46.273129695807434],[13.342084026939732,46.273496046078535],[13.339757390353864,46.27435913279884],[13.338715344624283,46.27543952435598],[13.336532438483873,46.27630258046836],[13.329786090700138,46.276103892495826],[13.325195699598286,46.275737559657884],[13.320443611745292,46.27586794959277],[13.313122342179717,46.275762395859864],[13.306914983566454,46.276364670312034],[13.304426650229443,46.27792310234435],[13.299764393904862,46.2797484603947],[13.289200206163617,46.28208284330053],[13.281375880038935,46.28396393587961],[13.274863094229069,46.285199337780504],[13.271665091817603,46.284777193530694],[13.2695271014414,46.28487031386545],[13.266643509379376,46.28593808239009],[13.263750934164511,46.2872541405408],[13.260885308408168,46.287707304189595],[13.257678322843864,46.28753348843875],[13.254165910082953,46.28599395342593],[13.251875206108451,46.2852179617166],[13.247949568316848,46.285162089889305],[13.245128858324714,46.28413155485649],[13.242658491293383,46.28359765558978],[13.234456872749373,46.28346728404822],[13.230710898014594,46.28378390011097],[13.224503539401328,46.28282162993624],[13.221700795714876,46.281294379346846],[13.21136118679466,46.281257128800625],[13.20475856945638,46.28164825827288],[13.202611595927335,46.28198350988384],[13.19700610855443,46.284243300556156],[13.19340386426511,46.28554698354365],[13.189828569434313,46.28598774553587],[13.186792263773992,46.286186397668764],[13.178761325133962,46.28642850398174],[13.176228076032745,46.287496242134665],[13.164244550142591,46.288787432563666],[13.155288346759919,46.290128251948246],[13.150069134959185,46.291524903904765],[13.147356222801145,46.29271668541186],[13.14498467045107,46.29428706623365],[13.141553106065732,46.29571464608685],[13.137950861776414,46.29689392311356],[13.135435578980879,46.297464932337604],[13.131500958036433,46.29777526094024],[13.125122919519187,46.29655876275235],[13.12034388220767,46.29549120126208],[13.116615873778574,46.29518085971517],[13.113408888214266,46.29513120490445],[13.111423611436363,46.29583878170666],[13.107839333452725,46.29639738851347],[13.104416752220232,46.29732838719528],[13.096924802750674,46.29745251915692],[13.093547137282384,46.297396659809],[13.090717444137407,46.29660841626865],[13.088112329813463,46.29470913719553],[13.081356998876883,46.29153111116731],[13.077835602963134,46.29031447426685],[13.072382829188529,46.290059970272786],[13.068789568052049,46.29082347870725],[13.064468671535437,46.291903545631925],[13.060650831577927,46.2923318421353],[13.056150272004489,46.2920897619145],[13.05383261857146,46.29023998541539],[13.052979219051547,46.28758935784739],[13.05076038029977,46.28310100043783],[13.044732684743328,46.279046884392955],[13.037743791832881,46.27513527831338],[13.033027636591253,46.27390585873404],[13.011504002383749,46.27139105096228],[12.996780614877029,46.271130249478304],[12.992028527024036,46.271217183444186],[12.985614555895424,46.271099201599924],[12.975795969839997,46.273396697094476],[12.970019802563108,46.27527187878635],[12.943438653306014,46.28089703888136],[12.938623683383131,46.28262296560172],[12.935901788072249,46.28537316093784],[12.930071721878313,46.2887253567972],[12.923639784444017,46.289271621127675],[12.917998364459748,46.287521073006864],[12.912635422213553,46.28495101802752],[12.905655512455944,46.281033624991395],[12.90502669175706,46.27871782352747],[12.905125506438315,46.2762466995489],[12.904703298254779,46.27491795867735],[12.90216106600072,46.27289374009894],[12.896492696557926,46.272136191221136],[12.89185738969187,46.26891959658331],[12.890411102084437,46.26328699650201],[12.888120398109931,46.26110708083748],[12.885057142991084,46.26055432491377],[12.879379790395449,46.259958087557685],[12.875579916743623,46.25988355743228],[12.872947852961154,46.260492217158365],[12.870082227204811,46.260771701503664],[12.867980169439972,46.259908400818674],[12.865150476294996,46.25936184371785],[12.86209620432899,46.25847988781639],[12.859491090005044,46.25826871317165],[12.856634447401543,46.2583805116143],[12.85301423680654,46.259958087557685],[12.847974688062632,46.26134308728707],[12.83722185411172,46.26279015725317],[12.833619609822401,46.2638769872619],[12.831203141708118,46.264982426539426],[12.826873262038664,46.26621825641998],[12.822130157338512,46.266131314525374],[12.816506703659924,46.26420613724238],[12.812248689213199,46.26363478129715],[12.805610139263555,46.26334289063574],[12.798935656702547,46.26403845731059],[12.793653562831922,46.26541714374419],[12.786008899764067,46.266423190340234],[12.779550012871248,46.267454058440165],[12.763389320909937,46.267795606848196],[12.754855325710801,46.26729880846026],[12.751100367823181,46.26606921308767],[12.745494880450275,46.2638210936727],[12.738973111487569,46.26072822625464],[12.735882906910197,46.25489601966165],[12.736376980316464,46.25457923668654]]},"properties":{"FID":208,"FAULT_NAME":"Gemona-Kolovrat segment 1","FAULT_DESI":"MAF.SI-091/1","FAULT_TYPE":"reverse","MINDEPTH_g":0,"MAXDEPTH_g":0,"MAXDEPTH":9,"STRIKEMIN":180,"STRIKEMAX":330,"STRIKE_BES":270,"DIPMIN":20,"DIPMAX":45,"DIP_BEST_E":32,"RAKEMIN":90,"RAKEMAX":130,"RAKE_BEST":110,"FAULT_WIDT":16.9837192332,"TOTAL_FAUL":75,"TOTAL_FA_1":69,"SEGMENTATI":"geometric","TOTAL_SEGM":60,"TOTAL_SE_1":54,"MIN_TOTAL":954.594154602,"MAX_TOTAL":1973.56797011,"BEST_ESTIM":1273.77894249,"MIN_TOTA_1":763.675323681,"MAX_TOTA_1":1578.85437609,"BEST_EST_1":1019.02315399,"SLIPRATEMI":0.29,"SLIPRATEMA":0.72,"BEST_EST_2":0.5,"ACTIVITY":"potentially","FAULT_WE_1":" ","__id":208},"id":208},{"type":"Feature","geometry":{"type":"LineString","coordinates":[[13.299557781389515,46.16912396941529],[13.424684117314522,46.09575296524649],[13.488257889971662,46.05378813325464]]},"properties":{"FID":209,"FAULT_NAME":"Raša West segment 1","FAULT_DESI":"MAF.SI-092/1","FAULT_TYPE":"dextral strike-slip","MINDEPTH_g":0,"MAXDEPTH_g":0,"MAXDEPTH":15,"STRIKEMIN":310,"STRIKEMAX":315,"STRIKE_BES":310,"DIPMIN":80,"DIPMAX":90,"DIP_BEST_E":85,"RAKEMIN":160,"RAKEMAX":180,"RAKE_BEST":170,"FAULT_WIDT":15.0572975632,"TOTAL_FAUL":34,"TOTAL_FA_1":35,"SEGMENTATI":"geometric","TOTAL_SEGM":19,"TOTAL_SE_1":19,"MIN_TOTAL":510,"MAX_TOTAL":517.867572062,"BEST_ESTIM":511.948117147,"MIN_TOTA_1":285,"MAX_TOTA_1":289.396584387,"BEST_EST_1":286.0886537,"SLIPRATEMI":0.23,"SLIPRATEMA":1.3,"BEST_EST_2":0.7,"ACTIVITY":"active","FAULT_WE_1":" ","__id":209},"id":209},{"type":"Feature","geometry":{"type":"LineString","coordinates":[[13.993964479166745,45.40507320306988],[14.002300845003376,45.40413976204888],[14.012074515294596,45.402550354010714],[14.024246687394415,45.39930832756742],[14.03788311340735,45.393896125783925],[14.052929894416351,45.38916475556784],[14.065811735590627,45.38609230707774],[14.077552716354068,45.38016144142128],[14.088835556322609,45.37304989190018],[14.105409473314614,45.36112799513406],[14.13190977419614,45.336720980774295],[14.140758179744717,45.332269006770055],[14.15152898000131,45.32598512876068],[14.158931097942455,45.32285871871444],[14.184021043827912,45.31282777801808],[14.214698510780595,45.30110802618209],[14.232000063152737,45.29096580047688],[14.247846344764605,45.279987403901515],[14.261473787624697,45.2750442197628]]},"properties":{"FID":210,"FAULT_NAME":"Sočerga-Lupoglav segment 2","FAULT_DESI":"MAF.SI-003/2","FAULT_TYPE":"thrust","MINDEPTH_g":0,"MAXDEPTH_g":7,"MAXDEPTH":7,"STRIKEMIN":260,"STRIKEMAX":325,"STRIKE_BES":305,"DIPMIN":10,"DIPMAX":20,"DIP_BEST_E":15,"RAKEMIN":85,"RAKEMAX":120,"RAKE_BEST":90,"FAULT_WIDT":27.0459231361,"TOTAL_FAUL":47,"TOTAL_FA_1":35,"SEGMENTATI":"geometric","TOTAL_SEGM":26,"TOTAL_SE_1":26,"MIN_TOTAL":961.931647654,"MAX_TOTAL":1894.63548895,"BEST_ESTIM":1271.1583874,"MIN_TOTA_1":532.13240083,"MAX_TOTA_1":1048.09622793,"BEST_EST_1":703.194001538,"SLIPRATEMI":0.01,"SLIPRATEMA":0.01,"BEST_EST_2":0.01,"ACTIVITY":"potentially","FAULT_WE_1":" ","__id":210},"id":210},{"type":"Feature","geometry":{"type":"LineString","coordinates":[[14.349014612062145,47.367773245329275],[14.408042909381638,47.338944522324],[14.479656603831646,47.28635868485799],[14.562553138250196,47.213831945114734],[14.61014588200285,47.17180959651201]]},"properties":{"FID":211,"FAULT_NAME":"Labot segment 1","FAULT_DESI":"MAF.SI-080/1","FAULT_TYPE":"dextral strike-slip","MINDEPTH_g":0,"MAXDEPTH_g":0,"MAXDEPTH":15,"STRIKEMIN":305,"STRIKEMAX":320,"STRIKE_BES":330,"DIPMIN":80,"DIPMAX":90,"DIP_BEST_E":85,"RAKEMIN":160,"RAKEMAX":180,"RAKE_BEST":170,"FAULT_WIDT":15.0572975632,"TOTAL_FAUL":201,"TOTAL_FA_1":157,"SEGMENTATI":"geometric","TOTAL_SEGM":30,"TOTAL_SE_1":29,"MIN_TOTAL":3015,"MAX_TOTAL":3061.51123484,"BEST_ESTIM":3026.51681019,"MIN_TOTA_1":450,"MAX_TOTA_1":456.941975349,"BEST_EST_1":451.718926895,"SLIPRATEMI":0.5,"SLIPRATEMA":1,"BEST_EST_2":0.75,"ACTIVITY":"active","FAULT_WE_1":" ","__id":211},"id":211},{"type":"Feature","geometry":{"type":"LineString","coordinates":[[14.829388710245059,46.93090933562021],[14.792674564583095,46.976156044060914],[14.74259348749343,47.03517855809863],[14.689907296079822,47.08682710784064],[14.663865135993197,47.10876259118061],[14.629567458445512,47.133683586000096],[14.616209510170656,47.144432012288846]]},"properties":{"FID":212,"FAULT_NAME":"Labot segment 2","FAULT_DESI":"MAF.SI-080/2","FAULT_TYPE":"dextral strike-slip","MINDEPTH_g":0,"MAXDEPTH_g":0,"MAXDEPTH":15,"STRIKEMIN":315,"STRIKEMAX":330,"STRIKE_BES":325,"DIPMIN":80,"DIPMAX":90,"DIP_BEST_E":85,"RAKEMIN":160,"RAKEMAX":180,"RAKE_BEST":170,"FAULT_WIDT":15.0572975632,"TOTAL_FAUL":201,"TOTAL_FA_1":157,"SEGMENTATI":"geometric","TOTAL_SEGM":29,"TOTAL_SE_1":29,"MIN_TOTAL":3015,"MAX_TOTAL":3061.51123484,"BEST_ESTIM":3026.51681019,"MIN_TOTA_1":435,"MAX_TOTA_1":441.71057617,"BEST_EST_1":436.661629331,"SLIPRATEMI":0.5,"SLIPRATEMA":1,"BEST_EST_2":0.75,"ACTIVITY":"active","FAULT_WE_1":" ","__id":212},"id":212},{"type":"Feature","geometry":{"type":"LineString","coordinates":[[14.732280828031739,47.013647644774],[14.771186862986957,46.964251756447695],[14.798217169886112,46.92748008876305],[14.823549660898284,46.886668091576205],[14.835380473190137,46.85907017795454],[14.861485515346649,46.818826979364886],[14.895962855951158,46.757873327448785],[14.928697464904474,46.692876544994476],[14.95048161054437,46.649160629250545]]},"properties":{"FID":213,"FAULT_NAME":"Labot segment 3","FAULT_DESI":"MAF.SI-080/3","FAULT_TYPE":"dextral strike-slip","MINDEPTH_g":0,"MAXDEPTH_g":0,"MAXDEPTH":15,"STRIKEMIN":330,"STRIKEMAX":345,"STRIKE_BES":340,"DIPMIN":80,"DIPMAX":90,"DIP_BEST_E":85,"RAKEMIN":160,"RAKEMAX":180,"RAKE_BEST":170,"FAULT_WIDT":15.0572975632,"TOTAL_FAUL":201,"TOTAL_FA_1":157,"SEGMENTATI":"structural","TOTAL_SEGM":44,"TOTAL_SE_1":44,"MIN_TOTAL":3015,"MAX_TOTAL":3061.51123484,"BEST_ESTIM":3026.51681019,"MIN_TOTA_1":660,"MAX_TOTA_1":670.181563845,"BEST_EST_1":662.521092779,"SLIPRATEMI":0.5,"SLIPRATEMA":1,"BEST_EST_2":0.75,"ACTIVITY":"active","FAULT_WE_1":" ","__id":213},"id":213},{"type":"Feature","geometry":{"type":"LineString","coordinates":[[14.733897795543156,46.85600491471214],[14.775929967687107,46.83365207594362],[14.825534937676187,46.791157287109904],[14.875903475656768,46.7446155406619],[14.915312567171092,46.697472920779475]]},"properties":{"FID":214,"FAULT_NAME":"Labot segment 4","FAULT_DESI":"MAF.SI-080/4","FAULT_TYPE":"dextral strike-slip","MINDEPTH_g":0,"MAXDEPTH_g":0,"MAXDEPTH":15,"STRIKEMIN":310,"STRIKEMAX":330,"STRIKE_BES":320,"DIPMIN":80,"DIPMAX":90,"DIP_BEST_E":85,"RAKEMIN":160,"RAKEMAX":180,"RAKE_BEST":170,"FAULT_WIDT":15.0572975632,"TOTAL_FAUL":201,"TOTAL_FA_1":157,"SEGMENTATI":"structural","TOTAL_SEGM":23,"TOTAL_SE_1":22,"MIN_TOTAL":3015,"MAX_TOTAL":3061.51123484,"BEST_ESTIM":3026.51681019,"MIN_TOTA_1":345,"MAX_TOTA_1":350.322181101,"BEST_EST_1":346.317843952,"SLIPRATEMI":0.5,"SLIPRATEMA":1,"BEST_EST_2":0.75,"ACTIVITY":"active","FAULT_WE_1":" ","__id":214},"id":214},{"type":"Feature","geometry":{"type":"LineString","coordinates":[[14.1039452194015,46.508607933392874],[14.106469485349875,46.50737139626263],[14.108867987158474,46.50668510601705],[14.111266488967074,46.50575767300037],[14.113000237465423,46.504440690929655],[14.114491440837062,46.50350703642624],[14.11666536382463,46.502975279012496],[14.121668979957176,46.5029319962034],[14.123824936639062,46.503340089891374],[14.127436164081224,46.50486113937696],[14.129475339776176,46.50542997621804],[14.133113516676858,46.5055350867219],[14.139069347010572,46.50345757083973],[14.142626675535686,46.501361425248604],[14.145141958331221,46.50035969881702],[14.14822317975575,46.49975370720149],[14.154134094325256,46.49958056549938],[14.155535466168482,46.49976607444483],[14.156110387950319,46.50003815308661],[14.156622427662267,46.500044336676275],[14.158499906606076,46.4983747419264],[14.158832283261201,46.49780583126405],[14.158724485427106,46.4964330005894],[14.160089924658969,46.49516526580837],[14.160539082301028,46.494856057719986],[14.161248751375483,46.49468290042253],[14.161814690004478,46.494955004499545],[14.163144196624975,46.496024855056454],[14.163773017323859,46.497131788101626],[14.164437770634105,46.499395055921006],[14.164024545603413,46.50128722392363],[14.164267090730123,46.50212816634352],[14.165084557638673,46.5029319962034],[14.165911007700062,46.5035132196214],[14.167563907822842,46.504187183676805],[14.170115123229742,46.50478075977816],[14.174651615414545,46.5051641075658],[14.183733582936993,46.50549798892022],[14.186230899426846,46.50582568529255],[14.188521603401352,46.506413060638785],[14.190048739384354,46.50704370920823],[14.191387229157694,46.507451772030876],[14.192411308581589,46.50754451315425],[14.19309402819752,46.50738994452738],[14.193974377175957,46.50623994014375],[14.194504383193589,46.50594316086953],[14.195169136503836,46.50657999773684],[14.195690159368626,46.506610911958006],[14.196372878984556,46.505887514575235],[14.197190345893103,46.50602972165855],[14.198259341081206,46.50543615919448],[14.198843246015885,46.50491060368639],[14.199804443369892,46.50478694282844],[14.200846489099472,46.505491805950804],[14.202634136514869,46.50775472578145],[14.207808432551397,46.51200208322947],[14.210763889836151,46.51344870562104],[14.213342054701576,46.5142585500619],[14.217995327873314,46.51465419486624],[14.221067566145,46.51461092135606],[14.222693516809258,46.51501892736855],[14.223322337508142,46.51502510925428],[14.224795574574099,46.51556293062013],[14.226430508391195,46.51570511239047],[14.227346789980997,46.51558147608952],[14.229592578191296,46.51579783943159],[14.231901248471484,46.515680385152784],[14.233958390472116,46.51598947481515],[14.236644353171634,46.51666946588395],[14.237354022246087,46.51743599106817],[14.23773131466542,46.51763998385193],[14.238827259312043,46.51794288081504],[14.24021964800243,46.51815305322577],[14.241225761120644,46.51845594732886],[14.242707981339441,46.51849921777719],[14.24337273464969,46.51930280555526],[14.244091386876987,46.519735501743966],[14.245807169069652,46.52021146357165],[14.24772058062483,46.520588521280466],[14.249454329123179,46.5207306899012],[14.253874040321046,46.52032890805663],[14.25877884177234,46.51959951188453],[14.259793938043394,46.51924099153273],[14.263782457904886,46.51880210995063],[14.265812650446996,46.51815305322577],[14.267160123373174,46.517534896755926],[14.268426747923783,46.51647783289839],[14.269495743111886,46.51499419981863],[14.271723565016503,46.513751625946824],[14.274975466345014,46.51145186204099],[14.278407030730351,46.50965278534061],[14.280428240119619,46.50873158555877],[14.282224870687859,46.50771762949455],[14.2849377828459,46.50515174155033],[14.286491868287426,46.503902759498104],[14.287902223283496,46.502486799595545],[14.288540027135218,46.50146036019103],[14.289123932069897,46.50083583034822],[14.289851567450032,46.50057612275719],[14.290660051205741,46.500644141531886],[14.291908709450666,46.50112027057219],[14.295196543390544,46.50306184452732],[14.297388432683796,46.50400168981601],[14.299777951339554,46.50464473249404],[14.302688492860101,46.505887514575235],[14.303982066869233,46.50602972165855],[14.305518186005077,46.50604208747429],[14.306865658931256,46.50627703743909],[14.31168062885414,46.50882432449859],[14.313207764837141,46.50933129457286],[14.314645069291732,46.509640420346244],[14.316181188427576,46.50964660284378],[14.3190647804896,46.50923855649802],[14.324787048849442,46.50867594211892],[14.326907072919964,46.50811950458755],[14.328883366545027,46.507402310033704],[14.331623228161591,46.506858225094355],[14.335629714328762,46.50469419700038],[14.342160466444312,46.50071834373451],[14.343651669815952,46.50003196949623],[14.344379305196087,46.49987119589964],[14.345340502550096,46.4998773795083],[14.346391531432516,46.5003473317087],[14.347361711939365,46.50280214756936],[14.348619353337133,46.506753117148904],[14.34868223540702,46.50881195931575],[14.348017482096772,46.512651213424235],[14.348574437572926,46.51417818435906],[14.350424967058213,46.51614401898706],[14.352086850333833,46.51751635195319],[14.354943492937334,46.51951915408035],[14.356039437583961,46.52008783752374],[14.357907933374928,46.52076159607386],[14.361968318459148,46.52197928528517],[14.364357837114905,46.52170113533227],[14.366441928574062,46.51977877117332],[14.369496200540071,46.51787488368458],[14.374769311257852,46.51647783289839],[14.380743107897246,46.5160883831358],[14.388531501410563,46.51640983393462],[14.393930376268122,46.517485443934554],[14.403434551974106,46.5210644756357],[14.405473727669058,46.52201637183795],[14.406821200595237,46.52336383275293],[14.407944094700385,46.52470507946435],[14.408626814316317,46.52517481702674],[14.409417331766342,46.52534169649872],[14.410782770998203,46.52534787721005],[14.417160809515453,46.52506356376062],[14.42046660976101,46.52516245556397],[14.423754443700888,46.52564455052735],[14.428290935885691,46.52723914184911],[14.433177771031302,46.52859883390816],[14.439762422063898,46.53028604082277],[14.442601098361717,46.53053324622502],[14.445233162144188,46.529210684230655],[14.449024052643171,46.52577434459419],[14.451215941936422,46.52287553655762],[14.452805959989314,46.52272719254048],[14.455303276479166,46.52383976279572],[14.457441266855373,46.52620698924391],[14.460378757834443,46.528808965099],[14.46262454604474,46.53133665601183],[14.470341074335327,46.534278270424394],[14.479629654373124,46.53840614968998],[14.482576128505036,46.539988008275536],[14.484058348723833,46.54015484223666],[14.486789227187558,46.53985206911337],[14.491011309022918,46.539005531217384],[14.495341188692375,46.53847412112364],[14.501261086414722,46.53873364763314],[14.505698763918272,46.538678034914106],[14.516298884270881,46.537151752503725],[14.523251844569968,46.53576755646142],[14.52747392640533,46.53523611467863],[14.536924203194266,46.53456253564342],[14.547407542559942,46.533666477188355],[14.553210659295354,46.53329569005467],[14.556866802501721,46.53252320872863],[14.559831242939314,46.53135519609739],[14.562454323568943,46.5306568485042],[14.565984702635534,46.530749550029014]]},"properties":{"FID":215,"FAULT_NAME":"Northern Karavanke segment 1","FAULT_DESI":"MAF.SI-078/1","FAULT_TYPE":"thrust","MINDEPTH_g":0,"MAXDEPTH_g":0,"MAXDEPTH":10,"STRIKEMIN":10,"STRIKEMAX":180,"STRIKE_BES":85,"DIPMIN":20,"DIPMAX":50,"DIP_BEST_E":30,"RAKEMIN":80,"RAKEMAX":100,"RAKE_BEST":90,"FAULT_WIDT":20,"TOTAL_FAUL":92,"TOTAL_FA_1":72,"SEGMENTATI":"geometric","TOTAL_SEGM":43,"TOTAL_SE_1":35,"MIN_TOTAL":1200.97470619,"MAX_TOTAL":2689.90004815,"BEST_ESTIM":1840,"MIN_TOTA_1":561.325134413,"MAX_TOTA_1":1257.23589207,"BEST_EST_1":860,"SLIPRATEMI":0.19,"SLIPRATEMA":0.36,"BEST_EST_2":0.3,"ACTIVITY":"potentially","FAULT_WE_1":" ","__id":215},"id":215},{"type":"Feature","geometry":{"type":"LineString","coordinates":[[14.65178279542179,46.52251703782286],[14.65012989529901,46.52412408265005],[14.647048673874478,46.526528380181674],[14.644578306843151,46.52789427045365],[14.643590160030618,46.52815384752647],[14.64225167025728,46.52832071784681],[14.64173064739249,46.52871007993398],[14.641128776152133,46.52870389960518],[14.639664522239016,46.52846286623385],[14.63720313836053,46.52791899213308],[14.632972073372326,46.52790663129476],[14.63193901079559,46.527721218382624],[14.631247308026817,46.52721441986027],[14.630699335703502,46.52592886093608],[14.630348992742698,46.52557038234991],[14.62962135736256,46.52542204569128],[14.628974570357995,46.525626008492495],[14.627968457239781,46.52636768495047],[14.625803517405053,46.52734421017616],[14.625021983107867,46.527851007487584],[14.624411128714666,46.52903763635359],[14.623494847124864,46.53031694155958],[14.622147374198686,46.53129957582173],[14.619973451211115,46.53358614019089],[14.618895472870172,46.53390748746774],[14.615823234598485,46.53408051982921],[14.614835087785952,46.53377771283482],[14.612813878396684,46.53215859372573],[14.611268776107998,46.53149733654309],[14.606606519783417,46.531009113456726],[14.600947133493465,46.53083607130941],[14.595117067299528,46.53135519609739],[14.593643830233573,46.53179397627497],[14.592080761639206,46.53271478512206],[14.59076922132439,46.532751864345954],[14.589574461996511,46.533233891952925],[14.586627987864599,46.53412995754551],[14.581184197242836,46.535217575917905],[14.576584822988144,46.53526701259909],[14.57379106245453,46.535606888563954],[14.569820508898722,46.53670065677635],[14.56558046075768,46.53838143278393],[14.563613150285459,46.538974635424104],[14.56212194691382,46.53927123431393],[14.560352265804104,46.5392156221455],[14.558268174344947,46.53882015619398],[14.556839853043197,46.53838143278393],[14.554270671330613,46.53733095387594],[14.55220454617714,46.53705288252797],[14.548539419817931,46.536818065614085]]},"properties":{"FID":216,"FAULT_NAME":"Northern Karavanke segment 2","FAULT_DESI":"MAF.SI-078/2","FAULT_TYPE":"thrust","MINDEPTH_g":0,"MAXDEPTH_g":0,"MAXDEPTH":10,"STRIKEMIN":20,"STRIKEMAX":160,"STRIKE_BES":100,"DIPMIN":20,"DIPMAX":50,"DIP_BEST_E":30,"RAKEMIN":80,"RAKEMAX":100,"RAKE_BEST":90,"FAULT_WIDT":20,"TOTAL_FAUL":92,"TOTAL_FA_1":72,"SEGMENTATI":"geometric","TOTAL_SEGM":9,"TOTAL_SE_1":8,"MIN_TOTAL":1200.97470619,"MAX_TOTAL":2689.90004815,"BEST_ESTIM":1840,"MIN_TOTA_1":117.48665604,"MAX_TOTA_1":263.142396015,"BEST_EST_1":180,"SLIPRATEMI":0.19,"SLIPRATEMA":0.36,"BEST_EST_2":0.3,"ACTIVITY":"potentially","FAULT_WE_1":" ","__id":216},"id":216},{"type":"Feature","geometry":{"type":"LineString","coordinates":[[14.819534191578267,46.5232278519749],[14.817764510468553,46.52460000603266],[14.812078174720076,46.52565073120422],[14.812383601916675,46.52628733715662],[14.812994456309879,46.52703518510469],[14.81300343946272,46.52774594014081],[14.81163800023086,46.530057374823976],[14.810883415392198,46.530706289337125],[14.810200695776267,46.531058553968975],[14.809077801671117,46.53127485568093],[14.806364889513077,46.5311388947054],[14.80534081008918,46.53234399149072],[14.803804690953337,46.5335984997367],[14.803220786018658,46.53391366720442],[14.801783481564065,46.53380861158507],[14.800427025485046,46.53324007176625],[14.800058716218558,46.53296815931414],[14.799528710200926,46.532819842857336],[14.797830894313941,46.53273332473716],[14.796519353999125,46.53251084893811],[14.794677807666682,46.53190521575672],[14.793411183116072,46.531262495606306],[14.792737446652984,46.53062594796078],[14.792009811272846,46.53023659960731],[14.79121031066998,46.530069735172845],[14.790356911150067,46.53023659960731],[14.789287915961966,46.530737189834845],[14.78527244664195,46.531750716414976],[14.78272123123505,46.53272096499446],[14.781041381653747,46.53310411571037],[14.7784362673298,46.533518162638664],[14.777025912333734,46.53357996041694],[14.775696405713235,46.53347490415204],[14.77467232628934,46.53370973552239],[14.773091291389289,46.53464905084952],[14.772067211965393,46.53471084734091],[14.771070082000021,46.53497657145264],[14.770459227606818,46.53529791050199],[14.770144817257377,46.53564396581326],[14.769489047099968,46.535798454079504],[14.768590731815848,46.535829351680015],[14.764287801604917,46.53645347944608],[14.763245755875337,46.536502915002146],[14.762365406896901,46.53640404384501],[14.76113471495766,46.535829351680015],[14.759580629516131,46.535792274557295],[14.758143325061539,46.536057993377405],[14.755538210737592,46.53684278323178],[14.75281631542671,46.537102317538356],[14.752474955618744,46.53738656797465],[14.751594606640309,46.53945042869141],[14.75075917342608,46.540383465721185],[14.750274083172652,46.54066769898115],[14.74582742251626,46.5415821785051],[14.741156183038841,46.542224776523476],[14.74040159820018,46.54211973698279],[14.73943141769333,46.541736649876995],[14.73582019025117,46.54066769898115],[14.73513747063524,46.54040200271828],[14.734409835255104,46.53984589005246],[14.733897795543156,46.539679055142024],[14.733439654748254,46.53967287606142],[14.72733111081624,46.54247810634432],[14.726181267252569,46.542657290138],[14.725193120440036,46.542675826358774],[14.721474095163781,46.542447212527],[14.720620695643868,46.542614038931596],[14.719156441730751,46.54341109134465],[14.717647272053432,46.54360880796128],[14.716488445336916,46.54333694742778],[14.715275719703357,46.542836473340294],[14.714575033781742,46.5423483521935],[14.711790256400972,46.54012394709735],[14.711143469396408,46.53859770533048],[14.710847025352647,46.538412328914745],[14.71027210357081,46.53838143278393],[14.709301923063961,46.53802303638167],[14.708062247971876,46.537318595179606],[14.705115773839966,46.53461197292092],[14.704801363490521,46.53450691865243],[14.704145593333116,46.534574894967015],[14.703202362284792,46.536954012372206],[14.702375912223399,46.53804157418462],[14.70139674856371,46.53896227710186],[14.700300803917084,46.539679055142024],[14.69808196516531,46.54035874971522],[14.693509540369138,46.54113729849848],[14.688676604140579,46.54145860109114],[14.686853024113816,46.54106933039868],[14.684598252750673,46.54076038341813],[14.684140111955776,46.54057501438596],[14.68404129727452,46.54032167568517],[14.68418502771998,46.540037440613766],[14.685236056602399,46.53890048544848],[14.68531690497797,46.53829492352409],[14.684858764183069,46.53735567126018],[14.684885713641592,46.53675009210739],[14.684086213038729,46.53624955730161],[14.683583156479619,46.53572429976655],[14.683080099920511,46.53419793433195],[14.682262633011964,46.53319063323986],[14.681076856836928,46.532399610696814],[14.679405990408464,46.531738356448656],[14.675192891725942,46.52943317354821],[14.672956086668487,46.528401062633016],[14.670494702789998,46.52690539405042],[14.66991079785532,46.52667053325917],[14.667485346588197,46.52654074133362],[14.666703812291015,46.526355323759155],[14.665904311688148,46.526003028624075],[14.665491086657452,46.52560128576949],[14.664862265958568,46.525242805021655],[14.662364949468715,46.525100648207975],[14.660864762944238,46.52471126024812],[14.659957464507277,46.525045021527454],[14.659840683520342,46.52474216415643],[14.660909678708443,46.52136117234487],[14.660694083040255,46.520557615009345],[14.659535256323739,46.519296624156176],[14.657792524672548,46.51830140973213],[14.657262518654917,46.51751017035086],[14.656930141999794,46.51648401461815],[14.656615731650353,46.51605129253665],[14.655528770156568,46.51556293062013],[14.654091465701976,46.5145552839352],[14.652600262330337,46.51391235849526],[14.647542747280745,46.51305923414973],[14.644892717192592,46.51277485639181]]},"properties":{"FID":217,"FAULT_NAME":"Northern Karavanke segment 3","FAULT_DESI":"MAF.SI-078/3","FAULT_TYPE":"thrust","MINDEPTH_g":0,"MAXDEPTH_g":0,"MAXDEPTH":10,"STRIKEMIN":10,"STRIKEMAX":180,"STRIKE_BES":85,"DIPMIN":20,"DIPMAX":50,"DIP_BEST_E":30,"RAKEMIN":80,"RAKEMAX":100,"RAKE_BEST":90,"FAULT_WIDT":20,"TOTAL_FAUL":92,"TOTAL_FA_1":72,"SEGMENTATI":"geometric","TOTAL_SEGM":18,"TOTAL_SE_1":13,"MIN_TOTAL":1200.97470619,"MAX_TOTAL":2689.90004815,"BEST_ESTIM":1840,"MIN_TOTA_1":234.97331208,"MAX_TOTA_1":526.284792029,"BEST_EST_1":360,"SLIPRATEMI":0.19,"SLIPRATEMA":0.36,"BEST_EST_2":0.3,"ACTIVITY":"potentially","FAULT_WE_1":" ","__id":217},"id":217},{"type":"Feature","geometry":{"type":"LineString","coordinates":[[11.723831924668303,46.843828133300946],[11.861696371322125,46.81698277598545],[12.055615691705007,46.78445293156393],[12.167123567922763,46.76981731404144],[12.320367172240712,46.751872644114755],[12.370511131400264,46.7439630305632],[12.473080770541031,46.73712351083821],[12.503353995615859,46.726009749980186],[12.566110301364448,46.71371729582895],[12.616865114917202,46.707348259982176],[12.654998598728076,46.700695079639175],[12.688227281087656,46.7032332414672],[12.712490776911725,46.70495813771256],[12.749564248687337,46.70197649664136],[12.784877022506077,46.69770704205027],[12.823064405233996,46.68913630980719],[12.85389458578498,46.68413865560948],[12.902691072018351,46.68008349900409],[12.945118502887317,46.677753803303396],[12.994966018003106,46.669340176974075],[13.171116662066105,46.63894775966736],[13.316652721246308,46.615030016228026],[13.40399591632125,46.60477367458182],[13.485670741953397,46.597163473095975],[13.567462348572478,46.58391559340211],[13.688663046705884,46.57037422376077],[13.80866000235857,46.56296919052003],[13.934684653567697,46.555841122950255],[13.994431603114489,46.55045430170537]]},"properties":{"FID":218,"FAULT_NAME":"Periadriatic segment 1","FAULT_DESI":"MAF.SI-056/1","FAULT_TYPE":"dextral transpressive","MINDEPTH_g":0,"MAXDEPTH_g":40,"MAXDEPTH":20,"STRIKEMIN":265,"STRIKEMAX":300,"STRIKE_BES":280,"DIPMIN":70,"DIPMAX":110,"DIP_BEST_E":90,"RAKEMIN":130,"RAKEMAX":170,"RAKE_BEST":150,"FAULT_WIDT":20,"TOTAL_FAUL":239,"TOTAL_FA_1":249,"SEGMENTATI":"structural","TOTAL_SEGM":177,"TOTAL_SE_1":177,"MIN_TOTAL":5086.76975243,"MAX_TOTAL":5086.76975243,"BEST_ESTIM":4780,"MIN_TOTA_1":3767.18931456,"MAX_TOTA_1":3767.18931456,"BEST_EST_1":3540,"SLIPRATEMI":0.2,"SLIPRATEMA":1,"BEST_EST_2":0.6,"ACTIVITY":"probably","FAULT_WE_1":" ","__id":218},"id":218},{"type":"Feature","geometry":{"type":"LineString","coordinates":[[15.821146750218693,45.82102755638166],[15.827713434945608,45.838916838201875],[15.836507941577137,45.85458557722367],[15.851195396472491,45.87303949131371],[15.868128639578146,45.88990538759519],[15.884127634788314,45.90457211473387],[15.90417803192986,45.91794134266108],[15.926923374923767,45.93034515525874],[15.946928856301108,45.939622768375216],[15.969225041652955,45.94858028332062],[15.975261720362239,45.951116109036725],[15.981424163211297,45.95265878368484],[15.99286869993098,45.95425137845541],[15.999309620518119,45.95488840354912],[16.003181359392673,45.95585017265996],[16.007322592852464,45.95631231551603],[16.011320095866797,45.956281089768794],[16.018291022471562,45.954919630081115],[16.031972364248702,45.95360185513423]]},"properties":{"FID":219,"FAULT_NAME":"North Medvednica segment 1","FAULT_DESI":"MAF.SI-095/1","FAULT_TYPE":"sinistral transpressive","MINDEPTH_g":0,"MAXDEPTH_g":16,"MAXDEPTH":16,"STRIKEMIN":15,"STRIKEMAX":100,"STRIKE_BES":45,"DIPMIN":50,"DIPMAX":80,"DIP_BEST_E":65,"RAKEMIN":20,"RAKEMAX":50,"RAKE_BEST":35,"FAULT_WIDT":17.6540467034,"TOTAL_FAUL":24,"TOTAL_FA_1":22,"SEGMENTATI":"not segmented","TOTAL_SEGM":24,"TOTAL_SE_1":22,"MIN_TOTAL":389.923818964,"MAX_TOTAL":501.276399104,"BEST_ESTIM":423.697120882,"MIN_TOTA_1":389.923818964,"MAX_TOTA_1":501.276399104,"BEST_EST_1":423.697120882,"SLIPRATEMI":0.1,"SLIPRATEMA":0.3,"BEST_EST_2":0.2,"ACTIVITY":"active","FAULT_WE_1":" ","__id":219},"id":219},{"type":"Feature","geometry":{"type":"LineString","coordinates":[[15.215511568818153,45.688732976847994],[15.205360606107602,45.681189635304555],[15.202171586848978,45.678421814844945],[15.196521183711868,45.67292970224569],[15.191230106688403,45.66810875238385],[15.182220004388684,45.660437062083346],[15.159106352128289,45.64350163217021]]},"properties":{"FID":220,"FAULT_NAME":"Orehovec segment 1","FAULT_DESI":"MAF.SI-093/1","FAULT_TYPE":"sinistral strike-slip","MINDEPTH_g":0,"MAXDEPTH_g":0,"MAXDEPTH":15,"STRIKEMIN":35,"STRIKEMAX":40,"STRIKE_BES":40,"DIPMIN":80,"DIPMAX":100,"DIP_BEST_E":90,"RAKEMIN":-10,"RAKEMAX":10,"RAKE_BEST":0,"FAULT_WIDT":15,"TOTAL_FAUL":30,"TOTAL_FA_1":28,"SEGMENTATI":"geometric","TOTAL_SEGM":7,"TOTAL_SE_1":7,"MIN_TOTAL":456.941975349,"MAX_TOTAL":456.941975349,"BEST_ESTIM":450,"MIN_TOTA_1":106.619794248,"MAX_TOTA_1":106.619794248,"BEST_EST_1":105,"SLIPRATEMI":0.1,"SLIPRATEMA":0.5,"BEST_EST_2":0.2,"ACTIVITY":"probably","FAULT_WE_1":" ","__id":220},"id":220},{"type":"Feature","geometry":{"type":"LineString","coordinates":[[15.363428163501274,45.782312456270986],[15.360652369273344,45.780345296825395],[15.354328229673143,45.77696212144849],[15.34896528742695,45.77320279694357],[15.344509643617718,45.770358072973984],[15.327872844555824,45.758350987595556],[15.318476466683931,45.75207694706552],[15.30463342815565,45.74384002295233],[15.300123885429372,45.742047045827604],[15.291823452204106,45.73900637607541],[15.282993012961212,45.73612855878373],[15.271755088756876,45.73157641423288],[15.266706556860125,45.72936290960379],[15.253896580908581,45.7223769401505],[15.250231454549372,45.720075266974206],[15.240978807122941,45.714718962898765],[15.233648554404525,45.71091153531187],[15.211397284816886,45.694029024788655],[15.19872205615796,45.68590277407954],[15.193736406331096,45.68284649632251],[15.183585443620546,45.67559736711568]]},"properties":{"FID":221,"FAULT_NAME":"Orehovec segment 2","FAULT_DESI":"MAF.SI-093/2","FAULT_TYPE":"sinistral strike-slip","MINDEPTH_g":0,"MAXDEPTH_g":0,"MAXDEPTH":15,"STRIKEMIN":45,"STRIKEMAX":60,"STRIKE_BES":50,"DIPMIN":80,"DIPMAX":100,"DIP_BEST_E":90,"RAKEMIN":-10,"RAKEMAX":10,"RAKE_BEST":0,"FAULT_WIDT":15,"TOTAL_FAUL":30,"TOTAL_FA_1":28,"SEGMENTATI":"geometric","TOTAL_SEGM":18,"TOTAL_SE_1":18,"MIN_TOTAL":456.941975349,"MAX_TOTAL":456.941975349,"BEST_ESTIM":450,"MIN_TOTA_1":274.165185209,"MAX_TOTA_1":274.165185209,"BEST_EST_1":270,"SLIPRATEMI":0.1,"SLIPRATEMA":0.5,"BEST_EST_2":0.2,"ACTIVITY":"probably","FAULT_WE_1":" ","__id":221},"id":221},{"type":"Feature","geometry":{"type":"LineString","coordinates":[[15.415242989089288,45.815399193245156],[15.39353969182496,45.80464173998594],[15.363347315125704,45.78793789861006]]},"properties":{"FID":222,"FAULT_NAME":"Orehovec segment 3","FAULT_DESI":"MAF.SI-093/3","FAULT_TYPE":"sinistral strike-slip","MINDEPTH_g":0,"MAXDEPTH_g":0,"MAXDEPTH":15,"STRIKEMIN":50,"STRIKEMAX":55,"STRIKE_BES":55,"DIPMIN":80,"DIPMAX":100,"DIP_BEST_E":90,"RAKEMIN":-10,"RAKEMAX":10,"RAKE_BEST":0,"FAULT_WIDT":15,"TOTAL_FAUL":30,"TOTAL_FA_1":28,"SEGMENTATI":"geometric","TOTAL_SEGM":5,"TOTAL_SE_1":5,"MIN_TOTAL":456.941975349,"MAX_TOTAL":456.941975349,"BEST_ESTIM":450,"MIN_TOTA_1":76.1569958914,"MAX_TOTA_1":76.1569958914,"BEST_EST_1":75,"SLIPRATEMI":0.1,"SLIPRATEMA":0.5,"BEST_EST_2":0.2,"ACTIVITY":"probably","FAULT_WE_1":" ","__id":222},"id":222},{"type":"Feature","geometry":{"type":"LineString","coordinates":[[16.012451973124787,45.9686763283154],[16.036221395542587,45.954538665188494],[16.050262063433376,45.94591316903268],[16.05562500567957,45.94303354092591],[16.060637604964956,45.93991637792888],[16.07410335107391,45.93672407146801],[16.08756011403002,45.93305675288078],[16.093237466625656,45.9292267388224],[16.103963351118043,45.92464037078171],[16.11741113092131,45.920734785728264],[16.129188044296118,45.91754762461269]]},"properties":{"FID":223,"FAULT_NAME":"Kašina segment 1","FAULT_DESI":"MAF.SI-096/1","FAULT_TYPE":"dextral transtensive","MINDEPTH_g":0,"MAXDEPTH_g":0,"MAXDEPTH":16,"STRIKEMIN":290,"STRIKEMAX":315,"STRIKE_BES":300,"DIPMIN":50,"DIPMAX":70,"DIP_BEST_E":60,"RAKEMIN":-110,"RAKEMAX":-160,"RAKE_BEST":-135,"FAULT_WIDT":18.4752086141,"TOTAL_FAUL":11,"TOTAL_FA_1":11,"SEGMENTATI":"not segmented","TOTAL_SEGM":11,"TOTAL_SE_1":11,"MIN_TOTAL":187.295287956,"MAX_TOTAL":229.751682922,"BEST_ESTIM":203.227294755,"MIN_TOTA_1":187.295287956,"MAX_TOTA_1":229.751682922,"BEST_EST_1":203.227294755,"SLIPRATEMI":0.1,"SLIPRATEMA":0.3,"BEST_EST_2":0.2,"ACTIVITY":"active","FAULT_WE_1":" ","__id":223},"id":223},{"type":"Feature","geometry":{"type":"LineString","coordinates":[[16.025387713216105,46.22022538240542],[16.075118447344966,46.231809551640296],[16.122944753071486,46.237867893886104],[16.186734121396814,46.245752057595745],[16.225918634090107,46.25185855461633],[16.270106762915947,46.25538671908884],[16.33166830933666,46.25920035989541],[16.379081390032486,46.26089591631095],[16.494101679011152,46.261957941424164],[16.56775454915611,46.25770971753921]]},"properties":{"FID":224,"FAULT_NAME":"Šoštanj segment 10","FAULT_DESI":"MAF.SI-076/10","FAULT_TYPE":"sinistral transpressive","MINDEPTH_g":0,"MAXDEPTH_g":0,"MAXDEPTH":15,"STRIKEMIN":70,"STRIKEMAX":90,"STRIKE_BES":80,"DIPMIN":60,"DIPMAX":70,"DIP_BEST_E":65,"RAKEMIN":50,"RAKEMAX":80,"RAKE_BEST":65,"FAULT_WIDT":16.5506687844,"TOTAL_FAUL":184,"TOTAL_FA_1":133,"SEGMENTATI":"geometric","TOTAL_SEGM":42,"TOTAL_SE_1":42,"MIN_TOTAL":2937.13065203,"MAX_TOTAL":3186.97348593,"BEST_ESTIM":3045.32305634,"MIN_TOTA_1":670.43199666,"MAX_TOTA_1":727.461339179,"BEST_EST_1":695.128088946,"SLIPRATEMI":0.05,"SLIPRATEMA":0.2,"BEST_EST_2":0.1,"ACTIVITY":"active","FAULT_WE_1":" ","__id":224},"id":224},{"type":"Feature","geometry":{"type":"LineString","coordinates":[[13.578933834750686,46.920056458971466],[13.64172607311064,46.85359680964227],[13.69560702385213,46.81785570680237],[13.759638937304167,46.755750085117505],[13.818622318859456,46.69795964544081],[13.871551055399777,46.65309478312166],[13.914742054260245,46.62503764194133],[13.952031121704048,46.60431079748156],[13.976537162654827,46.59274993066942],[14.000073023098757,46.58427986078374],[14.014643697007177,46.57386949289881],[14.02436346838135,46.56457503835892],[14.078343233804093,46.521317904175696],[14.120564052157711,46.48881377885562],[14.12523529163513,46.48389040237401],[14.140839028120286,46.468437013416484],[14.15212186808883,46.45682862047862],[14.159838396379417,46.450608820375756],[14.173142445737225,46.43792565424617],[14.186015303758657,46.423301376181406]]},"properties":{"FID":225,"FAULT_NAME":"Stol (Hochstuhl) segment 1","FAULT_DESI":"MAF.SI-053/1","FAULT_TYPE":"dextral strike-slip","MINDEPTH_g":0,"MAXDEPTH_g":0,"MAXDEPTH":10,"STRIKEMIN":300,"STRIKEMAX":330,"STRIKE_BES":320,"DIPMIN":80,"DIPMAX":90,"DIP_BEST_E":85,"RAKEMIN":170,"RAKEMAX":180,"RAKE_BEST":175,"FAULT_WIDT":10.0381983754,"TOTAL_FAUL":73,"TOTAL_FA_1":72,"SEGMENTATI":"not segmented","TOTAL_SEGM":73,"TOTAL_SE_1":72,"MIN_TOTAL":730,"MAX_TOTAL":741.261426677,"BEST_ESTIM":732.788481407,"MIN_TOTA_1":730,"MAX_TOTA_1":741.261426677,"BEST_EST_1":732.788481407,"SLIPRATEMI":0.3,"SLIPRATEMA":0.5,"BEST_EST_2":0.4,"ACTIVITY":"probably","FAULT_WE_1":" ","__id":225},"id":225},{"type":"Feature","geometry":{"type":"LineString","coordinates":[[15.569214228787374,45.94079095036491],[15.590585149396578,45.94601311005555],[15.596118771546752,45.94779952544382],[15.604976160248171,45.951172320607654],[15.615746960504765,45.953145935179045],[15.626167417800552,45.95443873953721],[15.642462857054479,45.95464483599558],[15.653323488839483,45.954588627946585],[15.660662724710742,45.9550507813234],[15.673706262636156,45.95756757598404],[15.70214692453138,45.96429928374193]]},"properties":{"FID":226,"FAULT_NAME":"Artiče segment 1","FAULT_DESI":"MAF.SI-075/1","FAULT_TYPE":"reverse","MINDEPTH_g":1,"MAXDEPTH_g":0,"MAXDEPTH":10,"STRIKEMIN":240,"STRIKEMAX":270,"STRIKE_BES":255,"DIPMIN":30,"DIPMAX":60,"DIP_BEST_E":60,"RAKEMIN":80,"RAKEMAX":100,"RAKE_BEST":90,"FAULT_WIDT":11.5470053838,"TOTAL_FAUL":11,"TOTAL_FA_1":11,"SEGMENTATI":"not segmented","TOTAL_SEGM":11,"TOTAL_SE_1":11,"MIN_TOTAL":127.017059222,"MAX_TOTAL":220,"BEST_ESTIM":127.017059222,"MIN_TOTA_1":127.017059222,"MAX_TOTA_1":220,"BEST_EST_1":127.017059222,"SLIPRATEMI":0.06,"SLIPRATEMA":0.12,"BEST_EST_2":0.09,"ACTIVITY":"active","FAULT_WE_1":" ","__id":226},"id":226},{"type":"Feature","geometry":{"type":"LineString","coordinates":[[15.387691659325343,45.902234200403306],[15.412278548651692,45.90643487439246],[15.429103993923253,45.911347759410454],[15.439147158799708,45.91473527159606],[15.448534553518757,45.918928750239935],[15.456242098656503,45.9233531203241],[15.464937790606779,45.92891432796711]]},"properties":{"FID":227,"FAULT_NAME":"Orlica segment 1","FAULT_DESI":"MAF.SI-074/1","FAULT_TYPE":"reverse","MINDEPTH_g":0,"MAXDEPTH_g":0,"MAXDEPTH":10,"STRIKEMIN":230,"STRIKEMAX":260,"STRIKE_BES":245,"DIPMIN":40,"DIPMAX":60,"DIP_BEST_E":50,"RAKEMIN":80,"RAKEMAX":100,"RAKE_BEST":90,"FAULT_WIDT":13.0540728933,"TOTAL_FAUL":30,"TOTAL_FA_1":25,"SEGMENTATI":"structural","TOTAL_SEGM":7,"TOTAL_SE_1":7,"MIN_TOTAL":346.410161514,"MAX_TOTAL":466.717148058,"BEST_ESTIM":391.6221868,"MIN_TOTA_1":80.8290376865,"MAX_TOTA_1":108.90066788,"BEST_EST_1":91.3785102533,"SLIPRATEMI":0.05,"SLIPRATEMA":0.1,"BEST_EST_2":0.08,"ACTIVITY":"probably","FAULT_WE_1":" ","__id":227},"id":227},{"type":"Feature","geometry":{"type":"LineString","coordinates":[[15.573418344317053,46.000522801755835],[15.554284228765308,45.98779140407572],[15.542399517556404,45.97895883679065],[15.528215119220159,45.96896354026082],[15.509745756978662,45.95677445451798],[15.467282393498332,45.93020769747093]]},"properties":{"FID":228,"FAULT_NAME":"Orlica segment 2","FAULT_DESI":"MAF.SI-074/2","FAULT_TYPE":"sinistral strike-slip","MINDEPTH_g":0,"MAXDEPTH_g":0,"MAXDEPTH":10,"STRIKEMIN":40,"STRIKEMAX":50,"STRIKE_BES":45,"DIPMIN":80,"DIPMAX":100,"DIP_BEST_E":90,"RAKEMIN":0,"RAKEMAX":20,"RAKE_BEST":10,"FAULT_WIDT":10,"TOTAL_FAUL":30,"TOTAL_FA_1":25,"SEGMENTATI":"structural","TOTAL_SEGM":11,"TOTAL_SE_1":11,"MIN_TOTAL":304.627983566,"MAX_TOTAL":304.627983566,"BEST_ESTIM":300,"MIN_TOTA_1":111.696927307,"MAX_TOTA_1":111.696927307,"BEST_EST_1":110,"SLIPRATEMI":0.05,"SLIPRATEMA":0.1,"BEST_EST_2":0.08,"ACTIVITY":"probably","FAULT_WE_1":" ","__id":228},"id":228},{"type":"Feature","geometry":{"type":"LineString","coordinates":[[15.584323891866262,45.982435853006585],[15.589318524845968,45.9881971065294],[15.598247778770116,45.99597353566228],[15.613222694556388,46.00536495661564],[15.618253260147457,46.009495428998825],[15.624550450289135,46.015347443324956],[15.632446641636546,46.02139221086531],[15.637468224074775,46.02475428780576]]},"properties":{"FID":229,"FAULT_NAME":"Orlica segment 3","FAULT_DESI":"MAF.SI-074/3","FAULT_TYPE":"sinistral strike-slip","MINDEPTH_g":0,"MAXDEPTH_g":0,"MAXDEPTH":10,"STRIKEMIN":40,"STRIKEMAX":50,"STRIKE_BES":45,"DIPMIN":80,"DIPMAX":100,"DIP_BEST_E":90,"RAKEMIN":0,"RAKEMAX":20,"RAKE_BEST":10,"FAULT_WIDT":10,"TOTAL_FAUL":30,"TOTAL_FA_1":25,"SEGMENTATI":"structural","TOTAL_SEGM":6,"TOTAL_SE_1":6,"MIN_TOTAL":304.627983566,"MAX_TOTAL":304.627983566,"BEST_ESTIM":300,"MIN_TOTA_1":60.9255967131,"MAX_TOTA_1":60.9255967131,"BEST_EST_1":60,"SLIPRATEMI":0.05,"SLIPRATEMA":0.1,"BEST_EST_2":0.08,"ACTIVITY":"probably","FAULT_WE_1":" ","__id":229},"id":229},{"type":"Feature","geometry":{"type":"LineString","coordinates":[[15.59849032389683,45.98895232933106],[15.614372538120062,45.992747011899624],[15.628997110945528,45.99720293525878],[15.6401991025385,46.00109689380573],[15.659494914841387,46.00918970973956]]},"properties":{"FID":230,"FAULT_NAME":"Orlica segment 4","FAULT_DESI":"MAF.SI-074/4","FAULT_TYPE":"sinistral transpressive","MINDEPTH_g":0,"MAXDEPTH_g":0,"MAXDEPTH":10,"STRIKEMIN":240,"STRIKEMAX":250,"STRIKE_BES":245,"DIPMIN":30,"DIPMAX":70,"DIP_BEST_E":60,"RAKEMIN":30,"RAKEMAX":60,"RAKE_BEST":50,"FAULT_WIDT":11.5470053838,"TOTAL_FAUL":30,"TOTAL_FA_1":25,"SEGMENTATI":"structural","TOTAL_SEGM":5,"TOTAL_SE_1":5,"MIN_TOTAL":319.253331743,"MAX_TOTAL":600,"BEST_ESTIM":346.410161514,"MIN_TOTA_1":53.2088886238,"MAX_TOTA_1":100,"BEST_EST_1":57.735026919,"SLIPRATEMI":0.05,"SLIPRATEMA":0.1,"BEST_EST_2":0.08,"ACTIVITY":"probably","FAULT_WE_1":" ","__id":230},"id":230},{"type":"Feature","geometry":{"type":"LineString","coordinates":[[15.56369857294288,45.70254933842295],[15.573912417723319,45.70861566284711],[15.580568933978645,45.71432380537764],[15.60149968009863,45.725104958580644],[15.632428675330866,45.732673728196296],[15.648167159108638,45.73758316035292],[15.673212189229892,45.744429310553144],[15.685905384194498,45.74735058063433],[15.696092279516416,45.749155924335554],[15.70379084150132,45.75123701198258],[15.712567381827165,45.754427444477955],[15.719214914929651,45.75775557947893],[15.722862074983176,45.7592973600535],[15.726841611691826,45.764467654635446]]},"properties":{"FID":231,"FAULT_NAME":"Sv. Nedelja segment 1","FAULT_DESI":"MAF.SI-094/1","FAULT_TYPE":"sinistral strike-slip","MINDEPTH_g":0,"MAXDEPTH_g":0,"MAXDEPTH":16,"STRIKEMIN":210,"STRIKEMAX":250,"STRIKE_BES":240,"DIPMIN":80,"DIPMAX":90,"DIP_BEST_E":85,"RAKEMIN":0,"RAKEMAX":20,"RAKE_BEST":10,"FAULT_WIDT":16.0611174007,"TOTAL_FAUL":28,"TOTAL_FA_1":21,"SEGMENTATI":"geometric","TOTAL_SEGM":15,"TOTAL_SE_1":14,"MIN_TOTAL":448,"MAX_TOTAL":454.911122125,"BEST_ESTIM":449.711287219,"MIN_TOTA_1":240,"MAX_TOTA_1":243.702386853,"BEST_EST_1":240.91676101,"SLIPRATEMI":0.1,"SLIPRATEMA":0.5,"BEST_EST_2":0.22,"ACTIVITY":"active","FAULT_WE_1":" ","__id":231},"id":231},{"type":"Feature","geometry":{"type":"LineString","coordinates":[[15.726841611691826,45.764467654635446],[15.73002164779761,45.76837169289839],[15.74235551664857,45.780370356617844],[15.75182375974319,45.78770612656396],[15.75844434338715,45.792347647983384],[15.784181076277175,45.80490475255956]]},"properties":{"FID":232,"FAULT_NAME":"Sv. Nedelja segment 2","FAULT_DESI":"MAF.SI-094/2","FAULT_TYPE":"sinistral strike-slip","MINDEPTH_g":0,"MAXDEPTH_g":0,"MAXDEPTH":16,"STRIKEMIN":210,"STRIKEMAX":235,"STRIKE_BES":225,"DIPMIN":80,"DIPMAX":90,"DIP_BEST_E":85,"RAKEMIN":0,"RAKEMAX":20,"RAKE_BEST":10,"FAULT_WIDT":16.0611174007,"TOTAL_FAUL":28,"TOTAL_FA_1":21,"SEGMENTATI":"geometric","TOTAL_SEGM":6,"TOTAL_SE_1":6,"MIN_TOTAL":448,"MAX_TOTAL":454.911122125,"BEST_ESTIM":449.711287219,"MIN_TOTA_1":96,"MAX_TOTA_1":97.480954741,"BEST_EST_1":96.3667044042,"SLIPRATEMI":0.1,"SLIPRATEMA":0.5,"BEST_EST_2":0.22,"ACTIVITY":"active","FAULT_WE_1":" ","__id":232},"id":232},{"type":"Feature","geometry":{"type":"LineString","coordinates":[[15.646316629623353,45.7297077956976],[15.659988988247651,45.73262983605169],[15.663079192825021,45.73345124046847],[15.66509141906145,45.73456732787298],[15.666304144695012,45.73483694114821],[15.668442135071215,45.735012502581135],[15.6728438799634,45.7344231155868],[15.677524102593665,45.73420993152507],[15.681000582743208,45.73419112112761],[15.685016052063222,45.73444819601116],[15.69506820009252,45.73616617826714],[15.699775372181305,45.73742641631573],[15.701886413098984,45.73789037738951],[15.704078302392238,45.73871797405791],[15.711192959442462,45.74251723770676],[15.7170230256364,45.74506247434078],[15.718693892064861,45.74615952330841],[15.720221028047865,45.74788341384191],[15.72161341673825,45.751142988611974],[15.723850221795708,45.755605789925205],[15.72424548052072,45.756815448464636]]},"properties":{"FID":233,"FAULT_NAME":"Sv. Nedelja segment 3","FAULT_DESI":"MAF.SI-094/3","FAULT_TYPE":"sinistral transpressive","MINDEPTH_g":0,"MAXDEPTH_g":0,"MAXDEPTH":16,"STRIKEMIN":190,"STRIKEMAX":280,"STRIKE_BES":245,"DIPMIN":70,"DIPMAX":80,"DIP_BEST_E":75,"RAKEMIN":40,"RAKEMAX":60,"RAKE_BEST":50,"FAULT_WIDT":16.5644188866,"TOTAL_FAUL":28,"TOTAL_FA_1":21,"SEGMENTATI":"geometric","TOTAL_SEGM":7,"TOTAL_SE_1":7,"MIN_TOTAL":454.911122125,"MAX_TOTAL":476.751642069,"BEST_ESTIM":463.803728824,"MIN_TOTA_1":113.727780531,"MAX_TOTA_1":119.187910517,"BEST_EST_1":115.950932206,"SLIPRATEMI":0.1,"SLIPRATEMA":0.5,"BEST_EST_2":0.22,"ACTIVITY":"active","FAULT_WE_1":" ","__id":233},"id":233},{"type":"Feature","geometry":{"type":"LineString","coordinates":[[14.158616687593012,45.366789473799905],[14.128720754937515,45.39260923230059],[14.126376152045962,45.39602195916291],[14.122306783808902,45.39962370795761],[14.1156772170121,45.402197146151906],[14.098043287984835,45.4117519019746],[14.087029942601529,45.419337794521546],[14.08036444319336,45.42352441762535],[14.072270622483444,45.42769812136842],[14.066189028009955,45.43127893842992],[14.059272000322235,45.43364921349233],[14.052301073717468,45.43903869713811],[14.04045229511993,45.44399278589468],[14.029187421457072,45.44853680284234],[14.017051181968618,45.453887055325076],[14.00345068856705,45.46083721426139],[13.992976332354214,45.46834721166614],[13.991476145829736,45.46930479042015],[13.990496982170045,45.469726875889364],[13.988906964117152,45.47014265848508],[13.986194051959112,45.47044504390094],[13.982780453879458,45.47048914163854],[13.980516699363477,45.47115060356237],[13.97633953329232,45.47326722955187],[13.971991687317182,45.47646091651204],[13.970958624740444,45.47710341154608],[13.97008725891485,45.47748764527181],[13.96844334194491,45.47794116367512],[13.96648501462553,45.47864033072888],[13.965820261315281,45.479137930825075],[13.965398053131745,45.47981818713758],[13.964688384057292,45.4819659795544],[13.964176344345343,45.48246355028054],[13.95642388344339,45.487350846868516],[13.95242638042906,45.49076414531135],[13.949533805214195,45.49221253047904],[13.948339045886316,45.49324526932847],[13.947818023021526,45.49395684056479],[13.946488516401027,45.49660153980035],[13.946695128916376,45.499516861932385],[13.946165122898746,45.50048020733992],[13.945078161404961,45.50108465094485],[13.942203552495778,45.50199130418527],[13.941628630713941,45.50238166427848],[13.941215405683247,45.502916830975096],[13.940092511578097,45.5051707713462],[13.939257078363866,45.506165498450315],[13.936014160188195,45.50778976188586],[13.933579725768231,45.50924400449678],[13.931145291348267,45.51101296758523],[13.928962385207857,45.51311550620115],[13.925953029006056,45.515205376922836],[13.922242986882644,45.516898618875075],[13.92163213248944,45.51699933054571],[13.920455339467244,45.516810496015424],[13.919332445362096,45.51679790702421],[13.917742427309204,45.51710633649824],[13.91507443091537,45.51789313872388],[13.913978486268743,45.51845962951418],[13.91238846821585,45.51940376815756],[13.909828269656112,45.52153116916556],[13.908642493481072,45.52286547431102],[13.907510616223082,45.524910927833325],[13.905848732947463,45.5266227579219],[13.904941434510501,45.52728356074823],[13.903773624641145,45.52784995699237],[13.901581735347895,45.528737299641634],[13.900620537993886,45.528919801004115],[13.899928835225115,45.529341439818594],[13.89937187974896,45.52991410837055],[13.89810525519835,45.531915255983954],[13.897485417652309,45.53253194749999],[13.895284545206216,45.533563946747044],[13.894592842437444,45.53403589131179],[13.89403588696129,45.534558172013384],[13.893676560847641,45.53522517404927],[13.893308251581153,45.53675421489826],[13.89328130212263,45.53838388756176],[13.893460965179454,45.53934027578058],[13.893155537982851,45.54475111325887],[13.892517734131129,45.54585209200504],[13.891538570471438,45.54689642905935],[13.89043364267197,45.54755070262969],[13.888645995256573,45.54834966098867],[13.887136825579251,45.548764863210586],[13.885160531954188,45.54908569919052],[13.88344474976152,45.54968962077296],[13.87983352231936,45.552816069377826],[13.878396217864768,45.553690437362704],[13.875377878510129,45.55721922314143],[13.87411125395952,45.557955145190675],[13.871443257565684,45.559068444843135],[13.865379629397877,45.56326985159871],[13.862864346602342,45.56618172013825],[13.860645507850567,45.567760229409615],[13.85953159689826,45.569024262619656],[13.857465471744783,45.57213705894246],[13.856890549962946,45.57379085832386],[13.857708016871497,45.57826781987007],[13.857770898941386,45.579550479024654],[13.857752932635702,45.58038041933475],[13.857267842382278,45.58177620037236],[13.856441392320887,45.5824740778789],[13.85419560411059,45.58352402138755],[13.85179710230199,45.584058416231606],[13.849380634187709,45.585567268332674],[13.847754683523451,45.5873652641279],[13.84630839591602,45.59014387162652],[13.846047884483626,45.593211495704715],[13.839445267145347,45.604870708850704],[13.832914515029797,45.612901900090506],[13.825206969892053,45.62008375192907],[13.818334857968537,45.62517897871512],[13.803440790557834,45.63325751355104],[13.791376416292112,45.63899847043421],[13.781953088961696,45.64210738646669]]},"properties":{"FID":234,"FAULT_NAME":"Palmanova - Črni Kal segment 3","FAULT_DESI":"MAF.SI-006/3","FAULT_TYPE":"thrust","MINDEPTH_g":0,"MAXDEPTH_g":7,"MAXDEPTH":7,"STRIKEMIN":255,"STRIKEMAX":10,"STRIKE_BES":315,"DIPMIN":10,"DIPMAX":30,"DIP_BEST_E":25,"RAKEMIN":85,"RAKEMAX":120,"RAKE_BEST":90,"FAULT_WIDT":20.4666308011,"TOTAL_FAUL":81,"TOTAL_FA_1":80,"SEGMENTATI":"structural","TOTAL_SEGM":19,"TOTAL_SE_1":18,"MIN_TOTAL":1341.63629765,"MAX_TOTAL":3265.22286394,"BEST_ESTIM":1657.79709489,"MIN_TOTA_1":314.704810559,"MAX_TOTA_1":765.916474258,"BEST_EST_1":388.865985222,"SLIPRATEMI":0.1,"SLIPRATEMA":0.5,"BEST_EST_2":0.2,"ACTIVITY":"active","FAULT_WE_1":" ","__id":234},"id":234},{"type":"Feature","geometry":{"type":"LineString","coordinates":[[13.771388901220451,45.64153586130942],[13.754877866298335,45.64917246316874],[13.745472505273604,45.65453504646216],[13.733749490815844,45.663783354146055],[13.717373203186344,45.68157247497444],[13.702577950456897,45.694687858236605],[13.676086632728213,45.714568427029704],[13.646280531601125,45.73222853484454],[13.622295513515136,45.74701834088341],[13.603502757771354,45.753217734173525]]},"properties":{"FID":235,"FAULT_NAME":"Palmanova - Črni Kal segment 2","FAULT_DESI":"MAF.SI-006/2","FAULT_TYPE":"thrust","MINDEPTH_g":0,"MAXDEPTH_g":7,"MAXDEPTH":7,"STRIKEMIN":295,"STRIKEMAX":330,"STRIKE_BES":315,"DIPMIN":10,"DIPMAX":30,"DIP_BEST_E":25,"RAKEMIN":85,"RAKEMAX":120,"RAKE_BEST":90,"FAULT_WIDT":20.4666308011,"TOTAL_FAUL":81,"TOTAL_FA_1":80,"SEGMENTATI":"structural","TOTAL_SEGM":18,"TOTAL_SE_1":18,"MIN_TOTAL":1341.63629765,"MAX_TOTAL":3265.22286394,"BEST_ESTIM":1657.79709489,"MIN_TOTA_1":298.141399477,"MAX_TOTA_1":725.605080876,"BEST_EST_1":368.399354421,"SLIPRATEMI":0.1,"SLIPRATEMA":0.5,"BEST_EST_2":0.2,"ACTIVITY":"active","FAULT_WE_1":" ","__id":235},"id":235},{"type":"Feature","geometry":{"type":"LineString","coordinates":[[13.584197962315626,45.748391167812784],[13.572070705980012,45.750440942438196],[13.56041057359214,45.75452146231535],[13.542093924948944,45.762380793398904],[13.520031301570969,45.77256995239813],[13.505810970623358,45.781798746169095],[13.49373761320479,45.7878940499185],[13.482643419445914,45.7943457008064],[13.46797393085624,45.80331413375676],[13.453789532519993,45.81286342664244],[13.441850922394046,45.8262985440591],[13.429067895901026,45.8413763212596],[13.410930910314653,45.8596907303899]]},"properties":{"FID":236,"FAULT_NAME":"Palmanova - Črni Kal segment 1","FAULT_DESI":"MAF.SI-006/1","FAULT_TYPE":"thrust","MINDEPTH_g":0,"MAXDEPTH_g":7,"MAXDEPTH":7,"STRIKEMIN":285,"STRIKEMAX":330,"STRIKE_BES":315,"DIPMIN":10,"DIPMAX":30,"DIP_BEST_E":25,"RAKEMIN":85,"RAKEMAX":120,"RAKE_BEST":90,"FAULT_WIDT":20.4666308011,"TOTAL_FAUL":81,"TOTAL_FA_1":80,"SEGMENTATI":"structural","TOTAL_SEGM":44,"TOTAL_SE_1":43,"MIN_TOTAL":1341.63629765,"MAX_TOTAL":3265.22286394,"BEST_ESTIM":1657.79709489,"MIN_TOTA_1":728.790087611,"MAX_TOTA_1":1773.70130881,"BEST_EST_1":900.53175525,"SLIPRATEMI":0.1,"SLIPRATEMA":0.5,"BEST_EST_2":0.2,"ACTIVITY":"active","FAULT_WE_1":" ","__id":236},"id":236},{"type":"Feature","geometry":{"type":"LineString","coordinates":[[14.01226316150426,46.231741197296984],[14.022854298704031,46.22665166660427],[14.026708071272903,46.22458837687724],[14.029771326391751,46.222083737254884],[14.032762716287868,46.21878340487038],[14.036634455162423,46.21604230006126],[14.040308564674472,46.21415887663602],[14.04719864290367,46.211131588789385],[14.05381922654763,46.20859525203022],[14.05990980417396,46.20550548750121],[14.064841555083776,46.2025834174957],[14.067788029215688,46.201681896441684],[14.07351029757553,46.19926325998472],[14.08148733729851,46.19519672633143],[14.08945539386865,46.19081895927693],[14.100181278361038,46.18659010319221],[14.10554422060723,46.18435116531395],[14.112587012434728,46.182304945116286],[14.118902168882089,46.180264868619815],[14.119845399930414,46.17986057618083],[14.126106657460728,46.174803559625154],[14.126897174910752,46.174424109122235],[14.129906531112553,46.17342881667455],[14.1325116454365,46.17225310426485]]},"properties":{"FID":237,"FAULT_NAME":"Možic segment 1","FAULT_DESI":"MAF.SI-035/1","FAULT_TYPE":"dextral strike-slip","MINDEPTH_g":0,"MAXDEPTH_g":0,"MAXDEPTH":10,"STRIKEMIN":295,"STRIKEMAX":320,"STRIKE_BES":305,"DIPMIN":75,"DIPMAX":85,"DIP_BEST_E":80,"RAKEMIN":160,"RAKEMAX":180,"RAKE_BEST":170,"FAULT_WIDT":10.1542661189,"TOTAL_FAUL":11,"TOTAL_FA_1":11,"SEGMENTATI":"not segmented","TOTAL_SEGM":11,"TOTAL_SE_1":11,"MIN_TOTAL":110.42018213,"MAX_TOTAL":113.880379845,"BEST_ESTIM":111.696927307,"MIN_TOTA_1":110.42018213,"MAX_TOTA_1":113.880379845,"BEST_EST_1":111.696927307,"SLIPRATEMI":0.01,"SLIPRATEMA":0.1,"BEST_EST_2":0.05,"ACTIVITY":"potentially","FAULT_WE_1":" ","__id":237},"id":237},{"type":"Feature","geometry":{"type":"LineString","coordinates":[[14.002417625990311,46.25005711550944],[14.009756861861566,46.2424158712776],[14.012811133827574,46.24071353044297],[14.019341885943124,46.23836495894428],[14.023276506887566,46.23679918876352],[14.031442192820212,46.23248687644094],[14.036185297520364,46.23018145232926],[14.040326530980154,46.22713640414548],[14.044395899217216,46.22297870845357],[14.048177806563357,46.21992704533274],[14.051151230153794,46.21767081873632],[14.055903318006786,46.21517829535425],[14.06067337216546,46.21151700226135],[14.06193999671607,46.21029858914276],[14.063404250629185,46.207594361424746],[14.064985285529234,46.203354361697016]]},"properties":{"FID":238,"FAULT_NAME":"Sorica segment 1","FAULT_DESI":"MAF.SI-036/1","FAULT_TYPE":"dextral strike-slip","MINDEPTH_g":0,"MAXDEPTH_g":0,"MAXDEPTH":10,"STRIKEMIN":310,"STRIKEMAX":345,"STRIKE_BES":315,"DIPMIN":75,"DIPMAX":85,"DIP_BEST_E":80,"RAKEMIN":160,"RAKEMAX":180,"RAKE_BEST":170,"FAULT_WIDT":10.1542661189,"TOTAL_FAUL":7,"TOTAL_FA_1":7,"SEGMENTATI":"not segmented","TOTAL_SEGM":7,"TOTAL_SE_1":7,"MIN_TOTAL":70.267388628,"MAX_TOTAL":72.4693326287,"BEST_ESTIM":71.079862832,"MIN_TOTA_1":70.267388628,"MAX_TOTA_1":72.4693326287,"BEST_EST_1":71.079862832,"SLIPRATEMI":0.01,"SLIPRATEMA":0.1,"BEST_EST_2":0.05,"ACTIVITY":"potentially","FAULT_WE_1":" ","__id":238},"id":238},{"type":"Feature","geometry":{"type":"LineString","coordinates":[[13.492686584322371,46.0538691771871],[13.51172188519286,46.04348835183422],[13.520839785326677,46.036778744631896],[13.542228672241562,46.02748621459161],[13.561883810658095,46.01756206334503],[13.595579616965422,45.99490012890896],[13.622591957558896,45.97731700997538],[13.642265062281112,45.9652546453724]]},"properties":{"FID":239,"FAULT_NAME":"Raša West segment 2","FAULT_DESI":"MAF.SI-092/2","FAULT_TYPE":"dextral strike-slip","MINDEPTH_g":0,"MAXDEPTH_g":0,"MAXDEPTH":15,"STRIKEMIN":305,"STRIKEMAX":320,"STRIKE_BES":310,"DIPMIN":80,"DIPMAX":90,"DIP_BEST_E":85,"RAKEMIN":160,"RAKEMAX":180,"RAKE_BEST":170,"FAULT_WIDT":15.0572975632,"TOTAL_FAUL":34,"TOTAL_FA_1":35,"SEGMENTATI":"geometric","TOTAL_SEGM":15,"TOTAL_SE_1":15,"MIN_TOTAL":510,"MAX_TOTAL":517.867572062,"BEST_ESTIM":511.948117147,"MIN_TOTA_1":225,"MAX_TOTA_1":228.470987674,"BEST_EST_1":225.859463447,"SLIPRATEMI":0.23,"SLIPRATEMA":1.3,"BEST_EST_2":0.7,"ACTIVITY":"active","FAULT_WE_1":"inferred","__id":239},"id":239},{"type":"Feature","geometry":{"type":"LineString","coordinates":[[14.281757746740118,45.620328785764144],[14.268013522893087,45.62821955926299],[14.262264305074721,45.63202633461407],[14.257332554164906,45.635751196177736],[14.249750773166937,45.64330066195682],[14.24262713296387,45.649762749241354],[14.236491639573336,45.65737311459831],[14.23338346869028,45.66072586815842],[14.21759108599546,45.67960804037879],[14.21487817383742,45.682564080299855],[14.206290279721236,45.6912367397372],[14.199004942767026,45.69818895719204],[14.193363522782757,45.70383542909351],[14.18338323997619,45.7125926061603],[14.173968895798614,45.7222954111129],[14.171264966793416,45.72432105887845],[14.16009890781181,45.729783043289615],[14.150451001660366,45.73542632377503],[14.144351440881193,45.739476593561804],[14.137802722459964,45.74553264082395],[14.13064314964553,45.75302342592915],[14.12229780065606,45.763327097506654]]},"properties":{"FID":240,"FAULT_NAME":"Selce fault","FAULT_DESI":"Šebela, S., Tasič, I., Pahor, J. , Mali, M., Novak, U., Aljančič, M. 2023. Development of SLO KARST Near Fault Observatory site in SW Slovenia. Carbonates Evaporites 38, 43. https://doi.org/10.1007/s13146-023-00864-y","FAULT_TYPE":" ","MINDEPTH_g":0,"MAXDEPTH_g":0,"MAXDEPTH":0,"STRIKEMIN":0,"STRIKEMAX":0,"STRIKE_BES":0,"DIPMIN":0,"DIPMAX":0,"DIP_BEST_E":0,"RAKEMIN":0,"RAKEMAX":0,"RAKE_BEST":0,"FAULT_WIDT":0,"TOTAL_FAUL":0,"TOTAL_FA_1":0,"SEGMENTATI":" ","TOTAL_SEGM":0,"TOTAL_SE_1":0,"MIN_TOTAL":0,"MAX_TOTAL":0,"BEST_ESTIM":0,"MIN_TOTA_1":0,"MAX_TOTA_1":0,"BEST_EST_1":0,"SLIPRATEMI":0,"SLIPRATEMA":0,"BEST_EST_2":0,"ACTIVITY":"active","FAULT_WE_1":" ","__id":240},"id":240}]}
