{"type":"FeatureCollection","features":[{"type":"Feature","geometry":{"type":"Polygon","coordinates":[[[16.246804464445887,46.48564703506311],[16.246795481293045,46.48607381401789],[16.24713684110101,46.48659955160568],[16.24706497587828,46.48727991035324],[16.246993110655552,46.487422166106626],[16.246561919319173,46.48761390153343],[16.246579885624858,46.48818291882099],[16.245978014384498,46.490458928447005],[16.246013946995863,46.49088566964914],[16.245789368174833,46.491194900312124],[16.245834283939036,46.49155360567856],[16.246085812218592,46.491702034793356],[16.246238525816892,46.492079290303586],[16.24614869428848,46.49233285401208],[16.2464361551794,46.49363157642364],[16.246328357345305,46.493922238620804],[16.246499037249286,46.494175793736886],[16.247864476481148,46.49431184721426],[16.248717876001063,46.49413868818398],[16.248610078166966,46.49394079147425],[16.250963664211362,46.493575917527814],[16.25104451258693,46.493798552769334],[16.251134344115343,46.49377381556528],[16.251170276726707,46.49428092599929],[16.25176316481423,46.49464579521564],[16.25309267143472,46.49489934695819],[16.254835403085917,46.49544973569688],[16.255329476492182,46.49548684035524],[16.25540134171491,46.49567854735346],[16.256389488527443,46.49574038817646],[16.257000342920644,46.496117615673846],[16.260476823070185,46.494299478730376],[16.260485806223027,46.49461487419054],[16.25891375447582,46.495672363267296],[16.259704271925845,46.49630313643392],[16.259749187690048,46.49660615231426],[16.26162666663386,46.49645773658384],[16.261608700328175,46.49676075160269],[16.263037021629927,46.496661808108726],[16.26508518047772,46.49669272796992],[16.26590264738627,46.497348224890175],[16.266181125124348,46.49772544123397],[16.26711537301983,46.49829435273739],[16.267330968688018,46.499036402274776],[16.2679597893869,46.49949399444157],[16.26800470515111,46.50056993922799],[16.26860657639147,46.50027312899974],[16.26891200358807,46.499957766356886],[16.27028642597277,46.50019274261742],[16.271606949440425,46.50061322391756],[16.271508134759173,46.50084819734542],[16.271669831510316,46.50170151335899],[16.271355421160877,46.502152899747195],[16.272029157623965,46.50287016355921],[16.27208305654101,46.50314222666765],[16.271903393484187,46.50321642546094],[16.271894410331345,46.50431084589905],[16.271759663038726,46.50454580334635],[16.272379500584773,46.505238303599555],[16.27201119131828,46.505868965797816],[16.27172373042736,46.50610391651086],[16.271975258706917,46.50655526634726],[16.27193034294271,46.50692005320264],[16.271741696733045,46.50696951563863],[16.271687797816,46.50721682714348],[16.271759663038726,46.507587792291005],[16.271579999981906,46.507711446777606],[16.271687797816,46.50805767784356],[16.271292539090986,46.50825552317679],[16.27140033692508,46.50832353234379],[16.271049993964272,46.50960332534626],[16.270681684697784,46.51030194359444],[16.27059185316937,46.51027721389826],[16.27072660046199,46.511006735205825],[16.272648995170005,46.510635793391714],[16.273125102270587,46.51076562331462],[16.2733676473973,46.511006735205825],[16.275406823092254,46.5109510940951],[16.275963778568407,46.51217518537282],[16.276709380254225,46.51318905828362],[16.276664464490022,46.51344870562104],[16.278425162446894,46.513745443916235],[16.277005824297987,46.513090144685926],[16.276565649808767,46.512391562276704],[16.27732921780027,46.51217518537282],[16.277670577608234,46.511736246721554],[16.277877190123583,46.51169915315195],[16.278038886874725,46.512150456528964],[16.27860482550372,46.51218136758204],[16.278811438019066,46.512342104774625],[16.279260595661125,46.51224318963545],[16.279296528272493,46.51172388220115],[16.279637888080458,46.51174861123912],[16.279997214194104,46.51115511122261],[16.279709753303184,46.511074740930475],[16.279691786997503,46.510932547045535],[16.27937737664806,46.51070998195706],[16.27927856196681,46.51027721389826],[16.279628904927616,46.509807347532856],[16.279943315277055,46.50975788767915],[16.280527220211734,46.509900084637245],[16.280635018045828,46.5104688687494],[16.281524350177104,46.51054305754261],[16.281946558360644,46.51068525244653],[16.2814794344129,46.511105652595354],[16.28304250300727,46.51142095057302],[16.2829616546317,46.51086454114297],[16.283617424789103,46.51083362934095],[16.28569253309542,46.5112540283421],[16.286626780990904,46.51112419958585],[16.286698646213633,46.510938729396095],[16.287228652231267,46.511408585980895],[16.28838747894778,46.51200208322947],[16.288647990380174,46.511315851450355],[16.288576125157444,46.51069143482522],[16.289582238275656,46.510054646126235],[16.29048953671262,46.511266392969375],[16.29079496390922,46.51088927057194],[16.29201667269562,46.510747076201774],[16.292465830337683,46.51096964113834],[16.2927532912286,46.510777988053015],[16.292789223839964,46.510407044677706],[16.29292397113258,46.51035140295306],[16.293319229857595,46.51062342862097],[16.294199578836032,46.510407044677706],[16.294531955491156,46.51114892889667],[16.294352292434333,46.51157550773711],[16.294666702783775,46.5116929708879],[16.29588841157018,46.51168060635766],[16.297217918190675,46.51142095057302],[16.29679571000714,46.511062376259595],[16.296598080644632,46.51047505115271],[16.297990469335016,46.50991863203912],[16.297119103509424,46.509139635710454],[16.29852047535265,46.50848428094567],[16.29883488570209,46.5087068551481],[16.29899658245323,46.50918909612674],[16.29937387487256,46.50967751532091],[16.300245240698157,46.51036376778569],[16.300433886907822,46.50983207744283],[16.29982303251462,46.50943639753307],[16.29965235261064,46.508682124726164],[16.30227543324027,46.507742360355294],[16.30297611916188,46.50795257221737],[16.303667821930652,46.50787837988829],[16.304179861642602,46.50768671590279],[16.30453020460341,46.507383761773156],[16.305185974760814,46.507655802293435],[16.3065783634512,46.50774854306873],[16.30686582434212,46.50792165875923],[16.3068837906478,46.50872540295716],[16.30718023469156,46.50881814190753],[16.30793481953022,46.508917063280194],[16.308177364656935,46.50845336778992],[16.30997399522517,46.50863266384855],[16.30993806261381,46.50926328666678],[16.31062976538258,46.509213826318],[16.311051973566116,46.509807347532856],[16.311698760570682,46.5096713328269],[16.311429265985446,46.50914581826495],[16.31168977741784,46.50915818337183],[16.31239046333945,46.50945494509319],[16.312570126396277,46.51004846367512],[16.31243537910366,46.511074740930475],[16.31199520461444,46.51134058067398],[16.312552160090597,46.51221227861754],[16.31302826719118,46.51227410063578],[16.3131630144838,46.51240392664519],[16.31237249703377,46.51241629101086],[16.312345547575248,46.5127872206731],[16.313073182955385,46.51373926188495],[16.313818784641203,46.5144501908737],[16.314151161296326,46.51428945991598],[16.315399819541252,46.51596474770687],[16.31919071004024,46.51563093064366],[16.319424272014107,46.519061730469716],[16.318238495839072,46.518845380123295],[16.317951034948152,46.5189010131518],[16.31777137189133,46.51922244731226],[16.31840019259021,46.520174375786816],[16.32122090258235,46.5210397508368],[16.32252345974432,46.52155278810845],[16.322074302102262,46.52199782856472],[16.324724332190414,46.52317840433487],[16.327329446514362,46.52388302895649],[16.327688772628008,46.52426624201921],[16.328694885746224,46.52471126024812],[16.330689145676967,46.52477924882319],[16.331785090323596,46.52442694346684],[16.332422894175316,46.52436513527402],[16.333509855669103,46.52476688727042],[16.33423749104924,46.524785429598516],[16.33550411559985,46.52517481702674],[16.337067184194215,46.52542822639347],[16.337794819574356,46.52565691188041],[16.33881889899825,46.523790315712624],[16.340426883356823,46.52281372659971],[16.340974855680138,46.52280754560005],[16.343831498283635,46.52333292806055],[16.346194067480873,46.52508210598746],[16.34648152837179,46.525755802603626],[16.3462659327036,46.52708462923426],[16.345304735349593,46.529383731556415],[16.345583213087668,46.53038492311869],[16.346005421271204,46.53113271465297],[16.346849837638278,46.53191757568507],[16.347882900215016,46.53253556851633],[16.34964359817189,46.53327715063153],[16.3499939411327,46.53423501254322],[16.349966991674172,46.53519285756044],[16.348942912250276,46.53663886254927],[16.346436612607583,46.53741128533357],[16.3434092901001,46.537788223663064],[16.34206181717392,46.538220772620264],[16.349778345464507,46.53774496857783],[16.350757509124197,46.538319640469545],[16.352024133674806,46.53826402732647],[16.352365493482772,46.5384185081388],[16.35324584246121,46.53827638580764],[16.35332669083678,46.538103366815434],[16.356803170986325,46.539376279365555],[16.357512840060778,46.53947514511086],[16.358159627065344,46.53939481670652],[16.359156757030714,46.539011710373934],[16.359578965214254,46.53873364763314],[16.360055072314836,46.53839997046454],[16.36033355005291,46.53794270582903],[16.360477280498372,46.53718264933423],[16.360450331039846,46.5356872225721],[16.360037106009155,46.53514342081175],[16.359929308175058,46.53405580095418],[16.36347765354733,46.53409905897809],[16.36369324921552,46.53528555134294],[16.36301052959959,46.53645347944608],[16.363594434534267,46.53765227899345],[16.363423754630283,46.538220772620264],[16.362220012149564,46.53873364763314],[16.361231865337032,46.53963580156304],[16.360612027790992,46.53974084590936],[16.359740661965393,46.53942571226072],[16.358159627065344,46.53988296440739],[16.35649774378972,46.541415348929796],[16.356093501911868,46.542033233679035],[16.356300114427217,46.54279940100214],[16.35745894114373,46.54461591580171],[16.35800691346704,46.5448259850208],[16.358393189039216,46.5448259850208],[16.3593274369347,46.544560309107645],[16.35995625763358,46.5441895963583],[16.360306600594388,46.54332459009845],[16.3602437185245,46.54303419204962],[16.35972269565971,46.54248428510567],[16.360198802760294,46.541365917846086],[16.360719825625086,46.54096428862253],[16.36152830938079,46.54068005691523],[16.363064428516633,46.540482329632546],[16.36409749109337,46.54070477277493],[16.365085637905906,46.541977624339566],[16.365750391216153,46.542416318692126],[16.366235481469577,46.542441033761435],[16.36654989181902,46.54231745830237],[16.367726684841216,46.542218597732585],[16.36851720229124,46.54193437259171],[16.3706012937504,46.54216916738019],[16.37149960903452,46.542935332784964],[16.37188588460669,46.543930095927514],[16.371858935148165,46.5444120243117],[16.37137384489474,46.54553032882327],[16.37100553562825,46.54598752955805],[16.37078095680722,46.54602459971913],[16.37074502419586,46.54656211421006],[16.370439596999255,46.54701930625483],[16.370358748623687,46.54765566174507],[16.370215018178225,46.54774215609017],[16.370286883400958,46.54858237969857],[16.37134689543622,46.55004656181736],[16.37227216017886,46.550460479558915],[16.373637599410724,46.55057785864246],[16.374482015777794,46.55034927808771],[16.37687153443355,46.549002486625476],[16.378407653569397,46.548415571634585],[16.37925206993647,46.54835379074005],[16.380168351526272,46.5481128445795],[16.38459704587698,46.54803252895497],[16.385630108453718,46.54785336290277],[16.386348760681013,46.54742089068507],[16.386968598227057,46.54627173347941],[16.386726053100343,46.545320262329746],[16.385764855746334,46.54423902487114],[16.385019254060516,46.543781809410135],[16.383626865370132,46.54321337400796],[16.38029411566605,46.54258932394104],[16.378847828058614,46.542756149908946],[16.377257810005723,46.543102157689646],[16.37588338762102,46.543176301927176],[16.37519168485225,46.54303419204962],[16.374580830459045,46.5427314349831],[16.373943026607325,46.54192201494314],[16.373718447786295,46.54111258283567],[16.37469761144598,46.53963580156304],[16.375685758258516,46.53879543947637],[16.37685356812787,46.53800449857238],[16.380716323849583,46.53667593909396],[16.382378207125207,46.53667593909396],[16.383051943588296,46.53641022329761],[16.38378856212127,46.53626809571002],[16.3841658545406,46.53649055611735],[16.384489248042886,46.53649673556009],[16.385252816034388,46.53628045464545],[16.385549260078147,46.536447299998414],[16.385459428549737,46.537083779414736],[16.3856480747594,46.53765227899345],[16.386815884628756,46.5381775178796],[16.38766030099583,46.53827638580764],[16.38848675105722,46.53791798871201],[16.389358116882814,46.53779440295814],[16.389537779939637,46.537726430673615],[16.389825240830557,46.5372444429425],[16.39043609522376,46.53686132143767],[16.390696606656153,46.53642876165117],[16.39099305069991,46.53538442453653],[16.391460174647655,46.53176307637849],[16.394721059129008,46.53127485568093],[16.397568718579667,46.531750716414976],[16.401377575384334,46.53166419659163],[16.401745884650822,46.53312883501857],[16.40489897129808,46.53471084734091],[16.405321179481618,46.53516195959777],[16.406048814861755,46.53503836757134],[16.407171708966903,46.53509398401804],[16.40826765361353,46.534438942252756],[16.408689861797065,46.53397546453263],[16.408950373229462,46.53312883501857],[16.408456299823193,46.532214213121684],[16.408061041098183,46.53072482963787],[16.408420367211832,46.530576507054725],[16.407836462277153,46.52982870786249],[16.407549001386233,46.52897583340674],[16.40751306877487,46.52780774448705],[16.407782563360104,46.52674469993452],[16.408761727019797,46.52578052525631],[16.410010385264723,46.52547149128917],[16.41065717226929,46.52508210598746],[16.411573453859088,46.52402518895644],[16.411591420164772,46.52245522745707],[16.41267838165856,46.52228215805879],[16.41382822522223,46.52231306334892],[16.41480738888192,46.52251085678944],[16.41599316505696,46.5229929752839],[16.416774699354143,46.524902864196214],[16.416613002603,46.52496467177724],[16.416702834131414,46.525143913364566],[16.41660401945016,46.52518099775706],[16.416999278175172,46.525805247897736],[16.415157731842726,46.52658400534326],[16.414960102480222,46.527764481452074],[16.414636708977937,46.52825891408424],[16.4136036464012,46.528759522539],[16.412804145798333,46.52900673488896],[16.413280252898915,46.52947643525413],[16.414007888279055,46.52957531902397],[16.41504095085579,46.52958149925362],[16.41570570416604,46.52936519079788],[16.416505204768907,46.52895111220831],[16.41967625772185,46.527721218382624],[16.421068646412234,46.526781783234235],[16.42268561392365,46.52449493239773],[16.42459004232598,46.524105540096215],[16.427716179514718,46.523493632269],[16.430132647628998,46.523382375559926],[16.430033832947746,46.524198252802115],[16.429746372056826,46.5247174410312],[16.428623477951678,46.52548385268161],[16.428758225244298,46.52715261483894],[16.42914450081647,46.52775830101568],[16.429899085655126,46.528339258961864],[16.430797400939248,46.52861119458895],[16.43203707603133,46.528734801242116],[16.433186919595006,46.52861119458895],[16.433815740293888,46.528370160806226],[16.434723038730848,46.52779538362342],[16.43548660672235,46.52708462923426],[16.436250174713855,46.526003028624075],[16.436627467133185,46.525045021527454],[16.43681611334285,46.524105540096215],[16.436717298661595,46.52272101153098],[16.439717671710554,46.52250467575533],[16.439978183142948,46.52306714698023],[16.44088548157991,46.52382740102916],[16.44149633597311,46.524068454969544],[16.442062274602105,46.523951018568106],[16.443131269790207,46.52301151821748],[16.444838068830034,46.52180621437073],[16.44554773790449,46.521033569635314],[16.445610619974378,46.520662696259436],[16.445421973764713,46.52029182035196],[16.443023471956113,46.51868466216542],[16.44261923007826,46.51825195760834],[16.44269109530099,46.51678691802494],[16.442304819728818,46.514926198998324],[16.44274499421804,46.51467274064576],[16.442942623580546,46.5143389156459],[16.442951606733384,46.51344870562104],[16.442727027912355,46.51300977725525],[16.443787039947615,46.51153841405781],[16.445233327555048,46.51061106384742],[16.44591604717098,46.51057396950989],[16.452922906387112,46.51188462074677],[16.455626835392312,46.513541436512334],[16.456165824562785,46.51305923414973],[16.4594626416555,46.51288613482211],[16.45974111939358,46.512991230908206],[16.46043282216235,46.513003595140276],[16.461995890756718,46.51292940970571],[16.464304561036904,46.51195880760749],[16.46597542746537,46.51507456431473],[16.46607424214662,46.51559383973227],[16.465939494854002,46.5162491087729],[16.46614610736935,46.516731282831906],[16.46703543950063,46.517349448443696],[16.46743069822564,46.51746689911493],[16.468284097745556,46.51747926232872],[16.468885968985916,46.51726290568138],[16.469281227710926,46.51700327656746],[16.47013462723084,46.51573602142176],[16.46998191363254,46.51459237555543],[16.469721402200147,46.51466655871995],[16.469389025545023,46.5140669085743],[16.46779002433929,46.51231737600671],[16.46690069220801,46.51163114820861],[16.466667130234143,46.51163114820861],[16.466406618801745,46.509992821583374],[16.468346979815443,46.50898507161946],[16.47050293649733,46.50831116704702],[16.471212605571782,46.50819369658752],[16.470826329999614,46.50902216704138],[16.470871245763817,46.51069143482522],[16.470475987038807,46.51158787229125],[16.470251408217777,46.5118104337848],[16.470449037580284,46.512107181025115],[16.471356336017244,46.51281813136401],[16.47147311700418,46.51305305204038],[16.47275770786047,46.513393067010306],[16.473727888367318,46.51344870562104],[16.474895698236672,46.51312723730616],[16.475578417852606,46.512762492107704],[16.475937743966252,46.51232974039207],[16.47621622170433,46.510456503940695],[16.47616232278728,46.509869172286685],[16.475811979826474,46.50902216704138],[16.475524518935558,46.50845955042248],[16.475174175974754,46.508218427231675],[16.474734001485533,46.50721682714348],[16.47483281616679,46.506703654515995],[16.477240301128226,46.50643160923055],[16.477500812560624,46.50713645102782],[16.478875234945324,46.50708698874373],[16.479468123032845,46.50721682714348],[16.480384404622647,46.50703752641463],[16.480725764430613,46.507692898622544],[16.48148034926927,46.50811950458755],[16.482055271051106,46.50832971499112],[16.48289968741818,46.50826788848621],[16.483474609200016,46.50802676444519],[16.484606486458006,46.50717354771135],[16.485262256615414,46.50644397495488],[16.485271239768256,46.50584423408474],[16.484067497287537,46.50554745265017],[16.48537903760235,46.50447160636744],[16.487238550240477,46.50406970430512],[16.489610102590554,46.50391512579769],[16.49085876083548,46.50408825369647],[16.492098435927563,46.50400168981601],[16.492853020766223,46.50378527951178],[16.492862003919065,46.502295116599974],[16.492709290320768,46.5018746483071],[16.491352834241745,46.50137379212625],[16.491730126661075,46.5005513886362],[16.49048146841615,46.499215729393605],[16.490265872747962,46.49916007621313],[16.490041293926932,46.49843039591069],[16.49041858634626,46.49828198515931],[16.490813845071273,46.497719257380574],[16.491101305962193,46.49771307352648],[16.49144266577016,46.4974224315908],[16.491550463604252,46.49690916650606],[16.49212538538609,46.49627840036916],[16.494829314391286,46.49603103910253],[16.495512034007216,46.495765124485956],[16.49755120970217,46.49315538180711],[16.499734115842582,46.492468912100016],[16.502653640515966,46.49205455231751],[16.504836546656378,46.491572159340066],[16.507306913687707,46.491528867453376],[16.513316642938467,46.49091040816688],[16.512076967846383,46.48746546126207],[16.514565301183392,46.487378870916714],[16.51873348410171,46.487972630516836],[16.519407220564798,46.487780896354494],[16.519901293971063,46.48807777477053],[16.52045824944722,46.48787985600654],[16.522236913709772,46.48670469851351],[16.522569290364896,46.48625318388361],[16.522847768102974,46.48511510298291],[16.5227220039632,46.48426152668217],[16.522353694696708,46.48363061385188],[16.5209343565478,46.48235639504092],[16.520045024416522,46.48230691021324],[16.520835541866546,46.481459475554146],[16.521644025622255,46.481045031900116],[16.52227284632114,46.480550169670494],[16.52227284632114,46.47962229085847],[16.521940469666013,46.47928825061249],[16.52140148049554,46.479034626093146],[16.5209343565478,46.47899751021067],[16.520386384224487,46.47875007034711],[16.520134855944935,46.476962283898786],[16.514646149558963,46.476591109798775],[16.514529368572028,46.47641789435234],[16.515185138729436,46.47542808122392],[16.51673024101812,46.47438875806229],[16.521024188076215,46.47352264026483],[16.52160809301089,46.47331848191935],[16.524195241029155,46.47343602772696],[16.52672849013037,46.47386908903794],[16.527707653790063,46.47454960699271],[16.52860596907418,46.47560129982105],[16.534355186892547,46.475106388080704],[16.535576895678947,46.474704268977455],[16.53732861048298,46.47317618928624],[16.53709504850911,46.473151442703376],[16.532549573171465,46.470020909226086],[16.532226179669184,46.46922896708262],[16.531723123110076,46.46693969453014],[16.531444645371998,46.466840696788545],[16.530627178463448,46.46691494511162],[16.529630048498078,46.4674656170135],[16.528579019615655,46.46674788624228],[16.528031047292345,46.46592495914362],[16.528156811432122,46.464904017257055],[16.528722750061117,46.46416150204053],[16.53060022900493,46.46328903372011],[16.532468724795894,46.4630415224308],[16.534445018420957,46.4633570991274],[16.535028923355636,46.46361079671393],[16.536241648989197,46.46450182277191],[16.540023556335342,46.466364267638966],[16.540724242256953,46.46687782096274],[16.540122371016594,46.467564613618585],[16.53978101120863,46.468604067101865],[16.540095421558068,46.469594004345915],[16.540508646588766,46.47015702312156],[16.540894922160934,46.47049111942188],[16.545251751288916,46.47263794856972],[16.545916504599166,46.47269362889069],[16.548261107490717,46.47175942929886],[16.549752310862353,46.47207495545768],[16.55106385117717,46.472526587756875],[16.55136927837377,46.472514214319155],[16.55157589088912,46.472767869230054],[16.552312509422094,46.47297202964109],[16.553156925789168,46.47309576285079],[16.554594230243758,46.47301533629648],[16.555600343361974,46.47258226819178],[16.555699158043225,46.47198834061585],[16.55551051183356,46.47133253805471],[16.558196474533077,46.47174086887961],[16.559103772970037,46.47169756121007],[16.559463099083686,46.471945033143236],[16.561735836752508,46.47240285325312],[16.562616185730946,46.4723842930533],[16.564691294037264,46.47296584297322],[16.565957918587873,46.47295965630465],[16.567107762151544,46.47250184087863],[16.56752997033508,46.47197596705576],[16.567592852404967,46.471344911761086],[16.567035896928815,46.46992810410218],[16.568877443261258,46.468907237295454],[16.57031474771585,46.46838132874075],[16.57040457924426,46.468548382597035],[16.57134781029259,46.46838751592976],[16.573737328948347,46.46838132874075],[16.57443801486996,46.46814002782098],[16.574626661079623,46.46795441100095],[16.575021919804637,46.46794203652378],[16.575390229071125,46.46778735532173],[16.579513496225236,46.46692113246731],[16.57979197396331,46.46693350717656],[16.579962653867295,46.46749036618166],[16.58030401367526,46.46766361004363],[16.582747431248066,46.46782447885032],[16.585559158087356,46.46770073365659],[16.586870698402173,46.46734187100397],[16.58954767794885,46.467354245617585],[16.59045497638581,46.46758317546199],[16.592287539565415,46.46861025426555],[16.59290737711146,46.46882680455152],[16.59385060815978,46.46894436006024],[16.594569260387075,46.46880205599101],[16.595359777837103,46.468195712743565],[16.595602322963813,46.4673851821393],[16.595458592518355,46.466667450307526],[16.59495553595925,46.46561558483633],[16.59466807506833,46.46238561207202],[16.594470445705824,46.46196483522832],[16.593706877714325,46.461240843929936],[16.593859591312622,46.460813870189604],[16.59360806303307,46.46051684300408],[16.593635012491593,46.458678951261845],[16.597488785060467,46.45771356913262],[16.598890156903693,46.45814056718536],[16.59910575257188,46.4583138408024],[16.599581859672465,46.45927921228924],[16.60008491623157,46.45953911707291],[16.600013051008844,46.4604611502264],[16.599734573270762,46.461160399858045],[16.599303381934387,46.461686378175976],[16.598521847637205,46.46411200066599],[16.598440999261634,46.46507108178509],[16.599366264004274,46.466785010479775],[16.59962677543667,46.46838751592976],[16.600857467375914,46.46982292477046],[16.601405439699228,46.471041755145166],[16.602151041385046,46.47123973516726],[16.60248341804017,46.47185841809462],[16.60294155883507,46.472112076062004],[16.603651227909523,46.472229624475276],[16.604756155708994,46.47154289068043],[16.605843117202777,46.47112837149346],[16.60645397159598,46.471134558370196],[16.607325337421575,46.47154289068043],[16.60863687773639,46.47151195652175],[16.60915790060118,46.471344911761086],[16.61021791263644,46.47036119332655],[16.60752296678408,46.469495011431704],[16.605968881342555,46.46887011450533],[16.605564639464703,46.468907237295454],[16.604783105167517,46.46866593870708],[16.604630391569216,46.46820808716307],[16.605025650294227,46.4676697973142],[16.606022780259604,46.46679119785023],[16.60594193188403,46.46524433334672],[16.606040746565284,46.464885454500084],[16.610029266426775,46.465231958253455],[16.6105143566802,46.46500920609376],[16.613308117213812,46.464291442934496],[16.61437711240191,46.464241941678125],[16.61502389940648,46.46458844952748],[16.615365259214446,46.46536189659235],[16.61460169122294,46.466234331692675],[16.614556775458738,46.46677882310861],[16.613523712882,46.46736662022838],[16.6115833518683,46.46801009611342],[16.611152160531923,46.468461762142965],[16.610586221902928,46.46960019139708],[16.611026396392145,46.47115930587015],[16.610361643081898,46.471703748022115],[16.607199573281797,46.47179036331687],[16.60639108952609,46.47148102234549],[16.605591588923225,46.47140678025074],[16.603471564852704,46.47245234708838],[16.60277087893109,46.47233479915616],[16.601755782660035,46.47141296709584],[16.601306625017976,46.471313977489885],[16.60044424234522,46.47149339601811],[16.59984237110486,46.472062581917285],[16.589008688778378,46.47273693576763],[16.58622391139761,46.473454587568106],[16.585172882515188,46.473466960792024],[16.584795590095858,46.47391239497951],[16.584481179746415,46.47557655434093],[16.583798460130485,46.47651687467496],[16.579917738103088,46.478249001177005],[16.57849839995418,46.47871914028505],[16.578004326547912,46.47905937000073],[16.57525548177851,46.480005816019315],[16.57451886324553,46.48014190494267],[16.573728345795505,46.480494497388],[16.57310850824946,46.481478032658856],[16.573171390319352,46.48175638846975],[16.57340495229322,46.48208422793173],[16.574608694773943,46.48242443660546],[16.57443801486996,46.48307391998417],[16.57370139633698,46.48350690459579],[16.57068305698234,46.484737799168265],[16.569362533514685,46.485077991248325],[16.567574886099287,46.48515221469218],[16.5669460654004,46.48482439371776],[16.566209446867425,46.48475016982663],[16.562499404744013,46.486290294816456],[16.560523111118947,46.48723043000398],[16.557882064183637,46.487743786438564],[16.557235277179068,46.48795407562743],[16.555393730846625,46.48895603059759],[16.551180632164105,46.49029194184779],[16.54153272601266,46.49555486549649],[16.54107458521776,46.495697099607746],[16.53769691974947,46.49596919861006],[16.53672673924262,46.49612379970937],[16.536151817460784,46.49633405649908],[16.528309525030423,46.500903848798025],[16.529971408306043,46.504181000558305],[16.534624681477784,46.5031360434303],[16.53791251541766,46.50994954436153],[16.537148947426157,46.51023393690286],[16.536286564753404,46.51091399998963],[16.532855000368066,46.510555422331635],[16.531812954638486,46.510957276443555],[16.53047446486515,46.51098818817525],[16.52995344200036,46.51162496593681],[16.530213953432757,46.51192171418978],[16.53003429037593,46.512088634370066],[16.53047446486515,46.51262648479696],[16.530124121904343,46.5127872206731],[16.530501414323673,46.51396181456838],[16.529917509388994,46.514493464511865],[16.529692930567965,46.51488292570474],[16.529064109869083,46.51510547370466],[16.53279211829818,46.51898755330513],[16.533313141162967,46.51866611775508],[16.533385006385696,46.518715569501936],[16.532684320464085,46.51932753114459],[16.53333110746865,46.520162013186244],[16.53496604128575,46.52074923360691],[16.535469097844853,46.52073687113714],[16.535469097844853,46.52104593203758],[16.535181636953936,46.52158369381349],[16.535181636953936,46.5221152691883],[16.534579765713577,46.52303006114472],[16.534714513006193,46.524260061184805],[16.53523553587098,46.52533551578668],[16.536035036473848,46.525143913364566],[16.536591991950004,46.526015389895555],[16.536591991950004,46.52640476850756],[16.537130981120477,46.52689921351629],[16.53710403166195,46.52714643433294],[16.536376396281813,46.527523443912074],[16.535729609277247,46.52766559438556],[16.535181636953936,46.52764705304056],[16.53455281625505,46.52790045087456],[16.533825180874917,46.52839488226907],[16.533519753678313,46.528339258961864],[16.532531606865785,46.53047762510761],[16.532396859573165,46.53039110325621],[16.531857870402696,46.53064448828894],[16.531417695913476,46.53063212807087],[16.530285818655482,46.53082989122253],[16.52895631203499,46.53081135095765],[16.528632918532704,46.53111417449146],[16.52805799675087,46.53122541536557],[16.52777053585995,46.530774270408905],[16.52612661889001,46.53080517086795],[16.525381017204193,46.530576507054725],[16.524752196505307,46.530557966703356],[16.523207094216623,46.53093495260394],[16.52326997628651,46.53135519609739],[16.52227284632114,46.53190521575672],[16.52228182947398,46.53261590706789],[16.522677088198993,46.53296815931414],[16.52268607135183,46.53325861120206],[16.52227284632114,46.53350580307458],[16.521635042469413,46.5336293985889],[16.52138351418986,46.533833330572605],[16.521796739220555,46.534420403219904],[16.522398610460915,46.53416703580321],[16.522578273517738,46.53441422354088],[16.521581143552368,46.53500746952077],[16.521733857150668,46.53547093843328],[16.52244352622512,46.53612596775044],[16.521670975080777,46.53653999163966],[16.520736727185295,46.5367253744475],[16.52100622177053,46.53764609968219],[16.52177877291487,46.538659497328425],[16.521868604443284,46.53898699374352],[16.522632172434786,46.539685234221906],[16.52349455510754,46.54133502339591],[16.523988628513806,46.54188494198055],[16.523907780138238,46.54225567046735],[16.5233328583564,46.54256460893924],[16.52291065017286,46.54305890683766],[16.52279386918593,46.54493719780768],[16.522937599631387,46.54575892967199],[16.523512521413224,46.54667950172411],[16.523575403483115,46.5471243363158],[16.523314892050717,46.547748334252404],[16.5233328583564,46.5482796535738],[16.519398237411956,46.55299334026144],[16.51813161286135,46.55464890239627],[16.51830229276533,46.55473538559734],[16.51805076448578,46.55506278503857],[16.517727370983494,46.55506896236753],[16.513020198894708,46.56083210390812],[16.512705788545265,46.56045532557435],[16.51116966940942,46.55967705384677],[16.50958863450937,46.55993030222148],[16.509310156771292,46.559899418336634],[16.509094561103105,46.55973264505467],[16.509076594797424,46.55938056644267],[16.508860999129233,46.55918908413316],[16.50800759960932,46.559065546800674],[16.50762132403715,46.55922614527806],[16.507387762063278,46.558929655410054],[16.50657927830757,46.558688756199366],[16.505842659774594,46.55801546811823],[16.504647900446713,46.55792281314118],[16.50385738299669,46.55832431689906],[16.503516023188723,46.558305786021776],[16.502312280708,46.55862081007478],[16.501800240996054,46.55889259406264],[16.501351083353995,46.558849355792006],[16.501126504532966,46.55865169468741],[16.500883959406252,46.55863316392194],[16.500066492497705,46.55803399909465],[16.499410722340297,46.5581451848203],[16.4977757885232,46.558108122937064],[16.49765002438342,46.55875670223888],[16.49775782221752,46.5600414840614],[16.49674272594646,46.56054179952164],[16.496383399832816,46.560597389843544],[16.494892196461176,46.56120270299539],[16.494380156749227,46.56128917575151],[16.4933920099367,46.560739453740766],[16.493050650128733,46.56068386356442],[16.49184690764801,46.560850633922605],[16.491056390197986,46.56106064031113],[16.490903676599682,46.56121505625471],[16.489996378162722,46.56141888462728],[16.487660758424013,46.56158565272619],[16.487588893201284,46.56177712657798],[16.48742719645014,46.56178330314258],[16.486672611611482,46.562431838513845],[16.486555830624546,46.562987719804624],[16.4871127861007,46.564056231178],[16.487373297533097,46.565260597380856],[16.486825325209782,46.567632194195696],[16.48695108934956,46.568959996092396],[16.486672611611482,46.569176146813206],[16.48652888116602,46.56992340409734],[16.486645662152956,46.570750933208465],[16.487085836642176,46.57174518656169],[16.48749906167287,46.57227009557681],[16.488720770459274,46.57315316633944],[16.488433309568357,46.5733507746112],[16.4880290676905,46.57412267502308],[16.48674447683421,46.574610510417386],[16.486034807759758,46.57514156674385],[16.484651402222212,46.57764240162471],[16.48197442267554,46.58021104034092],[16.480986275863003,46.58096431996555],[16.479710668159555,46.581692891941096],[16.478138616412345,46.58314383238884],[16.474671119415643,46.58142739650755],[16.473826703048573,46.58121129461348],[16.47356619161618,46.58142122217968],[16.469550722296166,46.58739146882788],[16.469272244558088,46.58749024711059],[16.467682226505197,46.59002755254886],[16.467996636854636,46.59055228459366],[16.466244922050603,46.592521527782964],[16.464771684984647,46.592669681116305],[16.462858273429475,46.59308944669471],[16.460369940092463,46.59343513355332],[16.460307058022575,46.594379588192965],[16.45833974755035,46.59628079336697],[16.458196017104893,46.59637338282473],[16.45688447679008,46.59629313863716],[16.45321935043087,46.6015643120034],[16.451458652474,46.60336034410444],[16.450272876298957,46.60652022855602],[16.438388165090057,46.60873574073467],[16.43637593885363,46.608649343629054],[16.42959365845853,46.60874808316707],[16.426108195156143,46.612364294730156],[16.4260992120033,46.612561760081675],[16.42584768372375,46.61259878475493],[16.42202984376624,46.61588153849818],[16.420332027879255,46.61915175319004],[16.41940676313661,46.61954046368983],[16.418535397311018,46.620651049741234],[16.417187924384837,46.62320531120928],[16.41504095085579,46.62356314497951],[16.413693477929613,46.62396416277352],[16.41339703388585,46.624143077446384],[16.413055674077885,46.62466747911559],[16.41226515662786,46.625420140868876],[16.412444819684687,46.62620363829855],[16.41226515662786,46.62644423759558],[16.409130036286285,46.62788781092066],[16.409004272146507,46.62763487991466],[16.408698844949907,46.627579358316126],[16.407557984539075,46.62766572522257],[16.406965096451557,46.62781995149846],[16.405393044704347,46.628671272633916],[16.404701341935578,46.629504073832216],[16.404036588625328,46.62977550256517],[16.402221991751404,46.62989887881199],[16.401368592231492,46.62981868428355],[16.400497226405896,46.62953491807496],[16.399868405707014,46.629590437667616],[16.398152623514346,46.629430047577905],[16.397505836509776,46.629201799323106],[16.396427858168835,46.62933134574799],[16.396679386448387,46.631576767848394],[16.39608649836087,46.63175565736091],[16.395763104858585,46.63202707480251],[16.39579005431711,46.63237251321411],[16.395592424954604,46.63295851976244],[16.395224115688116,46.63326077329115],[16.395098351548338,46.63380976007675],[16.394271901486945,46.63388994869166],[16.394280884639787,46.63414285046807],[16.394469530849456,46.63566640445582],[16.39497258740856,46.63599331530914],[16.396832100046687,46.63641891327219],[16.39232255732041,46.63953986272291],[16.390597791974898,46.639848247164835],[16.389968971276016,46.649518291427704],[16.390921185477183,46.649277794707],[16.39210696165222,46.64920379550088],[16.394756991740373,46.65078242327387],[16.395269031452322,46.65052343281435],[16.39579903746995,46.65075159114134],[16.395493610273352,46.65142372764562],[16.396194296194963,46.654217012799315],[16.396634470684184,46.654667131346244],[16.397865162623425,46.654753455022984],[16.398323303418326,46.65657855193292],[16.397928044693316,46.65665870680406],[16.398386185488217,46.65772537185518],[16.3964637907802,46.65832960052539],[16.396185313042125,46.658902994958225],[16.396203279347805,46.65922976540959],[16.396355992946106,46.659346909052786],[16.398988056728573,46.659895631160566],[16.399643826885985,46.660216230264204],[16.40058705793431,46.66031487575979],[16.401108080799098,46.66002510410433],[16.401242828091718,46.65949487960775],[16.402751997769037,46.65897698089374],[16.404171335917944,46.65935923994783],[16.40451269572591,46.65802132143525],[16.404907954450923,46.6575897277563],[16.406713568172,46.65744791765275],[16.40693814699303,46.65726911307905],[16.408132906320912,46.65681285045311],[16.407845445429995,46.65442049151056],[16.408923423770936,46.65446981956769],[16.41158243701193,46.65483361259943],[16.413055674077885,46.65522823278195],[16.414861287798967,46.655049420868544],[16.415418243275123,46.65483977856194],[16.418212003808733,46.65492610196308],[16.420170331128112,46.65478428487415],[16.424518177103252,46.65406902780116],[16.424015120544144,46.65535771690189],[16.424293598282222,46.65627642865834],[16.424760722229966,46.656529225799304],[16.424634958090188,46.65744175198763],[16.425066149426566,46.65765138420707],[16.42519191356634,46.658304938262866],[16.42494936843963,46.65867487101975],[16.424086985766873,46.65913111793426],[16.423565962902085,46.65988946577456],[16.423062906342977,46.660136080666504],[16.425254795636228,46.6613629730355],[16.42804855616984,46.66260833279593],[16.42878517470282,46.66351459141952],[16.4289109388426,46.66419889908904],[16.430024849794904,46.665943536205226],[16.429737388903987,46.66662164851033],[16.429944001419337,46.6672566005024],[16.427554482763576,46.66834771417467],[16.4250302168152,46.6696915414234],[16.425461408151577,46.6705915171387],[16.42545242499874,46.67094903757888],[16.425650054361242,46.67115861742706],[16.425138014649292,46.67133121198592],[16.42578480165386,46.672064732712165],[16.426943628370378,46.672761259985],[16.428362966519284,46.672896866020686],[16.42885703992555,46.673248207348486],[16.42917145027499,46.67300165226976],[16.42998891718354,46.673846098743255],[16.430321293838663,46.67456109420043],[16.427806011043128,46.67469053202191],[16.426467521269792,46.67496173407113],[16.426287858212966,46.67507267997173],[16.42632379082433,46.67536853459305],[16.426063279391936,46.676021874477165],[16.426844813689122,46.67706966723268],[16.427311937636865,46.6780496432459],[16.427904825724383,46.681790646099934],[16.429872136196604,46.684989090571705],[16.430177563393205,46.685081528347865],[16.431309440651198,46.68752799066458],[16.43331268373478,46.6895430036136],[16.431462154249495,46.69018384824563],[16.42939602909602,46.691397735023344],[16.428695343174407,46.69152097073418],[16.427563465916418,46.691397735023344],[16.42555123967999,46.69145319112802],[16.423503080832198,46.691718147286615],[16.42185916386226,46.691804411801954],[16.419936769154244,46.691064997199526],[16.418750992979206,46.69108964451603],[16.41728673906609,46.69132379346187],[16.413477882261425,46.69234664274334],[16.410190048321546,46.69259927120924],[16.40886054170105,46.692864221745374],[16.407001029062922,46.6930675549962],[16.40563558983106,46.69290735310497],[16.404449813656022,46.69294432281435],[16.403722178275885,46.692864221745374],[16.40225792436277,46.69299361572084],[16.401395541690015,46.692858060119754],[16.398610764309247,46.69348038075651],[16.397245325077385,46.6929566460452],[16.396661420142706,46.693246241160395],[16.39533191352221,46.6934002804826],[16.393822743844886,46.69341876517174],[16.393418501967034,46.69333866480645],[16.391909332289714,46.69349270386503],[16.391154747451054,46.69344341141409],[16.389825240830557,46.69362825787315],[16.388594548891312,46.69356664245709],[16.387741149371397,46.6937391654449],[16.386034350331574,46.69368371168749],[16.385010270907678,46.69413966311325],[16.38397720833094,46.695211749946765],[16.379467665604658,46.696832162637016],[16.378335788346668,46.69743595417023],[16.377239843700043,46.69837243380395],[16.373529801576627,46.699623101668934],[16.373251323838552,46.699851052789114],[16.37609898328921,46.70158837835633],[16.377706967647782,46.70274040384577],[16.37793154646881,46.702746564343805],[16.379791059106942,46.704114177507016],[16.38188413371894,46.70501974013059],[16.383402286549103,46.70598072874984],[16.38391432626105,46.706461216644186],[16.384228736610492,46.70686777998353],[16.384498231195728,46.70760697820998],[16.384489248042886,46.70909150406882],[16.38421975345765,46.71064374470281],[16.384561113265615,46.71098252144611],[16.382333291361,46.71143832680008],[16.382153628304177,46.711764779620204],[16.381677521203592,46.71202963611772],[16.379665294967165,46.71275644494512],[16.38006055369218,46.714203874046234],[16.377724933953466,46.71464117477675],[16.376305595804556,46.717043186020085],[16.375461179437487,46.717813038792364],[16.374859308197124,46.71714788664243],[16.373179458615823,46.7161131892231],[16.372020631899307,46.715848352766116],[16.37242487377716,46.71496760822343],[16.371697238397022,46.714708925277115],[16.37159842371577,46.71453031013812],[16.370655192667446,46.71400062038774],[16.36819380878896,46.71297202195244],[16.367259560893473,46.712368404161914],[16.36347765354733,46.71255318583522],[16.36339680517176,46.712374563561234],[16.36360341768711,46.71228833190702],[16.36345070408881,46.711678546991706],[16.363226125267776,46.711616952172704],[16.363306973643347,46.7115491977906],[16.362597304568894,46.7105698294944],[16.361797803966027,46.7098553105944],[16.361555258839314,46.7108531705769],[16.361097118044412,46.71156151677549],[16.36016287014893,46.71226369426622],[16.359075908655146,46.713748092048704],[16.357449957990887,46.717708339460636],[16.357387075921,46.718625991396465],[16.35829437435796,46.72043045606106],[16.35665045738802,46.72027649385411],[16.355635361116967,46.71993777545232],[16.35180853800662,46.72012253120781],[16.351988201063442,46.720473565400276],[16.352697870137895,46.72075069604425],[16.353218893002687,46.72109556774657],[16.353524320199284,46.72147122905672],[16.353784831631682,46.7215020208514],[16.353946528382824,46.721717562922116],[16.354350770260677,46.721889995958705],[16.354925692042514,46.72279526035914],[16.355150270863543,46.723842145827064],[16.35500654041808,46.72450721545413],[16.355087388793656,46.72493211675672],[16.354701113221484,46.725474015011365],[16.354674163762958,46.72641000826599],[16.354503483858977,46.72689031428867],[16.354198056662376,46.72699499580292],[16.35386568000725,46.72793096266653],[16.35105395316796,46.73076955231903],[16.351386329823082,46.73166235332215],[16.35099107109807,46.731779339944644],[16.349625631866207,46.73182244021527],[16.34761340562978,46.73259208210601],[16.347361877350227,46.73294919221287],[16.347559506712734,46.733121589349174],[16.346158134869505,46.73483937356776],[16.345924572895633,46.735744420662925],[16.344999308152993,46.73718507654147],[16.344657948345027,46.7374436517276],[16.344020144493303,46.737813042699706],[16.34347217216999,46.7378746076157],[16.34272657048417,46.73823783918929],[16.340498748579552,46.7386380067342],[16.339303989251675,46.73921054898027],[16.338028381548227,46.74060801904022],[16.33813617938232,46.74106357413886],[16.337830752185717,46.74254102364873],[16.337174982028312,46.744160015576185],[16.336240734132826,46.74440624583023],[16.335001059040742,46.74422772900816],[16.334129693215147,46.744830990375156],[16.333680535573087,46.74497872682373],[16.33101253917925,46.74544040061599],[16.329880661921262,46.74576664771158],[16.3300423586724,46.74672075524519],[16.329009296095663,46.74668382236454],[16.328389458549623,46.7468069318683],[16.32771572208653,46.746751532626405],[16.327598941099595,46.74749633989348],[16.327661823169485,46.748444261531205],[16.32619756925637,46.74878280093332],[16.32617960295069,46.74900438920881],[16.323978730504596,46.74944140785991],[16.32363737069663,46.749706079404675],[16.32334990980571,46.7497491653471],[16.323439741334123,46.75120791193102],[16.3244817870637,46.751644912715804],[16.324832130024507,46.75235887820535],[16.325335186583615,46.75227271045848],[16.32575739476715,46.75287588179343],[16.325910108365452,46.75287588179343],[16.326529945911496,46.75391602874734],[16.32648503014729,46.754248379163215],[16.32597299043534,46.75462380957498],[16.325874175754088,46.75516540949528],[16.326089771422275,46.75552852457555],[16.325946040976817,46.755793166228216],[16.326071805116595,46.75586086504688],[16.326161636645008,46.756433224387315],[16.326422148077402,46.75656862033138],[16.3265748616757,46.75730713767402],[16.32694317094219,46.75786101903868],[16.32679045734389,46.75832873664613],[16.327131817151855,46.75842720299352],[16.327122833999013,46.7587718337924],[16.327311480208678,46.75888876159836],[16.32717673291606,46.759122616449034],[16.32725758129163,46.7594241646267],[16.327024019317758,46.75964570915121],[16.326817406802412,46.76016264283251],[16.328542172147923,46.761436493948715],[16.330347785869,46.76235340195571],[16.330913724497996,46.76298107494945],[16.33211746697872,46.76533170687055],[16.33234204579975,46.76538708701417],[16.33280018659465,46.76642083924477],[16.33308764748557,46.76646391182388],[16.333321209459438,46.76744226541608],[16.333384091529325,46.768722097376035],[16.333815282865704,46.7687836269926],[16.33399494592253,46.77060487181108],[16.335261570473136,46.770801759454145],[16.334740547608344,46.77192769683572],[16.3346866486913,46.77351504397839],[16.33439020464754,46.77353965364331],[16.334345288883334,46.77374883534107],[16.327724705239373,46.77290595118812],[16.324059578880167,46.7731335927341],[16.321948537962484,46.772844426280784],[16.31905596274762,46.773182812401316],[16.31689102291289,46.77357656811961],[16.31687305660721,46.77452403101844],[16.31704373651119,46.775046974180405],[16.316846107148688,46.77502851744938],[16.316387966353787,46.77712024003236],[16.316145421227073,46.77736016772238],[16.315705246737856,46.7795379240172],[16.31590287610036,46.77972862729505],[16.315768128807743,46.781315744501065],[16.315992707628773,46.782896663576906],[16.316226269602645,46.78387471867095],[16.316953904982782,46.78537559885018],[16.317223399568014,46.78645202403025],[16.316935938677098,46.78773755504152],[16.317205433262334,46.78845719296923],[16.317430012083364,46.788666316716686],[16.31770848982144,46.789625815259456],[16.317465944694728,46.79288552228297],[16.3176995066686,46.79322378245964],[16.3180049338652,46.79309462882492],[16.31852595672999,46.79310692918443],[16.31891223230216,46.79337138623409],[16.318966131219206,46.793229932624996],[16.31905596274762,46.79332833517503],[16.319235625804446,46.79321763229358],[16.319388339402746,46.79335908593501],[16.31959495191809,46.793322185020926],[16.319612918223775,46.793445187969496],[16.319837497044805,46.79330988471061],[16.320286654686864,46.793439037828755],[16.320106991630038,46.79374039389905],[16.320241738922658,46.793764994320085],[16.32016987369993,46.793986397603355],[16.320286654686864,46.79422625013234],[16.320690896564717,46.79428160056415],[16.320942424844272,46.794626001971736],[16.321184969970982,46.79458910192635],[16.321319717263602,46.79476745191133],[16.32108615528973,46.79501960088154],[16.321328700416444,46.795197949439775],[16.321930571656804,46.79525944880557],[16.32196650426817,46.795609993848494],[16.322433628215908,46.795825239673114],[16.32257735866137,46.796212679987796],[16.322721089106828,46.79610813287611],[16.324553652286433,46.79593593719053],[16.325937057823978,46.79620038033814],[16.32761690740528,46.7967538617895],[16.330347785869,46.79683380863971],[16.332324079494065,46.79775626370386],[16.333168495861138,46.79759022295935],[16.33386019862991,46.79730118784856],[16.3352975030845,46.7973134872466],[16.337192948333993,46.797620971284026],[16.338693134858474,46.79766401890904],[16.339600433295434,46.7983527762258],[16.340983838832976,46.79870945065703],[16.34288826723531,46.79897388017467],[16.34368776783818,46.79918296305934],[16.343669801532496,46.79939819459193],[16.344622015733663,46.79959497695403],[16.3453496511138,46.800794103917774],[16.34557422993483,46.801636551493274],[16.345331684808116,46.8028110366819],[16.345430499489368,46.80365345267543],[16.34526880273823,46.80469261919538],[16.346068303341095,46.806481906222736],[16.346068303341095,46.80921798606858],[16.345107105987086,46.80950080885737],[16.345026257611515,46.80964221969408],[16.345250836432545,46.809765185336836],[16.345286769043913,46.81013408057837],[16.344927442930263,46.81010333940488],[16.344639982039343,46.81033082367266],[16.34535863426664,46.81519998592758],[16.345008291305835,46.81738235875195],[16.346517460983154,46.81756063318217],[16.348421889385488,46.81751760147726],[16.348242226328665,46.8199396181441],[16.34932020466961,46.82371381242049],[16.34949088457359,46.824826350071596],[16.349302238363926,46.82531192558565],[16.355311967614686,46.82542256243104],[16.355536546435715,46.8256499818981],[16.35527603500332,46.82587740040306],[16.355258068697637,46.826313795380244],[16.355410782295937,46.82639369830221],[16.355159254016385,46.826891552294335],[16.355204169780592,46.82739554793533],[16.35504247302945,46.82745086424228],[16.35505145618229,46.82781963816723],[16.355222136086272,46.82797943941565],[16.3549885741124,46.82810850930795],[16.35500654041808,46.82828674817351],[16.3548358605141,46.8283297712594],[16.354862809972627,46.82849571712527],[16.35459331538739,46.82879687683254],[16.354710096374326,46.82897511341546],[16.354269921885106,46.82936846102424],[16.354314837649312,46.829663469841755],[16.354117208286805,46.829663469841755],[16.353838730548727,46.82985399550918],[16.353533303352126,46.83051775707547],[16.353353640295303,46.8304870275543],[16.353542286504968,46.830622237316064],[16.353353640295303,46.83062838320624],[16.353308724531097,46.830911093394825],[16.352904482653244,46.83118151044457],[16.35309312886291,46.83134130169808],[16.352985331028815,46.83140275974601],[16.353138044627116,46.831740777753396],[16.352751769054944,46.83209108508142],[16.35272481959642,46.832656488583545],[16.352931432111767,46.833055954863255],[16.353138044627116,46.833117410950436],[16.352976347875973,46.83324646850479],[16.352976347875973,46.83362134821451],[16.353129061474274,46.83373196795704],[16.35295838157029,46.83397164328476],[16.3527427859021,46.83542196348854],[16.352428375552662,46.83630074016124],[16.352104982050378,46.836558839670516],[16.35180853800662,46.83658956571998],[16.35128751514183,46.83701358340867],[16.350820391194087,46.83709347042471],[16.348637485053676,46.83808283054901],[16.347936799132064,46.838807940065664],[16.345870673978588,46.838181151056915],[16.34535863426664,46.83843309653729],[16.343822515130796,46.8386727508979],[16.34521490382118,46.84078657896294],[16.34527778589107,46.841947920031856],[16.34505320707004,46.8424517744862],[16.344334554842742,46.84204623346718],[16.34309487975066,46.8421384021494],[16.342007918256872,46.841984787591194],[16.34151384485061,46.84215069129508],[16.340822142081837,46.84212611300091],[16.34076824316479,46.8422305706735],[16.340435866509665,46.84230430537893],[16.339932809950557,46.84200936595001],[16.33971721428237,46.8421138238496],[16.33943873654429,46.841794304929024],[16.33807329731243,46.8416775571571],[16.33767803858742,46.84152394128122],[16.337426510307864,46.84110610387668],[16.33634853196692,46.84116140607268],[16.334264440507763,46.84024584016455],[16.333967996464004,46.84127201029392],[16.332548658315094,46.843072369209814],[16.331803056629276,46.84321369175859],[16.33123711800028,46.843471758062336],[16.33101253917925,46.84393873203223],[16.330509482620144,46.84427667118929],[16.329970493449675,46.845020129851875],[16.329179975999647,46.845622262384445],[16.328775734121795,46.845720569095796],[16.328254711257006,46.84611993826065],[16.32732046336152,46.84642099920672],[16.32699706985924,46.846795787006386],[16.32648503014729,46.846918667682935],[16.325083658304063,46.84846079627282],[16.323879915823344,46.851274606055036],[16.323233128818774,46.851864381557775],[16.321849723281233,46.85220227085474],[16.32184074012839,46.852337425978305],[16.319091895358984,46.85201796786537],[16.31912782797035,46.85182752077859],[16.313216913400844,46.85198110719161],[16.312381480186612,46.85220841427683],[16.3130552166497,46.852896473103534],[16.313441492221873,46.85429099386505],[16.313369626999144,46.854985169114535],[16.31034230449166,46.85508345869012],[16.310378237103027,46.85545818604665],[16.3086714380632,46.855378326337465],[16.30785397115465,46.85518789116706],[16.30624598679608,46.855108031055906],[16.306030391127887,46.85577148068199],[16.3043325752409,46.857466925820326],[16.304188844795444,46.85778020873612],[16.30434155839374,46.85778020873612],[16.304422406769312,46.85813034630254],[16.304269693171012,46.85853576589545],[16.302841371869263,46.85820405918347],[16.30275154034085,46.860550533010105],[16.302410180532885,46.86131833594737],[16.302392214227204,46.861895716523],[16.300748297257265,46.86362782099415],[16.300245240698157,46.864690396434185],[16.300146426016905,46.865451998260504],[16.299697268374846,46.86626272381532],[16.299176245510054,46.86675406667735],[16.296678929020203,46.867755163841736],[16.296068074627,46.868418457200804],[16.294945180521854,46.86847987283797],[16.290830896520585,46.86828948413403],[16.290175126363177,46.868387749355875],[16.288890535506887,46.868056103511165],[16.28792035500004,46.86793327119682],[16.286734578825,46.86799468738913],[16.286033892903387,46.868178935544435],[16.2855577858028,46.86815436916026],[16.284452858003338,46.86799468738913],[16.283204199758412,46.86763233083872],[16.281524350177104,46.86739280567438],[16.279575006010568,46.86786571330411],[16.275415806245093,46.86804996190212],[16.273700024052424,46.86758933922127],[16.27291848975524,46.86758933922127],[16.271804578802936,46.8673805223038],[16.27056490371085,46.86739280567438],[16.269109632950574,46.86753406423393],[16.26613620936014,46.868037678681944],[16.264366528250424,46.868080669940305],[16.260620553515647,46.868977336909126],[16.259030535462756,46.869493220705685],[16.257683062536575,46.86969588798345],[16.256614067348472,46.8700029581583],[16.252868092613692,46.869855564693616],[16.25064925386192,46.870113502991195],[16.249625174438023,46.87063551718145],[16.24825973520616,46.871139102529995],[16.2470470095726,46.871808495251585],[16.24366934410431,46.87196816567669],[16.24178288200766,46.87191903636572],[16.240857617265014,46.871790071710436],[16.237938092591627,46.87225679947041],[16.23583603482679,46.87144002322682],[16.234695174415958,46.87044513612376],[16.232458369358497,46.86901418591617],[16.23211700955053,46.86830790887683],[16.23203616117496,46.86736823893042],[16.23141632362892,46.86661894783863],[16.23073360401299,46.86710414572278],[16.22991613710444,46.86747264751459],[16.227409837461746,46.86645926149983],[16.22525388077986,46.865359869581795],[16.224903537819053,46.86524931495863],[16.222594867538866,46.86508348259699],[16.221516889197922,46.864708822412354],[16.22045687716266,46.86405162528062],[16.21734870627961,46.864917649723075],[16.21571377246251,46.8651387601078],[16.214680709885773,46.86512033427718],[16.213953074505635,46.865273882672355],[16.21066524056576,46.864899223816565],[16.208374536591254,46.86485008803496],[16.203263122624616,46.86308116994464],[16.20242768941038,46.86250994436149],[16.201188014318298,46.86230110768486],[16.198996125025047,46.86231953448313],[16.196983898788616,46.8619755665394],[16.194154205643642,46.86206155873193],[16.192070114184485,46.86158245761953],[16.190318399380452,46.86131833594737],[16.187865998654807,46.85995471036449],[16.187389891554222,46.85924831412557],[16.18660835725704,46.85867704776162],[16.18556631152746,46.85740549758328],[16.18534173270643,46.85659463826832],[16.184802743535958,46.85574076560248],[16.183581034749555,46.8547394443885],[16.183051028731924,46.85405755238446],[16.181550842207443,46.8530377698073],[16.179969807307394,46.85269374240097],[16.17903555941191,46.85340636815423],[16.177903682153918,46.853953117709345],[16.176655023908992,46.854278707496626],[16.175280601524292,46.85440771422481],[16.17271141981171,46.85514488958351],[16.17031291800311,46.85563019117077],[16.17003444026503,46.85565476328638],[16.16927985542637,46.85508345869012],[16.167285595495628,46.85496059669253],[16.16701610091039,46.854825448170516],[16.16519252088363,46.85256473155545],[16.16286588429776,46.851065725678076],[16.162569440254,46.850525090341876],[16.162003501625005,46.85031006341139],[16.160799759144286,46.849296353429565],[16.157197514854964,46.85054966479339],[16.156460896321985,46.850617244477114],[16.155993772374245,46.85080769585556],[16.155284103299792,46.85138518945512],[16.155176305465694,46.85164321650321],[16.154700198365113,46.85115173534344],[16.153891714609404,46.85124388840348],[16.153451540120187,46.85077083435115],[16.153235944451996,46.85022405239816],[16.152463393307656,46.8501810468399],[16.150361335542815,46.8503776433966],[16.149480986564377,46.850353068866355],[16.148223345166613,46.85049437226164],[16.147792153830235,46.85063567528518],[16.14678604071202,46.85042064879744],[16.14635484937564,46.85051280311189],[16.1447109324057,46.85045751054219],[16.14335447632668,46.85109029988224],[16.142698706169277,46.85163092952903],[16.141557845758445,46.852116262871746],[16.140372069583407,46.85179065997411],[16.140066642386806,46.85182752077859],[16.13906052926859,46.85163707301647],[16.13856645586233,46.85193810304024],[16.138332893888457,46.85195038994415],[16.13805441615038,46.852232987958146],[16.137209999783305,46.85245415058403],[16.13679677475261,46.852798179525145],[16.13606015621963,46.85247258076174],[16.134766582210503,46.8522759918734],[16.133275378838864,46.852368143004405],[16.132754355974072,46.85231285234479],[16.1312990852138,46.85250944109819],[16.131344000978004,46.85276746274499],[16.130598399292186,46.854192702839],[16.130580432986502,46.85488073624336],[16.12995161228762,46.85561176207668],[16.129484488339877,46.85725806952767],[16.129331774741576,46.85728264089838],[16.129313808435896,46.8575344967999],[16.12909821276771,46.857657352908554],[16.12928685897737,46.85776178037991],[16.12934974104726,46.858247058317296],[16.129691100855226,46.85836377007838],[16.129529404104083,46.85858490745629],[16.12876583611258,46.85875075989205],[16.126915306627296,46.8582286301213],[16.126996155002868,46.85903332212122],[16.12666377834774,46.85939573671672],[16.126331401692617,46.85951858856682],[16.125711564146574,46.859451020084045],[16.123744253674353,46.858855185236926],[16.123375944407865,46.858849042575194],[16.121812875813497,46.859211458414535],[16.121552364381103,46.859426449705595],[16.121417617088486,46.86024955126296],[16.121660162215196,46.86093136463942],[16.12160626329815,46.86133062070512],[16.121794909507813,46.8621659776377],[16.12166914536804,46.86262050462611],[16.121426600241325,46.862829340060316],[16.119935396869685,46.863412846526394],[16.118641822860557,46.86467811244521],[16.116935023820727,46.86491150775494],[16.11618942213491,46.864825520127305],[16.115075511182603,46.86442014802758],[16.114033465453023,46.8635663998055],[16.113458543671186,46.862872335490046],[16.11309921755754,46.86260822016351],[16.112470396858654,46.86239324161292],[16.111949373993866,46.86179743941672],[16.11168886256147,46.86102964333106],[16.111365469059187,46.86072252182235],[16.109317310211395,46.859856429705204],[16.108122550883515,46.8596168698445],[16.106846943180066,46.85881218659009],[16.106002526812993,46.85847433888117],[16.105490487101047,46.85799520575798],[16.105274891432856,46.85720892675251],[16.10483471694364,46.856477922661874],[16.10402623318793,46.856047915607014],[16.103343513572,46.855992628735855],[16.10274164233164,46.85625677660659],[16.101879259658883,46.85757749646991],[16.100927045457716,46.85965372527727],[16.09995686495087,46.8600407057938],[16.098968718138337,46.86028026376343],[16.098070402854216,46.860188126209295],[16.09665106470531,46.86026797876535],[16.094845450984227,46.859334310686265],[16.094243579743868,46.85873233186892],[16.093929169394425,46.8577556375931],[16.092806275289277,46.85601720068563],[16.092833224747803,46.855550331717374],[16.092563730162563,46.85503431392482],[16.091342021376164,46.8541804164481],[16.09055150392614,46.85320363937649],[16.08950945819656,46.85256473155545],[16.08862910921812,46.851809090379525],[16.08809012004765,46.85163092952903],[16.087066040623753,46.85163707301647],[16.0865090851476,46.85144048106978],[16.086006028588493,46.850869131640025],[16.085628736169163,46.84984314482676],[16.084784319802093,46.84920419702796],[16.083939903435017,46.84833791912406],[16.083625493085577,46.84821504169423],[16.083077520762263,46.84845465242206],[16.082295986465077,46.84850994705361],[16.08124495758266,46.848810994604584],[16.08065206949514,46.848774131729805],[16.079421377555896,46.84836863843761],[16.078127803546764,46.848608248480275],[16.076196425685907,46.84870040590437],[16.07567540282112,46.84844236471843],[16.074651323397223,46.84677121083733],[16.074300980436416,46.84655616887857],[16.072477400409653,46.84571442493162],[16.070321443727764,46.8454932345528],[16.07093229812097,46.84369295676459],[16.070563988854477,46.842439485409386],[16.070689752994255,46.8416775571571],[16.069225499081142,46.84052235500275],[16.069243465386823,46.84030114324604],[16.06908176863568,46.84020897141194],[16.068488880548163,46.84019053702614],[16.067922941919168,46.83936712800998],[16.066252075490706,46.83832248647187],[16.064913585717367,46.836675598565066],[16.064581209062244,46.83546498086299],[16.06372780954233,46.8346046268314],[16.063090005690604,46.83420517206309],[16.06239830292183,46.83440182708932],[16.059406913025715,46.83610409208399],[16.05923623312173,46.83587671684761],[16.059038603759223,46.83588900742552],[16.058221136850676,46.835397382116255],[16.057592316151794,46.834801280395865],[16.057385703636445,46.83438339071118],[16.05681976500745,46.83422360850238],[16.056702984020514,46.833836441949266],[16.05613704539152,46.83336938017316],[16.05601128125174,46.83282856672961],[16.0558495845006,46.832816275451734],[16.05567890459662,46.833166575769596],[16.054834488229545,46.83328334203481],[16.05411583600225,46.83363363930826],[16.052965992438576,46.83458619052283],[16.051968862473206,46.834469427088386],[16.051510721678305,46.83451859067065],[16.050899867285104,46.834801280395865],[16.05072918738112,46.83462920856632],[16.04975900687427,46.83471524454996],[16.049381714454938,46.8352683297273],[16.049211034550957,46.83593816970907],[16.048420517100933,46.836374483004676],[16.047692881720796,46.8363253211203],[16.047099993633278,46.836128673133004],[16.04613879627927,46.83558174213431],[16.045752520707097,46.83556945148612],[16.045824385929826,46.83540352746039],[16.045509975580387,46.83519458536589],[16.04568963863721,46.83452473611527],[16.04533031252356,46.834358808863826],[16.045375228287767,46.83407611681104],[16.045069801091167,46.834002370813565],[16.04517759892526,46.83379956879873],[16.044899121187182,46.83366436703034],[16.044962003257073,46.833400108046334],[16.04471945813036,46.83318501256518],[16.044836239117295,46.83304366363739],[16.044665559213314,46.83166702855128],[16.043937923833173,46.83146421772365],[16.043551648261005,46.831599425027115],[16.043174355841675,46.83155640455836],[16.042186209029143,46.830880364098526],[16.041233994827977,46.83045015210569],[16.04073093826887,46.83041327663178],[16.040138050181348,46.83055463247769],[16.039859572443273,46.830480881647944],[16.039742791456337,46.83003837454429],[16.04005720180578,46.82965117784002],[16.037101744521028,46.82828674817351],[16.03714666028523,46.828882922153255],[16.03690411515852,46.82944835940553],[16.03697598038125,46.830444006195115],[16.03831447015459,46.83083119718792],[16.038548032128457,46.83105859377245],[16.037461070634674,46.8318145268543],[16.036706485796014,46.8327117994763],[16.037011912992615,46.832896168707684],[16.036715468948856,46.83309282852401],[16.036428008057936,46.83380571432558],[16.03420018615332,46.835852135683346],[16.03196338109586,46.83673090532132],[16.032089145235638,46.836110237347306],[16.031666937052105,46.83570464846163],[16.031478290842436,46.835759956217196],[16.031029133200377,46.83556945148612],[16.030723706003776,46.83562475938085],[16.03051709348843,46.83550185287082],[16.03022963259751,46.835594032779696],[16.03000505377648,46.83550185287082],[16.028909109129856,46.83558174213431],[16.02872944607303,46.83514542240204],[16.02847791779348,46.83526218436771],[16.02828028843097,46.83517614925971],[16.028406052570748,46.83488731610403],[16.027992827540054,46.834254335887124],[16.027444855216743,46.83405768032116],[16.027247225854236,46.834199026581935],[16.026636371461034,46.834039243824954],[16.026303994805907,46.83414986270731],[16.02615128120761,46.833959352268316],[16.02622314643034,46.833873315074506],[16.025872803469532,46.8337442590255],[16.025621275189977,46.83389789714393],[16.025378730063267,46.833873315074506],[16.024839740892794,46.833197303758716],[16.024974488185414,46.83301293556041],[16.02465109468313,46.83295762497758],[16.024192953888228,46.83252128393939],[16.023887526691627,46.832392224643584],[16.023716846787647,46.83245982717051],[16.023043110324558,46.83233076772713],[16.023267689145587,46.83210952224598],[16.022926329337622,46.83190056734415],[16.021686654245535,46.83192515031594],[16.020842237878462,46.831642445461426],[16.020384097083564,46.831660882779865],[16.020087653039802,46.83186983861358],[16.01985409106593,46.83185754711645],[16.0187132306551,46.83167317432199],[16.01819220779031,46.83147650931076],[16.01699744846243,46.83053619477975],[16.016503375056168,46.83029650413084],[16.015901503815805,46.8301797313762],[16.015461329326588,46.829872433441146],[16.015371497798174,46.82952825766805],[16.014607929806672,46.82845884031047],[16.014302502610075,46.82829904048727],[16.013287406339018,46.82728491515065],[16.012981979142417,46.827352524101684],[16.012667568792974,46.82720501355343],[16.01283824869696,46.82704521000268],[16.012658585640136,46.826799357458476],[16.012757400321387,46.8267071624645],[16.012676551945816,46.82633223452663],[16.01231722583217,46.82625233151331],[16.010879921377576,46.82647974746997],[16.00930786963037,46.82690999124253],[16.008032261926918,46.82680550378579],[16.007160896101325,46.82686696702022],[16.005885288397874,46.82724803750515],[16.004295270344983,46.82821914039753],[16.00209439789889,46.83043786028386],[16.001474560352847,46.83060379964131],[16.00097150379374,46.830978697784815],[16.00022590210792,46.830480881647944],[15.999129957461294,46.83036410929389],[15.997926214980573,46.82902428202399],[15.996614674665759,46.82875385412052],[15.995752291993005,46.828446548033234],[15.995671443617434,46.82773973736485],[15.995276184892422,46.827260330056454],[15.993793964673625,46.82608023231197],[15.994341936996936,46.82506606511405],[15.993749048909418,46.824672686020605],[15.99211411509232,46.823873625874896],[15.991898519424133,46.82386133254911],[15.990802574777506,46.82303152656001],[15.990110872008733,46.8229024444772],[15.990182737231464,46.8226504261842],[15.990667827484888,46.82246602180669],[15.990533080192272,46.82218326719937],[15.990892406305917,46.82223858886999],[15.991188850349678,46.82185133598021],[15.991233766113883,46.821507108847584],[15.991108001974105,46.82145178642428],[15.99143139547639,46.82067111949272],[15.991763772131515,46.82047441422601],[15.991620041686053,46.820124031187014],[15.99210513193948,46.81844584918504],[15.991907502576971,46.817363916535776],[15.992293778149145,46.816822942047445],[15.992060216175274,46.81634958490563],[15.992203946620732,46.81595614203231],[15.992877683083822,46.81559343433336],[15.99286869993098,46.81527375772294],[15.992707003179838,46.815175395306646],[15.993174127127581,46.81478194384229],[15.994656347346378,46.814468410145665],[15.995303134350946,46.8141056924121],[15.995680426770276,46.813699937472116],[15.995931955049828,46.81363845918384],[15.996668573582806,46.81266709290147],[15.996497893678823,46.812439618515164],[15.997198579600436,46.81175718958341],[15.997629770936816,46.811542007493934],[15.997998080203303,46.81097638189582],[15.999120974308452,46.810152525274034],[16.000207935802237,46.808929013422315],[16.002327959872762,46.80702913332588],[16.002534572388107,46.806752446160516],[16.0024896566239,46.80653724404797],[16.002974746877324,46.806162175451135],[16.003046612100054,46.805836294055254],[16.002750168056295,46.80563953452077],[16.002660336527885,46.805418179184244],[16.002911864807437,46.80514763253599],[16.00263338706936,46.80500006106342],[16.002893898501757,46.80490167985682],[16.002588471305152,46.80390556000672],[16.002956780571644,46.80317997961645],[16.002579488152314,46.80292171982793],[16.00240880824833,46.80298321036622],[16.00235490933128,46.80247898587753],[16.00213033051025,46.80220842444757],[16.001187099461927,46.801599656255235],[16.000037255898256,46.80191326497214],[15.999740811854494,46.80129219495422],[15.998483170456726,46.80056657931747],[15.997638754089655,46.79982865507426],[15.997135697530549,46.798881637467275],[15.9970817986135,46.797682467880655],[15.997530956255561,46.79650172094543],[15.997647737242497,46.79558539427085],[15.997530956255561,46.794798201849005],[15.997333326893056,46.79442920143729],[15.997360276351579,46.793721943575896],[15.998240625330016,46.79220284526935],[15.998141810648761,46.79120033990567],[15.998734698736282,46.789877988320086],[15.998743681889122,46.789472050618244],[15.997836383452162,46.783444130567354],[15.99633619692768,46.779322613053],[15.994323970691255,46.77624049602261],[15.99427905492705,46.77573602094571],[15.994764145180474,46.774819340722274],[15.994800077791837,46.774394832513785],[15.99383888043783,46.773152050114575],[15.993452604865658,46.772161495089286],[15.993641251075324,46.770801759454145],[15.994871943014568,46.76896206248315],[15.994997707154344,46.76798988954408],[15.994827027250361,46.767073077468815],[15.99458448212365,46.766611588976446],[15.993695149992371,46.76555938043024],[15.993452604865658,46.76504249852885],[15.993479554324184,46.76465483384814],[15.994018543494654,46.76362720127505],[15.993784981520783,46.762378016720675],[15.993874813049196,46.7592826218147],[15.993722099450894,46.75871029273998],[15.993039379834963,46.75763946717602],[15.99293158200087,46.757110200705654],[15.993057346140645,46.756537848555794],[15.99435990330262,46.75415605980884],[15.994485667442396,46.7533621068328],[15.993820914132149,46.75204498075],[15.99331785757304,46.75138025069183],[15.991889536271291,46.74995843943463],[15.989751545895086,46.74832731106179],[15.98955391653258,46.74809956468262],[15.989491034462691,46.74756404913472],[15.989643748060992,46.74733014412256],[15.990703760096254,46.746659200430045],[15.991296648183772,46.7459820928243],[15.991835637354244,46.74436931136382],[15.991754788978673,46.742553335557865],[15.992132081398003,46.74166687091293],[15.993272941808835,46.74029405315059],[15.993479554324184,46.739783085146804],[15.9934615880185,46.739253643311905],[15.992724969485522,46.73692650011541],[15.992805817861093,46.736390873574095],[15.993066329293487,46.73604609965254],[15.99414430763443,46.735301134187665],[15.994341936996936,46.7345992564828],[15.994791094638998,46.73403897912678],[15.99587805613278,46.73357720769941],[15.996497893678823,46.73292456400555],[15.996524843137347,46.73079418151046],[15.997243495364643,46.729384142192686],[15.99751298994988,46.727832440603564],[15.998025029661829,46.726748686034284],[15.999067075391405,46.72586811941383],[16.00036963255338,46.72572033060032],[16.000702009208503,46.72557869927409],[16.00338797190802,46.72331870563248],[16.00377424748019,46.72270288713665],[16.004169506205205,46.72166213790047],[16.004690529069993,46.721064775719924],[16.005247484546146,46.72066447777422],[16.006954283585976,46.71982692169536],[16.008301756512154,46.71872453027376],[16.008391588040567,46.718059389359766],[16.00646021017971,46.71491833537688],[16.006918350974612,46.71437017192468],[16.00795141355135,46.714006779600766],[16.00827480705363,46.71284267585138],[16.008930577211036,46.71249775139966],[16.010709241473595,46.71200499835883],[16.012748417168545,46.711703184899626],[16.013718597675396,46.71185717156929],[16.01660218973742,46.71318143879213],[16.017195077824937,46.71312600500187],[16.018228140401675,46.71260862021384],[16.01923425351989,46.712473113854465],[16.020015787817073,46.71207891160176],[16.02106681669949,46.711764779620204],[16.02157885641144,46.71143832680008],[16.024067189748454,46.70877119488974],[16.02546856159168,46.70680001963962],[16.026232129583178,46.706418096110404],[16.02668128722524,46.70641193603134],[16.029493014064535,46.70688626006256],[16.032664067017475,46.70785953528388],[16.033122207812376,46.707890334846205],[16.03351746653739,46.7077794563396],[16.034397815515828,46.70741601963789],[16.034532562808444,46.707200420438106],[16.034550529114128,46.70675689937649],[16.033697129594213,46.70614705196648],[16.033481533926025,46.705839045605515],[16.032879662685662,46.70421890321306],[16.032673050170317,46.70283281124248],[16.03201728001291,46.70136043457098],[16.03225084198678,46.70071356183133],[16.033715095899897,46.7001406109325],[16.03411933777775,46.699733996928686],[16.034487647044237,46.69831698480431],[16.03346356762034,46.69700467519257],[16.033544415995912,46.696394717614815],[16.034739175323793,46.69551365561661],[16.0390151560762,46.69304907018684],[16.039428381106895,46.69200774904294],[16.041368742120596,46.69064599109798],[16.042581467754154,46.6891116615993],[16.04300367593769,46.68823048077816],[16.044243351029778,46.68650505012654],[16.04480030650593,46.6851431534441],[16.044988952715595,46.68396610195439],[16.046120829973585,46.68305402347878],[16.046992195799184,46.68206181251517],[16.047234740925894,46.68159343330673],[16.047243724078736,46.681118887072905],[16.04615676258495,46.67804347993028],[16.046102863667905,46.67713130146794],[16.045788453318462,46.67633005092604],[16.045671672331526,46.67526375293323],[16.04428826679398,46.67200925670272],[16.043821142846237,46.667453865622186],[16.044144536348522,46.666757269950566],[16.045348278829245,46.665000329490894],[16.045509975580387,46.66410642558582],[16.045375228287767,46.66376735472071],[16.04447691300365,46.663915313177924],[16.044090637431477,46.66282411003663],[16.044854205422975,46.658459077219135],[16.044836239117295,46.65704098224731],[16.042797063422345,46.65174437697995],[16.041153146452405,46.65252132709843],[16.034775107935157,46.65449448357939],[16.032538302877697,46.65531455556303],[16.031352526702662,46.6558201576564],[16.02916962056225,46.657139633535905],[16.027301124771284,46.65788567807879],[16.02518110070076,46.65829260712737],[16.02180343523247,46.6584220839097],[16.020321215013674,46.65863787785795],[16.017913730052232,46.659328412704944],[16.015614042924888,46.660456678344396],[16.013799446050967,46.6617020589806],[16.012613669875925,46.66281794498455],[16.011679421980443,46.66412492029912],[16.01072720777928,46.66631958135236],[16.009667195744015,46.66974085554928],[16.008517352180345,46.671867484419835],[16.00862515001444,46.67250237479019],[16.008247857595105,46.67226814425964],[16.00704411511439,46.67358721874513],[16.006208681900155,46.67428989014059],[16.004636630152948,46.67536853459305],[16.00314542678131,46.67615747233119],[15.99909402484993,46.67756890251681],[15.989760529047928,46.68000954195422],[15.988368140357544,46.680262228123354],[15.984568266705717,46.68077375992125],[15.974381371383801,46.68182762341851],[15.967518242613128,46.68243774552132],[15.963296160777768,46.68254251327005],[15.960035276296413,46.68293693120783],[15.954923862329773,46.68382436103968],[15.951986371350701,46.68463166301564],[15.94828531238013,46.68583334971904],[15.946174271462448,46.68709047027518],[15.944979512134568,46.68742323258415],[15.942410330421989,46.689351981146515],[15.94221270105948,46.689801807168756],[15.938610456770164,46.69243906792892],[15.938556557853115,46.69327704905999],[15.938026551835485,46.69380078066411],[15.937487562665012,46.694096532737824],[15.936005342446217,46.694595610689454],[15.934657869520036,46.695322654266505],[15.9318371595279,46.69709093126367],[15.926995240146496,46.700497935862494],[15.926052009098171,46.70086141914082],[15.923707406206619,46.70250014387407],[15.918658874309866,46.70487189420922],[15.913529494037546,46.70665217859403],[15.91049318837722,46.70745913937449],[15.908328248542492,46.70789649475656],[15.904537358043509,46.70847552319117],[15.900459006653605,46.70894982908944],[15.897799993412612,46.70951036705033],[15.896192009054037,46.71002162187263],[15.891835179926058,46.712035795555686],[15.88328321842124,46.71522013085589],[15.882259138997345,46.71549728848254],[15.882187273774615,46.715318675952894],[15.874156335134588,46.71679067191864],[15.870751720207775,46.71724642821904],[15.868191521648033,46.7173018577768],[15.866960829708788,46.717418875545114],[15.86510131707066,46.71777608611024],[15.863637063157547,46.71782535634744],[15.854591028246462,46.71789310285014],[15.839885607045424,46.71776992732743],[15.834522664799232,46.71712325122015],[15.823015246009662,46.715047676503126],[15.808246942738737,46.711678546991706],[15.803890113610757,46.71033576399998],[15.801473645496475,46.709387172393185],[15.799425486648685,46.70832152687338],[15.796784439713372,46.70673841925316],[15.792086250777427,46.703578225125305],[15.791178952340466,46.70307306973372],[15.784468537168094,46.70023918356318],[15.7792583085202,46.6973743430986],[15.775844710440545,46.69521791130383],[15.775000294073473,46.69490984258906],[15.772925185767159,46.69457096497294],[15.77113753835176,46.69460177211683],[15.768478525110766,46.69495297231492],[15.766565113555592,46.69500226338803],[15.76489424712713,46.694761968981716],[15.76219031812193,46.69401643337778],[15.760546401151991,46.69368987321891],[15.758076034120661,46.6934742192012],[15.7565578812905,46.69357280400187],[15.754186328940424,46.69397946440232],[15.750979343376116,46.694940649539625],[15.749299493794814,46.695304170229036],[15.747808290423174,46.695519816939225],[15.745248091863434,46.69565536585916],[15.742750775373581,46.69534729963997],[15.739112598472897,46.69451551206966],[15.7337047404625,46.69293199958071],[15.73048877174535,46.6917366325515],[15.729267062958948,46.691484000050444],[15.726751780163413,46.69134844066028],[15.712387718770342,46.693560480911614],[15.709728705529349,46.69381926521617],[15.704374746435997,46.69384391127574],[15.703323717553577,46.693942495401544],[15.700907249439297,46.6944169289899],[15.699128585176739,46.69500842476899],[15.69709839263463,46.695920301402055],[15.692085793349241,46.69854494143864],[15.688887790937777,46.699937304313366],[15.684602827032526,46.70146516561889],[15.681108380577301,46.70237693321742],[15.676724601990799,46.70269111983618],[15.669466214495113,46.70204426303994],[15.662055113401125,46.70213051106057],[15.658165408220889,46.701773196935264],[15.654509265014521,46.70127418532015],[15.654518248167362,46.70066427597151],[15.65516503517193,46.699487562708796],[15.655425546604324,46.69928425363065],[15.655443512910006,46.698859150357144],[15.655874704246383,46.69821840866437],[15.656710137460616,46.69701699749688],[15.65824625659646,46.69601888173737],[15.658803212072614,46.69509468402882],[15.658722363697041,46.69412734015236],[15.659063723505007,46.6926916959625],[15.658902026753866,46.69173047079724],[15.658973891976597,46.69077539038803],[15.658641515321472,46.68823048077816],[15.65832710497203,46.687638910763575],[15.657419806535069,46.686776192878874],[15.655578260202626,46.68686246528738],[15.655093169949199,46.68698571134624],[15.654167905206556,46.68750950395927],[15.654105023136669,46.68736777234168],[15.653242640463914,46.68717674218175],[15.652721617599124,46.68730614978326],[15.651931100149099,46.68725685168591],[15.651760420245116,46.6871027948417],[15.651760420245116,46.686726894297855],[15.649164289074012,46.68628320504413],[15.647996479204656,46.68576556297541],[15.647610203632484,46.68667759567186],[15.647286810130202,46.687047334270225],[15.64623578124778,46.68760193742255],[15.645939337204021,46.68807026453894],[15.645130853448315,46.68765123520495],[15.643316256574394,46.687004198230824],[15.642355059220385,46.68634482876952],[15.641447760783425,46.685894973957616],[15.640342832983958,46.684711776294165],[15.639148073656077,46.68400924041983],[15.63877078123675,46.68293076844968],[15.638896545376525,46.681735180074604],[15.6385641687214,46.68130377571158],[15.638016196398087,46.68112505003773],[15.637908398563994,46.680946323772666],[15.637001100127033,46.680348510934834],[15.636830420223049,46.67999105267592],[15.6376478871316,46.67869678747321],[15.63750415668614,46.678635155023585],[15.637459240921935,46.67818523601155],[15.63780958388274,46.677673679706885],[15.637845516494105,46.67735934752715],[15.638303657289006,46.67690325444631],[15.638869595918,46.676829293043426],[15.638869595918,46.676755331539304],[15.637459240921935,46.67711897462652],[15.636318380511101,46.676841619950935],[15.635213452711634,46.67629923336025],[15.634548699401385,46.67624376169752],[15.634746328763892,46.67563973323969],[15.63391089554966,46.67580614991722],[15.632716136221784,46.67584929489811],[15.62992237568817,46.67530689834717],[15.627685570630712,46.67516513471488],[15.627559806490936,46.675652060418564],[15.6265267439142,46.67631156038867],[15.626329114551693,46.67615130879977],[15.625960805285205,46.67613898173478],[15.625547580254509,46.67554727930852],[15.624631298664706,46.67539935268962],[15.623679084463541,46.675997220285325],[15.622681954498166,46.67640401301226],[15.621990251729397,46.676564263851766],[15.620732610331629,46.67770449648884],[15.620642778803216,46.67764286290737],[15.619995991798652,46.67803731661396],[15.619519884698066,46.677778456693794],[15.618477838968486,46.677815436758316],[15.618100546549158,46.67807429650133],[15.617965799256538,46.67900494866683],[15.616447646426378,46.6786782977457],[15.61669019155309,46.678351644849826],[15.616196118146826,46.677710659843115],[15.615693061587718,46.678117439671254],[15.615360684932593,46.67768600642177],[15.614704914775187,46.67847491032555],[15.614300672897333,46.678628991774744],[15.613662869045607,46.67848723685765],[15.611776406948957,46.677538085657545],[15.610734361219379,46.67716211855921],[15.610060624756288,46.67674300461211],[15.609350955681833,46.67751343215746],[15.609297056764786,46.678628991774744],[15.60886586542841,46.67878307278458],[15.608650269760222,46.67946718716192],[15.609530618738658,46.67980615954509],[15.60902756217955,46.68035467398753],[15.610357068800049,46.68107574629952],[15.610267237271636,46.68171669138684],[15.609836045935259,46.68225902359869],[15.610348085647207,46.682708908688696],[15.611120636791549,46.682443908335685],[15.61142606398815,46.68210495250122],[15.612665739080235,46.68281983868308],[15.613321509237641,46.68333750897854],[15.61173149118475,46.68379971040786],[15.609602483961387,46.68368878242546],[15.608623320301696,46.68383052369588],[15.607949583838607,46.684107842497205],[15.607401611515295,46.68465631326784],[15.606700925593682,46.685130828430474],[15.604248524868034,46.6857532381038],[15.602954950858903,46.685796375142154],[15.601715275766818,46.68598124777352],[15.599819830517324,46.68558685206174],[15.598616088036604,46.68441597282904],[15.597843536892263,46.684033890956044],[15.596756575398478,46.683189603686],[15.596585895494496,46.682733559818246],[15.595840293808676,46.68195704383426],[15.59526537202684,46.681704365591486],[15.594771298620573,46.68167355109079],[15.595157574192744,46.681346916302886],[15.595454018236504,46.68007117283614],[15.595157574192744,46.67914053903523],[15.594726382856368,46.678881684400274],[15.593926882253502,46.678881684400274],[15.59293873544097,46.67924531317779],[15.59227398213072,46.67926380271126],[15.591905672864232,46.67968289710636],[15.591546346750585,46.67986162755077],[15.59120498694262,46.67987395376653],[15.590423452645435,46.6797137127424],[15.590333621117022,46.67907890709178],[15.588905299815274,46.67877690955261],[15.587117652399876,46.67756273914637],[15.586147471893026,46.67791405013997],[15.586569680076563,46.67823454238744],[15.584054397281028,46.67891866370977],[15.583506424957715,46.6789433165687],[15.582185901490059,46.67870911395469],[15.582832688494626,46.67654577339453],[15.582266749865632,46.67660740822736],[15.581296569358782,46.6764348305183],[15.580515035061596,46.676422503518],[15.579446039873494,46.67709432093521],[15.579104680065528,46.67660740822736],[15.577999752266063,46.67565822400695],[15.577218217968879,46.676102000522945],[15.576319902684759,46.67620061703158],[15.574873615077326,46.67652728293099],[15.574271743836965,46.675534952105735],[15.57400224925173,46.6757938227735],[15.572879355146581,46.6758986034055],[15.573076984509088,46.675411679923336],[15.573068001356248,46.67426523515857],[15.572735624701123,46.67346394211969],[15.572349349128949,46.67313109382635],[15.572466130115885,46.67283522695573],[15.57225951760054,46.672188012529304],[15.572412231198838,46.67184899235553],[15.572205618683492,46.67091821694442],[15.569600504359546,46.671417509058664],[15.567426581371976,46.670646994603395],[15.567067255258326,46.67028330796454],[15.56467773660257,46.66910593273891],[15.564560955615635,46.66857579730031],[15.564102814820734,46.66767578802144],[15.563923151763909,46.66676959915552],[15.562836190270124,46.6665969900301],[15.562467881003638,46.66664014236313],[15.559449541648995,46.6676881170169],[15.55948547426036,46.66785455818047],[15.558668007351809,46.66791003845443],[15.557931388818831,46.6681381234269],[15.55784155729042,46.66797784760083],[15.558326647543844,46.667829900262646],[15.557778675220531,46.666843574326286],[15.557437315412566,46.66695453689258],[15.556826461019366,46.66746003014558],[15.555631701691487,46.66777441990643],[15.555712550067058,46.66819360340982],[15.553960835263023,46.66763880101818],[15.553583542843693,46.66713330943696],[15.552586412878322,46.666455203550456],[15.552173187847627,46.66577708915735],[15.551930642720913,46.664957175848826],[15.551229956799302,46.66572160669419],[15.551014361131111,46.66580791272341],[15.549505191453791,46.66537021643834],[15.548391280501484,46.66490785735857],[15.54866077508672,46.664587286075204],[15.548705690850925,46.66413725010448],[15.549002134894685,46.663872158669726],[15.550439439349274,46.66341595176188],[15.551409619856123,46.66268231366118],[15.551535383995901,46.662404884894485],[15.55114910842373,46.66228158276341],[15.550646051864623,46.661732884870155],[15.550843681227128,46.66078960469011],[15.550735883393035,46.66036419844009],[15.551023344283953,46.66020389956459],[15.551517417690217,46.66052449684035],[15.552712177018098,46.66050600089534],[15.552622345489686,46.65992645808005],[15.552855907463558,46.658502236048164],[15.552828958005032,46.657854849995765],[15.553421846092553,46.6548027827764],[15.553287098799933,46.65448831757752],[15.553960835263023,46.65398886909142],[15.555002880992603,46.652354838726936],[15.555299325036362,46.65209585579702],[15.555164577743744,46.65174437697995],[15.555398139717616,46.65167654747162],[15.555119661979537,46.65142989399689],[15.555541870163076,46.651288067739586],[15.55589221312388,46.650893418805445],[15.556242556084687,46.650794756121954],[15.55641323598867,46.65062209599278],[15.556323404460258,46.650134944799746],[15.55654798328129,46.65002394771164],[15.556610865351177,46.64958612364277],[15.557670877386437,46.648741298168936],[15.557715793150644,46.64807529506341],[15.557545113246661,46.6477484572065],[15.557814607831897,46.64763745522095],[15.557760708914849,46.64715027714617],[15.558146984487022,46.647119442943165],[15.558173933945545,46.64700227281144],[15.55775172576201,46.64621290952027],[15.557904439360309,46.64587372644299],[15.557500197482454,46.645065845457275],[15.557428332259725,46.64457864422184],[15.556655781115383,46.644159277619245],[15.556134758250593,46.6433020328318],[15.551508434537379,46.64435662701366],[15.550681984475988,46.642746975005],[15.550160961611198,46.64233992897934],[15.549711803969139,46.642235083294906],[15.549316545244125,46.64190821015103],[15.548570943558305,46.6416738470587],[15.549217730562873,46.64141481298604],[15.549100949575937,46.64130996550881],[15.549442309383902,46.64111877252725],[15.549226713715715,46.64032932338454],[15.549595022982203,46.63967555209389],[15.549029084353206,46.63948435333669],[15.549082983270255,46.639268482960084],[15.549559090370838,46.63900326960407],[15.549882483873121,46.638540685058096],[15.550430456196436,46.63850367812358],[15.550358590973705,46.63802875355057],[15.5516880975942,46.63841732851127],[15.55196657533228,46.637658679565135],[15.551715047052726,46.637578496534694],[15.551804878581136,46.63749831338542],[15.552927772686287,46.6370418839649],[15.553646424913582,46.636986372016025],[15.553871003734612,46.63665329912686],[15.55581136474831,46.635888457326054],[15.555559836468756,46.63548135970127],[15.55512864513238,46.63547519153188],[15.554571689656226,46.63409350387279],[15.553969818415865,46.63421687027661],[15.55310743574311,46.633236099596985],[15.552927772686287,46.63328544697407],[15.552424716127181,46.63287216130133],[15.552164204694785,46.63294618284786],[15.551571316607268,46.63266860152633],[15.55078079915724,46.63259457960014],[15.55083469807429,46.632064086166345],[15.549720787121979,46.63040471848374],[15.549774686039026,46.62992355402762],[15.550466388807799,46.62912777265538],[15.550304692056658,46.62876380673316],[15.549604006135043,46.62862192104963],[15.548238566903182,46.62780144436856],[15.547708560885553,46.62648742197158],[15.547178554867921,46.625580542840616],[15.546810245601431,46.62619746907174],[15.546468885793466,46.6274374695278],[15.546208374361072,46.627764430089755],[15.546343121653692,46.628072881639675],[15.545867014553107,46.62832581059902],[15.546001761845726,46.628800820328564],[15.545543621050825,46.62906608368827],[15.545408873758205,46.629442385293984],[15.544780053059322,46.62946089186283],[15.544061400832026,46.62981868428355],[15.543567327425762,46.629911216421206],[15.543118169783703,46.62970764550954],[15.542525281696182,46.62968913902506],[15.54131255606262,46.629109265972644],[15.540818482656356,46.62901673246397],[15.539695588551206,46.62795567025776],[15.538599643904579,46.627690401456235],[15.538626593363105,46.627215381982026],[15.538419980847756,46.626919263836925],[15.538087604192631,46.626802049956964],[15.536820979642023,46.62670951250405],[15.535626220314146,46.62588283757236],[15.53505129853231,46.62574711361591],[15.534709938724344,46.62525356908747],[15.534970450156736,46.62460578506522],[15.53484468601696,46.62440219420017],[15.534485359903314,46.624291144314704],[15.5336319603834,46.62366802684326],[15.532967207073149,46.62358165355847],[15.53183532981516,46.622989375893304],[15.530954980836723,46.62232305577483],[15.530344126443524,46.622205831942736],[15.529841069884416,46.62166289719982],[15.529248181796897,46.62128654151238],[15.528529529569601,46.62012043924744],[15.528098338233223,46.620021720442324],[15.52799952355197,46.61935536379987],[15.527397652311612,46.61854091676658],[15.526131027761002,46.61801028559352],[15.525870516328606,46.61770177670704],[15.525412375533707,46.61759688328522],[15.52483745375187,46.61715879679766],[15.523525913437055,46.616973688765896],[15.522986924266583,46.617362414901734],[15.52214250789951,46.61825092130475],[15.521702333410293,46.61836198358002],[15.521217243156865,46.618337303094094],[15.52024706265002,46.61902218240332],[15.519896719689212,46.61871367928218],[15.51898043809941,46.61831879272226],[15.518270769024955,46.61780049974195],[15.517138891766963,46.61781284010865],[15.516572953137969,46.61743645765883],[15.516626852055015,46.617195818328085],[15.515728536770897,46.61620239848901],[15.515387176962932,46.61626410211542],[15.514875137250982,46.61572727821047],[15.51589921667488,46.61510406217437],[15.516141761801592,46.614832559876156],[15.516141761801592,46.61446232727585],[15.516375323775463,46.61438210987883],[15.516015997661816,46.613382467734176],[15.516159728107276,46.61339480910772],[15.516617868902177,46.61292583493608],[15.516590919443653,46.612222366064024],[15.515432092727137,46.61188296991951],[15.51522548021179,46.611518888054505],[15.514767339416888,46.61175955261237],[15.51371631053447,46.611839773894005],[15.512755113180463,46.61171018561076],[15.512153241940101,46.6113954699177],[15.511524421241218,46.61129673520576],[15.51004220102242,46.61164847679547],[15.509260666725236,46.61159910969263],[15.508416250358165,46.61085242677462],[15.508838458541701,46.60990825925629],[15.507041827973461,46.609537992991555],[15.506323175746166,46.60998848328002],[15.50514638272397,46.61037108852772],[15.504912820750098,46.611950849318575],[15.504643326164864,46.61211129119633],[15.505352995239317,46.61316032252954],[15.505011635431352,46.613882291113015],[15.503619246740968,46.61413528637348],[15.503053308111971,46.614437645012494],[15.50267601569264,46.61430806294534],[15.50115786286248,46.61470297875397],[15.500017002451646,46.61465978497767],[15.499235468154463,46.614801707256134],[15.498058675132267,46.61577664155035],[15.497402904974859,46.615992605633224],[15.494663043358294,46.61601728718786],[15.493064042152563,46.616381338811955],[15.492929294859943,46.616356657423246],[15.492821497025849,46.61596792406735],[15.491914198588889,46.61550514262419],[15.49101588330477,46.61518427850197],[15.489776208212685,46.61515342608233],[15.488725179330265,46.61468446713977],[15.488293987993888,46.614277210026515],[15.487683133600685,46.61250005223667],[15.48688363299782,46.61154974254477],[15.484619878481837,46.610056365053445],[15.483973091477273,46.60913686834843],[15.482769348996552,46.60857528885741],[15.479544397126563,46.60764959566907],[15.479382700375423,46.607884106106326],[15.478942525886204,46.60801987484279],[15.478143025283337,46.60761873895701],[15.47763098557139,46.60760639626726],[15.476687754523063,46.60785942084495],[15.476094866435545,46.60818649964517],[15.475807405544627,46.608637001174145],[15.474980955483234,46.6089764176594],[15.47389399398945,46.6084580352619],[15.472070413962689,46.60967992869221],[15.471109216608681,46.609969970054316],[15.469959373045008,46.610148930971015],[15.468710714800082,46.61019829939569],[15.468360371839275,46.61057473215424],[15.467911214197215,46.61045748288703],[15.467803416363122,46.61084008482172],[15.467039848371618,46.61085242677462],[15.467300359804014,46.61140781174403],[15.467093747288665,46.613610782689435],[15.46765968591766,46.61461042061971],[15.468665799035877,46.61520896042502],[15.468450203367686,46.616159205908666],[15.468818512634176,46.617769648812875],[15.468441220214846,46.618608787820584],[15.468288506616545,46.61862729809329],[15.467758500598915,46.61980577242861],[15.467111713594349,46.6206140305732],[15.466941033690366,46.621539502180724],[15.465818139585217,46.621749273545845],[15.465701358598281,46.621613539225926],[15.46464134656302,46.62165672745554],[15.464398801436309,46.62179246166718],[15.46419218892096,46.62200223205219],[15.46471321178575,46.622242850022396],[15.463716081820378,46.623304024209716],[15.462413524658404,46.62377907800695],[15.46200928278055,46.62484022208259],[15.460778590841308,46.62511784355329],[15.460050955461169,46.62543864881295],[15.459889258710026,46.62573477505754],[15.460688759312893,46.626919263836925],[15.459943157627073,46.628307303642075],[15.460275534282198,46.63002225477759],[15.460850456064035,46.63071315498782],[15.460796557146988,46.63150274442888],[15.461075034885065,46.63199006341334],[15.460589944631641,46.63324226802157],[15.461443344151554,46.63401331555951],[15.46164097351406,46.634580799529395],[15.460715708771419,46.634753510860804],[15.460266551129358,46.63538266890676],[15.459053825495797,46.635647900008834],[15.458730431993514,46.63558005031576],[15.458047712377583,46.63574659031962],[15.456385829101961,46.63665946716196],[15.455478530665001,46.63736261855444],[15.455289884455334,46.6372824350853],[15.454409535476898,46.63794857106851],[15.453035113092195,46.63767101540544],[15.452523073380247,46.63729477101135],[15.44923523944037,46.636357232615396],[15.44847167144887,46.636215366837924],[15.448013530653968,46.63624620725597],[15.446962501771548,46.63573425404062],[15.446854703937454,46.635789767273984],[15.446621141963583,46.63549369603791],[15.445318584801608,46.63560472294127],[15.444150774932254,46.63545051884731],[15.444114842320888,46.63568490889647],[15.443414156399276,46.636017987746236],[15.44299194821574,46.63606733258665],[15.44222838022424,46.63637573681982],[15.441213283953182,46.63695553201982],[15.440548530642934,46.637516817199646],[15.438464439183777,46.6380410893065],[15.438365624502525,46.63838648933061],[15.437090016799074,46.63952752730867],[15.43646119610019,46.64089674112012],[15.435868308012672,46.64156283260799],[15.434987959034235,46.64226592028201],[15.433119463243266,46.64274080766382],[15.43255352461427,46.64263596275626],[15.428547038447098,46.64311084688995],[15.428484156377209,46.64293199491334],[15.427648723162976,46.6427099709474],[15.427415161189108,46.64296899881908],[15.42653481221067,46.64284565236818],[15.426112604027136,46.64368440268856],[15.42654379536351,46.6448068276252],[15.426507862752148,46.64557154336458],[15.42730736335501,46.64583055753514],[15.427900251442532,46.646453419868195],[15.427918217748214,46.64688510242591],[15.427621773704455,46.64727978060686],[15.428079914499357,46.648297297009734],[15.426480913293622,46.6488461312441],[15.42586107574758,46.65017194377851],[15.425151406673125,46.650498766991625],[15.424621400655496,46.65060359666053],[15.422456460820767,46.650529599268275],[15.42157611184233,46.65036927123775],[15.419869312802504,46.65086258673619],[15.418449974653596,46.651121575571665],[15.418081665387104,46.65109074363248],[15.417614541439363,46.65090575162823],[15.417371996312651,46.6506714275145],[15.416680293543878,46.65051109990439],[15.414542303167673,46.65038777065013],[15.413500257438097,46.65007327977891],[15.412422279097152,46.65021510922173],[15.410392086555044,46.6500301142225],[15.410383103402202,46.64986978471135],[15.410113608816964,46.64970945472494],[15.4099249626073,46.6498882842946],[15.409008681017498,46.64954295769758],[15.40803850051065,46.64947512542837],[15.406223903636727,46.64898179727508],[15.405586099785001,46.64892013093956],[15.404319475234395,46.64901879704265],[15.402945052849692,46.64890163102518],[15.401588596770672,46.64848229793565],[15.401184354892818,46.648476131248316],[15.400133326010396,46.64810612872155],[15.399594336839925,46.647884125990615],[15.399136196045024,46.647520286211304],[15.398579240568871,46.64768678946487],[15.395830395799464,46.64780395811386],[15.39375528749315,46.64854396477035],[15.393288163545407,46.648574798161334],[15.392973753195966,46.64835279735395],[15.392380865108446,46.64815546253802],[15.390485419858953,46.64766828912868],[15.389317609989599,46.647489452219205],[15.388239631648656,46.647119442943165],[15.387359282670218,46.647304447897554],[15.386335203246322,46.647797791349184],[15.38587706245142,46.64790262625299],[15.38534705643379,46.64790879300572],[15.383676190005326,46.64750178581815],[15.380675816956368,46.647489452219205],[15.37969665329668,46.646854268071756],[15.379660720685314,46.64639175065016],[15.379499023934171,46.646219076465634],[15.37790900588128,46.645892227392956],[15.377064589514209,46.6453556972751],[15.374881683373797,46.64551604016669],[15.373695907198758,46.64623141035424],[15.373534210447618,46.64656442428349],[15.372905389748734,46.646903603029976],[15.371692664115175,46.64698377224113],[15.370282309119105,46.64680493306854],[15.36970738733727,46.64660759260571],[15.364631905981994,46.64695910480419],[15.360499655675044,46.64707627502941],[15.36016727901992,46.649259294914955],[15.359520492015353,46.65012877830084],[15.359161165901705,46.65022744219918],[15.358523362049981,46.65062826243546],[15.358262850617585,46.65062209599278],[15.357651996224385,46.65034460534471],[15.355702652057845,46.65028294056291],[15.353465847000388,46.64946895885422],[15.352450750729334,46.649308627679666],[15.35191176155886,46.64905579678492],[15.351247008248613,46.648173962707595],[15.350124114143464,46.647760790746396],[15.349477327138898,46.64721811233092],[15.348983253732632,46.64702077337543],[15.348983253732632,46.64648425445084],[15.347707646029182,46.646675428471006],[15.345928981766626,46.64649658827899],[15.3452911779149,46.646650760893465],[15.345201346386487,46.64719344500085],[15.34424014903248,46.6474401177953],[15.344051502822817,46.64789645949957],[15.342560299451177,46.64880296470835],[15.341401472734661,46.648550131449944],[15.34053909006191,46.6488461312441],[15.338643644812416,46.64877829810101],[15.337448885484537,46.64820479630949],[15.336649384881671,46.6479889607271],[15.336101412558358,46.647995127469976],[15.33469105756229,46.648580964837414],[15.333226803649177,46.648876964462836],[15.332795612312797,46.64885229788926],[15.332265606295167,46.64866729822883],[15.331421189928093,46.64789029274545],[15.32852861471323,46.64604023476487],[15.329148452259272,46.64549753908807],[15.327199108092733,46.6448684986501],[15.32642655694839,46.644270286742184],[15.326714017839308,46.64384475053388],[15.326435540101231,46.6436597337471],[15.326049264529061,46.64371523884957],[15.325447393288702,46.64351788711539],[15.324234667655139,46.643474716327574],[15.323471099663637,46.64348705084189],[15.320309029863536,46.64470198672156],[15.319994619514095,46.64530019385573],[15.31941969773226,46.6458552254867],[15.318081207958919,46.64681726682357],[15.316086948028175,46.64774229043551],[15.31522456535542,46.647995127469976],[15.314263368001413,46.64810612872155],[15.31274521517125,46.648044461387684],[15.310688073170617,46.64859946486147],[15.308442284960316,46.64863646489057],[15.305873103247738,46.648839964598245],[15.304157321055069,46.648580964837414],[15.30417528736075,46.648476131248316],[15.303223073159582,46.64851313136179],[15.301040167019174,46.648180129429385],[15.299566929953217,46.648272630171796],[15.298794378808873,46.64811229545107],[15.29717741129746,46.64705777448441],[15.296243163401973,46.64609573742493],[15.294311785541117,46.645065845457275],[15.293808728982011,46.64499184048894],[15.293314655575745,46.64461564700128],[15.292272609846165,46.64459714561472],[15.290637676029068,46.644183946332916],[15.288885961225036,46.64357955960965],[15.287700185049998,46.64208706551214],[15.287430690464763,46.64129763049812],[15.287035431739751,46.64084123312599],[15.284457266874327,46.640286150052354],[15.282175546052663,46.63923764426454],[15.281322146532748,46.639262315222375],[15.280316033414536,46.63962621054381],[15.277764818007636,46.63979890577224],[15.277144980461594,46.639749564334636],[15.276192766260428,46.63950285647176],[15.275204619447894,46.63952752730867],[15.273848163368875,46.64011962401979],[15.272662387193838,46.64036016145787],[15.271782038215399,46.64038483190388],[15.271422712101753,46.64027381480826],[15.269392519559641,46.64009495345286],[15.268727766249393,46.640113456379105],[15.267362327017532,46.64035399384461],[15.26306837995944,46.639391837566464],[15.260310552037195,46.63835565013239],[15.25854985408032,46.637905395836654],[15.258244426883719,46.637708022909436],[15.257669505101882,46.637788205747945],[15.253716917851756,46.63768335124291],[15.252180798715912,46.63733177877268],[15.248749234330575,46.63738729036721],[15.247222098347573,46.63620303066578],[15.246135136853788,46.635691077041955],[15.242380178966169,46.63534565981243],[15.24068236307918,46.6350064086016],[15.24036795272974,46.63507425901391],[15.240224222284283,46.63528397793228],[15.236172820352902,46.63686917993694],[15.234223476186362,46.637547656875945],[15.232022603740269,46.6380780965574],[15.230881743329437,46.638559188515856],[15.229857663905541,46.63878122951555],[15.229076129608359,46.63907728276441],[15.22683034139806,46.6386763769348],[15.224872014078679,46.63809043230207],[15.222868770995092,46.63783138107331],[15.221431466540501,46.63875039054229],[15.21954500444385,46.63907111500492],[15.218538891325636,46.63942267617412],[15.21751481190174,46.63924997974486],[15.213553241498774,46.63963237824004],[15.21150508265098,46.64047734597622],[15.211388301664046,46.64068704395454],[15.210400154851513,46.64090290867152],[15.209968963515136,46.64084740068369],[15.208405894920768,46.64105709722778],[15.206501466518434,46.64059453024076],[15.204040082639946,46.64129763049812],[15.202225485766025,46.6413593055234],[15.19992579863868,46.64237076590668],[15.19969223666481,46.642796313709084],[15.198443578419882,46.643499385353394],[15.196736779380055,46.644171611977484],[15.196260672279472,46.64540503360004],[15.196476267947661,46.64633624829382],[15.195524053746492,46.64684810119881],[15.194652687920899,46.647711456569965],[15.194167597667473,46.64840829764121],[15.193287248689037,46.64844529780109],[15.191346887675339,46.64917296246845],[15.189963482137793,46.65010411229812],[15.188265666250807,46.65102291330439],[15.187421249883736,46.65167038114844],[15.186352254695633,46.651935532409404],[15.184870034476836,46.65168888011582],[15.183675275148957,46.65102907970136],[15.183603409926226,46.651288067739586],[15.183450696327927,46.65131273320236],[15.182687128336427,46.65097358210325],[15.180486255890333,46.650794756121954],[15.179489125924961,46.651164740257],[15.178015888859004,46.649826618992535],[15.17686604529533,46.64996844908215],[15.176093494150988,46.64985128512179],[15.175949763705528,46.64965395577277],[15.17564433650893,46.64957379051909],[15.175168229408346,46.64969095508055],[15.174216015207179,46.64946279227937],[15.17196124384404,46.64967245542982],[15.171494119896296,46.649795786315146],[15.171242591616743,46.65012877830084],[15.170577838306494,46.65058509732195],[15.1704700404724,46.65107224446052],[15.169823253467834,46.65198486273314],[15.16986816923204,46.65216368477949],[15.16941901158998,46.65284196992538],[15.168323066943355,46.653156444697565],[15.16799967344107,46.6531626108513],[15.167586448410377,46.653353761268065],[15.16701152662854,46.653347595136125],[15.166454571152387,46.65308245079803],[15.164828620488128,46.652663150121725],[15.164038103038104,46.65234250623458],[15.163382332880698,46.65192319982144],[15.162439101832371,46.65198486273314],[15.160929932155051,46.65144222669735],[15.160804168015273,46.65125106952434],[15.160489757665832,46.65141139494094],[15.15993280218968,46.651417561293634],[15.159627374993079,46.651547054537644],[15.15882787439021,46.652471997264],[15.158809908084528,46.65273714459495],[15.158432615665198,46.65294062887428],[15.15821701999701,46.65323043849587],[15.157785828660632,46.65332909673611],[15.157812778119157,46.65363740257688],[15.157300738407208,46.65390254419419],[15.155818518188411,46.65400736726574],[15.155243596406574,46.653951872723766],[15.154444095803708,46.65417385055002],[15.15415663491279,46.65442049151056],[15.152881027209341,46.654864442404886],[15.152036610842268,46.65508025055097],[15.151282026003607,46.65505558680644],[15.150195064509822,46.65543170768835],[15.149368614448434,46.65531455556303],[15.148587080151248,46.65506175274363],[15.148021141522252,46.655037088990646],[15.147041977862564,46.652786474187515],[15.145002802167612,46.6520280267295],[15.144661442359647,46.65233633998735],[15.143646346088593,46.65288513323767],[15.14273006449879,46.65290363178953],[15.14265819927606,46.6534154225487],[15.141041231764644,46.65306395230734],[15.140376478454396,46.65270014737099],[15.140080034410635,46.65274331079649],[15.139289516960611,46.65245349856449],[15.13859781419184,46.651892368339226],[15.138615780497522,46.65114624111036],[15.138346285912286,46.65077009042296],[15.138049841868526,46.64952445799622],[15.137385088558279,46.64906813002672],[15.137007796138949,46.64901879704265],[15.136855082540647,46.64875363148244],[15.136828133082124,46.64844529780109],[15.137142543431565,46.64807529506341],[15.136998812986107,46.64750178581815],[15.136459823815635,46.64692827049221],[15.136217278688921,46.64642875218942],[15.135408794933216,46.64595389718046],[15.133387585543945,46.645645547539864],[15.132875545831997,46.64584905849987],[15.132615034399604,46.64624991118187],[15.132444354495622,46.6463115805616],[15.13183350010242,46.646132739166674],[15.131267561473425,46.64643491911017],[15.13116874679217,46.64663842710048],[15.131339426696153,46.64729828107593],[15.130845353289889,46.64797046049425],[15.131231628862059,46.64863646489057],[15.13055789239897,46.64881529800779],[15.129713476031897,46.64936412698618],[15.129650593962008,46.64956145739259],[15.128267188424466,46.64986978471135],[15.126407675786337,46.649956116045644],[15.126156147506785,46.650134944799746],[15.12603936651985,46.65056659797706],[15.126147164353943,46.65093658367287],[15.126641237760209,46.65141139494094],[15.126371743174973,46.65157788621671],[15.125787838240294,46.65136206409415],[15.124655960982304,46.650221275710805],[15.124736809357875,46.64974028745154],[15.12387442668512,46.64932096086382],[15.123524083724314,46.64945662570382],[15.12364086471125,46.64959229020356],[15.123551033182839,46.64989445082093],[15.122482037994736,46.65025210814564],[15.121125581915713,46.65042476945594],[15.120694390579338,46.65062826243546],[15.120065569880454,46.65131273320236],[15.120110485644659,46.65187386944146],[15.120335064465689,46.65204035929356],[15.12115253137424,46.65227467747639],[15.121197447138444,46.652484329726825],[15.118161141478122,46.65370522962598],[15.116148915241693,46.65494459981684],[15.114909240149608,46.65534538509431],[15.113822278655823,46.655049420868544],[15.113409053625126,46.65555502544083],[15.112349041589868,46.65527756010229],[15.111190214873353,46.65414918639208],[15.108782729911914,46.65312561391839],[15.107318475998799,46.65232400749079],[15.106150666129441,46.652058858134374],[15.10538709813794,46.651756709608684],[15.105009805718609,46.65122023765897],[15.104848108967468,46.65045560177477],[15.103707248556637,46.64912979619352],[15.102862832189565,46.648821464656464],[15.10244960715887,46.64881529800779],[15.102287910407728,46.64851313136179],[15.099628897166735,46.64866729822883],[15.097374125803595,46.648568631484544],[15.096394962143904,46.6482232964622],[15.095846989820592,46.64826646346056],[15.09373594890291,46.64790879300572],[15.092720852631857,46.64760662129566],[15.093170010273916,46.64755728697861],[15.093637134221659,46.64735994926049],[15.093870696195529,46.647014606521466],[15.091741688972165,46.64544820284747],[15.089936075251085,46.6439310914845],[15.089082675731172,46.64254345237497],[15.08720519678736,46.640730216966844],[15.085480431441853,46.64152582774047],[15.085363650454918,46.64192054502251],[15.081150551772396,46.644492304304705],[15.079551550566663,46.64515218445903],[15.07959646633087,46.645361864318176],[15.079255106522904,46.64546053691185],[15.078428656461515,46.64541120063751],[15.077422543343301,46.64573188561641],[15.076119986181329,46.64552220719149],[15.076128969334167,46.64545436988001],[15.075428283412556,46.64552220719149],[15.071799089664713,46.647033107081235],[15.070388734668645,46.647261280131445],[15.069876694956697,46.64766212234854],[15.069598217218621,46.64742161737473],[15.068762784004388,46.64752645300761],[15.066534962099771,46.64750178581815],[15.06389391516446,46.647760790746396],[15.063013566186024,46.6477484572065],[15.061441514438814,46.64740928375752],[15.05916877676999,46.64716261082244],[15.055359919965325,46.64727978060686],[15.053266845353326,46.64749561901903],[15.050482067972554,46.64727978060686],[15.04991612934356,46.6475634537707],[15.048820184696936,46.647760790746396],[15.048415942819082,46.64772379011829],[15.046475581805383,46.6473907833264],[15.045837777953658,46.64740928375752],[15.044921496363855,46.64660759260571],[15.044669968084303,46.646194408679996],[15.044391490346227,46.646052568694245],[15.041768409716596,46.64507201253339],[15.040663481917129,46.645059678380456],[15.038812952431844,46.64455397568814],[15.036028175051072,46.642500280809585],[15.03486934833456,46.64080422776491],[15.034465106456706,46.64058836265423],[15.02638026889963,46.63798557838269],[15.025455004156985,46.63786222057034],[15.020963427736389,46.63648059385869],[15.020801730985246,46.636085836890196],[15.020127994522156,46.63545668701951],[15.0199842640767,46.63451911677743],[15.019526123281798,46.634210701963106],[15.018753572137456,46.63413668214613],[15.0178911894647,46.63303254119086],[15.017900172617543,46.632656264545666],[15.017163554084563,46.63193454628215],[15.016741345901027,46.63115113180357],[15.016723379595343,46.63071315498782],[15.016399986093061,46.63023816204068],[15.01436081039811,46.62922030597421],[15.013848770686161,46.6293066702624],[15.01277977549806,46.62907842148732],[15.011818578144052,46.62815307875474],[15.011701797157116,46.62780144436856],[15.011261622667899,46.627690401456235],[15.011135858528121,46.626802049956964],[15.011333487890626,46.62663548242781],[15.011306538432104,46.62648742197158],[15.0100848296457,46.62554969634451],[15.009815335060464,46.62515485964182],[15.009482958405341,46.624926593359376],[15.009222446972947,46.62445771905748],[15.007830058282561,46.62385928148348],[15.006805978858665,46.623174463359724],[15.006024444561481,46.62236007377433],[15.005683084753516,46.6223847524266],[15.005296809181345,46.622193492577225],[15.005251893417139,46.621897346961276],[15.00398526886653,46.62055850177369],[15.003563060682993,46.61975024280016],[15.002970172595475,46.619256643599805],[15.001928126865895,46.61897282202206],[15.001461002918152,46.61861495791219],[15.000895064289157,46.61783752083364],[15.000194378367546,46.61757220245056],[14.999879968018103,46.61701688069656],[14.99955657451582,46.6169366670836],[14.999430810376044,46.61678240980164],[14.999844035406738,46.61652325657866],[14.999942850087992,46.61532002893954],[14.999835052253898,46.614770854618556],[14.999215214707855,46.613610782689435],[14.999269113624901,46.61337629704635],[14.999718271266962,46.61312329824017],[14.99985301855958,46.61267283402551],[15.000787266455063,46.61196319101835],[15.001011845276093,46.61158059701744],[15.00032014250732,46.61011807568273],[14.999601490280027,46.60943925489349],[14.999098433720919,46.609389885776956],[14.99805638799134,46.60870488464134],[14.997697061877693,46.60836546645457],[14.997436550445297,46.60786559216135],[14.997032308567443,46.60753234006972],[14.99669993191232,46.607433598315495],[14.995280593763411,46.606180796679766],[14.994526008924751,46.60574261783998],[14.993744474627565,46.605687073790264],[14.993448030583808,46.605187174780006],[14.992648529980942,46.604958824314515],[14.99240598485423,46.6047613312438],[14.992217338644563,46.60431079748156],[14.991336989666127,46.6038047139927],[14.991354955971808,46.602848079849345],[14.991759197849662,46.601916116794726],[14.991130377150778,46.60129274183023],[14.991166309762145,46.60082983498832],[14.991031562469527,46.60061381044192],[14.990106297726882,46.6004471623462],[14.98955832540357,46.599984248279775],[14.98970205584903,46.599718842431216],[14.989477477028,46.599342334229725],[14.98851627967399,46.598953478750644],[14.98820186932455,46.59867572312846],[14.987761694835331,46.59858313760464],[14.987069992066559,46.597984414064726],[14.98655795235461,46.59802762113961],[14.986018963184138,46.59791034471335],[14.985309294109685,46.597465926478854],[14.984303180991471,46.59712643787186],[14.981751965584571,46.59982994271207],[14.979991267627698,46.60303323616317],[14.979461261610066,46.60427376714269],[14.979092952343578,46.60616845366237],[14.979074986037896,46.608698713420566],[14.978679727312883,46.612709858622836],[14.978158704448093,46.6144129627379],[14.975598505888353,46.619935341340195],[14.973792892167273,46.621854158923604],[14.972166941503017,46.62321765034418],[14.971340491441625,46.623723552453576],[14.962959209840792,46.62717219818676],[14.960479859656623,46.628356655513194],[14.959015605743506,46.626579959804175],[14.957874745332674,46.625611389319154],[14.957326773009362,46.62529058508319],[14.956626087087747,46.625599050729846],[14.95544031091271,46.624685987317],[14.956078114764434,46.6242726359783],[14.95236807264102,46.62156418120704],[14.952637567226258,46.621372918458846],[14.948954474561368,46.61896665197124],[14.948711929434655,46.61913941312847],[14.948163957111344,46.618800060333285],[14.948595148447719,46.61854708686591],[14.94633139393174,46.617035391513454],[14.946933265172097,46.61688113451271],[14.946609871669816,46.61638750915736],[14.945477994411824,46.61560386966393],[14.944633578044753,46.615276835655415],[14.942711183336737,46.61592473129999],[14.941821851205457,46.61577664155035],[14.941184047353735,46.61539407448934],[14.939899456497443,46.61383292604634],[14.938686730863882,46.612845615263126],[14.938363337361597,46.612240878519835],[14.93837232051444,46.611950849318575],[14.937357224243385,46.61180274870186],[14.936593656251882,46.61148803354667],[14.936036700775729,46.61094499133168],[14.935866020871746,46.61092647843292],[14.935416863229685,46.61138929900348],[14.934940756129103,46.61216065783231],[14.934338884888742,46.612759224713216],[14.933521417980195,46.61384526731723],[14.933458535910306,46.61422167472831],[14.933090226643817,46.614801707256134],[14.931832585246049,46.61503618672742],[14.930898337350566,46.61563472182692],[14.928948993184026,46.6159864352428],[14.927700334939098,46.616486234588415],[14.927583553952163,46.61554216528518],[14.925912687523702,46.61389463237266],[14.925409630964596,46.61307393248165],[14.925319799436183,46.6122655617844],[14.925508445645848,46.61168550209309],[14.925885738065178,46.611302906130526],[14.926334895707237,46.60992677250308],[14.926397777777126,46.608161814521594],[14.927457789812388,46.6066189719752],[14.927260160449881,46.60597096500156],[14.927305076214086,46.604964995961375],[14.92702659847601,46.604458918583944],[14.926586423986791,46.60228026320776],[14.927143379462946,46.601730956663],[14.927817115926034,46.6005150560767],[14.928436953472078,46.600385440699185],[14.927871014843081,46.598904100077434],[14.924367585235016,46.597718998420326],[14.92371181507761,46.597546168929725],[14.922642819889505,46.59910778681443],[14.921906201356528,46.599873148315325],[14.921448060561627,46.600712564627145],[14.920864155626951,46.60123102114649],[14.920343132762161,46.6015272797872],[14.918420738054145,46.60200252463964],[14.91861836741665,46.60055826113364],[14.918294973914369,46.59989166499189],[14.917809883660945,46.600008937129836],[14.916219865608053,46.599663292205356],[14.915644943826216,46.59982377048023],[14.915096971502901,46.600268169376164],[14.914351369817082,46.600626154724914],[14.913372206157394,46.6007495974002],[14.911881002785755,46.600712564627145],[14.910551496165256,46.60086686768121],[14.910003523841945,46.600786630147944],[14.909248939003284,46.60049653961318],[14.909599281964091,46.60157665606984],[14.908943511806685,46.60279870472546],[14.908323674260643,46.60343440600559],[14.907739769325964,46.60328011026391],[14.906841454041844,46.60359487311077],[14.906131784967389,46.604613210968274],[14.90500889086224,46.60516865991327],[14.905098722390653,46.60577964717481],[14.90584432407647,46.606378284575605],[14.90568262732533,46.607661938348976],[14.904362103857675,46.607470626494425],[14.903607519019015,46.606939886844444],[14.902215130328628,46.606273369220595],[14.901765972686569,46.60585987731345],[14.901173084599051,46.6058351911296],[14.898999161611481,46.606378284575605],[14.897525924545524,46.60701394385196],[14.895334035252274,46.60760639626726],[14.89463334933066,46.60830992509424],[14.8943369052869,46.60814947195559],[14.893609269906763,46.60816798580354],[14.891426363766351,46.608390151485324],[14.88998007615892,46.60813712938678],[14.889351255460037,46.60779153631817],[14.889144642944691,46.6073595418817],[14.88710546724974,46.607168228959125],[14.886350882411078,46.606958401105814],[14.88448238662011,46.606878172594165],[14.885147139930357,46.60648937120061],[14.88524595461161,46.605853705768546],[14.884751881205345,46.60486624952726],[14.88388949853259,46.60454532237332],[14.88373678493429,46.604033069323016],[14.883027115859838,46.60381088577104],[14.882524059300728,46.603792370433915],[14.882021002741622,46.603934321190195],[14.880718445579648,46.60385408819973],[14.87899368023414,46.60401455406182],[14.878382825840937,46.60381088577104],[14.878059432338654,46.60318136075861],[14.877834853517625,46.60313198593846],[14.877457561098296,46.60329245393942],[14.876864673010775,46.603298625776105],[14.87591245880961,46.6029283143297],[14.875364486486298,46.60289128304584],[14.872435978660066,46.600379268530624],[14.871879023183913,46.60008300361249],[14.87193292210096,46.599632430944176],[14.871349017166281,46.59888558306338],[14.871663427515724,46.59827451804941],[14.871286135096392,46.597694308526854],[14.87141189923617,46.59690422599556],[14.871313084554917,46.596138822557826],[14.872085635699259,46.59536106282917],[14.872355130284497,46.59483637734189],[14.871968854712323,46.59394748680564],[14.87155562968163,46.59350303607002],[14.871681393821405,46.59284869918706],[14.870881893218542,46.59166963825673],[14.869696117043501,46.590379432245875],[14.86960628551509,46.588959552812995],[14.86824982943607,46.589274398853206],[14.867126935330921,46.58928674571947],[14.86637235049226,46.58956454946703],[14.865743529793376,46.58930526601361],[14.865339287915521,46.589323786301414],[14.862797055661463,46.58870643996436],[14.861386700665397,46.5877865808787],[14.86178195939041,46.587502594383274],[14.861925689835868,46.58692844322824],[14.861548397416538,46.58613202994501],[14.861287885984144,46.584434210630874],[14.86087466095345,46.5839094193576],[14.860748896813671,46.58348958268125],[14.860668048438102,46.58243380255332],[14.860982458787543,46.58237206038902],[14.85954515433295,46.58048889060099],[14.858682771660199,46.57999493359869],[14.856859191633434,46.578074633000696],[14.856643595965245,46.57738923593303],[14.856850208480594,46.5762777628133],[14.854388824602104,46.57599371602774],[14.854307976226536,46.57585786703911],[14.852978469606038,46.57546884305266],[14.852825756007737,46.57525271740985],[14.851729811361112,46.574703136895266],[14.851307603177577,46.57435115543764],[14.851002175980975,46.57430175434849],[14.85005894493265,46.573517506030434],[14.84938520846956,46.57324579530648],[14.848603674172375,46.57272707105333],[14.848675539395106,46.57140553684476],[14.847902988250764,46.57100412989153],[14.847750274652462,46.570695353290546],[14.846268054433665,46.56918232253543],[14.845064311952946,46.56839182437554],[14.844821766826232,46.567928636507176],[14.844902615201802,46.56773100847954],[14.84441752494838,46.567335750264135],[14.844480407018267,46.567020776811724],[14.844669053227934,46.56690343329323],[14.844228878738713,46.566298183745516],[14.843842603166543,46.56610054977757],[14.842809540589805,46.56470473937891],[14.842692759602869,46.563327422233996],[14.844157013515986,46.563080366132674],[14.844669053227934,46.56279007377599],[14.844704985839297,46.56196242321049],[14.845046345647264,46.561857421863095],[14.844956514118849,46.561505357038854],[14.844390575489854,46.561369471758795],[14.84329463084323,46.56195624666627],[14.842674793297189,46.561968599754],[14.84112070785566,46.5613509419215],[14.840312224099952,46.56066533349298],[14.839333060440264,46.55883700199406],[14.839422891968674,46.558540509999666],[14.84126443830112,46.55705802572601],[14.842063938903985,46.55676152401094],[14.842306484030697,46.55640324894367],[14.842602928074458,46.555297523044786],[14.842270551419334,46.555099849001785],[14.842899372118218,46.55424119402061],[14.842827506895487,46.55367904563099],[14.842270551419334,46.55317866689134],[14.842189703043761,46.55272770432157],[14.841480033969308,46.551504526705024],[14.841075792091454,46.55126977229222],[14.840015780056195,46.549923003670806],[14.83931509413458,46.549496725906046],[14.838901869103884,46.549058088769215],[14.839180346841962,46.54866887256698],[14.839386959357311,46.54789660993503],[14.838371863086254,46.54769890893485],[14.838093385348177,46.54748267264141],[14.83788677283283,46.547037840986235],[14.836745912421998,46.54682160205937],[14.836898626020297,46.5465682925066],[14.836889642867458,46.54560446974455],[14.837132187994168,46.54431316755602],[14.836970491243028,46.54402277479519],[14.83675489557484,46.54409691777541],[14.836817777644727,46.543942453119016],[14.836126074875956,46.54356555751292],[14.834904366089553,46.54373855909961],[14.835254709050359,46.544146346372635],[14.83390723612418,46.5442328463095],[14.833449095329279,46.54386830992783],[14.832505864280954,46.54347905651284],[14.830870930463858,46.54370148737743],[14.830870930463858,46.54300947725033],[14.830053463555307,46.54231127952203],[14.830331941293384,46.541365917846086],[14.8297031205945,46.54132884450377],[14.828723956934812,46.541545105310455],[14.827879540567737,46.541545105310455],[14.827987338401835,46.540673877948535],[14.827717843816597,46.54022899049928],[14.827834624803533,46.53885723124928],[14.82825683298707,46.538659497328425],[14.828876670533111,46.53859770533048],[14.828993451520047,46.53848030034066],[14.830251092917814,46.5385791677174],[14.830888896769538,46.53846176268749],[14.832685527337778,46.53781912013142],[14.833502994246325,46.53739892665552],[14.833772488831563,46.53680570680102],[14.835182843827631,46.535458579313605],[14.836099125417434,46.53500746952077],[14.836647097740745,46.53490859564084],[14.835829630832196,46.5341546763868],[14.835371490037295,46.534086699546215],[14.83465283781,46.53417939521682],[14.832928072464489,46.5333760274818],[14.831724329983771,46.5326529863593],[14.830897879922379,46.53178779629708],[14.830439739127478,46.531633296621315],[14.829227013493918,46.53151587657379],[14.82827479929275,46.53197319532785],[14.827574113371139,46.53080517086795],[14.827547163912614,46.53012535670797],[14.827771742733644,46.52948261549502],[14.827421399772836,46.52860501424891],[14.827493264995567,46.52788809003203],[14.828697007476288,46.526145183076345],[14.829963632026896,46.525576563035244],[14.83052058750305,46.52553329822324],[14.829550406996201,46.525156274831545],[14.829173114576871,46.524630910004255],[14.828481411808099,46.52436513527402],[14.827484281842725,46.52306714698023],[14.827169871493284,46.52207200161968],[14.827304618785902,46.52166404856429],[14.827241736716015,46.5211757370915],[14.82690037690805,46.520304182922985],[14.826657831781336,46.520038387025814],[14.824313228889784,46.51861666596322],[14.82285795812951,46.518066511743335],[14.82239981733461,46.5175843495323],[14.822552530932908,46.51623674527923],[14.822848974976669,46.51583493020373],[14.823594576662488,46.51532183894192],[14.823926953317612,46.51514256494938],[14.824196447902848,46.51513638307702],[14.823414913605664,46.51447491867116],[14.823091520103382,46.513522890346735],[14.82330711577157,46.51318905828362],[14.822956772810763,46.512966502435646],[14.823387964147141,46.5116929708879],[14.823325082077254,46.511309669142705],[14.823064570644856,46.51099437051947],[14.823558644051126,46.509683697814225],[14.823971869081818,46.50903453217641],[14.823801189177836,46.50768671590279],[14.82405271745739,46.50668510601705],[14.823720340802266,46.50625230591167],[14.823819155483518,46.50581950236041],[14.823423896758506,46.50502189821805],[14.822148289055054,46.50473129535059],[14.82165421564879,46.504768393675484],[14.821196074853889,46.50443450784],[14.819435376897015,46.503791462675295],[14.818555027918578,46.50379764583809],[14.817638746328775,46.504032605503426],[14.816713481586133,46.50382237848226],[14.816533818529308,46.50350703642624],[14.816210425027025,46.5034081052082],[14.815240244520176,46.5035132196214],[14.81451260914004,46.503371005955024],[14.812275804082581,46.503383372375566],[14.81135053933994,46.50334627310551],[14.810811550169467,46.50321642546094],[14.810083914789331,46.50273413149443],[14.807083541740372,46.50154692811799],[14.806293024290348,46.50095331670807],[14.804190966525507,46.50017419189693],[14.803625027896512,46.49975989082351],[14.799367013449785,46.49916625990267],[14.798522597082712,46.49883233966152],[14.798064456287811,46.498467498535256],[14.796941562182663,46.497898588843384],[14.796052230051384,46.49762649949533],[14.795585106103642,46.497144155941314],[14.794866453876345,46.496983373805854],[14.793743559771197,46.49640826458369],[14.792539817290477,46.49616708793842],[14.792090659648416,46.495919726165454],[14.791443872643852,46.49584551741416],[14.790806068792126,46.49561052236693],[14.790285045927337,46.495128160930584],[14.789180118127868,46.49514671337264],[14.788856724625585,46.49531986919325],[14.788209937621021,46.495907358047276],[14.787859594660215,46.496711279878205],[14.786772633166429,46.49678548744805],[14.786395340747097,46.4966865439991],[14.78573058743685,46.49709468456565],[14.785371261323204,46.49690916650606],[14.784796339541368,46.49595683050313],[14.78392497371577,46.49710705241379],[14.782218174675943,46.498733399936995],[14.781625286588426,46.50027931256268],[14.779999335924167,46.500130906857834],[14.777798463478074,46.499562014570024],[14.77632522641212,46.49990829754105],[14.77371112893533,46.50027312899974],[14.770216682480108,46.50003196949623],[14.768168523632315,46.499784625304564],[14.767908012199918,46.499605300062015],[14.76737800618229,46.49972897270638],[14.766973764304435,46.49963621824947],[14.7662461289243,46.499691870942605],[14.765904769116334,46.50005052026525],[14.76483577392823,46.50021129333158],[14.764368649980488,46.50007525461408],[14.763910509185587,46.50011853969748],[14.763623048294669,46.49977225806545],[14.760272332284904,46.497546109200115],[14.75785586417062,46.49639589657663],[14.75552922758475,46.49499210949547],[14.75317564154036,46.49324196295661],[14.751918000142592,46.494750926569424],[14.752124612657939,46.4964330005894],[14.750965785941425,46.49674219971128],[14.750786122884602,46.49780583126405],[14.749977639128893,46.49890654433677],[14.748576267285667,46.49916007621313],[14.746132849712861,46.50089148181349],[14.744857242009413,46.50038443302522],[14.743905027808244,46.499549647280276],[14.742548571729225,46.49877668608863],[14.742225178226942,46.49800371390868],[14.741695172209312,46.49744098325012],[14.741776020584883,46.49660615231426],[14.741524492305329,46.49616708793842],[14.741138216733157,46.494757110760375],[14.740006339475167,46.49315538180711],[14.73891039482854,46.4918690170633],[14.737976146933057,46.491318592085044],[14.737347326234174,46.490632099193576],[14.735856122862534,46.489518849059294],[14.735469847290364,46.48880140912136],[14.735775274486965,46.488448870512],[14.735478830443205,46.488028295147046],[14.734760178215907,46.48760153152629],[14.734427801560784,46.487168579504115],[14.733592368346553,46.486816030312035],[14.733179143315859,46.48598722145725],[14.73281083404937,46.48659955160568],[14.732999480259036,46.487675751526936],[14.732909648730622,46.48804066505714],[14.732056249210709,46.48879522425317],[14.730520130074865,46.48948792511918],[14.729774528389045,46.49009403114039],[14.729585882179382,46.490551698558384],[14.72892112886913,46.49125056164474],[14.728040779890694,46.492586416538394],[14.727358060274764,46.49332235961488],[14.72666635750599,46.493829474258575],[14.725256002509925,46.49402118709944],[14.724681080728088,46.49418816224889],[14.72433073776728,46.494435531898326],[14.723225809967815,46.49442316344257],[14.722543090351884,46.49480040007736],[14.719596616219972,46.49557341779296],[14.71808744654265,46.490551698558384],[14.717530491066496,46.49016206302729],[14.716272849668728,46.488671526741626],[14.715392500690292,46.48828187774164],[14.716084203459065,46.487818006245114],[14.716515394795442,46.48730465051098],[14.716524377948282,46.4850099530025],[14.716111152917588,46.48288835409572],[14.715428433301657,46.48139143278279],[14.715428433301657,46.4809955458797],[14.714601983240268,46.47969033584233],[14.714018078305589,46.47650450214448],[14.713649769039101,46.47633128642235],[14.712625689615205,46.47628179611476],[14.711484829204373,46.476040530220686],[14.709310906216803,46.47581782229211],[14.706912404408204,46.47607146180535],[14.70696630332525,46.47561367255689],[14.706166802722384,46.4737948502008],[14.705079841228601,46.47271218898502],[14.704522885752445,46.471846044505],[14.703768300913787,46.471450088151656],[14.702717272031364,46.47025601483175],[14.702393878529083,46.47010134020547],[14.704271357472892,46.467985347181575],[14.704594750975176,46.46778735532173],[14.705636796704754,46.46764504822763],[14.706364432084891,46.46668601245686],[14.705816459761579,46.465405209303064],[14.705978156512721,46.464644138083266],[14.70628358370932,46.464062499246474],[14.707217831604805,46.46294870540719],[14.707074101159344,46.462577435730374],[14.70642731415478,46.46228660604842],[14.705798493455896,46.46182870084734],[14.705726628233165,46.46159355884203],[14.705879341831466,46.46112327178477],[14.70470254880927,46.46013936861769],[14.70426237432005,46.45932871805796],[14.70410067756891,46.459266835840026],[14.703885081900722,46.459260647614364],[14.703525755787073,46.459483423295126],[14.703103547603536,46.45989184300924],[14.702411844834765,46.460120804236105],[14.700911658310286,46.460052734782735],[14.69951028646706,46.459483423295126],[14.697803487427233,46.45944010587303],[14.696491947112417,46.45974332710403],[14.694174293679389,46.460034170371586],[14.692215966360008,46.46072723742788],[14.68997017814971,46.46190295600644],[14.689053896559908,46.46254649647636],[14.68802981713601,46.463517980660875],[14.68628708548482,46.46204527811163],[14.685298938672288,46.46103663951536],[14.683457392339845,46.458332405800085],[14.68313399883756,46.45815913224213],[14.681687711230127,46.45794872789475],[14.680519901360771,46.45747840935494],[14.68050193505509,46.457206117817265],[14.681121772601132,46.45609218371183],[14.68163381231308,46.45576418766046],[14.68410417934441,46.453449593328294],[14.683690954313713,46.453220604049434],[14.68352027440973,46.45291734649557],[14.682891453710848,46.45254600841549],[14.682523144444358,46.45201375275202],[14.682675858042659,46.45162384123244],[14.682505178138676,46.451339142169225],[14.681543980784667,46.450615009584645],[14.68096905900283,46.44986611020351],[14.68111278944829,46.44929050285405],[14.679882097509049,46.44745223219918],[14.679774299674953,46.44648046136666],[14.679540737701084,46.44630096039884],[14.679765316522113,46.44620192512892],[14.676809859237359,46.44643094391738],[14.675857645036192,46.44669709967804],[14.675498318922545,46.44626382219372],[14.674815599306614,46.44628239129945],[14.673333379087817,46.44565722792597],[14.672165569218462,46.44548391403738],[14.671887091480384,46.445626279057734],[14.671446916991165,46.44557057105061],[14.67057555116557,46.44510014560756],[14.669515539130307,46.444295461090164],[14.668221965121175,46.442023710656294],[14.66779975693764,46.44165229830605],[14.667206868850121,46.44154087410725],[14.66584142961826,46.440606139909896],[14.664619720831858,46.440141861996885],[14.663622590866483,46.44003043470909],[14.663415978351138,46.44024090828363],[14.662239185328941,46.44007376757032],[14.661700196158469,46.440104719592945],[14.660182043328307,46.43983234119034],[14.658313547537338,46.44046376177049],[14.657891339353801,46.440451381045136],[14.657253535502075,46.440606139909896],[14.65404654993777,46.43991900719341],[14.652627211788861,46.43979519857539],[14.651926525867246,46.439584723279104],[14.65142346930814,46.43927519930757],[14.649222596862048,46.4389780546407],[14.648755472914306,46.438476619340804],[14.645701200948299,46.438637574384394],[14.642521164842517,46.43728801353048],[14.642009125130569,46.43699704878292],[14.641928276754996,46.4367803718978],[14.64134437182032,46.43668751011185],[14.636286856770727,46.43515836327902],[14.6347327713292,46.43517693617004],[14.632585797800154,46.43491072412728],[14.631705448821718,46.435127408446604],[14.629459660611419,46.43494167908279],[14.62848948010457,46.434594982576726],[14.627025226191455,46.43435972297718],[14.623854173238513,46.434625937711594],[14.622668397063475,46.4346011736051],[14.622048559517433,46.43497263402072],[14.621392789360025,46.43493548809309],[14.621204143150361,46.435269800530165],[14.620790918119665,46.435337900960356],[14.62028786156056,46.43561649274311],[14.617997157586053,46.43546791063621],[14.617413252651376,46.435412192241685],[14.617422235804217,46.435337900960356],[14.6144308459081,46.43513359941449],[14.612050310405182,46.434663083850204],[14.610738770090368,46.43404397823419],[14.610020117863073,46.43356107097117],[14.609768589583519,46.43324532160097],[14.609535027609647,46.43257047857864],[14.608915190063604,46.43252713975037],[14.608528914491433,46.432626199878634],[14.607945009556754,46.43248380088763],[14.607226357329461,46.43257047857864],[14.605600406665205,46.432489992155844],[14.604998535424842,46.432576669837005],[14.604459546254374,46.43255190479931],[14.603983439153788,46.43240331433683],[14.60301325864694,46.43255190479931],[14.602555117852038,46.43240950561419],[14.60083035250653,46.43245903580774],[14.601180695467336,46.431165044728125],[14.601261543842906,46.430093918823815],[14.601189678620177,46.4296543177072],[14.600273397030376,46.428843213383345],[14.599015755632609,46.428366451774394],[14.598234221335424,46.42779680905958],[14.596563354906962,46.42688660671437],[14.593634847080732,46.42599496519084],[14.59309585791026,46.42592066107222],[14.592511952975581,46.42602592521037],[14.592035845875,46.42591446905776],[14.59128126103634,46.42532003239512],[14.591227362119291,46.42501661951661],[14.591550755621574,46.42371625948127],[14.590787187630074,46.42241586842841],[14.590248198459602,46.42103494301982],[14.589170220118657,46.41944342954756],[14.589008523367516,46.417889027190476],[14.58911632120161,46.41684241259366],[14.588685129865233,46.414903954988446],[14.588424618432837,46.414191724820725],[14.58805630916635,46.41396876389998],[14.587373589550419,46.413770575649615],[14.587328673786214,46.41333084289731],[14.587571218912924,46.41228414081432],[14.588083258624872,46.41149135900332],[14.58873004562944,46.411410841456004],[14.589655310372084,46.410884377640265],[14.5921885594733,46.41038887764209],[14.592853312783546,46.41045081538804],[14.59347315032959,46.41003583114711],[14.593194672591512,46.408840411134136],[14.593365352495496,46.40737861841416],[14.5932575546614,46.40700077578884],[14.593742644914828,46.406201722928664],[14.593940274277331,46.40619552867473],[14.593967223735858,46.406065449179565],[14.594245701473934,46.40593536937423],[14.594092987875632,46.405613265664094],[14.594236718321092,46.40524779953597],[14.593805526984715,46.405018607664076],[14.593293487272767,46.40375493789095],[14.593347386189814,46.40268946808319],[14.593149756827307,46.40123990016578],[14.591433974634638,46.39985843848926],[14.591748384984081,46.39866899054807],[14.591631603997145,46.39708301962543],[14.59205381218068,46.396203281503254],[14.591820250206812,46.395682866360154],[14.591990930110795,46.393929526434505],[14.591532789315893,46.39347104663297],[14.592377205682965,46.39214515093687],[14.592431104600012,46.39143262358834],[14.591407025176116,46.38997036441856],[14.590508709891997,46.388365551851074],[14.590966850686899,46.38790082897721],[14.588972590756152,46.38562053140813],[14.5885683488783,46.38399700063148],[14.58767003359418,46.38343928807792],[14.587508336843038,46.38315423279477],[14.586636971017441,46.382392012444335],[14.584948138283297,46.381598796227465],[14.583456934911657,46.379615705265856],[14.583367103383248,46.37884104079574],[14.584202536597477,46.3784196187083],[14.584615761628173,46.378382434250305],[14.586421375349254,46.37739083936279],[14.585774588344686,46.37618850640832],[14.583717446344052,46.37449651880375],[14.583313204466197,46.3727858846375],[14.581723186413306,46.3723210291381],[14.581058433103058,46.37183137706657],[14.579522313967214,46.37150287384921],[14.577950262220005,46.37121775624757],[14.57679143550349,46.37142229728658],[14.574599546210239,46.37147808107337],[14.570943403003872,46.37067850801838],[14.570808655711255,46.370511154037125],[14.57031458230499,46.370393386113285],[14.569883390968611,46.36957520194808],[14.570054070872594,46.368106158711974],[14.570054070872594,46.3633392442279],[14.592619750809677,46.35078458612512],[14.597353872356987,46.355180594582244],[14.59949186273319,46.35509999394234],[14.599779323624109,46.35544099583713],[14.600327295947423,46.35550919596074],[14.600974082951987,46.35543479582168],[14.60181849931906,46.355602195992134],[14.60542074360838,46.3549201920865],[14.607145508953888,46.35512479415189],[14.608007891626643,46.35498219279327],[14.608088740002216,46.35483339097885],[14.61954225987474,46.35330194876271],[14.642709811052182,46.35986762732155],[14.643203884458448,46.356507388030344],[14.643383547515272,46.35293613232884],[14.643033204554465,46.34943905164934],[14.643590160030618,46.342574450135515],[14.642952356178892,46.34023644417192],[14.643464395890842,46.33639743238913],[14.64323981706981,46.33615554701501],[14.643275749681177,46.33396612559952],[14.643527277960729,46.33215497988438],[14.645198144389193,46.33041820848253],[14.642943373026053,46.327726103817675],[14.64270082789934,46.32685145143549],[14.642278619715803,46.32662193040878],[14.64398541875563,46.32536264926108],[14.64398541875563,46.32511451162597],[14.64480288566418,46.32481674497813],[14.645377807446017,46.32378695615944],[14.645880864005123,46.323706309228655],[14.646779179289243,46.32261446215801],[14.647147488555733,46.321528797158784],[14.651288722015524,46.32008327832266],[14.653094335736604,46.31723555653449],[14.654154347771865,46.316404167540036],[14.656966074611157,46.315212901591835],[14.658304564384498,46.31441870988592],[14.663029702778966,46.309870499458995],[14.66403581589718,46.309833268346104],[14.666092957897813,46.30953541853121],[14.66712602047455,46.30983947353334],[14.668114167287081,46.30970295925152],[14.668814853208696,46.309746395650855],[14.669623336964401,46.310168347450485],[14.670764197375233,46.309380287777365],[14.672444046956539,46.309312030106376],[14.674761700389567,46.309870499458995],[14.67524679064299,46.309312030106376],[14.675255773795831,46.308846634626434],[14.676729010861788,46.307692436760554],[14.677366814713512,46.30771105304827],[14.677618342993068,46.30753730078337],[14.67765427560443,46.30697880762498],[14.67913649582323,46.30603556179683],[14.679253276810165,46.30459583946],[14.67945988932551,46.30457722211285],[14.679388024102781,46.303702199654495],[14.679576670312446,46.30252927527213],[14.680214474164172,46.301517685385086],[14.680915160085783,46.299562719451075],[14.681319401963638,46.299146892297465],[14.681678728077287,46.297918011506866],[14.682056020496615,46.29750217186278],[14.682361447693218,46.29588843587578],[14.6823794139989,46.293194632168],[14.682029071038093,46.29164904902178],[14.682172801483551,46.28942060136321],[14.681238553588068,46.287763173420956],[14.68103194107272,46.28686925888123],[14.680349221456789,46.28585117177662],[14.680187524705648,46.28360386375068],[14.67960361977097,46.282759547409086],[14.678516658277186,46.279462864168366],[14.679352091491417,46.279301439555866],[14.680214474164172,46.27886062376841],[14.681346351422162,46.27872403224134],[14.681948222662522,46.27882337156752],[14.683807735300649,46.27841980443455],[14.685721146855824,46.27773683789973],[14.68749082796554,46.2772711740181],[14.689161694394002,46.27762507892905],[14.692566309320815,46.27868677994759],[14.693159197408335,46.27878611934131],[14.693895815941312,46.27882337156752],[14.69532413724306,46.27863090145948],[14.699806730510817,46.27881716286492],[14.701594377926217,46.27879853675286],[14.703462873717184,46.27905930174542],[14.705852392372943,46.27980433774313],[14.709463619815102,46.280474861479426],[14.71040685086343,46.27913380580105],[14.71049668239184,46.27845084816568],[14.710739227518554,46.277935519951484],[14.710128373125352,46.27620944557093],[14.710128373125352,46.275712723444634],[14.709679215483291,46.274750311512136],[14.709849895387274,46.27406109000026],[14.710164305736717,46.273750627028114],[14.70958938395488,46.27306760229843],[14.707514275648565,46.27158354649966],[14.706472229918985,46.27028574091951],[14.706364432084891,46.269863481760495],[14.70575357769169,46.269155569401434],[14.705726628233165,46.268801609793286],[14.70463966673938,46.26610026381532],[14.701693192607468,46.26419992688369],[14.700426568056862,46.26255415703267],[14.700731995253461,46.2623678403515],[14.7004355512097,46.2620138369129],[14.70080386047619,46.261634988595695],[14.701306917035298,46.26123750557994],[14.702564558433066,46.260740647757885],[14.704307290084257,46.25937426553063],[14.705394251578042,46.25811964822686],[14.706310533167844,46.25668487741243],[14.707154949534916,46.25611344308515],[14.708286826792907,46.25451712216312],[14.709454636662262,46.25342389503531],[14.71191602054075,46.25361024210921],[14.71614708552895,46.2534052602931],[14.716946586131817,46.25297665947455],[14.718213210682427,46.25310710355652],[14.7189049134512,46.253032564119096],[14.720099672779078,46.25329966330094],[14.72469006388093,46.25272198203936],[14.727573655942953,46.252877273299084],[14.729397235969715,46.25283379179069],[14.73100522032829,46.25361024210921],[14.731544209498761,46.253678569211],[14.734867976050005,46.2532499705284],[14.73545188098468,46.252926966409326],[14.736628674006878,46.25257911369206],[14.74377926366847,46.25087087636408],[14.749923740211846,46.250964054317514],[14.752546820841475,46.249895604285555],[14.756211947200683,46.247876673858634],[14.759302151778055,46.24662179349948],[14.759391983306465,46.24669012930762],[14.76025436597922,46.24660315644612],[14.761278445403116,46.2462614760124],[14.762086929158825,46.24662179349948],[14.762536086800884,46.247162265292474],[14.763533216766255,46.24742318080387],[14.763901526032747,46.24790152268479],[14.764853740233912,46.24842955757958],[14.765150184277672,46.248796072929636],[14.765913752269173,46.24900728405296],[14.7670096969158,46.24898864781008],[14.769471080794288,46.24932409921299],[14.77535504590527,46.24616207766842],[14.778023042299106,46.246391936065535],[14.779702891880408,46.24564023340768],[14.780789853374193,46.245571896291644],[14.78286496168051,46.24658451938643],[14.786458222816986,46.246833012995005],[14.796061213204224,46.2479263714997],[14.809347296256353,46.251106926872005],[14.810047982177966,46.25088330010035],[14.8128686921701,46.250609977252324],[14.815563638022459,46.25015029484534],[14.818474179543006,46.249411067760356],[14.81925571384019,46.24900728405296],[14.822759143448257,46.24933031125667],[14.830655334795667,46.24939243165466],[14.843914468389272,46.24637329893409],[14.853158132662863,46.24628011318185],[14.858934299939751,46.246019192233426],[14.863084516552382,46.243074426919996],[14.864405040020038,46.24228540176876],[14.865231490081428,46.24109873627747],[14.86938170669406,46.23953304410701],[14.872624624869733,46.23797973391678],[14.874735665787414,46.23737082432516],[14.876119071324956,46.23717820865983],[14.876720942565317,46.23696073854763],[14.878966730775616,46.23654443621454],[14.87982013029553,46.2361654119407],[14.880008776505194,46.2361405577985],[14.88035013631316,46.23645123376698],[14.88079929395522,46.2362710419195],[14.882461177230839,46.236109490104916],[14.883655936558718,46.236358031161124],[14.884096111047938,46.23613434426119],[14.887428860752022,46.234257823803475],[14.888749384219677,46.23323875931947],[14.889935160394716,46.23200840015498],[14.890617880010646,46.229199598102745],[14.89289960083231,46.22922445538846],[14.894965725985784,46.22951652765251],[14.89545081623921,46.22907531150526],[14.896403030440377,46.2288018800002],[14.898208644161455,46.22933631303492],[14.899987308424013,46.22898209637247],[14.900517314441641,46.22876459378033],[14.90073291010983,46.227938076069954],[14.901379697114397,46.226657881215225],[14.902278012398517,46.22680703166693],[14.902421742843977,46.2260737047107],[14.902637338512164,46.22606127535583],[14.902960732014447,46.22527200555811],[14.903589552713331,46.22499855510735],[14.90417345764801,46.22445165011948],[14.904757362582687,46.22430870814499],[14.905619745255441,46.22452001354092],[14.907326544295268,46.225222287395646],[14.90733552744811,46.225501951473774],[14.907569089421981,46.22552681043399],[14.909374703143062,46.22681324626029],[14.910210136357291,46.226831890036145],[14.911737272340297,46.22642172550455],[14.912455924567592,46.225893478789594],[14.911782188104503,46.22531550891333],[14.912042699536896,46.22489911824208],[14.91185405332723,46.224196840253164],[14.91206964899542,46.22321487897581],[14.912698469694305,46.22322730897516],[14.913102711572156,46.222021585935444],[14.914135774148894,46.220952572228775],[14.915177819878474,46.219349012641445],[14.916192916149528,46.21814320442973],[14.917450557547296,46.217105193678336],[14.916776821084207,46.2166825249963],[14.916345629747829,46.216147968768745],[14.917064281975126,46.21581853036244],[14.916695972708634,46.215507737601385],[14.916633090638747,46.21512235213485],[14.917594287992754,46.21494209026244],[14.917738018438214,46.2147742597114],[14.919049558753029,46.21422725287381],[14.921097717600823,46.214065636174546],[14.923774697147497,46.21347510957568],[14.926568457681109,46.213338355142014],[14.927457789812388,46.21320781650129],[14.931940383080144,46.21306484525308],[14.932919546739834,46.21266701025576],[14.93301836142109,46.21254268622809],[14.932623102696073,46.212194577453374],[14.932694967918804,46.21210133365693],[14.931670888494907,46.21157294915344],[14.930521044931236,46.211274565070354],[14.92988324107951,46.212331334735154],[14.926370828318603,46.21169105907185],[14.924753860807186,46.211032126809194],[14.926289979943032,46.2095153092936],[14.924214871636718,46.20861390199264],[14.922022982343464,46.210590762099095],[14.914351369817082,46.208744451552306],[14.913183559947727,46.20835280194248],[14.91454899917959,46.205816336865745],[14.914755611694936,46.20503299309834],[14.915330533476773,46.20429937531425],[14.913758481729564,46.20357818218072],[14.913839330105137,46.20347248928816],[14.91350695345001,46.20329840643361],[14.9135698355199,46.20319893026906],[14.913417121921599,46.203261102893016],[14.911979817467007,46.202266332466664],[14.91153964297779,46.202266332466664],[14.910865906514701,46.20194302819989],[14.910398782566958,46.20208602839868],[14.910120304828881,46.20206115882564],[14.909922675466376,46.2017502882126],[14.909698096645343,46.20167567900374],[14.909293854767492,46.2017627230709],[14.908970461265207,46.201520242826525],[14.907811634548693,46.20149537299736],[14.907012133945827,46.20183733216156],[14.906634841526495,46.201793810204315],[14.90629348171853,46.20189328891307],[14.90605093659182,46.202098463180995],[14.904990924556557,46.20244041859152],[14.9046944805128,46.2027139813875],[14.904658547901434,46.20293158718432],[14.904290238634946,46.203049715684514],[14.902403776538295,46.203099453924395],[14.902044450424645,46.20286941418747],[14.901900719979187,46.20266424279865],[14.901954618896234,46.20206737621995],[14.902242079787152,46.201800027628884],[14.902879883638878,46.201520242826525],[14.90313141191843,46.20119071667649],[14.903041580390019,46.201029061616154],[14.90333802443378,46.20120315166143],[14.903544636949126,46.20104771414739],[14.903409889656507,46.200805230747385],[14.903598535866173,46.20070575006858],[14.904083626119597,46.200805230747385],[14.904676514207116,46.20015238550513],[14.90477532888837,46.199617668385194],[14.905260419141795,46.19938761406978],[14.90544008219862,46.198517129564145],[14.906023987133295,46.19731086395399],[14.906059919744662,46.19711188976273],[14.905790425159424,46.196894260916075],[14.90584432407647,46.19667663120752],[14.905574829491236,46.1962848955601],[14.906131784967389,46.196185406697026],[14.906158734425913,46.19586206664808],[14.906302464871372,46.1958682847439],[14.906679757290703,46.19414584530975],[14.907066032862875,46.19349292094418],[14.907057049710033,46.19315090984731],[14.906086869203184,46.192939483741064],[14.906185683884436,46.19265965382037],[14.90590720614636,46.19186368536675],[14.907048066557191,46.19227410804022],[14.907389426365157,46.192280326542004],[14.90772180302028,46.19179528128985],[14.906455178469674,46.19011002669194],[14.905925172452042,46.18974933818296],[14.905718559936696,46.18909636158526],[14.905413132740094,46.188897357651264],[14.90560177894976,46.188804074309175],[14.905718559936696,46.18847447189926],[14.905484997962825,46.18772819498844],[14.905799408312266,46.185862458383966],[14.906032970286137,46.18537113721138],[14.906913319264575,46.184599940692436],[14.907614005186186,46.183660807742044],[14.906041953438978,46.182814952412635],[14.90544008219862,46.18188822832547],[14.904577699525865,46.18116674104036],[14.90365243478322,46.18084953242729],[14.902260046092836,46.180078272478916],[14.902053433577487,46.17964287902081],[14.901676141158157,46.17943762090905],[14.90125393297462,46.17877830179076],[14.900616129122897,46.1783491181166],[14.901146135140525,46.177708446399336],[14.901119185682004,46.17755916259679],[14.900337651384818,46.17736011689627],[14.898271526231344,46.17757160292914],[14.897534907698367,46.17753428192363],[14.896277266300599,46.17713618962196],[14.895037591208514,46.17708020766091],[14.894534534649408,46.17678785649385],[14.893537404684034,46.17572418274999],[14.893178078570388,46.175525130407294],[14.893034348124926,46.17531985692427],[14.893411640544258,46.175164346199715],[14.89426504006417,46.175095921341594],[14.89456148410793,46.17497773274978],[14.895325052099432,46.17354700859521],[14.895378951016479,46.17311778409062],[14.89569336136592,46.17271343910172],[14.896259299994915,46.172352636447954],[14.895648445601715,46.17027486475892],[14.895190304806814,46.17001980354365],[14.894094360160187,46.17028730673917],[14.892657055705598,46.17016288681007],[14.892243830674902,46.16977096219377],[14.891983319242508,46.16980206742408],[14.8905639810936,46.17083475108358],[14.886566478079267,46.17221577964975],[14.882991183248471,46.173055577362746],[14.881697609239339,46.172159792679594],[14.875930425115293,46.17335416901483],[14.87478956470446,46.173229756023474],[14.873648704293629,46.1726450111941],[14.87186105687823,46.171942065031665],[14.870819011148653,46.17099649496074],[14.866013024378612,46.17053614575302],[14.865599799347917,46.17032463266302],[14.865366237374047,46.16995137228467],[14.864764366133684,46.1678797311433],[14.863533674194443,46.16736958531642],[14.862734173591576,46.167251380120426],[14.86133280174835,46.16723271611889],[14.859239727136352,46.166455043759235],[14.858251580323818,46.16634305803387],[14.856895124244799,46.16641771520945],[14.8537330544447,46.1662435149755],[14.852960503300354,46.16598843506621],[14.852484396199772,46.1656960249346],[14.849439107386607,46.16517341572163],[14.848379095351346,46.16509875685735],[14.846690262617201,46.16540361324867],[14.84525295816261,46.16547205016555],[14.843043102563676,46.16553426547066],[14.84164173072045,46.165416056330805],[14.840123577890289,46.16556537309682],[14.83600929388902,46.16547827169923],[14.835299624814567,46.16558403766407],[14.834095882333846,46.16539739170656],[14.832892139853126,46.16496810360103],[14.831598565843993,46.16488722285829],[14.830996694603632,46.16501165472095],[14.829721086900184,46.165055205806375],[14.829343794480854,46.16495566041757],[14.828705990629128,46.16499921154733],[14.827789709039326,46.165384948620215],[14.826981225283618,46.1654533855603],[14.826675798087019,46.165664917382315],[14.82572358388585,46.16580801197717],[14.825247476785268,46.165975992113545],[14.824906116977303,46.16646748660354],[14.824609672933544,46.1666603503303],[14.823792206024994,46.166772335409725],[14.822606429849955,46.166697678715444],[14.822085406985169,46.16651103653643],[14.821582350426059,46.165994656541486],[14.82061216991921,46.16590755582361],[14.818510112154373,46.166137750278594],[14.817252470756605,46.16651103653643],[14.816973993018529,46.16631195084747],[14.816623650057721,46.16626840075698],[14.816740431044657,46.16558403766407],[14.817207554992397,46.16461347176972],[14.818743674128243,46.16364288875176],[14.820414540556705,46.16325091767896],[14.820728950906146,46.16308292922142],[14.821151159089684,46.16258518263194],[14.821672181954472,46.16157723199562],[14.82239981733461,46.1616767834976],[14.824295262584103,46.161496346267626],[14.825058830575603,46.16161456382998],[14.825660701815965,46.16195677113117],[14.826037994235294,46.162018990411795],[14.82660393286429,46.16186344207829],[14.827744793275121,46.16177011286711],[14.828508361266621,46.161303464436386],[14.82992769941553,46.16097991920102],[14.830933812533745,46.16057548498123],[14.83150873431558,46.16000927207911],[14.83142788594001,46.159306164431186],[14.831966875110481,46.15851593537778],[14.832649594726412,46.15832926544037],[14.831814161512181,46.157215454985284],[14.830287025529179,46.156120289762825],[14.83059245272578,46.15577804616092],[14.830808048393969,46.15572826509606],[14.830628385337144,46.15510599798556],[14.830772115782603,46.154900648294955],[14.832002807721848,46.15407924186985],[14.83255078004516,46.15415391568785],[14.832793325171872,46.15402323643986],[14.833107735521313,46.15374320843499],[14.833350280648027,46.1532204856802],[14.834302494849192,46.153058689535605],[14.836772861880522,46.15204434132898],[14.836584215670857,46.15194477239923],[14.836170990640161,46.150824609527334],[14.835757765609468,46.15056945812975],[14.835425388954341,46.149841336662114],[14.836224889557208,46.149075865246196],[14.83752744671918,46.14839751176118],[14.839000683785137,46.14722126434328],[14.839342043593103,46.14666736135169],[14.839773234929481,46.14527324376184],[14.839800184388004,46.14452638052964],[14.840617651296553,46.14456372393189],[14.841920208458527,46.144289871727075],[14.842917338423899,46.14430231958413],[14.843492260205736,46.1432131214411],[14.843249715079025,46.14302017552327],[14.844210912433033,46.14231062665497],[14.845270924468293,46.14242888543473],[14.846034492459793,46.142758763846246],[14.846052458765476,46.1430015033018],[14.846357885962078,46.14320689738979],[14.846726195228566,46.14283967711701],[14.847013656119485,46.14278366024992],[14.847849089333714,46.14181269216421],[14.847552645289957,46.14072344476537],[14.847049588730851,46.14037488104649],[14.846303987045031,46.13941009496092],[14.846142290293889,46.13860090649906],[14.845782964180241,46.137841503433584],[14.84548652013648,46.13754894372033],[14.844516339629632,46.137119438346545],[14.844381592337015,46.13644716234026],[14.84329463084323,46.13639113896926],[14.842486147087522,46.136552984107745],[14.841300370912485,46.1365965577176],[14.838686273435696,46.13723148354964],[14.835820647679354,46.13729995550597],[14.835524203635597,46.137268831900016],[14.835515220482755,46.137100764123865],[14.835200810133312,46.13701984241907],[14.834149781250893,46.137044741417824],[14.834077916028162,46.13677707659115],[14.834598938892952,46.136658805671885],[14.834670804115683,46.135980299173674],[14.835182843827631,46.13596784943507],[14.835542169941277,46.13576865323428],[14.837446598343611,46.135395158415726],[14.838389829391936,46.135420058149116],[14.839126447924915,46.135314234204486],[14.840689516519284,46.13589937582232],[14.841920208458527,46.13592427532771],[14.843653956956876,46.135420058149116],[14.843546159122782,46.13487848640752],[14.843644973804038,46.13394472951787],[14.842791574284124,46.13357744746951],[14.842710725908551,46.13301718199971],[14.84231546718354,46.1329051282218],[14.842162753585239,46.1327432723623],[14.842162753585239,46.13255028975429],[14.842737675367076,46.13196511255083],[14.842863439506852,46.13142350683286],[14.84193817476421,46.13081341585226],[14.840590701838028,46.13061420100721],[14.84058171868519,46.13052081880056],[14.840393072475523,46.13066400478603],[14.84030324094711,46.13059552457855],[14.83961153817834,46.130744935830556],[14.83924322891185,46.13128654822139],[14.838695256588538,46.13151688750904],[14.838273048405,46.13129899901833],[14.838380846239096,46.13058307362259],[14.838650340824332,46.13035895593398],[14.838856953339679,46.13039008344526],[14.839557639261294,46.1298484622389],[14.839710352859592,46.12953718327345],[14.83962052133118,46.12925080507155],[14.840123577890289,46.12909516411992],[14.839907982222098,46.128727849730396],[14.839961881139144,46.127980762058705],[14.840258325182905,46.12753873041506],[14.84058171868519,46.12761344023774],[14.840842230117584,46.12742043965527],[14.841246471995436,46.12619393627982],[14.84118358992555,46.12563359570059],[14.83967442024823,46.12449421894547],[14.839377976204469,46.1234108552574],[14.839970864291987,46.12220294188915],[14.84089612903463,46.122346149497],[14.841102741549976,46.122308791026484],[14.841246471995436,46.1220535074667],[14.841758511707386,46.12204728102364],[14.842486147087522,46.122526715080674],[14.843231748773341,46.122557847018044],[14.843734805332447,46.122333696676314],[14.844399558642696,46.12228388536542],[14.844758884756345,46.12266992184692],[14.845450587525116,46.12305595562351],[14.845558385359212,46.12328632933043],[14.845908728320017,46.12281935459744],[14.845980593542746,46.12237105512994],[14.846429751184806,46.122209168314626],[14.848217398600205,46.12196011074685],[14.848657573089422,46.122445771961175],[14.849331309552511,46.12281935459744],[14.84960978729059,46.12293142889435],[14.850328439517886,46.12295010792166],[14.850553018338916,46.12342330783461],[14.850894378146881,46.123672358787864],[14.852134053238967,46.1239089561506],[14.852457446741248,46.12418290972224],[14.852879654924784,46.12428252886508],[14.853679155527653,46.123834241303726],[14.853903734348682,46.12382178881939],[14.854442723519153,46.12421404072373],[14.855556634471462,46.124487992778256],[14.856733427493658,46.124593837525374],[14.856904107397641,46.12430743362264],[14.857344281886858,46.12418290972224],[14.857640725930619,46.12295633426269],[14.858574973826101,46.12308086093556],[14.858925316786909,46.12297501328156],[14.860632115826736,46.12403348067023],[14.860865677800607,46.1240770641856],[14.861027374551748,46.12369103756397],[14.861880774071661,46.123653680005425],[14.8623029822552,46.12369103756397],[14.862500611617705,46.1239089561506],[14.863336044831938,46.12396499221927],[14.863488758430236,46.12440705254029],[14.863129432316589,46.125004762263316],[14.863551640500125,46.125807924491575],[14.863982831836502,46.12602583470452],[14.86434215795015,46.126393167112205],[14.865114709094492,46.126492782258175],[14.865869293933153,46.12560869154255],[14.867028120649666,46.12517286695446],[14.866776592370114,46.12474949119583],[14.866956255426938,46.124375921647875],[14.869345774082696,46.12471213435503],[14.870639348091828,46.124581385212736],[14.872624624869733,46.124737038918376],[14.873316327638504,46.12443818341512],[14.873702603210676,46.12412064766649],[14.876379582757352,46.12365990626694],[14.880700479273967,46.12394631353604],[14.881490996723992,46.124270076482084],[14.882964233789949,46.12413310008328],[14.883341526209279,46.12419536212495],[14.88344034089053,46.12432611218342],[14.884356622480333,46.12409574282449],[14.884895611650805,46.124338564553746],[14.885650196489465,46.12440082636323],[14.887500725974752,46.12399612334389],[14.888947013582182,46.12430743362264],[14.891031105041339,46.1239089561506],[14.892118066535124,46.12438837400695],[14.89327689325164,46.12445686193158],[14.893950629714729,46.12463742059744],[14.894624366177819,46.12497985782099],[14.895369967863639,46.12474949119583],[14.89560352983751,46.12403970688882],[14.897597789768255,46.1236474537432],[14.89659167665004,46.123392176386304],[14.896115569549458,46.12283803366276],[14.897013884833576,46.122495583125705],[14.897328295183017,46.122539167857724],[14.897633722379618,46.122327470264906],[14.898675768109198,46.122041054579874],[14.89855000396942,46.12143085967705],[14.898675768109198,46.120166863022874],[14.898891363777388,46.11982439588261],[14.897220497348924,46.11889038377196],[14.8965826934972,46.11812448202683],[14.896394047287535,46.11757028632072],[14.896537777732993,46.11719666809249],[14.897516941392684,46.11691022573529],[14.897454059322795,46.1160259812399],[14.898882380624546,46.116430742805086],[14.897687621296667,46.11501095070066],[14.897849318047808,46.114680906067996],[14.897220497348924,46.11412044839001],[14.897813385436443,46.11289364891324],[14.897373210947226,46.11185987789905],[14.89748100878132,46.111629456415855],[14.897247446807448,46.11111256147623],[14.897759486519396,46.10993551756233],[14.898154745244408,46.10963658177211],[14.897732537060872,46.10944351821259],[14.897013884833576,46.108652573344166],[14.895540647767621,46.10796749381313],[14.893905713950524,46.106541255475406],[14.893196044876069,46.10608036707547],[14.892692988316961,46.10487830217175],[14.892944516596517,46.10455442527994],[14.892728920928327,46.10327758438104],[14.893034348124926,46.10243672178568],[14.89379791611643,46.102474093728915],[14.893968596020413,46.101384068312065],[14.894642332483501,46.100811017735865],[14.89643896305174,46.100568092324444],[14.89785830120065,46.09997011752104],[14.89801999795179,46.099347220204585],[14.897651688685302,46.09828827861682],[14.897849318047808,46.09737881843207],[14.89846017244101,46.09689916558072],[14.898711700720563,46.096020829414385],[14.89951120132343,46.09525460984403],[14.899214757279669,46.09390279813846],[14.898154745244408,46.0923640596971],[14.898100846327361,46.092021419786946],[14.898334408301233,46.09167254787315],[14.898280509384186,46.091292524170186],[14.898675768109198,46.091080706543515],[14.899017127917164,46.09068821879099],[14.89951120132343,46.09053869891251],[14.899520184476271,46.09027703814983],[14.899951375812647,46.09005898656603],[14.90004120734106,46.08974748280807],[14.90058019651153,46.08926153343276],[14.901298848738827,46.08897494589676],[14.901873770520663,46.08892510443415],[14.90252954067807,46.088214858698414],[14.903032597237178,46.088027950405845],[14.9030595466957,46.08774758677948],[14.903751249464472,46.0874298396136],[14.904119558730963,46.08749214312372],[14.904353120704833,46.08737999675484],[14.904272272329262,46.0870622474715],[14.904469901691769,46.086894026521676],[14.905592795796919,46.08677564850871],[14.906041953438978,46.086395591065866],[14.906760605666273,46.08627721198328],[14.90717383069697,46.08645166527948],[14.90763197149187,46.086906487350376],[14.908296724802117,46.087118321007445],[14.909078259099301,46.08762921059828],[14.910201153204452,46.08804041097839],[14.910533529859576,46.088127634907366],[14.910910822278906,46.08767905323185],[14.912536772943161,46.088538831571896],[14.914342386664243,46.08883165157038],[14.915896472105768,46.08895002517109],[14.91771106897969,46.088881493117434],[14.923011129155997,46.08772266549929],[14.924574197750363,46.087691513883215],[14.927511688729435,46.08808402296012],[14.930251550345998,46.08828962183811],[14.932470389097773,46.08823354949284],[14.936728403544501,46.08767282290512],[14.939692843982096,46.08702486508255],[14.941112182131004,46.08710586022662],[14.942297958306042,46.08690025693637],[14.943142374673114,46.086887796106275],[14.945379179730573,46.08782858086236],[14.946205629791962,46.08774758677948],[14.950831953505178,46.08809025324041],[14.954362332571765,46.08909954935625],[14.955826586484884,46.08982847395438],[14.956985413201396,46.09003406633013],[14.958278987210527,46.09057607892014],[14.960650539560605,46.091853213961166],[14.961396141246421,46.092638170092535],[14.96227649022486,46.09393394624657],[14.96233937229475,46.09451952740477],[14.962716664714078,46.09517362666575],[14.963255653884552,46.09585263578655],[14.96430668276697,46.09652540721992],[14.96580686929145,46.09874300308418],[14.966282976392032,46.099683585629464],[14.967136375911947,46.100505803585015],[14.967810112375036,46.10089822146864],[14.971780665930844,46.10253015159626],[14.973352717678054,46.10363261140403],[14.975445792290053,46.104822246692024],[14.977709546806034,46.10634818107418],[14.979066002885054,46.10693985855165],[14.983333000484622,46.107575126246964],[14.985327260415367,46.10826021065456],[14.987016093149512,46.109287821301045],[14.987177789900652,46.109144579753995],[14.98587523273868,46.108297578650095],[14.986459137673359,46.10786784517202],[14.99114834345646,46.11001647905983],[14.994337362715086,46.11270682426185],[14.995918397615137,46.11270682426185],[14.997328752611203,46.11242035856636],[14.99939487776468,46.111255797908896],[15.00082319906643,46.10991060630841],[15.001568800752247,46.10896397031625],[15.001775413267596,46.10785538907922],[15.002808475844335,46.10737582736598],[15.002224570909656,46.106690731966765],[15.003068987276727,46.106510114488685],[15.003024071512522,46.10588729105997],[15.00262881278751,46.10528937394809],[15.001766430114754,46.10492812921699],[15.001434053459631,46.104622937858046],[15.001407104001105,46.10419317573277],[15.00120049148576,46.1040935202687],[15.001155575721553,46.10391912277307],[15.001577783905088,46.10360769730157],[15.001281339861329,46.103115641470914],[15.00196405947726,46.1023557491551],[15.002161688839767,46.1017079638292],[15.002673728551715,46.10132178049447],[15.003257633486394,46.10011338290843],[15.003715774281295,46.10003863579623],[15.003931369949482,46.09981439385163],[15.0039134036438,46.09920395282643],[15.004425443355748,46.09889872977947],[15.004694937940982,46.09854990137121],[15.00638377067513,46.097528319766624],[15.005027314596108,46.09663753499416],[15.005656135294991,46.096157875694814],[15.006051394020004,46.09621393998408],[15.006805978858665,46.09605820570646],[15.007542597391643,46.09562837681809],[15.007659378378579,46.09509887285715],[15.008162434937685,46.09483100421092],[15.008216333854731,46.093952635103],[15.008629558885428,46.0934916414626],[15.008845154553615,46.09346049310467],[15.008467862134287,46.0927378462622],[15.008557693662697,46.092582102167945],[15.008288199077462,46.092233233800805],[15.00827921592462,46.0917784556517],[15.007928872963813,46.09157286977817],[15.007749209906988,46.09079412845969],[15.007551580544485,46.09064460886832],[15.007524631085959,46.09029572824548],[15.007246153347882,46.08997176569113],[15.007228187042202,46.089442207418436],[15.006877844081394,46.08916185098043],[15.006275972841033,46.088027950405845],[15.006114276089892,46.087454761026095],[15.006231057076828,46.08718062486942],[15.005817832046134,46.08595945634757],[15.005512404849533,46.08577877095411],[15.005458505932486,46.08516194394529],[15.003787639504022,46.08494387214045],[15.002664745398873,46.08458249410883],[15.00129032301417,46.08380988485917],[14.999790136489692,46.083728884875704],[14.999143349485125,46.08346096100618],[14.998667242384544,46.08346719180862],[14.998011472227134,46.08255748720342],[14.99736468522257,46.082133784047905],[14.995451273667394,46.082345636032414],[14.994552958383274,46.0822646338991],[14.993483963195173,46.0824515617196],[14.993070738164477,46.082912647635624],[14.992361069090023,46.08243286896605],[14.99166038316841,46.081647767597886],[14.991193259220667,46.08151691628368],[14.990923764635431,46.081118129412005],[14.991372922277492,46.080949890336],[14.991543602181475,46.08052617483457],[14.991866995683756,46.080432707741764],[14.992154456574674,46.08050125029197],[14.992864125649131,46.08010245607914],[14.993340232749713,46.07898706321044],[14.992989889788907,46.07894967534942],[14.993124637081523,46.07875027299611],[14.994040918671326,46.07841377989089],[14.995064998095222,46.07830161506648],[14.995612970418534,46.07784672205228],[14.995595004112854,46.076818525394515],[14.995271610610569,46.07614551357158],[14.995424324208871,46.07458758434198],[14.99466973937021,46.073677733328765],[14.99498414971965,46.07352816734307],[14.995900431309453,46.07340976065026],[14.996044161754913,46.07323526611358],[14.99625077427026,46.073247730027354],[14.996933493886191,46.072923667354395],[14.99731078630552,46.07209480609107],[14.997625196654964,46.071870450525694],[14.998218084742481,46.07172711177032],[14.998397747799306,46.071490290402394],[14.997840792323151,46.07170841538349],[14.997580280890759,46.071664790456225],[14.997211971624267,46.07177073664832],[14.996951460191873,46.0714840582474],[14.996538235161179,46.07152768331752],[14.996286706881627,46.0710415734448],[14.996367555257196,46.07092316141708],[14.997508415668028,46.07099794799046],[14.997786893406104,46.07063024636227],[14.997984522768611,46.069869906412144],[14.998155202672594,46.06983874471535],[14.997813842864629,46.068928815411695],[14.998307916270894,46.06842398515025],[14.998406730952146,46.068043801288255],[14.998433680410672,46.06752026512703],[14.998191135283959,46.06702788730159],[14.998361815187941,46.06658536677445],[14.997229937929951,46.06373694552031],[14.997167055860062,46.06302637551984],[14.997391634681092,46.06181090563321],[14.997858758628835,46.061792205887485],[14.998289949965212,46.06157404171938],[14.998397747799306,46.06136210998775],[14.999134366332283,46.06090084399499],[14.999601490280027,46.06093824408392],[14.99955657451582,46.060832277099514],[14.999996749005039,46.060757476752784],[15.000068614227768,46.06088214394104],[15.000338108813004,46.060875910588315],[15.00188321110169,46.06062034252058],[15.002278469826702,46.06033360620715],[15.003051020971045,46.060102969396205],[15.003581026988675,46.05974142867269],[15.003877471032435,46.05973519519118],[15.003976285713689,46.05962299240365],[15.003868487879593,46.059442220766385],[15.004398493897225,46.05923028085175],[15.004398493897225,46.0591118434863],[15.00541359016828,46.05876899704895],[15.005620202683627,46.058525886467066],[15.005557320613738,46.05833887759879],[15.005799865740451,46.05789628742065],[15.005853764657498,46.05712330451686],[15.006213090771148,46.05618823009083],[15.00616817500694,46.05610718956162],[15.005656135294991,46.05615082678444],[15.005584270072262,46.055988745497324],[15.003194751416505,46.056026148913496],[15.002934239984109,46.05584536550063],[15.001910160560213,46.055521200657566],[15.001613716516454,46.05553990252717],[15.001461002918152,46.0554214572461],[15.001173542027235,46.05550249878165],[15.000463872952782,46.055315479674015],[15.000113529991975,46.05543392518239],[15.000104546839133,46.05552743461481],[14.99939487776468,46.05568951725589],[14.99925114731922,46.055564838343436],[14.998254017353847,46.05577055839805],[14.997921640698724,46.05570821906849],[14.997400617833934,46.055783026255526],[14.997194005318587,46.05433673601364],[14.995002116025335,46.05449258807614],[14.993070738164477,46.05391281617841],[14.992621580522417,46.05356993746071],[14.99112139399794,46.053389146006936],[14.992037675587738,46.05317094863662],[14.99265751313378,46.050440291504124],[14.993025822400272,46.05024078614754],[14.993573794723583,46.050128564067755],[14.993690575710518,46.04992282299598],[14.994292446950881,46.049798131064335],[14.994615840453163,46.04949263464216],[14.995091947553748,46.04941158428735],[14.995190762235,46.04921207521499],[14.9959543302265,46.04918713653028],[14.99647535309129,46.04935547243358],[14.997050274873127,46.04923077922114],[14.997418584139616,46.04878188132553],[14.997688078724853,46.04875694244659],[14.997813842864629,46.04860107419806],[14.998613343467495,46.04849508353783],[14.99917029894365,46.04815840597389],[14.999224197860697,46.04798383161432],[15.000490822411303,46.04767832515747],[15.00113760941587,46.0479464227512],[15.001577783905088,46.047790552215524],[15.001757446961912,46.04792148349506],[15.002206604603971,46.04778431738493],[15.002350335049433,46.0479464227512],[15.002781526385808,46.04786537012754],[15.002934239984109,46.0479464227512],[15.00301508835968,46.04778431738493],[15.004254763451765,46.04805241446424],[15.004524258037,46.04823945816757],[15.005350708098392,46.04815217118483],[15.005539354308056,46.048046179663224],[15.00595257933875,46.04809605805166],[15.00595257933875,46.047965127185925],[15.006563433731952,46.04782172635784],[15.006536484273429,46.04769079484185],[15.006788012552981,46.04759727214041],[15.006895810387078,46.04736034725477],[15.007650395225737,46.04724188443087],[15.00789294035245,46.047354112375636],[15.008090569714954,46.047223179751235],[15.008324131688825,46.04731670308605],[15.00880023878941,46.047204475065286],[15.009159564903058,46.04697378341765],[15.009015834457598,46.046693211196434],[15.009447025793976,46.04651239723209],[15.009725503532055,46.04663086162041],[15.009986014964447,46.046450047451984],[15.010507037829237,46.04652486717966],[15.011270605820737,46.04632534768064],[15.012276718938953,46.04636899263263],[15.012510280912824,46.04611959244251],[15.013696057087863,46.04595748171512],[15.0156454012544,46.04638146261257],[15.015959811603842,46.046188177607036],[15.017388132905594,46.04615076752785],[15.01856492592779,46.045795370511996],[15.019858499936921,46.045595848378156],[15.020235792356251,46.045639493906506],[15.020289691273298,46.0454087957232],[15.020801730985246,46.04533397448387],[15.021071225570484,46.045639493906506],[15.024035666008077,46.046774265540044],[15.025490936768351,46.04823945816757],[15.02602094278598,46.04843897075302],[15.026622814026341,46.04895021846391],[15.028455377205946,46.04901880011394],[15.029524372394048,46.05006621836936],[15.029668102839507,46.05047769867827],[15.029515389241206,46.05084553454119],[15.0297759006736,46.051225836840715],[15.032201351940724,46.05173082437157],[15.033854252063502,46.05244153974106],[15.034177645565787,46.05274701985265],[15.035174775531159,46.05289040789377],[15.036046141356756,46.053601108341184],[15.03631563594199,46.053582405815],[15.03645936638745,46.053732025847104],[15.036962422946559,46.05368215254811],[15.037681075173852,46.05405620119275],[15.037941586606246,46.05400632818651],[15.038435660012514,46.05327693032416],[15.038857868196049,46.053258227688204],[15.039244143768219,46.05350759564694],[15.039199228004014,46.05379436740752],[15.039558554117663,46.053950221000655],[15.041355184685901,46.054255692767306],[15.042792489140492,46.05491026943473],[15.04277452283481,46.05529677772842],[15.043367410922329,46.05606355230433],[15.044768782765555,46.05616329455604],[15.045092176267838,46.05603238281373],[15.045415569770123,46.05570821906849],[15.046430666041177,46.05570821906849],[15.04705050358722,46.05553990252717],[15.047769155814514,46.05510352391971],[15.048272212373622,46.05510352391971],[15.050886309850409,46.055851599421274],[15.052413445833412,46.05658096327834],[15.053994480733465,46.057060966714396],[15.055638397703403,46.05801472739343],[15.058144697346094,46.05828900846029],[15.058575888682473,46.058575755391644],[15.0604354013206,46.05891236945445],[15.061234901923466,46.059217813772605],[15.06260932430817,46.05936118501274],[15.063175262937165,46.059591824922215],[15.063696285801955,46.05951702289497],[15.064352055959361,46.059068208603406],[15.065061725033814,46.059766362591695],[15.065654613121335,46.05964792637614],[15.065942074012252,46.059704027773066],[15.065969023470775,46.060102969396205],[15.06771175512197,46.06064527604268],[15.06855617148904,46.06125614381685],[15.06960720037146,46.06123121057061],[15.069894661262378,46.06148054252629],[15.070191105306138,46.06155534189343],[15.07117026896583,46.06161144135228],[15.071646376066411,46.06151170894157],[15.072086550555632,46.06115641076435],[15.072445876669278,46.06111901082321],[15.072571640809054,46.06075124338599],[15.072365028293708,46.060458274352484],[15.072050617944265,46.05907444216022],[15.07133196571697,46.05829524210506],[15.071421797245382,46.057447459955185],[15.070981622756163,46.05693629089836],[15.07095467329764,46.056574729440044],[15.071529595079475,46.05588900293034],[15.07298486583975,46.05550873274099],[15.071888921193123,46.055271841791125],[15.071637392913571,46.0539003478987],[15.07192485380449,46.05284676809458],[15.07162840976073,46.05222957295637],[15.071673325524936,46.05173705875667],[15.071897904345965,46.05131311896622],[15.072185365236884,46.051238305724226],[15.072445876669278,46.05089541040179],[15.072221297848248,46.05076448617164],[15.072535708197691,46.05030936619515],[15.07306571421532,46.05006621836936],[15.073038764756797,46.049835538673385],[15.073981995805122,46.04931806449942],[15.07442217029434,46.04939911499144],[15.075122856215954,46.04888163672872],[15.075212687744367,46.04865718681819],[15.075095906757431,46.048120997229006],[15.075545064399492,46.048120997229006],[15.075598963316539,46.047809256703026],[15.0769644025484,46.047223179751235],[15.077278812897841,46.046319112684685],[15.07718898136943,46.045726784859774],[15.076425413377928,46.045427501017194],[15.076173885098376,46.04497233706518],[15.076452362836452,46.04410564465057],[15.076254733473945,46.04260916530957],[15.076488295447815,46.04202303318691],[15.078078313500708,46.04035813462451],[15.079910876680312,46.03955372745625],[15.08139309689911,46.038300325505354],[15.0826776877554,46.037595664162126],[15.083576003039518,46.03739611241453],[15.085453481983329,46.037290100255504],[15.088373006656719,46.036373398397345],[15.089424035539137,46.036161369951785],[15.090996087286346,46.036161369951785],[15.09327780810801,46.03637963451578],[15.094337820143272,46.031228360900414],[15.093268824955167,46.02915150098504],[15.092586105339237,46.0285215670879],[15.09343950485915,46.02827832336477],[15.09432883699043,46.02730533776804],[15.094679179951237,46.027242966312336],[15.095038506064883,46.026513215051956],[15.096179366475715,46.02588948839017],[15.096933951314377,46.024766762664136],[15.096448861060951,46.02442370303311],[15.09575715829218,46.02416796628678],[15.098362272616127,46.022153218352784],[15.09853295252011,46.021523204703755],[15.099170756371834,46.020999227487785],[15.10056314506222,46.02027563174014],[15.10117399945542,46.01953955048751],[15.10110213423269,46.01862879232377],[15.102458590311711,46.01831064723803],[15.103383855054354,46.01780535422188],[15.103482669735607,46.017268865225006],[15.102063331586697,46.01673860935765],[15.102898764800932,46.01642045339655],[15.103329956137307,46.01592761996061],[15.104345052408362,46.015478451484405],[15.10418335565722,46.01459258074103],[15.100096021114476,46.014904508677795],[15.09855091882579,46.0158901893936],[15.097014799689946,46.01632063938448],[15.09599072026605,46.017169052744336],[15.09574817513934,46.01685713758103],[15.094212056003494,46.01608981879151],[15.093008313522773,46.017169052744336],[15.092684920020492,46.016944474004106],[15.09140931231704,46.01754334861787],[15.091382362858518,46.01776792492588],[15.090843373688045,46.017992500321796],[15.087330960927138,46.01769930448409],[15.08636078042029,46.01690704412539],[15.086064336376529,46.01633935452546],[15.08530975153787,46.0156593670039],[15.086028403765166,46.01388137846632],[15.08561517873447,46.01257748387454],[15.085588229275947,46.011760194557816],[15.08600145430664,46.011155018350124],[15.086324847808925,46.009832342143675],[15.087250112551567,46.008172713104976],[15.086899769590762,46.008060405581695],[15.083620918803724,46.008484677251],[15.07974019677633,46.00955782047677],[15.077494408566029,46.009532863894044],[15.077233897133635,46.01056231358395],[15.076533211212022,46.009570298763926],[15.076182868251214,46.0094455157658],[15.075967272583027,46.00978866833326],[15.076946436242716,46.011760194557816],[15.075203704591527,46.01208461619016],[15.073272326730669,46.011691566660964],[15.071538578232317,46.0115293549299],[15.069966526485109,46.01121116899861],[15.066894288213419,46.01104271688215],[15.062205082430316,46.00918347055341],[15.062097284596222,46.007773396430686],[15.061755924788256,46.00737407687372],[15.061980503609286,46.00686244447853],[15.061890672080873,46.00613242420942],[15.062393728639979,46.0056020615617],[15.062205082430316,46.00529008115837],[15.062249998194522,46.004379088310955],[15.061989486762128,46.00356791767028],[15.062115250901902,46.00311864881293],[15.061522362814385,46.00262569684117],[15.060866592656977,46.002488418294995],[15.060929474726866,46.00232617957396],[15.060399468709237,46.00185194058467],[15.060336586639348,46.00135897732633],[15.059779631163194,46.0012029753803],[15.059779631163194,46.001103133903996],[15.060201839346728,46.00094713123657],[15.060255738263775,46.00054152224272],[15.059582001800687,46.00003606687352],[15.05939335559102,45.99999862555138],[15.059186743075674,46.00027943484991],[15.058809450656344,46.00046664025718],[15.0575787587171,46.00002982665493],[15.056842140184122,45.99994870374909],[15.052880569781154,46.00047912059514],[15.051838524051576,46.0003106357951],[15.050688680487903,46.00037303763272],[15.049961045107768,45.999742775838605],[15.049431039090136,45.99982389904635],[15.049215443421948,46.000110949441805],[15.048397976513398,45.99999862555138],[15.047760172661672,46.00019207210976],[15.046798975307665,45.999886301432916],[15.044310641970654,45.99988006119742],[15.043583006590518,45.999780217333885],[15.043313512005282,45.99985510024843],[15.043196731018346,46.00002358643563],[15.04254994401378,45.99999862555138],[15.041543830895566,46.00028567504035],[15.039962795995518,46.00030439560748],[15.038175148580118,46.000585203354156],[15.03660309683291,46.00044791974495],[15.036333602247675,46.000379277812605],[15.035866478299932,46.00001110599491],[15.03360272378395,46.00026071427435],[15.033351195504396,46.00046040008713],[15.032973903085066,46.00030439560748],[15.032084570953788,46.00036055727083],[15.031698295381615,46.00056648288206],[15.030755064333292,46.00031687598203],[15.029039282140623,45.99858831730003],[15.027332483100794,45.9976085687268],[15.026775527624642,45.99621692150711],[15.027036039057037,45.99494381447396],[15.026595864567817,45.994388381150785],[15.028617073957088,45.99421987780455],[15.030647266499196,45.99363947346256],[15.031177272516828,45.992316378445516],[15.032282200316294,45.99052515696503],[15.033360178657237,45.98937674753999],[15.034357308622612,45.98876508496902],[15.035138842919794,45.98795368541402],[15.035147826072636,45.986268432948634],[15.035004095627176,45.985875199990915],[15.035650882631742,45.9854445130702],[15.036046141356756,45.985413303742845],[15.03623478756642,45.98528846625748],[15.036324619094833,45.98489522633848],[15.036279703330626,45.98433345017999],[15.035417320657873,45.98385905698435],[15.035740714160154,45.98372173187955],[15.037537344728396,45.9834283543781],[15.03742056374146,45.98296019557076],[15.038166165427276,45.98254197035491],[15.038875834501733,45.98191150547639],[15.038965666030142,45.981437091527106],[15.037851755077835,45.98138091065864],[15.037025305016446,45.980962673512664],[15.036881574570986,45.980787886903656],[15.03714208600338,45.9804320696018],[15.036953439793717,45.98023231151783],[15.035668848937425,45.9801137048145],[15.035596983714695,45.97988897562718],[15.035866478299932,45.97923351028763],[15.035848511994248,45.979064960803285],[15.035390371199346,45.97863422090117],[15.035345455435142,45.97834081644059],[15.035426303810713,45.977217125404316],[15.035318505976619,45.976742671231285],[15.035605966867537,45.97570634929564],[15.035345455435142,45.97526309724507],[15.035498169033442,45.97499464709505],[15.036360551706196,45.97440155494085],[15.035956309828343,45.97419553196927],[15.034689685277735,45.97456387553016],[15.03442917384534,45.975175695013526],[15.031294053503764,45.97440155494085],[15.030979643154321,45.974076912334915],[15.030799980097497,45.97413310061443],[15.030314889844073,45.97354624243883],[15.029641153380984,45.97456387553016],[15.029605220769618,45.97495094578467],[15.02878775386107,45.97448271529497],[15.027862489118426,45.97432039446778],[15.027781640742855,45.97397077876251],[15.028644023415609,45.97337143241847],[15.028760804402545,45.973084243329986],[15.028024185869567,45.972871972176975],[15.027548078768985,45.97288445873791],[15.027386382017841,45.972678430122485],[15.027844522812742,45.97229134398442],[15.027305533642272,45.97178563059894],[15.02488008237515,45.9713735644262],[15.022661243623375,45.97082413809354],[15.019184763473831,45.96870754707725],[15.019184763473831,45.96845779648971],[15.018951201499961,45.9681518504853],[15.01902306672269,45.96790834123323],[15.019436291753387,45.96794580426476],[15.019526123281798,45.96769605024261],[15.019660870574416,45.96769605024261],[15.019418325447703,45.967171563130634],[15.020397489107394,45.966778194537625],[15.020253758661934,45.96667829095809],[15.02066698369263,45.96649097126083],[15.020990377194911,45.9655606073787],[15.022292934356885,45.96431801648128],[15.02269717623474,45.96362490090673],[15.023119384418276,45.96352499164038],[15.023290064322259,45.963375127403],[15.023236165405212,45.963200285280344],[15.02254446263644,45.96345630391523],[15.02231988381541,45.9632689733229],[15.022310900662568,45.96288806583174],[15.020658000539788,45.96133943135922],[15.01910391509826,45.96037775752177],[15.018259498731188,45.96000931961614],[15.01795407153459,45.959690837418414],[15.017918138923223,45.95989066959958],[15.01752288019821,45.96000931961614],[15.016426935551586,45.95950349409402],[15.016229306189079,45.959615900164685],[15.015286075140754,45.95949100451654],[15.014756069123122,45.95957218671986],[15.014073349507191,45.95994687227068],[15.01277977549806,45.960277842399634],[15.011917392825305,45.96082112870245],[15.010848397637202,45.961008467571666],[15.009950082353084,45.96079615013869],[15.009096682833171,45.961414366281915],[15.008387013758714,45.96098348909237],[15.007174288125155,45.96079615013869],[15.007910906658132,45.960415225646116],[15.008692440955317,45.959784508843065],[15.008539727357016,45.959166274513876],[15.008252266466098,45.95886027719282],[15.007794125671197,45.95902888817059],[15.00744378271039,45.95875411446209],[15.006796995705823,45.95873537984145],[15.005674101600674,45.95887901177125],[15.004623072718255,45.95920374345746],[15.004111033006307,45.959166274513876],[15.003814588962546,45.9592537020095],[15.003095936735253,45.95866668617819],[15.001685581739183,45.95933488456049],[15.001434053459631,45.959878180109364],[15.000203361520384,45.9609397767265],[15.00007759738061,45.96081488406257],[14.999511658751615,45.96103969065495],[14.99917029894365,45.96147056740743],[14.997921640698724,45.961370654256],[14.997616213502122,45.96165790408073],[14.996951460191873,45.96194515241619],[14.994642789911685,45.962657022306985],[14.993771424086091,45.96325024022883],[14.993591761029267,45.96323150712843],[14.993421081125284,45.963556213305466],[14.993268367526984,45.963500014295626],[14.99301683924743,45.963599923607035],[14.992774294120716,45.964305527989076],[14.991705298932615,45.96489872825922],[14.990995629858162,45.96562304839685],[14.989755954766077,45.965379528028045],[14.988938487857528,45.96539826040212],[14.988579161743878,45.96557933969154],[14.988094071490455,45.96543572513124],[14.98775271168249,45.96551689862411],[14.986513036590406,45.965204692231296],[14.986387272450628,45.96508605334067],[14.985524889777873,45.96502985588274],[14.983836057043728,45.96453656463896],[14.9818238308073,45.9646864257345],[14.980521273645326,45.965129762435204],[14.978904306133913,45.96532957499956],[14.977368186998069,45.96567924525302],[14.97618241082303,45.965541875059536],[14.9756524048054,45.96523591294975],[14.974322898184903,45.965036100047556],[14.974053403599665,45.96518595979177],[14.973783909014431,45.96564178068857],[14.97355034704056,45.96633487102923],[14.97362221226329,45.96650345926036],[14.973433566053624,45.966647071052535],[14.973253902996799,45.967146587429994],[14.972759829590535,45.967527465641055],[14.972517284463821,45.96799575493406],[14.97165490179107,45.96843282136902],[14.971286592524578,45.96896978398222],[14.971331508288785,45.96928196915508],[14.970343361476255,45.96988760337259],[14.970244546795,45.9704807438679],[14.969633692401798,45.97105514755655],[14.967872994444924,45.97136107752463],[14.967208241134676,45.971766900384864],[14.966175178557938,45.971935472083445],[14.965429576872118,45.97232256070876],[14.964270750155606,45.9725410772864],[14.962734631019762,45.97305927029539],[14.961845298888482,45.97299683765962],[14.959994769403195,45.973583701657134],[14.95890780790941,45.97367110640128],[14.958539498642924,45.97381469961004],[14.957506436066186,45.973839672303995],[14.956176929445688,45.974101884910624],[14.953437067829125,45.974020723998386],[14.953365202606395,45.974245477002455],[14.952682482990463,45.97381469961004],[14.950894835575065,45.97345259428227],[14.949915671915376,45.97276583629536],[14.947903445678946,45.97213526009886],[14.945082735686812,45.97023724485418],[14.94490307262999,45.96961912716546],[14.945028836769765,45.96940684273155],[14.944426965529404,45.968526478013544],[14.944049673110074,45.967527465641055],[14.94334000403562,45.966628339100765],[14.943366953494143,45.966341115046944],[14.944220353014057,45.96531708673541],[14.94476832533737,45.964037024725954],[14.94522646613227,45.96358119062487],[14.945388162883415,45.962844354968524],[14.945334263966364,45.96251964461927],[14.944750359031689,45.961732838572686],[14.944444931835088,45.96046518310582],[14.94355559970381,45.95952222845497],[14.94334000403562,45.95935361897844],[14.942477621362865,45.95923496755776],[14.94212727840206,45.95894146032024],[14.94176795228841,45.959222477919745],[14.9418308343583,45.959409822194296],[14.939504197772429,45.960789905496],[14.939243686340037,45.960802394780686],[14.939117922200259,45.96054636388179],[14.938255539527503,45.960140458812525],[14.937977061789427,45.95984695637153],[14.937078746505307,45.95967834788318],[14.935713307273446,45.95984695637153],[14.935587543133668,45.960084256337794],[14.935174318102975,45.95969708218499],[14.934590413168296,45.95945978056052],[14.933916676705207,45.95934737417317],[14.932928529892674,45.959409822194296],[14.932479372250615,45.95904762269201],[14.931661905342066,45.95909133655068],[14.930997152031818,45.95952222845497],[14.930161718817587,45.959153784860376],[14.930152735664747,45.958835297745075],[14.92965866225848,45.95878533881579],[14.92972154432837,45.95849182919654],[14.92899390894823,45.95813586863599],[14.927942880065812,45.95796100997924],[14.926514558764062,45.95738647050767],[14.926289979943032,45.95690560137053],[14.925670142396989,45.95639350237652],[14.925454546728801,45.95578772062704],[14.924780810265712,45.95543798794207],[14.923837579217384,45.9555129308461],[14.92356808463215,45.9554317426955],[14.922310443234382,45.9538079547049],[14.92175348775823,45.95274622144783],[14.921906201356528,45.952596328055385],[14.922247561164493,45.952596328055385],[14.922993162850313,45.95219661036022],[14.922705701959394,45.95154081727192],[14.922490106291207,45.95140341202254],[14.922094847566195,45.95143464051824],[14.921079751295139,45.951209794956604],[14.92094500400252,45.950997439977534],[14.920540762124666,45.9508225587956],[14.920235334928067,45.950060570062895],[14.919956857189991,45.94984196480418],[14.919462783783723,45.949791997766845],[14.919310070185423,45.949623358683276],[14.918654300028017,45.94948594868026],[14.918312940220051,45.949542161904496],[14.91787276573083,45.94928607897687],[14.917091231433648,45.949336046470286],[14.917154113503535,45.94911119239518],[14.916902585223983,45.949017502927994],[14.916857669459777,45.94886759945112],[14.916471393887605,45.9490237488974],[14.916480377040447,45.94917365195198],[14.916004269939863,45.94898627307042],[14.91583359003588,45.94909245451441],[14.915591044909169,45.948898829375565],[14.915546129144962,45.9485490532167],[14.915707825896105,45.94842413262504],[14.91552816283928,45.948417886588075],[14.91552816283928,45.948280473596604],[14.915671893284738,45.948049369160906],[14.915321550323931,45.94803687700179],[14.915213752489837,45.947593403529474],[14.91538443239382,45.947455988494085],[14.915240701948363,45.94721238827596],[14.915348499782457,45.94712494178269],[14.91560002806201,45.947206142102445],[14.915689859590422,45.947093710858816],[14.915734775354627,45.94682512418705],[14.915564095450645,45.94670644594079],[14.915537145992122,45.94639413355231],[14.915321550323931,45.946337917135516],[14.915096971502901,45.94663149112803],[14.914890358987556,45.94625046926275],[14.914692729625047,45.9462004989878],[14.914459167651179,45.94640662608164],[14.914315437205719,45.94640037981733],[14.91425255513583,45.94624422298084],[14.914692729625047,45.94601311005555],[14.914989173668808,45.945563374033696],[14.914818493764825,45.94436406013752],[14.915016123127332,45.944151678930936],[14.915070022044379,45.94357074970942],[14.914486117109702,45.94349579065678],[14.914531032873906,45.94320220005808],[14.91493527475176,45.943102253967616],[14.914953241057445,45.942889867927114],[14.91514188726711,45.94281490795387],[14.91499815682165,45.9427149611652],[14.915105954655743,45.942602520812585],[14.915070022044379,45.942521313749424],[14.914629847555162,45.94250257364103],[14.914746628542098,45.94227769184625],[14.91462086440232,45.942084042903154],[14.914279504594354,45.94214026363374],[14.914144757301736,45.94206530264695],[14.913947127939231,45.94225895165551],[14.913471020838646,45.94207154939973],[14.913444071380122,45.941709236575676],[14.913587801825582,45.94147185792442],[14.9132644083233,45.94147185792442],[14.91281525068124,45.94122198456195],[14.912554739248844,45.94137190871457],[14.912330160427814,45.94115326918985],[14.912141514218149,45.94122198456195],[14.912024733231213,45.94115951604536],[14.912240328899404,45.94104707253817],[14.912168463676673,45.94091588815821],[14.911934901702802,45.94100959131842],[14.911737272340297,45.940865913074674],[14.911297097851076,45.94175296411112],[14.910695226610716,45.94202157535786],[14.910524546706734,45.94234015910297],[14.910210136357291,45.94237763942321],[14.910596411929465,45.94272120784477],[14.910425732025482,45.9429086079046],[14.909994540689103,45.94272745452364],[14.909473517824313,45.9426649877033],[14.90988674285501,45.942040315628844],[14.909725046103867,45.94216525060679],[14.909239955850445,45.941965354506934],[14.909266905308966,45.94141563651605],[14.908925545501,45.94102833193146],[14.908880629736796,45.94069099992757],[14.908260792190754,45.94054732085822],[14.906877386653209,45.94091588815821],[14.905592795796919,45.940884653736276],[14.906607892067974,45.94202782211556],[14.908269775343594,45.942633754266744],[14.908170960662341,45.942771181256],[14.90756010626914,45.943208446682746],[14.906221616495802,45.94355200995577],[14.905727543089535,45.94355200995577],[14.905044823473604,45.94306477413724],[14.904631598442911,45.94334587224745],[14.904290238634946,45.94336461207078],[14.904164474495168,45.94355825654103],[14.903706333700267,45.943458311092456],[14.903769215770156,45.94379562625924],[14.903400906503666,45.94385809180564],[14.90297869832013,45.94383935214911],[14.902125298800216,45.94356450312558],[14.90005917364674,45.942633754266744],[14.897714570755191,45.941784198043884],[14.896250316842075,45.94091588815821],[14.894839961846007,45.94106581313853],[14.892863668220944,45.94146561110408],[14.888363108647505,45.9417029897821],[14.888318192883299,45.94096586319669],[14.888677518996948,45.93904803879112],[14.887374961834974,45.938854378567655],[14.887294113459403,45.93876067176508],[14.887967849922493,45.93840458447107],[14.888138529826476,45.93813595570094],[14.888147512979316,45.93744251262745],[14.887374961834974,45.936143064418495],[14.887312079765087,45.93501226980454],[14.887617506961687,45.93447497809503],[14.888902097817978,45.93377524155289],[14.891040088194181,45.932019613686215],[14.890303469661204,45.93193214322876],[14.890294486508362,45.931419813493264],[14.890105840298698,45.93142606144538],[14.890078890840174,45.930938719067235],[14.890312452814046,45.93096371108824],[14.890384318036775,45.930595077636546],[14.888075647756589,45.930088983652766],[14.88823734450773,45.9292267388224],[14.889270407084465,45.92760218315989],[14.887168349319628,45.92718978838128],[14.886970719957121,45.926258764652694],[14.885524432349689,45.92592134279934],[14.885039342096263,45.92567764796214],[14.885039342096263,45.92533397393638],[14.884239841493397,45.92520275238308],[14.882946267484265,45.924590381030114],[14.883458307196214,45.92397800291741],[14.88253304245357,45.923146907523716],[14.881841339684797,45.922228313919156],[14.882281514174018,45.922015847926495],[14.882083884811511,45.92149717752691],[14.883413391432008,45.92018485727156],[14.884599167607046,45.91945369395068],[14.885075274707628,45.91935995436657],[14.884060178436572,45.91836005561554],[14.88358407133599,45.91753512558127],[14.883575088183148,45.9167039336734],[14.882577958217775,45.91504151250623],[14.8830630484712,45.91472277193118],[14.882622873981983,45.912985291118375],[14.882371345702428,45.912829040177996],[14.882524059300728,45.91226653315013],[14.883098981082565,45.91156651644231],[14.88314389684677,45.91117275316415],[14.883943397449636,45.91049772390216],[14.884141026812145,45.90974768176004],[14.884778830663869,45.90940390905759],[14.885102224166152,45.90881636532788],[14.885506466044006,45.90844758470365],[14.885731044865036,45.90801004519188],[14.885569348113895,45.90752874774543],[14.885757994323559,45.90689117846875],[14.886350882411078,45.90619109396515],[14.886593427537791,45.90522846335619],[14.887455810210543,45.90359695388],[14.88749174282191,45.90257176630782],[14.886907837887232,45.900902670431826],[14.886853938970185,45.900046223481084],[14.886476646550856,45.89978991197121],[14.885560364961053,45.90024627066668],[14.884374588786017,45.90039630558287],[14.882721688663235,45.89957110852665],[14.88230846363254,45.89946483225674],[14.881904221754686,45.899033473543476],[14.881419131501262,45.89879591224144],[14.880296237396113,45.897089191954414],[14.880475900452936,45.896413991425405],[14.881059805387613,45.89573253071532],[14.880817260260901,45.89543243527339],[14.88036810261884,45.895413679254425],[14.880053692269401,45.89488225608453],[14.880098608033606,45.89266898018997],[14.87824807854832,45.89151228961504],[14.876864673010775,45.891355978230216],[14.87614602078348,45.89116215150207],[14.875571099001643,45.89070571814778],[14.874178710311257,45.890017934775976],[14.873100731970315,45.88806083185824],[14.872849203690762,45.8866039021658],[14.872274281908926,45.886109913037565],[14.871007657358316,45.884233964940165],[14.867764739182643,45.88240172781592],[14.86674964291159,45.881970236562445],[14.865231490081428,45.88158251692551],[14.866587946160449,45.88055692290605],[14.86735151415195,45.880344297386415],[14.868330677811642,45.87975644612697],[14.868555256632671,45.87950629476847],[14.868591189244036,45.87917484248372],[14.86907627949746,45.878730818400015],[14.872103602004943,45.877223611596314],[14.872031736782212,45.87686712932027],[14.87253479334132,45.87602282007042],[14.874088878782846,45.8744467418145],[14.874654817411841,45.874058969677684],[14.8752566886522,45.87390260917964],[14.875903475656768,45.87355861453534],[14.877448577945454,45.873189599731575],[14.877502476862501,45.87300821867562],[14.87644246482724,45.872051267442295],[14.876253818617576,45.870831599830616],[14.87592144196245,45.87038125425437],[14.875517200084596,45.86919907975564],[14.876253818617576,45.86903019563185],[14.880484883605776,45.86750396027813],[14.88088014233079,45.865758746367185],[14.880448950994413,45.86553980885455],[14.880448950994413,45.86488299114302],[14.880610647745554,45.86440757538665],[14.881050822234773,45.86415109940872],[14.881302350514327,45.8635630768468],[14.882245581562652,45.86302509331009],[14.883161863152454,45.86226815416995],[14.883898481685431,45.86197413370844],[14.884994426332058,45.8620554586725],[14.885524432349689,45.86197413370844],[14.886350882411078,45.8616488326626],[14.886503596009378,45.8617301581025],[14.886970719957121,45.86166760008238],[14.88710546724974,45.861529972190304],[14.887222248236675,45.86122343611538],[14.887132416708262,45.86040391300387],[14.887312079765087,45.86028504987014],[14.887365978682134,45.86002855487368],[14.887339029223611,45.85935915991918],[14.88786903524124,45.85846453538848],[14.887374961834974,45.85641873149642],[14.885605280725258,45.856668986777414],[14.883880515379747,45.856650217670406],[14.88312593054109,45.856362423902986],[14.882910334872902,45.8561872443588],[14.882685756051872,45.85562416351474],[14.882434227772317,45.855486520663426],[14.88251507614789,45.85534262095461],[14.883413391432008,45.855129898963845],[14.884096111047938,45.85527379922312],[14.884653066524093,45.855098616249514],[14.885290870375819,45.85512364242239],[14.886090370978685,45.854704452541185],[14.885147139930357,45.8544541884192],[14.88449136977295,45.85403499349173],[14.884500352925793,45.85390986006517],[14.884832729580918,45.853816009810465],[14.88531781983434,45.8534718908549],[14.885156123083199,45.85315279682982],[14.8853088366815,45.85284621457135],[14.885165106236041,45.85203282487941],[14.88538968505707,45.85201405420762],[14.884904594803645,45.850675063276626],[14.88456323499568,45.850725119592376],[14.884132043659303,45.85100042852377],[14.88291931802574,45.85139461848484],[14.882083884811511,45.85141964632454],[14.880377085771682,45.85106299854539],[14.878652320426175,45.85131953489812],[14.876954504539189,45.85136333366936],[14.873738535822039,45.85165115330798],[14.872013770476531,45.852301870478776],[14.868465425104258,45.85202656798952],[14.868007284309357,45.851901430043895],[14.866812524981478,45.851213166310096],[14.866039973837136,45.85121942329149],[14.864584703076863,45.85183886096551],[14.86285095457851,45.852164219404486],[14.862051453975644,45.85260219891285],[14.860964492481859,45.85295258003617],[14.856805292716388,45.852570914776635],[14.855484769248731,45.85226432931048],[14.854712218104389,45.85192020075368],[14.854487639283358,45.85202656798952],[14.853912717501522,45.85312151300332],[14.853194065274225,45.85338429659895],[14.851514215692923,45.853027661418245],[14.849484023150813,45.85192020075368],[14.848253331211568,45.851676181032246],[14.84803773554338,45.85123819423146],[14.848352145892823,45.850743890699164],[14.848397061657028,45.85019952603009],[14.848963000286023,45.849736499014945],[14.849034865508754,45.8486164582692],[14.849205545412737,45.84853511364941],[14.848954017133183,45.84784680825854],[14.8486306236309,45.84744007834228],[14.848720455159311,45.84702083054669],[14.848397061657028,45.84634502147801],[14.848927067674659,45.84634502147801],[14.850930310758246,45.840800574157846],[14.853346778872528,45.8404376000969],[14.85516137574645,45.840681669122816],[14.856248337240231,45.84069418545426],[14.858089883572678,45.84028740324109],[14.857434113415271,45.83896690509879],[14.856616646506723,45.837909232325295],[14.855637482847031,45.83700800415787],[14.853993565877092,45.83596281154524],[14.853364745178208,45.8353807496638],[14.854945780078259,45.835418302226955],[14.855008662148148,45.83382855488227],[14.855341038803271,45.83180062227869],[14.856499865519787,45.83061762746841],[14.858431243380643,45.82961613072695],[14.859841598376711,45.83062388676639],[14.861898740377345,45.83093685076732],[14.863102482858066,45.830492441361216],[14.862931802954083,45.82917171077544],[14.862581459993276,45.82906529983797],[14.862895870342717,45.82889003432105],[14.86261739260464,45.82646755797121],[14.862859937731352,45.82517177153097],[14.862518577923387,45.82521559088885],[14.862698240980212,45.820407775635886],[14.86262637575748,45.81653242444474],[14.86300366817681,45.81666390281464],[14.863102482858066,45.81565589404544],[14.862904853495559,45.814679172491054],[14.863650455181379,45.813445724000864],[14.863039600788177,45.81176142788133],[14.862644342063165,45.811485924784],[14.862132302351217,45.810152220068694],[14.862006538211439,45.808330064822705],[14.861323818595508,45.805806500527716],[14.86194365614155,45.80535562836824],[14.861925689835868,45.804384988418704],[14.86133280174835,45.80313252478437],[14.861377717512555,45.80266910610314],[14.862276032796675,45.80177983243277],[14.863102482858066,45.799694367378066],[14.86374926986263,45.79854200485663],[14.863515707888759,45.79800339246191],[14.86210535289269,45.79633741884341],[14.858673788507357,45.79323707219308],[14.857236484052764,45.792241166668866],[14.856589697048197,45.79143315477085],[14.85465831918734,45.79160853819371],[14.852717958173644,45.79162732924199],[14.850588950950279,45.79106985878215],[14.849924197640032,45.79133919913873],[14.84930436009399,45.79133919913873],[14.847804173569509,45.79125150707251],[14.846860942521184,45.791051067545915],[14.845010413035897,45.79155842870063],[14.844228878738713,45.791602274509536],[14.841911225305685,45.791314144276754],[14.84104884263293,45.79156469238973],[14.84035713986416,45.79128282568343],[14.839638487636863,45.791232715897515],[14.839126447924915,45.791376781410584],[14.839045599549346,45.791815239376405],[14.838758138658427,45.79213468515091],[14.837374733120882,45.79297400453892],[14.836566249365173,45.792742253433815],[14.835101995452058,45.79284247024618],[14.834230629626463,45.793280916681375],[14.834095882333846,45.79358156367194],[14.833637741538945,45.793781994097934],[14.833619775233261,45.79389473589579],[14.832200437084353,45.794834242008164],[14.831553650079789,45.79495324498555],[14.831167374507615,45.795228829852256],[14.830870930463858,45.795241356404716],[14.82986481734564,45.79567352074058],[14.82871497378197,45.79569231041828],[14.827556147065454,45.795366621774534],[14.827026141047824,45.79534783198702],[14.8263883371961,45.79567352074058],[14.825885280636994,45.79576120584902],[14.82572358388585,45.79612447125696],[14.82533730831368,45.796343681995396],[14.82511272949265,45.79631236622842],[14.82503188111708,45.79641257662082],[14.824726453920478,45.79623094515191],[14.824313228889784,45.79626852412508],[14.82421441420853,45.79653157622773],[14.82346881252271,45.79689483661375],[14.823334065230094,45.7967507853647],[14.823064570644856,45.79688857352371],[14.821914727081186,45.7959303124542],[14.821240990618094,45.79552320309084],[14.821016411797064,45.79552320309084],[14.820585220460687,45.795310252392966],[14.818150786040725,45.793744413447975],[14.81759383056457,45.794051321347766],[14.817279420215128,45.7951035641727],[14.817000942477051,45.79545430736588],[14.814449727070151,45.79478413541534],[14.809760521287048,45.794627552022405],[14.809437127784763,45.793437503858016],[14.809535942466018,45.793312234151905],[14.80902390275407,45.79286752442111],[14.807793210814825,45.79265456357517],[14.8074608341597,45.79246039268289],[14.807793210814825,45.79150831916251],[14.808224402151204,45.791539637629114],[14.808610677723374,45.79120766098766],[14.809383228867716,45.78991105402974],[14.811179859435958,45.788213518167204],[14.811027145837656,45.78798801135818],[14.810703752335373,45.787962954989744],[14.81014679685922,45.78768733419366],[14.809149666893845,45.788269894726916],[14.808835256544404,45.788138349332236],[14.808709492404628,45.7878188806527],[14.808404065208029,45.78756205156309],[14.807631514063683,45.78723631540581],[14.80744286785402,45.786904313132936],[14.807712362439256,45.786660008310776],[14.80722727218583,45.7862528312278],[14.807164390115942,45.78590203012518],[14.807469817312542,45.78552616935121],[14.80722727218583,45.784937315710124],[14.806499636805693,45.78479323355291],[14.806176243303412,45.784599035273544],[14.806023529705111,45.78427328180193],[14.804963517669849,45.784204372169796],[14.804155033914142,45.78389741004634],[14.803813674106177,45.78325842224578],[14.80398435401016,45.78308301254875],[14.803625027896512,45.7827133974519],[14.803696893119241,45.782362574076274],[14.8038406235647,45.782312456270986],[14.804199949678349,45.78233125045325],[14.805026399739738,45.782657015272555],[14.805655220438622,45.782732191498994],[14.806068445469316,45.782462809551724],[14.806095394927839,45.78227486788743],[14.805736068814193,45.78184886443618],[14.805224029102245,45.78184886443618],[14.804756905154502,45.78144165221199],[14.804990467128373,45.78101564239418],[14.804631141014726,45.78030144216151],[14.804352663276648,45.780407946285386],[14.8038406235647,45.780238792581855],[14.803813674106177,45.78010096325878],[14.804792837765866,45.779499522225514],[14.804128084455618,45.77865999993532],[14.804927585058484,45.77811493018839],[14.80452334318063,45.77811493018839],[14.804873686141438,45.7777202211834],[14.804891652447122,45.77745708029452],[14.804460461110743,45.77712501978157],[14.804649107320408,45.77683054937052],[14.804451477957901,45.77632305416174],[14.80548454053464,45.77562132478322],[14.806068445469316,45.774813071967095],[14.80600556339943,45.77444340204627],[14.806876929225025,45.774130120534075],[14.806832013460816,45.7737604460861],[14.806337940054553,45.77361006933832],[14.806239125373299,45.773340643317844],[14.805466574228955,45.77272659775635],[14.804810804071549,45.77270780033661],[14.804271814901076,45.77229425549905],[14.804532326333472,45.772150140668494],[14.805089281809627,45.772275457933574],[14.80587081610681,45.77216893827621],[14.806284041137506,45.77191203708908],[14.80580793403692,45.77151101823654],[14.806346923207395,45.77127917789707],[14.809311363644989,45.76509432445064],[14.81382988952411,45.75644565925869],[14.826433252960307,45.75344964957962],[14.827771742733644,45.75302342592915],[14.830197194000768,45.75257212675123],[14.830502621197367,45.75223991808002],[14.83126618918887,45.75185756225602],[14.834985214465123,45.75028423449742],[14.836575232518015,45.74911204514627],[14.837231002675423,45.748127888552595],[14.837338800509517,45.74767028116923],[14.837239985828262,45.747162520640835],[14.836781845033364,45.74642281185261],[14.836530316753809,45.745589060535835],[14.835775731915149,45.744429310553144],[14.835730816150942,45.74418481964399],[14.835883529749243,45.743902713418294],[14.836278788474255,45.74411586047602],[14.836638114587904,45.74399674898525],[14.838677290282854,45.74380867769294],[14.83894678486809,45.743858830099505],[14.8400606958204,45.74357045314647],[14.841210539384072,45.743050117049414],[14.84441752494838,45.740786912064515],[14.844273794502918,45.74067406287729],[14.845809913638764,45.739332393953624],[14.845585334817732,45.73918819397304],[14.846896875132549,45.738040850423396],[14.845279907621133,45.73770855526588],[14.84277360797844,45.73663641967128],[14.84353717596994,45.73594673092337],[14.83985408330505,45.7338776135705],[14.835721832998102,45.72923749595078],[14.835155894369105,45.72833450933643],[14.833395196412232,45.72742523723141],[14.831796195206499,45.725449870964866],[14.8286341254064,45.72222015343415],[14.826334438279053,45.72354969083425],[14.82564273551028,45.72427088892299],[14.80993120119103,45.73286183699668],[14.795171881072948,45.74067406287729],[14.785946183105038,45.74622847995192],[14.781616303435584,45.74896787042438],[14.777816429783758,45.751594299346294],[14.77137550919662,45.75544282873954],[14.77099821677729,45.757542484503915],[14.770665840122167,45.75762396209046],[14.769983120506236,45.75885237897652],[14.769444131335764,45.758576614274524],[14.76694681484591,45.76028131969456],[14.762006080783253,45.7638409777806],[14.755601092807481,45.76875393557034],[14.754738710134726,45.769612405466084],[14.752483938771586,45.77129797579834],[14.750956802788584,45.773754180396374],[14.749699161390817,45.776135091801216],[14.749214071137393,45.777482141385065],[14.747633036237342,45.77996939858712],[14.74746235633336,45.7804518008655],[14.743204341886633,45.78212451409985],[14.741919751030341,45.782469074262956],[14.737491056679632,45.78413546245246],[14.729531983262333,45.78904663263366],[14.72062967879671,45.793036639807305],[14.712131616208938,45.79863594834573],[14.712697554837932,45.800195387127694],[14.712257380348715,45.80038953106954],[14.7110985536322,45.80020791256371],[14.710595497073093,45.80313878717259],[14.709948710068529,45.804121973391155],[14.709607350260562,45.80509888009121],[14.708574287683826,45.80595679043662],[14.707909534373577,45.80569378282996],[14.706822572879792,45.806194748629785],[14.706256634250797,45.806689447936044],[14.7055379820235,45.806777115709274],[14.704567801516653,45.80742835770532],[14.70439712161267,45.807741452108665],[14.70411864387459,45.80786668937724],[14.703256261201838,45.80791678420584],[14.701809973594404,45.8084866097102],[14.701747091524515,45.80879969816529],[14.702456760598972,45.809450916514784],[14.702537608974541,45.809707644733194],[14.700327753375607,45.81080342260501],[14.699959444109119,45.8110851905733],[14.698971297296586,45.81270063274358],[14.699079095130681,45.81324536430652],[14.698782651086923,45.81355842601218],[14.696402115584004,45.814409944948274],[14.696447031348212,45.81459777825493],[14.696177536762974,45.81488578809464],[14.695620581286821,45.81488578809464],[14.694821080683955,45.81469795575942],[14.692988517504352,45.814679172491054],[14.688137614970106,45.81630703223124],[14.684804865266022,45.81614424839858],[14.68313399883756,45.81663259846902],[14.68259500966709,45.81667642454796],[14.681786525911381,45.816513641795126],[14.680843294863056,45.81588754984945],[14.68096905900283,45.814935876610384],[14.68034023830395,45.814053059920255],[14.68065464865339,45.81359599329859],[14.681130755753975,45.81334554424379],[14.680618716042027,45.812537838368854],[14.677923770189667,45.811310603921605],[14.675731880896416,45.8096575515152],[14.67583967873051,45.80951979493342],[14.675498318922545,45.809269327548236],[14.67441135742876,45.80893119479164],[14.673836435646923,45.808618107075674],[14.673800503035558,45.808023235567006],[14.67298303612701,45.807202928645225],[14.672183535524143,45.80607576966027],[14.671590647436625,45.805668734421715],[14.670710298458186,45.804685575501104],[14.67103369196047,45.803877744039426],[14.670791146833759,45.803577152598244],[14.670216225051922,45.80372744852157],[14.66998266307805,45.803915317855534],[14.669506555977465,45.80399046541172],[14.669434690754738,45.804121973391155],[14.668159083051288,45.80462921554669],[14.667727891714911,45.80458537998718],[14.66616482312054,45.80494858786778],[14.665005996404028,45.80369613690431],[14.665050912168233,45.80283192932229],[14.664520906150603,45.802055383538466],[14.664529889303445,45.801341452864996],[14.664008866438655,45.80141660389301],[14.663056652237488,45.80186124540129],[14.661852909756767,45.801842457803744],[14.660496453677748,45.80160448101959],[14.660442554760701,45.80059619968364],[14.658951351389062,45.800314378656175],[14.658645924192463,45.79983214825833],[14.656615731650353,45.79909940057389],[14.656498950663417,45.79918708029154],[14.655573685920773,45.79885514920436],[14.65486401684632,45.79806602207763],[14.653588409142868,45.79730193595649],[14.653345864016156,45.797032624416566],[14.652456531884878,45.79762135028162],[14.652133138382597,45.79764640230812],[14.651207873639953,45.79814117752357],[14.649276495779095,45.79790944790633],[14.647830208171662,45.79738335546814],[14.646725280372197,45.797126570450416],[14.644901700345432,45.79700130903676],[14.64367100840619,45.79779045124191],[14.643635075794824,45.79810359981327],[14.643832705157331,45.79868605147516],[14.64134437182032,45.79936870212489],[14.641065894082244,45.799136977612626],[14.64021249456233,45.799068086355575],[14.638083487338966,45.797997129496466],[14.637894841129302,45.79764013930255],[14.638083487338966,45.797007572114126],[14.638954853164563,45.79646268174944],[14.63683482909404,45.795260146228145],[14.635684985530368,45.794821715364186],[14.635361592028083,45.795122354042576],[14.635505322473543,45.79554199281923],[14.63608922740822,45.7959303124542],[14.636439570369026,45.79656289187152],[14.635514305626385,45.79655036561611],[14.63360089407121,45.79608689218664],[14.63307987120642,45.79609315536679],[14.632882241843914,45.797201727163454],[14.632028842324,45.797765399280166],[14.630950863983058,45.798072285035325],[14.630546622105204,45.7980472332003],[14.629738138349495,45.79774661030147],[14.628803890454012,45.797683980326745],[14.627645063737496,45.797182937994705],[14.627249805012484,45.79727062072803],[14.627168956636915,45.79717041187867],[14.626962344121566,45.79751487904335],[14.626629967466442,45.79772155832003],[14.625623854348229,45.79769024332739],[14.623710442793055,45.79861715966059],[14.6204495583117,45.79940627898202],[14.619272765289503,45.79910566341544],[14.61843733207527,45.79911192625629],[14.618293601629812,45.79896788073872],[14.617395286345694,45.79880504622698],[14.61706290969057,45.798554530664326],[14.616829347716699,45.798598370969096],[14.615769335681437,45.7982852251783],[14.615742386222914,45.79816622931635],[14.614880003550159,45.797777925262444],[14.614628475270607,45.797502353001946],[14.61293964253646,45.79715162269935],[14.611628102221644,45.796456418610816],[14.61129572556652,45.79570483686658],[14.609238583565888,45.795617151669454],[14.607909076945392,45.79589899645493],[14.607352121469237,45.79529772585599],[14.606516688255008,45.79527893604523],[14.603848691861172,45.79552946633435],[14.602465286323627,45.79663804934481],[14.601836465624743,45.796782100885295],[14.601117813397448,45.79728940986722],[14.599707458401381,45.796926152053395],[14.599366098593416,45.79589899645493],[14.599518812191715,45.79499708812369],[14.599366098593416,45.79451481170707],[14.600291363336057,45.79327465318516],[14.600048818209347,45.79210336701868],[14.599312199676369,45.79164612028394],[14.599563727955921,45.78965423457997],[14.594838589561451,45.78942246967049],[14.588541399419773,45.78965423457997],[14.575470912035836,45.790531174164215],[14.572973595545983,45.79129535312286],[14.571913583510721,45.791220188443994],[14.57069187472432,45.788219782232204],[14.569622879536217,45.78711103176156],[14.568113709858896,45.789322246708466],[14.56813167616458,45.78986720689038],[14.568320322374245,45.78996742887251],[14.568338288679925,45.79026182990285],[14.5673950576316,45.790167872296166],[14.565903854259961,45.79186534863858],[14.565463679770744,45.79218479412588],[14.564250954137181,45.79270467208272],[14.562319576276325,45.792936423344095],[14.56083735605753,45.79280488896266],[14.559471916825668,45.793243335693525],[14.55814241020517,45.79383210159181],[14.557253078073892,45.79439580779343],[14.555959504064761,45.79566099428526],[14.555124070850528,45.797358303323385],[14.553983210439695,45.79919334312323],[14.553704732701618,45.80034569217406],[14.553614901173209,45.80196770833448],[14.553300490823764,45.80295091521997],[14.553013029932846,45.80337675740307],[14.553596934867524,45.804610428882555],[14.554171856649361,45.805311793380326],[14.554396435470391,45.80625736903799],[14.553884395758443,45.80676459175012],[14.553920328369808,45.807202928645225],[14.553480153880589,45.80751602431565],[14.552914215251594,45.80822361404792],[14.552105731495885,45.808636892388265],[14.551431995032797,45.80960745825216],[14.55077622487539,45.809632504889315],[14.5504079156089,45.80941960811451],[14.548692133416234,45.809801569395496],[14.546850587083787,45.80986418574905],[14.544883276611566,45.809501009918606],[14.544353270593934,45.80969512143292],[14.544146658078589,45.809989418244946],[14.541945785632496,45.80998315662685],[14.541586459518847,45.81009586564508],[14.540966621972805,45.81059679185565],[14.540328818121079,45.81088482238672],[14.538460322330112,45.81036511404324],[14.537058950486886,45.80936951463747],[14.536672674914712,45.809432131476726],[14.53590012377037,45.809964371768295],[14.535334185141375,45.810033249552],[14.534813162276585,45.81025240556985],[14.53463349921976,45.81052165321126],[14.534849094887951,45.81098500657012],[14.534858078040791,45.81155480068609],[14.534480785621462,45.81182404203155],[14.534202307883385,45.81280081366073],[14.533851964922578,45.812857165347445],[14.5337262007828,45.81302622006545],[14.534139425813496,45.81395288125568],[14.535100623167503,45.81457899495277],[14.534660448678286,45.81497970402468],[14.534058577437927,45.815248928812984],[14.533771116547008,45.81640720666098],[14.533384840974835,45.81673903317234],[14.533456706197565,45.81732755080077],[14.532450593079352,45.817615546522504],[14.531956519673086,45.81839813606919],[14.53153431148955,45.81856717396682],[14.530770743498048,45.818492046075676],[14.530474299454289,45.81875499325121],[14.529710731462787,45.81898663616278],[14.529584967323009,45.819143151098025],[14.52981852929688,45.81970660122209],[14.529764630379834,45.81993824017478],[14.529234624362205,45.820482900942224],[14.528480039523544,45.82162228899445],[14.529153775986632,45.822448643762876],[14.529144792833792,45.82269905187726],[14.528812416178667,45.823131003227466],[14.528255460702514,45.823475309874354],[14.52726731388998,45.82365059244026],[14.526234251313243,45.82423277700213],[14.525641363225725,45.824320417161616],[14.524195075618293,45.82589165661041],[14.523844732657487,45.82610449041608],[14.522649973329608,45.82636114186416],[14.522119967311976,45.82617960803555],[14.521527079224457,45.82645503843976],[14.520889275372735,45.8272688021272],[14.519191459485748,45.828326677135955],[14.518742301843686,45.82880866085773],[14.517421778376033,45.83140629346912],[14.515831760323142,45.831531477520876],[14.515741928794728,45.83165666129106],[14.515921591851551,45.832295094139255],[14.51567904672484,45.83325898868149],[14.514753781982197,45.83328402468093],[14.51387343300376,45.833603232686535],[14.513693769946935,45.834354303124584],[14.511807307850285,45.83529312691785],[14.510316104478648,45.83520550403394],[14.510163390880347,45.83537449090081],[14.510010677282045,45.83764637561759],[14.510477801229788,45.837915490803205],[14.510819161037753,45.83787793992521],[14.511519846959366,45.83745236153683],[14.511744425780398,45.83745236153683],[14.512202566575299,45.83771521916104],[14.5132715617634,45.8385914022739],[14.513370376444653,45.83924853055446],[14.513253595457718,45.84004959072353],[14.512858336732704,45.84066289462037],[14.510882043107642,45.841013350954725],[14.509992710976364,45.84155780552406],[14.509839997378062,45.84173928919653],[14.509947795212156,45.84222115676457],[14.509777115308173,45.84260289304401],[14.509040496775196,45.843166105722425],[14.508034383656982,45.84347274133906],[14.507315731429689,45.844436442274265],[14.506615045508074,45.84489325571651],[14.506534197132504,45.84517485117504],[14.50689352324615,45.84555656718755],[14.506803691717739,45.84574429541319],[14.506183854171697,45.84586318962843],[14.50492621277393,45.84568171940837],[14.503605689306273,45.84647017192498],[14.502581609882377,45.846645382077725],[14.501800075585193,45.84819721934002],[14.501566513611323,45.84942989792426],[14.501818041890877,45.8497552704554],[14.503030767524436,45.85028086821577],[14.503219413734103,45.850643778056394],[14.503165514817056,45.85083148911377],[14.502842121314773,45.85114433946826],[14.501377867401656,45.851726236447014],[14.500901760301074,45.85207036620396],[14.500542434187425,45.85267102395057],[14.50042565320049,45.85325916170827],[14.50049751842322,45.8537471861897],[14.501270069567562,45.85499851144541],[14.501800075585193,45.85540518609116],[14.502518727812488,45.855536572648774],[14.50313856535853,45.85498599833222],[14.503821284974462,45.854785788138344],[14.504288408922204,45.85480455787464],[14.504827398092678,45.85524877311782],[14.505321471498942,45.856068372210935],[14.506417416145569,45.85612468010212],[14.506767759106372,45.85644375707521],[14.506704877036487,45.8567127813358],[14.506094022643284,45.85716323764872],[14.50596825850351,45.858458279222205],[14.506085039490442,45.85868350076482],[14.506722843342168,45.85865847619402],[14.50702827053877,45.858946258078234],[14.507504377639352,45.85904009967495],[14.507495394486511,45.85933413565247],[14.507091152608657,45.86000978690065],[14.507073186302975,45.860510264013406],[14.508205063560965,45.86184276236136],[14.50777387222459,45.86260596299344],[14.507360647193893,45.86293125843908],[14.507001321080244,45.86366316623274],[14.507136068372864,45.86465153924318],[14.507657091237654,45.865527298113484],[14.506713860189326,45.86599019365723],[14.506453348756933,45.86647810640904],[14.505572999778497,45.8669472492472],[14.504575869813122,45.86697227008735],[14.503839251280144,45.8663530009835],[14.503408059943768,45.86661572205194],[14.503848234432986,45.86800436992967],[14.503758402904573,45.86832337873116],[14.503363144179561,45.868786250991576],[14.503336194721038,45.869086490396796],[14.50434230783925,45.870156080097885],[14.50574367968248,45.87056889868793],[14.505869443822254,45.87118186608941],[14.505519100861447,45.87150085665453],[14.504468071979028,45.87170100666258],[14.503443992555132,45.87133197952459],[14.50200668810054,45.87196995710089],[14.501862957655081,45.87209504988456],[14.501548547305639,45.873358471217045],[14.500560400493109,45.874234092913234],[14.50020107437946,45.874221584128996],[14.499724967278878,45.87375250268761],[14.499392590623753,45.8736086502523],[14.499042247662947,45.87373999379497],[14.498494275339633,45.87428412802204],[14.497739690500975,45.87443423307813],[14.497407313845848,45.875047157849366],[14.497631892666877,45.87621669962542],[14.497344431775963,45.87648562821086],[14.496374251269112,45.87686712932027],[14.49621255451797,45.877254881862314],[14.495619666430452,45.87793031531261],[14.495143559329867,45.8776989177403],[14.494110496753132,45.877849013572686],[14.493679305416753,45.87707976814612],[14.493463709748564,45.87702973555441],[14.49261031022865,45.877192341312735],[14.492116236822385,45.87672328494727],[14.491478432970661,45.875359871964996],[14.490750797590524,45.87476571364074],[14.489708751860944,45.87459059208044],[14.489250611066042,45.874346671844684],[14.488046868585322,45.87444048744667],[14.487400081580757,45.873821301546776],[14.486492783143797,45.87372748489951],[14.4856214173182,45.873871337027225],[14.485351922732965,45.873758757132876],[14.484875815632382,45.873158327177954],[14.484821916715333,45.87263294564601],[14.483672073151661,45.87150085665453],[14.483393595413583,45.87066272066714],[14.482333583378324,45.87027492212749],[14.481210689273174,45.86918656983814],[14.479423041857775,45.868229552803136],[14.478380996128198,45.86736634683421],[14.476548432948594,45.86729753998448],[14.47554231983038,45.867103629313384],[14.474374509961024,45.86747268452534],[14.47397026808317,45.867491449979134],[14.473377379995652,45.86732881583582],[14.473116868563258,45.866865931438916],[14.473377379995652,45.86592138510409],[14.473098902257576,45.86538342438902],[14.47260482885131,45.864876735698935],[14.471993974458107,45.86448889679111],[14.471742446178554,45.864476385813546],[14.471383120064907,45.864689072049146],[14.470924979270006,45.865202017857875],[14.470179377584186,45.86563989468159],[14.469676321025078,45.86655316952921],[14.468993601409148,45.866909717965854],[14.468589359531293,45.867428898441865],[14.467628162177286,45.868029390294],[14.466163908264171,45.86786050261625],[14.46443914291866,45.86717869158889],[14.464097783110695,45.867285029639014],[14.46367557492716,45.868035645383316],[14.46328929935499,45.86828584837896],[14.46262454604474,45.868367164110055],[14.461834028594716,45.86811070640026],[14.461438769869703,45.86780420660965],[14.460899780699233,45.86761029770602],[14.460693168183884,45.86704107733971],[14.460019431720793,45.866259171729574],[14.458959419685533,45.86570870358316],[14.458025171790048,45.86458272903306],[14.45683939561501,45.8637569998684],[14.455581754217246,45.86362563273413],[14.455572771064404,45.86315646186341],[14.45533022593769,45.86274358822197],[14.453335966006945,45.86224938695292],[14.452814943142155,45.86174266969808],[14.45223103820748,45.86167385588755],[14.452042391997812,45.861329785557324],[14.452599347473967,45.86094192190476],[14.452671212696696,45.86072296542216],[14.452374768652938,45.86016618648231],[14.451602217508595,45.859584377812794],[14.451386621840404,45.85877108667393],[14.451018312573916,45.85815798241298],[14.450623053848904,45.857888965144205],[14.450721868530158,45.85754487139179],[14.44893422111476,45.857244569649644],[14.448637777071001,45.857350926702146],[14.447308270450502,45.85730713264633],[14.446526736153318,45.85683165210612],[14.445421808353853,45.85675657585969],[14.445062482240205,45.85645626986036],[14.443957554440736,45.85638119310713],[14.442807710877066,45.85558036809901],[14.441891429287264,45.8551361555046],[14.441325490658269,45.855029794216044],[14.4376693474519,45.855117385880234],[14.436878830001875,45.85489840646108],[14.436169160927422,45.855054820419895],[14.435720003285363,45.85616221866457],[14.434013204245534,45.857350926702146],[14.43299810797448,45.85753861512204],[14.432647765013673,45.85876483054213],[14.431228426864765,45.85964068214366],[14.430563673554515,45.8597345225684],[14.430087566453933,45.860147418555734],[14.429737223493126,45.86027253794655],[14.429710274034601,45.860585335191764],[14.429368914226636,45.861129598203554],[14.428605346235134,45.86159878617892],[14.427922626619203,45.86294376976437],[14.427392620601573,45.8632002513122],[14.426754816749849,45.863250296354316],[14.426808715666898,45.86348800968909],[14.426018198216871,45.86475162666947],[14.42519174815548,45.865702448232],[14.424104786661696,45.86662823254803],[14.423790376312255,45.867216222688626],[14.42278426319404,45.86742264328426],[14.419532361865528,45.86736009166956],[14.417636916616035,45.86753523601334],[14.413899925034098,45.8684484797222],[14.41105226558344,45.8640197332057],[14.409974287242495,45.86118590096966],[14.40924665186236,45.86031632966681],[14.408860376290187,45.85953432947083],[14.40798002731175,45.85873980600795],[14.40759375173958,45.85726959485677],[14.405770171712815,45.85527379922312],[14.404494564009367,45.85275861932995],[14.40339861936274,45.85296509360688],[14.403075225860459,45.8533655263833],[14.402464371467257,45.85365959236735],[14.401925382296785,45.854116330068],[14.400506044147876,45.854191409878986],[14.399769425614897,45.854078790124504],[14.39804466026939,45.85441039208206],[14.396849900941511,45.85491091959398],[14.396149215019896,45.855605394055075],[14.396122265561372,45.855830627152905],[14.39655345689775,45.85673155042169],[14.396921766164239,45.856944266285716],[14.397029563998332,45.85775132789875],[14.39693074931708,45.85808290795727],[14.396364810688084,45.85852084085332],[14.396445659063657,45.85921527023177],[14.396787018871622,45.85969698641751],[14.396760069413098,45.860172442456424],[14.396445659063657,45.86034760944589],[14.396418709605133,45.860491496202975],[14.3957359899892,45.86067291810507],[14.39557429323806,45.86127973878646],[14.39499038830338,45.86130476217752],[14.394487331744275,45.86158001873592],[14.39362494907152,45.861748925494815],[14.392466122355007,45.86162380942638],[14.391990015254423,45.86174266969808],[14.391495941848158,45.8616300652365],[14.39062457602256,45.861661344276484],[14.389852024878218,45.86259345159213],[14.389402867236159,45.86359435479926],[14.38919625472081,45.86383832222454],[14.388917776982733,45.86382581110056],[14.38880997914864,45.86424493222083],[14.38851353510488,45.864269954277304],[14.38805539430998,45.864676561116646],[14.387444539916778,45.864983078152605],[14.387336742082683,45.86529584889618],[14.386079100684915,45.86528333810021],[14.385243667470686,45.865758746367185],[14.384426200562137,45.86656568003939],[14.384551964701913,45.867203712324866],[14.384318402728042,45.86747268452534],[14.384111790212694,45.86812947163866],[14.383429070596764,45.86856107037338],[14.376592891284616,45.863400431210316],[14.376592891284616,45.86321276257696],[14.37634136300506,45.86317522877426],[14.374131507406126,45.861436134795845],[14.373448787790196,45.86277486663548],[14.372074365405492,45.86431999835648],[14.37138266263672,45.86555857496084],[14.370672993562268,45.866184108212416],[14.369433318470183,45.86645934061316],[14.368993143980964,45.865908874448905],[14.36881348092414,45.86589636379091],[14.36881348092414,45.86575249102164],[14.368436188504809,45.86569619288012],[14.368247542295144,45.86572121428338],[14.367969064557068,45.86630921401805],[14.36769956997183,45.866540659016216],[14.367555839526373,45.866521893241455],[14.367717536277514,45.86578376774229],[14.367097698731472,45.86570870358316],[14.36708871557863,45.86538967977609],[14.366432945421224,45.8651644853982],[14.365777175263815,45.865170740809916],[14.365813107875182,45.86558359642604],[14.364708180075713,45.8655773410608],[14.362453408712573,45.866296703450146],[14.361887470083579,45.86657819054675],[14.361114918939235,45.86671580594187],[14.360504064546033,45.86700980132647],[14.359623715567597,45.86712239489176],[14.361105935786394,45.86740387780725],[14.361447295594358,45.867854247507225],[14.361626958651183,45.868679915813324],[14.361465261900042,45.869574375971354],[14.361070003175028,45.870237393092964],[14.360872373812525,45.872195123908774],[14.359740496554533,45.874427978708894],[14.359965075375563,45.87567258432092],[14.358985911715871,45.87599780330437],[14.359003878021555,45.87619168294665],[14.358725400283475,45.87627924127305],[14.358491838309607,45.8766107108304],[14.358339124711305,45.87714230882239],[14.3575306409556,45.877917807360355],[14.357108432772062,45.87816796587032],[14.356425713156131,45.8792186193139],[14.355599263094742,45.88000659635928],[14.355545364177695,45.88035680479244],[14.355311802203824,45.880525654498314],[14.355275869592457,45.881313613007656],[14.353470255871377,45.88178888416584],[14.353820598832185,45.88224539079238],[14.353730767303771,45.882495529818875],[14.353380424342967,45.882708147105916],[14.35340737380149,45.882808202018275],[14.3528863509367,45.88279569516408],[14.352329395460545,45.88258307821209],[14.351853288359964,45.88305208511222],[14.352239563932136,45.88333974071874],[14.35106277090994,45.883583621479325],[14.350155472472975,45.88313963262839],[14.34920325827181,45.88323343338549],[14.349077494132032,45.88476548999947],[14.347406627703572,45.884665438612124],[14.345475249842714,45.88475923679302],[14.34273538822615,45.88432151059388],[14.34213351698579,45.88464042573714],[14.341396898452812,45.88467169182911],[14.340381802181756,45.88502812403386],[14.338845683045912,45.885234478475546],[14.334911062101469,45.88629125132913],[14.334434955000887,45.88657889016363],[14.332278998319,45.88699783971456],[14.330697963418947,45.8877044191122],[14.329772698676306,45.88854855085746],[14.328712686641044,45.88874863946446],[14.327446062090436,45.88880491425531],[14.326269269068238,45.88856105641651],[14.3250834928932,45.88913005637502],[14.324283992290333,45.88921759431283],[14.322873637294267,45.88988037707959],[14.322190917678336,45.88964277661978],[14.321301585547058,45.88881116700634],[14.320358354498733,45.88832345031303],[14.318939016349825,45.88824216378112],[14.318570707083333,45.88804207334967],[14.31792392007877,45.88801080915465],[14.317304082532726,45.88824216378112],[14.316765093362255,45.888742386706404],[14.316324918873036,45.88883617800337],[14.316082373746324,45.888773650489654],[14.31395336652296,45.8872667161199],[14.313549124645107,45.886703950061886],[14.313261663754188,45.88666017912952],[14.31260589359678,45.885941080302935],[14.311707578312662,45.885572147726734],[14.31004569503704,45.884165178972616],[14.309749250993281,45.883990087034526],[14.308940767237575,45.88394006066514],[14.308338895997212,45.88347731461275],[14.307530412241507,45.883852514410314],[14.307359732337524,45.883814994544586],[14.306829726319892,45.88312087245797],[14.306299720302261,45.882758174584616],[14.305473270240872,45.88242048822917],[14.305401405018142,45.88143243117835],[14.30552716915792,45.88036931219567],[14.306227855079534,45.879024750232695],[14.30681176001421,45.87849317024957],[14.306901591542623,45.87804288675613],[14.30516784304427,45.875059666447775],[14.285368974182276,45.84648894446774],[14.284919816540217,45.843466483486225],[14.284290995841333,45.84303468994078],[14.284255063229969,45.842846952571364],[14.283464545779944,45.84265295662408],[14.282323685369112,45.843491514893344],[14.282126056006605,45.84384195341032],[14.282215887535019,45.84511227452967],[14.28200029186683,45.84533129248054],[14.278802289455363,45.846745501917226],[14.278029738311021,45.8474963949696],[14.277688378503056,45.84825979251512],[14.27704159149849,45.84856014277587],[14.275271910388772,45.84889177763808],[14.27419393204783,45.84766534450948],[14.273259684152347,45.847145979473225],[14.272882391733015,45.84713972203359],[14.27254103192505,45.84725861326637],[14.271669666099456,45.84788435240857],[14.270825249732383,45.84822850593637],[14.269630490404504,45.84859768644443],[14.26869624250902,45.84871031729806],[14.267914708211835,45.84851634179718],[14.265632987390171,45.84760902805321],[14.264986200385604,45.84724609841173],[14.264078901948643,45.84747762276683],[14.263836356821933,45.8476403149804],[14.26359381169522,45.84830985100455],[14.263944154656027,45.84925469654219],[14.264833486787305,45.84973024186673],[14.267043342386238,45.8504247810221],[14.267510466333981,45.85073137662869],[14.267878775600469,45.851188138377466],[14.267726062002168,45.85150724367485],[14.26599231350382,45.85212042126395],[14.26419568293558,45.851181881392556],[14.26231820399177,45.850818975063],[14.261500737083221,45.85036846735962],[14.258311717824597,45.84708340504515],[14.257485267763208,45.84588821995715],[14.256865430217166,45.84526871601114],[14.256335424199534,45.84493080186001],[14.255598805666557,45.8447931325433],[14.255302361622796,45.84496834797816],[14.254835237675053,45.845725522619134],[14.25405370337787,45.84657029207983],[14.254035737072186,45.84675801688449],[14.25466455777107,45.84737750424504],[14.254844220827895,45.84784680825854],[14.254269299046058,45.84859142916809],[14.25373929302843,45.84873534634566],[14.253245219622162,45.84872908908482],[14.252266055962474,45.84854137093208],[14.251619268957906,45.848172190050256],[14.251035364023227,45.84730867265679],[14.250451459088552,45.84713346459324],[14.250163998197634,45.84722732612448],[14.248987205175435,45.848528856366045],[14.249068053551007,45.84909200905041],[14.249526194345908,45.849924213134315],[14.249400430206132,45.85027461112878],[14.24895127256407,45.850499865816715],[14.247855327917446,45.850737633664274],[14.245340045121912,45.85085651720689],[14.244998685313947,45.851056741546394],[14.244522578213362,45.851757521058346],[14.244702241270186,45.8521829900256],[14.245151398912245,45.852552144286456],[14.245645472318511,45.85276487613749],[14.247046844161739,45.85279616016459],[14.248933306258388,45.85245829174056],[14.250119082433425,45.85316531035549],[14.250361627560139,45.853534458096114],[14.249957385682285,45.85481707102864],[14.24955314380443,45.85532385139992],[14.248636862214632,45.855755549555],[14.247603799637893,45.85564293296807],[14.245366994580435,45.854704452541185],[14.244792072798598,45.854641886616264],[14.244315965698016,45.85474824864674],[14.243579347165038,45.85543021212606],[14.243408667261054,45.855348877471435],[14.243246970509913,45.85551154666174],[14.242833745479219,45.85547400766006],[14.242663065575236,45.85539892958067],[14.24277984656217,45.85520497740645],[14.242402554142839,45.855098616249514],[14.242645099269552,45.85491091959398],[14.242654082422394,45.85467316958753],[14.242402554142839,45.854541780990004],[14.242142042710446,45.85473573547725],[14.241692885068385,45.85448547149604],[14.24135152526042,45.854629373422846],[14.24118982850928,45.854529267774055],[14.241369491566104,45.85437285233706],[14.241225761120644,45.85434156919687],[14.241082030675186,45.85436033908309],[14.240363378447888,45.85517369473435],[14.239231501189897,45.85561790702889],[14.238054708167702,45.85499225488916],[14.237614533678483,45.85490466302788],[14.236150279765369,45.8539536567965],[14.234380598655653,45.85446044503597],[14.233167873022092,45.85499225488916],[14.231910231624324,45.85526754269785],[14.231730568567501,45.85523000353145],[14.231227512008392,45.85467316958753],[14.229062572173667,45.85437910896299],[14.228074425361134,45.85404125015567],[14.22722102584122,45.853934886773],[14.226816783963367,45.85417889658421],[14.226708986129273,45.85469819595187],[14.226196946417325,45.85546149465386],[14.225397445814458,45.85604960290121],[14.229951904304944,45.85853960932894],[14.229727325483914,45.858902465278895],[14.228128324278181,45.85959063385237],[14.226376609474148,45.86081054811867],[14.225379479508774,45.861805227633745],[14.224741675657052,45.8629250027754],[14.22383437722009,45.86318148440981],[14.222963011394494,45.863907133356044],[14.22097773461659,45.8645264297069],[14.220555526433053,45.86505188786718],[14.217555153384094,45.86513946374436],[14.216234629916439,45.86414484388228],[14.214698510780595,45.86396343330937],[14.213952909094775,45.86349426528944],[14.213440869382827,45.86408228857919],[14.212156278526535,45.86443885286397],[14.210745923530467,45.86530835968931],[14.2097937093293,45.865746235675395],[14.20828453965198,45.866252916440345],[14.20511348669904,45.86913653013999],[14.205248233991657,45.87001221835366],[14.203487536034782,45.87006225726345],[14.202822782724533,45.87054387946673],[14.202463456610886,45.87123815867511],[14.20166395600802,45.871100554476065],[14.201385478269943,45.87091291183743],[14.200936320627882,45.87082534505594],[14.20002003903808,45.871012987990206],[14.199148673212486,45.871012987990206],[14.199067824836915,45.87062519189446],[14.198034762260177,45.87085036415044],[14.197486789936864,45.87108179024071],[14.196238131691938,45.87230145236206],[14.196588474652746,45.87288312794731],[14.196705255639682,45.8734022526295],[14.195663209910101,45.874759459308805],[14.188494653942827,45.87275178237956],[14.17934082119765,45.869787042702114],[14.162569274843138,45.867722890055],[14.161644010100495,45.86786050261625],[14.159667716475434,45.86881752600529],[14.158841266414042,45.86890509595007],[14.15762854078048,45.870318705969076],[14.157053618998646,45.87070650420324],[14.15640683199408,45.870944185654544],[14.156290051007144,45.87124441340334],[14.156361916229873,45.87241403520853],[14.155786994448036,45.87285810976786],[14.15558038193269,45.872876873403506],[14.15492461177528,45.8725829090506],[14.152283564839971,45.872163850795566],[14.15198712079621,45.87178857206445],[14.151654744141087,45.87165722390992],[14.151088805512092,45.87164471454567],[14.148860983607475,45.87117561135415],[14.148474708035303,45.87081283550445],[14.147971651476198,45.87070650420324],[14.14770215689096,45.870118550983115],[14.146929605746617,45.86989337576235],[14.146309768200576,45.86951182677804],[14.14544738552782,45.869518081700534],[14.14528568877668,45.869092745367155],[14.144980261580077,45.86877374098117],[14.143758552793676,45.86823580786992],[14.143300411998775,45.868141981794075],[14.142779389133985,45.868254573066096],[14.141575646653264,45.868029390294],[14.141162421622571,45.86811696148043],[14.140524617770845,45.868454734764356],[14.138548324145784,45.86873621093303],[14.137901537141216,45.86894262588416],[14.137739840390076,45.86889884095858],[14.136257620171278,45.86729753998448],[14.13566473208376,45.866334235145395],[14.134730484188275,45.865746235675395],[14.134182511864962,45.864933034670344],[14.131397734484192,45.86492677923189],[14.130454503435864,45.86418237703035],[14.129340592483558,45.86361937714857],[14.129035165286956,45.86316271750106],[14.128541091880692,45.8629250027754],[14.128334479365344,45.862681031342134],[14.12837939512955,45.86218057376956],[14.128217698378409,45.86144239062707],[14.127948203793173,45.861016992500296],[14.127265484177242,45.860535287750785],[14.127193618954513,45.859965994938946],[14.126753444465294,45.85986589889697],[14.126394118351646,45.86004106685217],[14.125953943862427,45.86000353090823],[14.12544190415048,45.860141162578806],[14.124381892115217,45.859978506931526],[14.123474593678257,45.86036012135259],[14.123528492595304,45.86054779961525],[14.123097301258927,45.86061661481949],[14.122764924603803,45.8603976570558],[14.120528119546345,45.860572823335744],[14.119593871650862,45.85895251418961],[14.118857253117882,45.85869601304601],[14.117967920986603,45.85793275874177],[14.117060622549642,45.85765748412698],[14.117042656243962,45.8574697961083],[14.116413835545078,45.85740723329462],[14.11568620016494,45.857782609120825],[14.104753703157206,45.84678930429033],[14.107628312066389,45.84478687483899],[14.054367198870942,45.8329961100074],[14.070006867967464,45.81466665030862],[14.075136248239785,45.80846782434693],[14.071803498535703,45.79390726274814],[14.068982788543568,45.79970689292671],[14.06096083305638,45.79495324498555],[14.059586410671676,45.78659736587621],[14.058391651343797,45.77807107377026],[14.058571314400622,45.77713755040287],[14.059280983475077,45.77646715820908],[14.058804876374493,45.77606617211028],[14.059173185640983,45.774374480264584],[14.059550478060313,45.77424916771602],[14.059685225352931,45.773133873628666],[14.059209118252346,45.77316520241873],[14.059730141117136,45.770220219227845],[14.05946962968474,45.7682275679322],[14.058876741597222,45.766347642962145],[14.057394521378425,45.767036956140906],[14.056127896827816,45.76717481775451],[14.052292090564627,45.769029649969866],[14.04923781859862,45.76123392650937],[14.049570195253745,45.76114618708803],[14.048878492484972,45.76035652608706],[14.047548985864474,45.75699094078967],[14.047225592362192,45.757022278646794],[14.047611867934362,45.75543656099212],[14.048555098982689,45.75447758734428],[14.04931866697419,45.7539072095814],[14.049848672991821,45.75368783196648],[14.050459527385023,45.752829117008254],[14.051887848686773,45.75210201956025],[14.051609370948695,45.751851294105926],[14.051106314389589,45.75177607624999],[14.050989533402653,45.751656981104105],[14.050845802957193,45.75170085829269],[14.050486476843547,45.75115552507054],[14.051591404643013,45.751149256841614],[14.051986663368025,45.75079196662892],[14.052354972634514,45.75066033281611],[14.05224717480042,45.750522430393524],[14.05255260199702,45.74962605634156],[14.052992776486239,45.74939412504681],[14.05253463569134,45.749174729691816],[14.053289220529997,45.74888011171568],[14.053684479255011,45.748836232309586],[14.054061771674343,45.74859802921747],[14.054295333648215,45.747958636943864],[14.054843305971525,45.747632669436626],[14.055948233770991,45.748015054203776],[14.056415357718734,45.74731923734609],[14.056586037622717,45.74672998025135],[14.058005375771625,45.74660460559888],[14.058292836662543,45.74722520737572],[14.05886775844438,45.747162520640835],[14.059379798156328,45.74688669817096],[14.060026585160896,45.74723147604535],[14.06015234930067,45.747996248456815],[14.060592523789891,45.74784580225292],[14.061014731973426,45.74731923734609],[14.06389832403545,45.74684281719782],[14.067320905267946,45.746617143076804],[14.068551597207188,45.74634131791211],[14.0701236489544,45.74615325451841],[14.070851284334536,45.746184598461355],[14.072279605636286,45.746034147374694],[14.074965568335802,45.74548248992108],[14.07540574282502,45.74506247434078],[14.077022710336436,45.74513770124419],[14.078657644153534,45.74502486085105],[14.081020213350769,45.74449826933394],[14.0812447921718,45.744203626675024],[14.08178378134227,45.74386509914716],[14.081738865578064,45.743626874841446],[14.082188023220123,45.74300623306044],[14.082547349333773,45.7431128084024],[14.083598378216191,45.74241066122788],[14.084083468469617,45.74244827647895],[14.08434397990201,45.74190285285795],[14.084739238627023,45.74154550345851],[14.08449669350031,45.741087842115334],[14.085188396269082,45.74085587534442],[14.085520772924207,45.74054240520392],[14.086401121902645,45.74034178339038],[14.086697565946402,45.74054240520392],[14.087020959448687,45.73998442399937],[14.087245538269716,45.74002831036356],[14.08734435295097,45.73993426811233],[14.087227571964034,45.73952674985997],[14.08734435295097,45.73942643721859],[14.087137740435622,45.73918819397304],[14.092249154402264,45.736460863343616],[14.091512535869285,45.73549529367588],[14.089635056925475,45.736116018950305],[14.085951964260586,45.734040637719836],[14.089185899283416,45.73359545526436],[14.089509292785698,45.73338853826714],[14.08750604970211,45.73103088441062],[14.087964190497011,45.73009030323822],[14.087452150785063,45.72891768986103],[14.08786537581576,45.72870448478395],[14.088368432374866,45.729607465417224],[14.090955580393128,45.73224734590303],[14.092222204943738,45.731432194223295],[14.089922517816394,45.72856025735856],[14.090847782559035,45.72795826060537],[14.091728131537474,45.72796453143832],[14.09268034573864,45.728190280955744],[14.093911037677882,45.72779521870152],[14.09455782468245,45.72817773933982],[14.094746470892115,45.72788928139644],[14.095339358979633,45.72806486466981],[14.09553698834214,45.7278328437985],[14.09704615801946,45.72975796077021],[14.097764810246755,45.728811087424205],[14.098887704351906,45.72855398659248],[14.099399744063854,45.72872329702936],[14.09996568269285,45.72872329702936],[14.10041484033491,45.72857279888859],[14.101151458867887,45.72866686027408],[14.1015467175929,45.72887379476463],[14.101941976317912,45.72862296498057],[14.101717397496882,45.728579069652554],[14.101816212178136,45.72824044739125],[14.101385020841759,45.72812130203332],[14.100253143583767,45.72834705091715],[14.099956699540009,45.72821536417913],[14.09929194622976,45.728146385287694],[14.099345845146807,45.72773251015026],[14.099642289190566,45.72748794612763],[14.09975008702466,45.72713050447615],[14.100316025653655,45.72669780889043],[14.1009358631997,45.72695491826574],[14.101367054536075,45.726948647319446],[14.10132213877187,45.726622557142086],[14.10109755995084,45.72665391204954],[14.100522638169004,45.726095792065145],[14.099875851164436,45.72604562370351],[14.100253143583767,45.725424786499644],[14.10147485237017,45.724885467772815],[14.101834178483818,45.72460326403842],[14.101789262719613,45.724277160169876],[14.101115526256521,45.72363748936015],[14.098797872823493,45.72478512883058],[14.098995502186,45.724954450691065],[14.098429563557005,45.72505478932918],[14.098339732028592,45.72467224730514],[14.09862719291951,45.72437122878886],[14.09846549616837,45.72414546383722],[14.098187018430293,45.72412665005005],[14.097845658622328,45.72378800079785],[14.09755819773141,45.72367511725759],[14.097279719993331,45.72370020250847],[14.097800742858121,45.72408902245674],[14.097890574386533,45.72432733011971],[14.097468366202998,45.72435868631548],[14.097010225408097,45.72416427761803],[14.097135989547875,45.72500462003264],[14.096947343338208,45.72491055248022],[14.09674073082286,45.724954450691065],[14.096794629739907,45.725148856638725],[14.09643530362626,45.72497953536749],[14.095321392673952,45.72489173895072],[14.094467993154039,45.724966993030684],[14.093650526245488,45.7244339411135],[14.093300183284683,45.724346143839284],[14.09283305933694,45.724703603307304],[14.091835929371568,45.72319222398277],[14.092213221790896,45.72307933923869],[14.092653396280117,45.723116967512055],[14.092958823476716,45.72338036471603],[14.093452896882981,45.72343680681245],[14.095285460062586,45.723292565786025],[14.0959861459842,45.72298526844439],[14.099543474509312,45.722997811226115],[14.100010598457056,45.72189403565476],[14.100702301225828,45.721881492625236],[14.100980778963905,45.721699618380605],[14.100837048518445,45.72195675076018],[14.1009358631997,45.722019465795185],[14.10050467186332,45.722169981592],[14.100585520238893,45.7223769401505],[14.101034677880952,45.72255881219023],[14.101456886064486,45.72236439722937],[14.101663498579835,45.722452197618054],[14.101744346955405,45.722307954049505],[14.102022824693481,45.72223896786333],[14.101932993165072,45.72280339779293],[14.102400117112813,45.72259016937862],[14.103361314466822,45.722841026252155],[14.103415213383869,45.722464740519456],[14.102822325296348,45.72218252455676],[14.103118769340108,45.721881492625236],[14.102822325296348,45.721843863519744],[14.102696561156574,45.721699618380605],[14.102795375837825,45.72156791597179],[14.102355201348608,45.721191621664495],[14.101690448038358,45.721191621664495],[14.101411970300282,45.721580459071724],[14.10132213877187,45.721248065972155],[14.101070610492316,45.72125433755837],[14.100765183295717,45.72156164442077],[14.100531621321846,45.72156164442077],[14.100585520238893,45.72142994168673],[14.100477722404799,45.721411126985075],[14.100325008806497,45.72155537286905],[14.10027110988945,45.72131705338185],[14.102723510615096,45.715703708372764],[14.103208600868522,45.71412308937621],[14.104502174877654,45.71103071737314],[14.102921139977603,45.70843374542294],[14.10019924466672,45.70469489758556],[14.09959737342636,45.70467607724913],[14.097890574386533,45.70512776357458],[14.097603113495614,45.705253231350625],[14.097252770534807,45.70568609301637],[14.09650716884899,45.70601230539026],[14.09372239146822,45.706426341431126],[14.092994756088082,45.70677136912261],[14.092554581598863,45.706852920811265],[14.09141372118803,45.70693447238092],[14.09049743959823,45.7053034183822],[14.087218588811192,45.70609385818629],[14.087964190497011,45.7076621580429],[14.08734435295097,45.7077562546351],[14.086634683876516,45.708069908798414],[14.086535869195261,45.707925628101876],[14.085655520216825,45.70773743532933],[14.0856285707583,45.70763079247696],[14.085565688688412,45.70771234291179],[14.08539500878443,45.707473964383304],[14.08570043598103,45.707467691250415],[14.085619587605459,45.70732340899944],[14.085359076173065,45.70732968214853],[14.08531416040886,45.70720421903297],[14.0850177163651,45.70711012151149],[14.085242295186129,45.70679646196257],[14.085987896871949,45.70645143442595],[14.085754334898079,45.70598093889856],[14.085781284356603,45.70569863968134],[14.084712289168499,45.70567354634859],[14.08449669350031,45.70529087162853],[14.084011603246887,45.70586174606963],[14.083634310827556,45.70596839229697],[14.08328396786675,45.70559826628277],[14.082789894460483,45.70534733199787],[14.082718029237755,45.705033662557746],[14.082996506975832,45.704732538239405],[14.083804990731538,45.70487055375332],[14.084155333692344,45.70460706929472],[14.083337866783797,45.703810334924405],[14.083104304809925,45.703741325901305],[14.082852776530371,45.70390443800044],[14.082556332486611,45.70379778783563],[14.082682096626389,45.703590760464294],[14.08239463573547,45.703446468206664],[14.082484467263884,45.7031139672386],[14.081918528634889,45.70289439004345],[14.082143107455918,45.702612075239614],[14.081604118285446,45.70250542260939],[14.081460387839988,45.70283165354357],[14.081307674241685,45.70214154739856],[14.080544106250185,45.70127576582427],[14.080229695900742,45.701256944336805],[14.080103931760966,45.70138869461603],[14.079852403481413,45.70204116761328],[14.0800679991496,45.702329759010176],[14.080615971472916,45.70230466416523],[14.08050817363882,45.702699906664684],[14.080166813830855,45.702819106235154],[14.080247662206425,45.70327080756427],[14.080112914913808,45.70350920401662],[14.07982545402289,45.70317042980653],[14.079618841507541,45.70321434509772],[14.079466127909242,45.70306377824145],[14.07937629638083,45.703126514480836],[14.079169683865482,45.70303868372599],[14.078756458834786,45.70326453395969],[14.078639677847853,45.703465288957034],[14.078307301192726,45.703521751170165],[14.077983907690443,45.70376642010138],[14.078208486511475,45.69836463380123],[14.078370183262615,45.69836463380123],[14.078226452817157,45.69827052140066],[14.07833425065125,45.69497021305256],[14.071587902867513,45.68845059054171],[14.072144858343668,45.68828115807364],[14.073025207322104,45.68820585458976],[14.074219966649983,45.68829998392877],[14.074264882414191,45.688130551004505],[14.072072993120937,45.68216869547307],[14.072270622483444,45.68204945188164],[14.071947228981161,45.681892552032025],[14.071300441976595,45.68019172942559],[14.072638931749932,45.67968335543666],[14.075657271104575,45.677951083456975],[14.079744605647319,45.67813937648738],[14.080777668224057,45.67803267718128],[14.08171191611954,45.677794172114304],[14.083005490128674,45.67783183087667],[14.083903805412792,45.67265351320684],[14.08472127232134,45.672622128002544],[14.083984653788361,45.67050672466253],[14.084227198915075,45.67029329673991],[14.0848650027668,45.67028074213086],[14.084541609264516,45.66945840910637],[14.08396668748268,45.66947724129553],[14.08329295101959,45.667920425602745],[14.082861759683214,45.66771954300448],[14.082664130320708,45.6670478365811],[14.08336481624232,45.66682811777722],[14.082475484111042,45.66670884149395],[14.082331753665581,45.66655817635181],[14.083706176050285,45.66641378854341],[14.084074485316776,45.66647028816496],[14.084784154391228,45.66679672930626],[14.084200249456552,45.66604967850323],[14.083239052102542,45.66553489819843],[14.082727012390594,45.66508289207646],[14.082223955831488,45.664894555115154],[14.08192751178773,45.66454926904043],[14.082906675447418,45.6643295404295],[14.082727012390594,45.664109810956134],[14.082403618888312,45.6641914248612],[14.081945478093411,45.66402191892531],[14.0820083601633,45.66353851028921],[14.082852776530371,45.66360756892136],[14.083221085796861,45.66320577204937],[14.084056519011092,45.66295464754001],[14.08419126630371,45.6625967931679],[14.084523642958835,45.66237705689365],[14.084972800600895,45.662803972293716],[14.085565688688412,45.66252145511389],[14.086607734417992,45.6624272824038],[14.086589768112308,45.66225149292115],[14.086383155596963,45.66215104154038],[14.086365189291278,45.66176806899782],[14.084802120696912,45.66110884782995],[14.084137367386663,45.65984688851481],[14.083032439587196,45.6588360448657],[14.083032439587196,45.65812655985268],[14.08223293898433,45.65759914923911],[14.081747848730906,45.65683941807592],[14.081460387839988,45.65623036994769],[14.081514286757034,45.655928982856885],[14.082448534652517,45.65538899359592],[14.081478354145668,45.65516922903381],[14.079888336092777,45.65511271800701],[14.079340363769465,45.65475481351302],[14.078963071350135,45.654208533822654],[14.079016970267181,45.65400132289095],[14.07846899794387,45.65393853154816],[14.078388149568298,45.6538003903462],[14.07847798109671,45.652977815224524],[14.077777295175098,45.65278315827524],[14.078037806607492,45.65193545076869],[14.078837307210359,45.65109400988824],[14.078594762083645,45.65071096171812],[14.07862171154217,45.65040326538901],[14.078927138738768,45.650365588171326],[14.079645790966065,45.65052885593159],[14.080391392651885,45.65023371770982],[14.0820083601633,45.650685843713795],[14.08291565860026,45.650321631385324],[14.083400748853686,45.64994485751875],[14.08395770432984,45.648732884392665],[14.084370929360533,45.64829330216683],[14.08689519530891,45.647583683580024],[14.087479100243588,45.64722573097033],[14.088116904095312,45.64618325946199],[14.09003929880333,45.64398521379168],[14.090407608069818,45.64375284392313],[14.09118015921416,45.64377168475919],[14.091880845135773,45.643463950310114],[14.092330002777832,45.64301176601203],[14.091701182078948,45.64223299560989],[14.091961693511346,45.641253236824554],[14.091755080995995,45.640857560150586],[14.091602367397696,45.63969563630658],[14.092491699528974,45.638910538987425],[14.09259051421023,45.63798725046497],[14.091961693511346,45.636486089031415],[14.092015592428393,45.63586425724407],[14.092482716376134,45.635455980095806],[14.09320136860343,45.635085387493525],[14.093542728411395,45.634997449906116],[14.094638673058022,45.63511051249316],[14.095572920953504,45.6348090117541],[14.096552084613196,45.634124347801695],[14.096623949835925,45.633401986857244],[14.09755819773141,45.632566549110415],[14.097360568368904,45.63134163666557],[14.095653769329076,45.6312222847909],[14.09442307738983,45.62955133185882],[14.094162565957436,45.629375439178645],[14.093839172455155,45.62934402971338],[14.0929767897824,45.62863417110472],[14.09171016523179,45.62823840532232],[14.090704052113576,45.62823840532232],[14.09041659122266,45.628320071506224],[14.090344725999929,45.62855250537844],[14.090093197720376,45.62849596749823],[14.088009106261218,45.62709506625426],[14.089024202532272,45.62621555879426],[14.089877602052185,45.62516013162716],[14.091593384244854,45.62468266995223],[14.09424341433301,45.62333821654727],[14.095042914935872,45.623137174014644],[14.096704798211494,45.62294869598554],[14.097728877635392,45.62260315128649],[14.099103300020095,45.62245236747765],[14.09973212071898,45.62213823324007],[14.100405857182068,45.622119385129835],[14.10206774045769,45.62079371881526],[14.101411970300282,45.62036648318218],[14.100971795811063,45.619750755513664],[14.101456886064486,45.61826167187649],[14.101241290396299,45.61745742460474],[14.101304172466186,45.616112797933226],[14.10117840832641,45.615836328640086],[14.100603486544573,45.61544047250645],[14.100720267531509,45.614699020166135],[14.100603486544573,45.613756481853265],[14.100855014824127,45.61326007197331],[14.1015467175929,45.61273852268255],[14.101915026859388,45.611645138547914],[14.10275046007362,45.61057058509605],[14.102894190519079,45.60936404440467],[14.102786392684985,45.60883617469081],[14.103172668257155,45.60835857400235],[14.103630809052056,45.60812605640588],[14.105777782581102,45.60764844967099],[14.106945592450458,45.607139416963655],[14.107691194136278,45.60706400431785],[14.107727126747642,45.606831481355066],[14.107367800633993,45.606517259603756],[14.107367800633993,45.606360148068056],[14.1077181435948,45.60606477718966],[14.108311031682321,45.60603963917075],[14.109056633368137,45.60629101885294],[14.109406976328945,45.60628473437461],[14.110736482949443,45.60575683568178],[14.11095207861763,45.60559343746053],[14.111212590050025,45.60483300101549],[14.112003107500051,45.60433651215462],[14.114033300042161,45.60391543587969],[14.115174160452993,45.60397199854815],[14.115452638191071,45.603884012150345],[14.117428931816132,45.604198248651656],[14.118192499807632,45.603689184635606],[14.11854284276844,45.603217824946434],[14.11996218091735,45.602740176421534],[14.120402355406569,45.602432216663765],[14.120465237476456,45.602237384107255],[14.120078961904285,45.60163402738223],[14.119477090663926,45.60172201730876],[14.11920759607869,45.60164659738018],[14.119036916174707,45.60130092141031],[14.118381146017299,45.60110608492515],[14.117357066593403,45.6001381775179],[14.1159826442087,45.599553653919244],[14.115335857204135,45.599094830054405],[14.114141097876255,45.597127501636564],[14.113745839151242,45.59592695743619],[14.112398366225065,45.59395323209151],[14.111823444443228,45.59340635960321],[14.110089695944875,45.592205735793065],[14.109236296424962,45.591237674855236],[14.107951705568672,45.59053362004908],[14.107322884869788,45.59057762373321],[14.107026440826028,45.58960324836616],[14.106460502197033,45.58893060517937],[14.104996248283918,45.58794991468815],[14.103765556344676,45.58839625671572],[14.101349088230393,45.58899975578528],[14.101115526256521,45.58894317802315],[14.100684334920144,45.588352251321425],[14.100720267531509,45.587679593142965],[14.10019026151388,45.58702578681459],[14.098806855976335,45.586334252603486],[14.09878888967065,45.58576844554871],[14.098591260308147,45.58535351675066],[14.096875478115477,45.58408356409895],[14.10125027354914,45.583417141808305],[14.09952550820363,45.58256209784925],[14.09907635056157,45.581883083075546],[14.098959569574633,45.58159387058553],[14.099166182089983,45.581191485512406],[14.098950586421795,45.5804873046951],[14.098636176072352,45.579934013571396],[14.097989389067784,45.57786541095994],[14.09750429881436,45.57724921672737],[14.097288703146173,45.57628718568178],[14.096983275949572,45.575771580559895],[14.097441416744473,45.57543203313817],[14.097441416744473,45.57518051520583],[14.097827692316644,45.57464603585923],[14.098366681487116,45.57428761744801],[14.098375664639958,45.57407382292053],[14.098815839129177,45.5736902483459],[14.098941603268953,45.57278475043332],[14.099121266325778,45.57264012094233],[14.098977535880318,45.57224395999447],[14.099399744063854,45.571344727155186],[14.09989381747012,45.570803922850295],[14.099884834317278,45.570640422849266],[14.099408727216694,45.57019393965274],[14.09966923864909,45.569671990007755],[14.099345845146807,45.56925065362384],[14.099273979924078,45.56806837943106],[14.09907635056157,45.56787342757312],[14.098968552727476,45.567275990246166],[14.098196001583133,45.56643956731323],[14.101034677880952,45.56558426481862],[14.102921139977603,45.56489246651005],[14.103406230231027,45.5646220339461],[14.103819455261723,45.564056008086695],[14.104088949846957,45.56260318227686],[14.104547090641859,45.56288620323833],[14.106191007611798,45.563420794497745],[14.109874100276688,45.56633265521358],[14.110466988364207,45.56694896922886],[14.111023943840362,45.56802435810293],[14.11132937103696,45.56828848555425],[14.112676843963142,45.56820044320847],[14.113467361413166,45.56828848555425],[14.114805851186503,45.56717536859747],[14.116916892104184,45.5662194539451],[14.118102668279223,45.56600562870447],[14.11845301124003,45.56617543116798],[14.120689816297485,45.56656534599349],[14.121210839162275,45.566150275279846],[14.122621194158341,45.565590553855074],[14.123070351800402,45.56551508537113],[14.121291687537846,45.56335790167242],[14.120815580437263,45.562596892905965],[14.119018949869025,45.562024557207415],[14.118758438436629,45.56181700545859],[14.118174533501952,45.560684891513326],[14.11847996069855,45.56004335015161],[14.118470977545712,45.559546465043525],[14.117824190541146,45.55860300021406],[14.117788257929782,45.557382762207524],[14.117069605702484,45.556590222297665],[14.116548582837694,45.55492962624041],[14.116620448060425,45.553967212883],[14.117042656243962,45.55323752902562],[14.117743342165573,45.550991804604664],[14.11755469595591,45.5500356145892],[14.116898925798502,45.549444278412686],[14.117060622549642,45.549230389327406],[14.116970791021231,45.548764863210586],[14.114823817492187,45.54736826172674],[14.114689070199567,45.54688384680067],[14.114221946251824,45.5461918182362],[14.1131260016052,45.5457828882618],[14.112533113517681,45.5461918182362],[14.111850393901749,45.54635538939303],[14.11123953950855,45.54624214787361],[14.109514774163038,45.545329916202206],[14.107286952258423,45.54337957814553],[14.106801862004998,45.54249875813473],[14.10643355273851,45.541643091195624],[14.106487451655557,45.54119637754605],[14.106029310860656,45.54093212273043],[14.105858630956673,45.54048540343197],[14.106325754904416,45.540038680584196],[14.10576879942826,45.539642289733216],[14.105481338537341,45.53961083002217],[14.105571170065755,45.539541618595926],[14.105427439620295,45.53938431958304],[14.105975411943609,45.538125911638055],[14.108679340948807,45.534212082934005],[14.108131368625497,45.53287804691897],[14.107224070188536,45.53179569256047],[14.106101176083387,45.52998962466753],[14.107385766939677,45.52818349877908],[14.106568300031126,45.52720174748603],[14.105867614109515,45.52552140262769],[14.104672854781636,45.52357037746179],[14.10101671157527,45.52065630097427],[14.096255640569435,45.51918347055778],[14.09538427474384,45.51213349195271],[14.098169052124609,45.513889774584946],[14.109236296424962,45.51257414149122],[14.109559689927247,45.512448241975136],[14.114599238671156,45.505120404949366],[14.114599238671156,45.50493153055984],[14.115578402330847,45.5039115979062],[14.116638414366108,45.50378567901318],[14.116854010034295,45.50357791222393],[14.120168793432699,45.5025453628669],[14.122333733267425,45.50483709312745],[14.123537475748144,45.50730500599964],[14.129511272387541,45.50957765659328],[14.127966170098855,45.50234388761355],[14.130535351811437,45.49726269520223],[14.131397734484192,45.49519104899799],[14.136437283228101,45.48558743823041],[14.13003229525233,45.48743271807144],[14.130472469741548,45.48545518035721],[14.132466729672293,45.484264845525225],[14.132233167698422,45.48353425719371],[14.131550448082491,45.48271548314963],[14.131810959514885,45.481732938589346],[14.13168519537511,45.481399121473615],[14.131307902955779,45.48124795835552],[14.130966543147814,45.48080706361117],[14.131487566012602,45.48042915108426],[14.131550448082491,45.479704811655836],[14.123007469730515,45.476706577243],[14.123501543136781,45.47626564696191],[14.130849762160878,45.47374597916868],[14.131191121968843,45.47351290420536],[14.138862734495223,45.471270295842956],[14.141701410793042,45.471081307915334],[14.141925989614071,45.47094901598896],[14.148555556410873,45.47100571256686],[14.155607331391211,45.4759947880786],[14.159236525139054,45.476744371106555],[14.164770147289232,45.47603258241955],[14.166315249577917,45.47609557293146],[14.16904612804164,45.47537117779335],[14.169773763421777,45.47556015133581],[14.170142072688266,45.47547196376152],[14.17137276462751,45.47549716022541],[14.171552427684334,45.475629441475945],[14.172324978828675,45.475320784741655],[14.173061597361654,45.475440468165836],[14.177876567284535,45.47515070785951],[14.182359160552293,45.4743129142446],[14.183877313382453,45.47385306734215],[14.185979371147294,45.47344361146281],[14.18828804142748,45.47265618794884],[14.191477060686104,45.470621434644336],[14.194926591377124,45.47031905017482],[14.196831019779458,45.469745775164796],[14.198546801972125,45.4689331005987],[14.199912241203986,45.46845431009792],[14.212767132919739,45.46498925762788],[14.21159932305038,45.47414283432067],[14.214267319444216,45.47545936552536],[14.2112759295481,45.477764795840905],[14.215354280938001,45.48476239594822],[14.217043113672146,45.48429633618857],[14.216836501156799,45.484699415124936],[14.21722277672897,45.48537960429025],[14.217195827270448,45.485770079544835],[14.218067193096042,45.48674625583989],[14.218264822458549,45.48743271807144],[14.218830761087544,45.48833329344999],[14.21896550838016,45.48834588880773],[14.219270935576763,45.48777909492099],[14.220708240031355,45.4877664994365],[14.22473269250421,45.4890386291463],[14.226843733421891,45.49220623323284],[14.22803849274977,45.49706120104501],[14.235692138970467,45.500486503660916],[14.239563877845022,45.50123576083216],[14.240174732238225,45.501216872118434],[14.241926447042257,45.50143724005104],[14.245115466300883,45.50076354108769],[14.246220394100348,45.50065020775967],[14.246624635978202,45.5010216883721],[14.24719955776004,45.500870577910234],[14.247379220816864,45.50121057587911],[14.248017024668588,45.501254649539554],[14.248547030686218,45.500801318813],[14.249705857402732,45.50092724438097],[14.250415526477186,45.49921463252556],[14.250747903132309,45.49893758747753],[14.250873667272087,45.49923981837142],[14.251215027080052,45.49945389760641],[14.251322824914146,45.49940982253633],[14.250927566189134,45.49901944183814],[14.251143161857323,45.49839608640223],[14.251574353193702,45.49815681682635],[14.252499617936344,45.49716824490581],[14.252742163063056,45.4970926845546],[14.25314640494091,45.496374856161246],[14.254368113727313,45.494920281096675],[14.254700490382437,45.493490856877386],[14.25457472624266,45.49324526932847],[14.25600304754441,45.49300597786607],[14.25735052047059,45.49260925556986],[14.257889509641062,45.491828397172604],[14.258428498811533,45.491664667425965],[14.25955139291668,45.49068227895061],[14.259865803266125,45.4905626279016],[14.261285141415033,45.48842146089505],[14.261294124567875,45.488207339717654],[14.261518703388905,45.48811917193743],[14.261833113738346,45.48765313994941],[14.261698366445726,45.48763424667938],[14.261590568611632,45.487243784346674],[14.262057692559376,45.487130423807635],[14.262417018673023,45.486557319812675],[14.262821260550878,45.48667697937015],[14.263539912778173,45.48598420998696],[14.263396182332713,45.48573229173526],[14.263845339974775,45.48567560997338],[14.266863679329415,45.482759571285904],[14.268076404962976,45.48066219744212],[14.267627247320917,45.48057401785251],[14.267501483181139,45.48018350658247],[14.267815893530583,45.47990006928808],[14.268974720247096,45.479547345330495],[14.269235231679492,45.47915052823883],[14.268992686552778,45.47902455397454],[14.269334046360743,45.47845766629978],[14.27268476237051,45.47789707176831],[14.275712084877991,45.48120386903634],[14.277778210031467,45.48156288106055],[14.278963986206504,45.48241946191263],[14.279404160695723,45.48341459096053],[14.279610773211072,45.483540555409476],[14.279619756363914,45.483981428762824],[14.280967229290091,45.484932443819396],[14.281137909194074,45.48486946318621],[14.281380454320788,45.484995424382156],[14.281721814128753,45.48483797284322],[14.282368601133317,45.484932443819396],[14.284084383325986,45.485946422321014],[14.28470422087203,45.486021997627525],[14.285656435073195,45.48599050792881],[14.285827114977177,45.48583935712988],[14.286797295484027,45.4860156996892],[14.28765069500394,45.485071000964524],[14.291306838210309,45.485996805869966],[14.295798414630903,45.48046694245102],[14.3046288538738,45.47755693304187],[14.311042825002414,45.475831012308255],[14.321490231756723,45.47879150084308],[14.32454450372273,45.468737804964505],[14.327293348492134,45.46617369952292],[14.331416615646244,45.46441592841042],[14.332880869559359,45.46795031570339],[14.33687837257369,45.47016155762109],[14.338360592792487,45.47157267520902],[14.341316050077241,45.47322943335628],[14.34319352902105,45.475289289061465],[14.343472006759127,45.475446767286385],[14.34341810784208,45.47513810955154],[14.343543871981858,45.47502472465294],[14.344154726375058,45.47494913459378],[14.344523035641549,45.475112912927116],[14.344280490514835,45.47566723606193],[14.344091844305169,45.475799516913234],[14.346175935764329,45.47639792640851],[14.346562211336499,45.47605147958051],[14.346822722768893,45.476001087137185],[14.347514425537666,45.47654910253868],[14.347424594009254,45.47677586597349],[14.34776595381722,45.47686405150725],[14.351395147565063,45.47968591572003],[14.355248920133935,45.48117867512418],[14.365696326888246,45.47957883863077],[14.365777175263815,45.47993786100972],[14.365974804626322,45.47996305547671],[14.366388029657015,45.480296881100976],[14.366765322076347,45.480340971129905],[14.366675490547934,45.480718884248276],[14.366828204146236,45.48073777983766],[14.36783431726445,45.479988249932454],[14.367780418347403,45.47984338165811],[14.368076862391161,45.47936468384179],[14.379575298027891,45.482721781456924],[14.383914160850189,45.48369801057459],[14.391756453280552,45.489227556850906],[14.39309494305389,45.48925904474007],[14.393418336556174,45.489567625122284],[14.39430766868745,45.48966208816661],[14.394711910565304,45.489958071346315],[14.395089202984636,45.48994547634908],[14.39550242801533,45.49017848334207],[14.39570904053068,45.489958071346315],[14.396382776993768,45.48985101378001],[14.397110412373904,45.48944167415006],[14.398350087465989,45.48932202046557],[14.398898059789301,45.489410186362996],[14.399922139213198,45.49020367322952],[14.401431308890519,45.49180950530306],[14.404835923817332,45.49604742262709],[14.403093192166141,45.49816940998728],[14.40264403452408,45.49836460362139],[14.404692193371872,45.49844016226583],[14.405356946682122,45.49898166291726],[14.406964931040696,45.49987575724594],[14.407450021294121,45.499882053634536],[14.408752578456093,45.50042983674659],[14.409965304089653,45.50031650274688],[14.410486326954443,45.50061242993297],[14.410908535137981,45.500662800362946],[14.41151040637834,45.500599837318454],[14.412507536343714,45.50023465027185],[14.413019576055662,45.50051798525534],[14.41317228965396,45.50133020430578],[14.413971790256829,45.50115390969355],[14.415184515890388,45.50171427279974],[14.415471976781307,45.502350183726136],[14.41585825235348,45.5025453628669],[14.4172147084325,45.50274054133103],[14.419137103140516,45.503351256670264],[14.419694058616669,45.50377308710838],[14.419586260782575,45.50411936346397],[14.420421693996806,45.50559258815073],[14.423170538766213,45.50544778572337],[14.424140719273062,45.505302982923524],[14.424751573666262,45.50492523473596],[14.426449389553248,45.50474265553664],[14.426898547195307,45.50533446182474],[14.427248890156115,45.50547296878097],[14.431336224698859,45.50420750619622],[14.431470971991475,45.50400603689115],[14.431390123615905,45.50338273666284],[14.431614702436935,45.5029420151649],[14.432414203039801,45.50253277068469],[14.437193240351318,45.50530927870518],[14.437678330604742,45.505359644933044],[14.437902909425771,45.50505744688993],[14.440355310151418,45.50481190978539],[14.440777518334952,45.50536594070836],[14.440310394387213,45.506014401794545],[14.441630917854868,45.506272525002764],[14.442538216291828,45.506952453642114],[14.445008583323158,45.51042751620589],[14.446427921472067,45.51203906660273],[14.447748444939723,45.5125678465221],[14.449751688023307,45.51257414149122],[14.450470340250606,45.51276928518458],[14.452563414862603,45.513499494292056],[14.453614443745021,45.51412897729765],[14.455339209090532,45.51471439017389],[14.455878198261003,45.51500394697995],[14.457935340261637,45.51534385959033],[14.459561290925892,45.51541939544715],[14.4602170610833,45.51563341315753],[14.462579630280535,45.51677272903333],[14.463549810787384,45.51731405335463],[14.46479846903231,45.518730284211735],[14.465651868552223,45.519044997339286],[14.467412566509099,45.52031012635085],[14.468292915487536,45.52051783138048],[14.469011567714832,45.52115982389712],[14.469703270483604,45.52157522691613],[14.471185490702402,45.52209762332867],[14.472658727768357,45.52318016430897],[14.473215683244511,45.523343802412256],[14.474167897445676,45.524615128385335],[14.474455358336595,45.52475358789504],[14.474832650755925,45.525257074148506],[14.475901645944026,45.52605005585997],[14.476207073140628,45.52642136885051],[14.477410815621349,45.52695630698545],[14.47824624883558,45.52800728827026],[14.480851363159525,45.52956169764396],[14.481983240417517,45.52968126581654],[14.48283663993743,45.52964980053261],[14.48388766881985,45.53007772688588],[14.486447867379592,45.5304490132898],[14.487813306611454,45.53107201378288],[14.487804323458612,45.531411829325044],[14.488046868585322,45.53157544348346],[14.489574004568325,45.532053697525136],[14.490041128516069,45.532078868677836],[14.490696898673477,45.53239979988724],[14.492170135739432,45.53272702197988],[14.492655225992856,45.532720729265286],[14.49319421516333,45.53257599663523],[14.493751170639483,45.53262633846184],[14.49545796967931,45.53372755464467],[14.49591611047421,45.53515595722477],[14.496598830090143,45.535936214677356],[14.497101886649249,45.53622566226967],[14.497524094832784,45.53700590488001],[14.49890750037033,45.53859781791785],[14.499644118903307,45.54013305894635],[14.50011124285105,45.54042877678855],[14.50065921517436,45.5412152528425],[14.501027524440852,45.5423855088464],[14.501368884248818,45.54278188035747],[14.502994834913073,45.54408422421809],[14.505007061149499,45.544883231846924],[14.505096892677912,45.545172633383366],[14.504881297009725,45.54542428568228],[14.502545677271012,45.54732422417868],[14.502500761506807,45.54755699368474],[14.503740436598893,45.548148349716456],[14.503902133350033,45.54839998869406],[14.50327331265115,45.55029982661464],[14.502707374022155,45.551287465329956],[14.502887037078978,45.55190394439292],[14.502707374022155,45.552495254691515],[14.502779239244884,45.55297333081008],[14.503219413734103,45.553759631370575],[14.503174497969896,45.55397350321989],[14.501611429375528,45.55620652832558],[14.501584479917005,45.55659651234095],[14.502249233227253,45.55724438302873],[14.502617542493743,45.55842059518626],[14.50259957618806,45.55871621683004],[14.501638378834052,45.559791763304304],[14.501683294598259,45.560074798428325],[14.502249233227253,45.56054652046667],[14.50304873383012,45.56091131612737],[14.503390093638085,45.56120063513961],[14.50357873984775,45.561747821371945],[14.504000948031285,45.56199311002203],[14.504189594240952,45.5622950022751],[14.505159774747801,45.56265349721867],[14.505267572581895,45.56286104587726],[14.505420286180195,45.56435160008029],[14.504944179079613,45.56505598324275],[14.505105875830754,45.56550250728062],[14.504737566564264,45.56611254142652],[14.504728583411422,45.56683576920238],[14.504189594240952,45.567055880155515],[14.504162644782427,45.56740805588656],[14.504360274144934,45.56764074221178],[14.505051976913707,45.56782311730639],[14.505168757900643,45.568143844484744],[14.504836381245516,45.56851487952398],[14.504135695323905,45.56892364410268],[14.50373145344605,45.57021909372999],[14.503668571376162,45.57142018780699],[14.504009931184127,45.57193583288082],[14.504944179079613,45.57248291455143],[14.504665701341535,45.57299854986818],[14.504980111690976,45.57343872261244],[14.505860460669412,45.57374055335742],[14.505528084014289,45.57429390551003],[14.505851477516574,45.574947860115465],[14.50687555694047,45.57514278741882],[14.507899636364366,45.575576655439164],[14.50823201301949,45.575815595816096],[14.5083218445479,45.576211731569416],[14.508690153814392,45.57653241084679],[14.509408806041685,45.57700399469267],[14.509696266932604,45.57734353260941],[14.51064848113377,45.57789684925989],[14.510917975719005,45.57865765075167],[14.510513733841151,45.580191797614226],[14.510585599063882,45.58121663466395],[14.511492897500842,45.58220372996428],[14.51184324046165,45.582901602156504],[14.512031886671316,45.58415272067604],[14.511870189920174,45.589559243918124],[14.509525587028621,45.594588100364795],[14.50846557499336,45.59761776884517],[14.50687555694047,45.600728980128544],[14.50659707920239,45.601514612261205],[14.506444365604091,45.6029601466421],[14.50612995525465,45.6036954694047],[14.506543180285343,45.60397199854815],[14.506992337927406,45.604015991695285],[14.508267945630854,45.603601197794255],[14.51003762674057,45.603708038940795],[14.511519846959366,45.60334352125077],[14.51215765081109,45.60307327384828],[14.51494242819186,45.60301042542857],[14.516173120131107,45.602771600791556],[14.519200442638587,45.602997855736184],[14.520898258525573,45.60375203229493],[14.522119967311976,45.60466960010334],[14.522551158648353,45.605404900459995],[14.52335065925122,45.605637429336156],[14.524338806063753,45.60578825836207],[14.524725081635923,45.60595794053148],[14.528569871051955,45.6062658809354],[14.53108515384749,45.605983078587016],[14.531794822921944,45.606228174038],[14.533591453490184,45.6071519857281],[14.534337055176003,45.607836979131086],[14.536250466731177,45.60864136437475],[14.537678788032927,45.60899956346643],[14.538487271788634,45.60948344281771],[14.539439485989803,45.609621693294216],[14.539924576243225,45.60981650020546],[14.53995152570175,45.610325508618665],[14.54023898659267,45.61039463286174],[14.543140544960373,45.61292703503411],[14.545044973362707,45.61478070607397],[14.546347530524681,45.61570437690603],[14.54792856542473,45.61706157991474],[14.550497747137314,45.619744472543424],[14.550506730290154,45.62006490312818],[14.550174353635029,45.620686910212186],[14.553273541365241,45.62344502009948],[14.55340828865786,45.62378427709217],[14.5531118446141,45.62432457102733],[14.553147777225465,45.624550739035506],[14.553444221269224,45.625021919455264],[14.553659816937413,45.62606478470126],[14.553947277828332,45.62670557179578],[14.553947277828332,45.627245837576126],[14.55468389636131,45.62786148293163],[14.554674913208467,45.62831378949631],[14.554962374099386,45.628653017024654],[14.555672043173843,45.62866558096775],[14.55604035244033,45.62933774781822],[14.556974600335815,45.630462195836365],[14.556839853043197,45.63088935453404],[14.559148523323383,45.632503733738844],[14.559480899978507,45.63298741028388],[14.559714461952378,45.63406153417615],[14.560298366887057,45.63438816426019],[14.561052951725717,45.6344886654415],[14.563083144267827,45.63617203343561],[14.563523318757046,45.63707650878657],[14.563298739936016,45.637384278320006],[14.56470011177924,45.63892310063113],[14.564430617194006,45.639921742294185],[14.565849955342914,45.64178708187689],[14.568176591928784,45.64282963519424],[14.56835625498561,45.643357184902214],[14.568257440304356,45.64446251103909],[14.568877277850397,45.64517216916521],[14.569838475204406,45.64598857889801],[14.569856441510089,45.646848936278445],[14.571060183990808,45.6479541935212],[14.571401543798773,45.64846285571977],[14.571706970995374,45.64915990382301],[14.571473409021504,45.64926037850998],[14.572003415039134,45.65078631566348],[14.571356628034568,45.65104377421191],[14.571320695423204,45.65141426126566],[14.571805785676627,45.65140798184449],[14.572093246567546,45.65208615526319],[14.572596303126652,45.652506869830724],[14.572219010707324,45.65386946098978],[14.57227290962437,45.65428388306228],[14.572434606375511,45.65431527854887],[14.573270039589742,45.65566526782182],[14.572713084113587,45.655966656331955],[14.572892747170412,45.65637478402053],[14.572371724305622,45.656676168711996],[14.5724974884454,45.65715963659975],[14.573000545004506,45.65757403432408],[14.572147145484593,45.65834003416496],[14.572910713476094,45.658566064902615],[14.57304546076871,45.65925043018365],[14.572704100960745,45.659758989791506],[14.572874780864728,45.660612857262976],[14.57332393850679,45.660964445966385],[14.572955629240301,45.661887355808375],[14.573216140672693,45.66353223222751],[14.573818011913056,45.66332505579672],[14.57408750649829,45.66375196396784],[14.573862927677261,45.664015640917825],[14.573916826594308,45.665497231161],[14.574096489651133,45.66615640065691],[14.57370123092612,45.66676534081771],[14.574132422262496,45.667041558912956],[14.574231236943751,45.66770698781815],[14.57468937773865,45.668579566564574],[14.575812271843802,45.66843518397016],[14.576252446333019,45.66805225441605],[14.576333294708588,45.667763486134454],[14.577033980630203,45.667964368575],[14.578570099766047,45.66813386257347],[14.578956375338219,45.66753121491388],[14.579854690622337,45.66763165664105],[14.57994452215075,45.66731777564522],[14.57955824657858,45.66724872158993],[14.57963909495415,45.666909727719336],[14.579881640080862,45.66656445407416],[14.580276898805876,45.666639786687476],[14.580519443932587,45.665497231161],[14.581058433103058,45.665070336298754],[14.581247079312725,45.66458693671572],[14.581417759216707,45.664517879291665],[14.581220129854199,45.6641474789271],[14.581759119024673,45.663877524575106],[14.582055563068433,45.66398425086985],[14.58212742829116,45.66485688764686],[14.582280141889463,45.664976167876176],[14.582414889182079,45.66568556609471],[14.582774215295727,45.666068511839235],[14.583456934911657,45.665465841943764],[14.583744395802576,45.66492594465271],[14.583501850675864,45.664706217520234],[14.583214389784946,45.664706217520234],[14.582935912046867,45.66418514687273],[14.58280116475425,45.66375824200489],[14.583043709880963,45.66306137559413],[14.582971844658232,45.66291697876647],[14.583816261025307,45.662634462156895],[14.583977957776447,45.66279769414965],[14.58452593009976,45.661881077561524],[14.583546766440069,45.661554607755136],[14.58288201312982,45.6616362253852],[14.582908962588347,45.66125952763835],[14.583187440326423,45.661052342797255],[14.584382199654302,45.66137253722853],[14.585397295925357,45.66124697100314],[14.585693739969116,45.661297197527084],[14.585963234554352,45.66118418778485],[14.586160863916858,45.66127208427074],[14.587472404231672,45.66048101093],[14.587867662956684,45.66046845412019],[14.588137157541919,45.66053123814108],[14.588388685821474,45.66080120862865],[14.588523433114092,45.66071958978133],[14.589466664162417,45.66100211605365],[14.589817007123225,45.661297197527084],[14.589897855498794,45.66159227744533],[14.590724305560185,45.66230171854394],[14.590993800145421,45.662358222315724],[14.591433974634638,45.66206942466081],[14.591577705080098,45.6622389365084],[14.59205381218068,45.66215104154038],[14.59227839100171,45.66186224281674],[14.593015009534689,45.66174295595269],[14.593032975840371,45.661962694715676],[14.593976206888698,45.66211965044694],[14.595296730356353,45.662157319756965],[14.59616809618195,45.66251517693814],[14.596590304365485,45.66252773328893],[14.596114197264903,45.6628416411433],[14.597165226147322,45.663431783144695],[14.597344889204145,45.66342550507102],[14.59737183866267,45.663011150652835],[14.597767097387683,45.66286675369562],[14.599572711108761,45.66304881936303],[14.602052061292932,45.664304428533335],[14.601773583554854,45.66483805390321],[14.602141892821345,45.66507661418797],[14.602662915686132,45.66441115401424],[14.603354618454905,45.66424164874365],[14.603651062498665,45.663419226996666],[14.604127169599249,45.66270352190422],[14.603866658166853,45.66227660573817],[14.604073270682202,45.661887355808375],[14.604423613643007,45.66206942466081],[14.605151249023145,45.66169900809659],[14.605762103416346,45.661780625516165],[14.605753120263504,45.66198152942666],[14.605294979468603,45.6623142749426],[14.605411760455539,45.66269724374889],[14.605717187652141,45.66282908486292],[14.606121429529995,45.66283536300346],[14.60618431159988,45.66221382367448],[14.606732283923195,45.66224521471512],[14.608448066115864,45.66162994711019],[14.609355364552824,45.6617994602884],[14.609867404264772,45.66105862113704],[14.609732656972154,45.660769816778384],[14.609436212928394,45.66059402209156],[14.60993028633466,45.66012314074685],[14.610253679836944,45.660160811400154],[14.611169961426747,45.659922230167794],[14.611412506553457,45.66026126635174],[14.611412506553457,45.660543794936814],[14.610954365758555,45.6612155794028],[14.611125045662538,45.66143532023562],[14.611547253846076,45.66123441436512],[14.611780815819946,45.6608577139148],[14.612373703907464,45.66080120862865],[14.613029474064874,45.65985316698976],[14.61217607454496,45.65913113775495],[14.612283872379054,45.658961616498026],[14.611789798972788,45.65876070175115],[14.611538270693234,45.6583588700946],[14.611035214134127,45.658308640934756],[14.611017247828444,45.65803865842873],[14.611223860343793,45.6580323797503],[14.61152030438755,45.65784401907034],[14.611708950597217,45.65737311459831],[14.612319804990417,45.657379393350645],[14.612454552283037,45.65699010937406],[14.61158318645744,45.6565757073284],[14.611933529418247,45.655476899179284],[14.611789798972788,45.65517550803328],[14.612337771296101,45.65489923139113],[14.613209137121697,45.65578456763438],[14.613406766484202,45.65510015999332],[14.61369422737512,45.65474225541906],[14.614745256257542,45.65434667401785],[14.61466440788197,45.65402016028006],[14.614305081768322,45.653731319617435],[14.613119305593283,45.6534048022919],[14.612867777313731,45.65317875072057],[14.612831844702365,45.653040607644485],[14.613047440370554,45.65284595091344],[14.607702464430044,45.64074450915908],[14.606130412682834,45.63933135251844],[14.60459429354699,45.63830129588738],[14.606328042045341,45.63007272477472],[14.605591423512363,45.62886032172575],[14.60525904685724,45.62889801340722],[14.604782939756655,45.62851481346464],[14.60444157994869,45.627754687793484],[14.6039205570839,45.6271830162413],[14.60308512386967,45.62562502461373],[14.602258673808281,45.62477062372423],[14.60189036454179,45.62461356332029],[14.600839335659371,45.62340732475135],[14.601018998716194,45.6230429350793],[14.600947133493465,45.622810478361494],[14.601306459607112,45.62239582344478],[14.601459173205415,45.62228273520796],[14.601953246611679,45.622320431312254],[14.602159859127026,45.62244608481014],[14.602519185240673,45.622389540770946],[14.603022241799781,45.62200001361792],[14.603480382594682,45.62186179365503],[14.603570214123092,45.621930903679065],[14.603633096192981,45.62169844235045],[14.604279883197549,45.62136545552489],[14.604773956603813,45.62060523290785],[14.60572617080498,45.62027223958956],[14.606346008351025,45.61978217035433],[14.606642452394782,45.619738189572466],[14.606741267076037,45.61981986813988],[14.607046694272636,45.61929209683564],[14.606920930132858,45.61921041749942],[14.607127542648207,45.61910360588021],[14.607343138316397,45.619197851437136],[14.60804382423801,45.618902548162666],[14.60828636936472,45.61853184610591],[14.609615875985218,45.61810459323769],[14.609831471653406,45.61752025683823],[14.610307578753991,45.61737574259595],[14.611116062509696,45.6173568928847],[14.61166403483301,45.617564239359794],[14.612131158780754,45.61711812932727],[14.61256235011713,45.61716839542384],[14.613361850719997,45.616822815099866],[14.613523547471138,45.616527499317236],[14.613334901261473,45.616357849121734],[14.61360439584671,45.61599341363294],[14.613649311610915,45.61563525920713],[14.614089486100132,45.615289669434794],[14.61436796383821,45.614680169555115],[14.615311194886537,45.614039245010446],[14.616074762878037,45.61324750457755],[14.617386303192852,45.61271338765446],[14.617925292363322,45.61236777987597],[14.618545129909368,45.61224210379212],[14.619093102232679,45.61226723903142],[14.619254798983821,45.61236149607847],[14.619650057708833,45.612216968541546],[14.619802771307132,45.61236149607847],[14.621168210538995,45.61214784654442],[14.62217432365721,45.612436901602045],[14.622353986714032,45.61207872446208],[14.622686363369159,45.6118964931094],[14.623818240627148,45.61204730530559],[14.624078752059543,45.6119216285036],[14.624105701518067,45.61170169342247],[14.625012999955027,45.61135607940959],[14.625156730400485,45.610947623739456],[14.626117927754494,45.61067112898212],[14.626180809824382,45.61041976892901],[14.626962344121566,45.609697102501414],[14.627025226191455,45.60947087457568],[14.628022356156828,45.6090058476406],[14.6291721997205,45.60952114752693],[14.629810003572224,45.60892415332144],[14.630043565546096,45.60886759564615],[14.631534768917735,45.60942688570638],[14.631903078184223,45.6098604887692],[14.63231630321492,45.6099233295147],[14.6321815559223,45.608760764326135],[14.632522915730265,45.60823288893475],[14.632756477704136,45.60718969200453],[14.632433084201855,45.60664294851549],[14.63299902283085,45.60608363069645],[14.632918174455279,45.60549916903947],[14.633151736429149,45.60522893202112],[14.634409377826918,45.604556476116116],[14.634714805023519,45.60407255426235],[14.635145996359896,45.603739462768694],[14.635154979512738,45.60350064123517],[14.6347327713292,45.603142407028656],[14.634723788176357,45.60258933920038],[14.635433457250814,45.60125692613409],[14.635945496962762,45.60130720644695],[14.636170075783792,45.60118150558031],[14.636188042089474,45.60089867760067],[14.635954480115604,45.60069126950948],[14.635882614892873,45.60022616979035],[14.636870761705406,45.599585080074064],[14.637194155207688,45.599163968137134],[14.63803857157476,45.598736567715775],[14.638775190107738,45.59852286628426],[14.641029961470878,45.598918841823036],[14.641128776152133,45.59908225948475],[14.641757596851013,45.599088544769934],[14.641955226213522,45.59922053559601],[14.641640815864081,45.599629076661245],[14.642161838728867,45.59991191104078],[14.643132019235717,45.59998104811671],[14.643590160030618,45.59992448142456],[14.643949486144267,45.59966050277382],[14.644461525856215,45.59959136530292],[14.644766953052814,45.59917653868849],[14.644371694327802,45.59873028239117],[14.64443457639769,45.59836573235948],[14.645162211777826,45.59822745414168],[14.646321038494342,45.598491439534506],[14.646482735245483,45.5984348713406],[14.64653663416253,45.59783147372377],[14.645647302031252,45.59710235961297],[14.645485605280111,45.59664980126187],[14.646339004800025,45.596266380913924],[14.647084606485844,45.59627895211441],[14.648045803839853,45.59651151881547],[14.648441062564865,45.59629152331209],[14.648917169665447,45.595480675294915],[14.649959215395025,45.594361811506985],[14.650093962687645,45.59382122887535],[14.651459401919507,45.592909769623745],[14.65298653790251,45.5921617333854],[14.653615358601394,45.59045818508174],[14.655304191335539,45.589471234918534],[14.65569945006055,45.588874027347536],[14.656049793021356,45.58771102594767],[14.65637318652364,45.587434416662234],[14.658897452472015,45.58739669710861],[14.660029329730005,45.58710122639498],[14.661807993992563,45.58738412391844],[14.662517663067018,45.58705721998541],[14.663308180517042,45.586321679175335],[14.667188902544437,45.586252525270176],[14.667862639007527,45.58602620280312],[14.66907536464109,45.58528436165281],[14.669479606518943,45.58517748542494],[14.670297073427493,45.58520263279099],[14.671940990397431,45.58599476905498],[14.672192518676983,45.586013629305974],[14.672794389917346,45.58574329843613],[14.673405244310546,45.58513347750726],[14.67418677860773,45.58493229801568],[14.675668998826527,45.58549182669077],[14.677133252739642,45.58573072487562],[14.677636309298748,45.58566157024245],[14.678103433246491,45.58534094310285],[14.678723270792533,45.585183772267506],[14.682181784636393,45.58494487175502],[14.683241796671654,45.584749978478676],[14.684876730488753,45.58418415545564],[14.685864877301283,45.58348001217367],[14.686125388733679,45.582882740859965],[14.68621522026209,45.58185793422251],[14.68660149583426,45.58142411473448],[14.686978788253592,45.581266932933275],[14.688344227485452,45.581361242066805],[14.689062879712749,45.58097142995573],[14.689278475380938,45.5803112581108],[14.688730503057625,45.57976425270176],[14.688532873695118,45.5792172419636],[14.688802368280353,45.57851303638556],[14.691299684770206,45.57763276699321],[14.692548343015131,45.577576177774475],[14.693249028936746,45.5776893561549],[14.693473607757776,45.57760132854539],[14.694093445303817,45.576727332649924],[14.695216339408967,45.57631862486535],[14.695485833994205,45.57552006414835],[14.695279221478856,45.57463974783665],[14.69532413724306,45.57414927990552],[14.695997873706153,45.57374055335742],[14.697156700422665,45.57336955283824],[14.697632807523249,45.57307400829793],[14.69785738634428,45.57270300337549],[14.698531122807369,45.570734749831026],[14.698818583698287,45.569106015031984],[14.698818583698287,45.56828219681983],[14.698459257584638,45.56745836652503],[14.698594004877258,45.56710619110942],[14.699312657104553,45.56616914219699],[14.70066013003073,45.566106252448506],[14.701073355061427,45.56598676173239],[14.701639293690421,45.565590553855074],[14.701639293690421,45.565219499499484],[14.702717272031364,45.56383588537898],[14.702798120406937,45.5635088443349],[14.7022231986251,45.56248368410949],[14.702214215472258,45.56219437170432],[14.703004732922283,45.56115031889668],[14.703247278048996,45.55970999733636],[14.704567801516653,45.55887975153929],[14.704909161324618,45.558332537374696],[14.704747464573474,45.558150131468906],[14.703867115595038,45.55791111593744],[14.703112530756378,45.55730099273397],[14.702492693210335,45.55469688726623],[14.701953704039864,45.55375334100975],[14.701136237131315,45.55283494077293],[14.700731995253461,45.55278461703857],[14.700705045794939,45.55208008002605],[14.700354702834131,45.55155796207791],[14.699079095130681,45.55110503655555],[14.696869239531747,45.551318918507064],[14.695881092719217,45.55107358325874],[14.695396002465792,45.55077792140832],[14.694443788264625,45.54977140132175],[14.693841917024265,45.548708244906365],[14.694093445303817,45.548016238802255],[14.695036676352144,45.547273895510095],[14.695396002465792,45.54680835318946],[14.695800244343644,45.54439250409756],[14.695404985618632,45.5433607035757],[14.695018710046462,45.54290771199881],[14.694695316544179,45.54268121484162],[14.694021580081088,45.542492466513586],[14.692988517504352,45.54198284286263],[14.69238664626399,45.541448047644316],[14.69238664626399,45.54094470632124],[14.693671237120283,45.53939690352026],[14.6936532708146,45.53910747225159],[14.692539359862293,45.5383209667139],[14.692135117984439,45.537446359637336],[14.692287831582737,45.536678707684054],[14.693123264796968,45.53574744370579],[14.693347843617998,45.535181126988995],[14.69236867995831,45.5340233061748],[14.691820707634996,45.53268926568174],[14.690113908595167,45.53107201378288],[14.689979161302551,45.5305811654862],[14.691200870088952,45.52847298627374],[14.69096730811508,45.52792547606067],[14.69095832496224,45.52712622744606],[14.691191886936112,45.52654723710462],[14.692736989224798,45.52557175076861],[14.692745972377638,45.525420706210646],[14.69253037670945,45.52524448704709],[14.693536489827665,45.52474729428837],[14.694246158902118,45.52365219600543],[14.695396002465792,45.52224238292203],[14.697983150484056,45.52340044626018],[14.699330623410235,45.52283400521442],[14.699707915829565,45.52226126458066],[14.700148090318782,45.521883630204016],[14.701756074677357,45.52181439696001],[14.703588637856962,45.52146822946206],[14.705124756992806,45.5209835913867],[14.706571044600238,45.52197174511861],[14.7071729158406,45.52278365462324],[14.707433427272992,45.52370883954285],[14.707496309342881,45.52564097938882],[14.70711003377071,45.526540943698606],[14.706436297307622,45.52745348022031],[14.706256634250797,45.528126859747154],[14.706624943517285,45.528819110670455],[14.70733461259174,45.52966238664829],[14.70772088816391,45.529970745602796],[14.708906664338949,45.5304490132898],[14.709598367107722,45.53060004434605],[14.710972789492425,45.53068185266553],[14.71228432980724,45.5305497007057],[14.714134859292525,45.52935402600327],[14.715814708873827,45.52882540382158],[14.716470479031235,45.528951266696424],[14.717602356289227,45.53019729396147],[14.718258126446633,45.53039866951426],[14.718886947145517,45.53028539585454],[14.720054757014873,45.52927221575247],[14.720683577713757,45.52907083616664],[14.721429179399575,45.529542818435594],[14.722731736561547,45.529542818435594],[14.725489564483796,45.52981971285671],[14.726684323811675,45.52944842229864],[14.727681453777047,45.52884428327077],[14.729774528389045,45.52795064906091],[14.730286568100993,45.52744089361034],[14.730538096380547,45.526603877727105],[14.730996237175448,45.52610669698305],[14.733134227551652,45.52564097938882],[14.734643397228975,45.52475358789504],[14.735919004932423,45.52421862881326],[14.73655680878415,45.524061286938704],[14.737446140915425,45.52462142200682],[14.738991243204111,45.525143790134365],[14.739943457405278,45.52531371607004],[14.740284817213244,45.52522560638969],[14.740491429728591,45.52496757010337],[14.740518379187115,45.5246528901036],[14.74205449832296,45.52291582482898],[14.743357055484934,45.519705889177565],[14.745108770288965,45.51923382437092],[14.745917254044674,45.518893935257736],[14.747875581364053,45.51750288619507],[14.749573397251039,45.516546126608446],[14.751693421321562,45.51490323173813],[14.752564787147158,45.5144940742147],[14.753166658387517,45.51445630567795],[14.75363378233526,45.514563316466244],[14.754271586186986,45.514380768528405],[14.755268716152358,45.51374499350177],[14.757406706528561,45.511944641094324],[14.760460978494569,45.51050305866155],[14.761467091612783,45.509470636324956],[14.762625918329295,45.50709095661733],[14.763281688486703,45.50649287314649],[14.763892542879905,45.5061340200138],[14.764736959246976,45.50579405177789],[14.765042386443579,45.50576886886393],[14.765572392461207,45.50605217599651],[14.766362909911235,45.50704688752581],[14.767512753474906,45.50719168583981],[14.768644630732897,45.50719798141022],[14.770504143371026,45.50761978302441],[14.772444504384723,45.507871603376834],[14.773046375625084,45.50790308084168],[14.77377401100522,45.507707920275905],[14.774052488743298,45.5074435081074],[14.774043505590456,45.5066313772525],[14.77340570173873,45.50581293895598],[14.772085178271075,45.50491264308604],[14.771627037476174,45.50387382226787],[14.772085178271075,45.50250129021684],[14.77293857779099,45.50172686516501],[14.77370214578249,45.501569460396595],[14.774339949634214,45.50167019949908],[14.775642506796189,45.50224314971649],[14.777052861792255,45.50311200815142],[14.777484053128635,45.50322533652392],[14.780744937609986,45.502860166506856],[14.785200581419222,45.50287275861582],[14.787509251699408,45.50256425113494],[14.79084200140349,45.50236277594919],[14.791327091656916,45.50216130004242],[14.79249490152627,45.50101539211095],[14.792764396111506,45.50054946683216],[14.793689660854149,45.49972464370854],[14.793860340758131,45.4993531545384],[14.793770509229722,45.49881165745961],[14.793447115727437,45.49825756203485],[14.79136302426828,45.49735714534023],[14.791255226434187,45.49724380515561],[14.791318108504075,45.49680303560236],[14.793626778784262,45.49583962728138],[14.794417296234286,45.49568850291196],[14.795576122950802,45.49578925253663],[14.796258842566733,45.496085203516664],[14.79707630947528,45.4971178713496],[14.798432765554299,45.49835830706311],[14.799034636794662,45.498685727160044],[14.799295148227054,45.49877387839931],[14.800148547746968,45.498780174911126],[14.800642621153234,45.49856609311459],[14.801082795642454,45.49809385097951],[14.801379239686211,45.49728158524251],[14.801684666882814,45.49695415698072],[14.804532326333472,45.49485731163071],[14.805098264962467,45.492905223261936],[14.806921844989231,45.492483311399354],[14.807272187950037,45.49231328632241],[14.80797287387165,45.49170874855842],[14.808350166290982,45.491198664772654],[14.808224402151204,45.49075784790322],[14.807200322727308,45.48933461560223],[14.80600556339943,45.489032331545225],[14.804972500822691,45.4885726047655],[14.804146050761302,45.48800581316008],[14.803723842577764,45.48733195349708],[14.805224029102245,45.484932443819396],[14.805798950884082,45.48455455896417],[14.807478800465384,45.48402551590839],[14.809014919601228,45.483351608630436],[14.809823403356937,45.48262100845575],[14.81037137568025,45.48170144649311],[14.810838499627991,45.47961663056787],[14.810820533322309,45.478564745519684],[14.81111697736607,45.476920742134645],[14.811081044754703,45.47663728842732],[14.81014679685922,45.475087716291426],[14.810038999025124,45.47442000134076],[14.810191712623425,45.474224724718496],[14.81158410131381,45.47377747571141],[14.812769877488849,45.47308454770502],[14.813138186755337,45.47275697877262],[14.81338971503489,45.47195064713526],[14.814413794458787,45.4709994129499],[14.818222651263454,45.468517309080376],[14.820216911194198,45.46761011693956],[14.820926580268653,45.466860412415876],[14.821196074853889,45.4652349683647],[14.820513355237958,45.46291642442845],[14.821465569439123,45.45744730721818],[14.821348788452188,45.45648952704007],[14.821483535744807,45.455821591761335],[14.822390834181768,45.455040223469894],[14.822866941282353,45.45487008539043],[14.823576610356806,45.454844879705384],[14.824636622392068,45.455582141338695],[14.825418156689251,45.45579638650156],[14.826576983405765,45.45592241268773],[14.829146165118347,45.45648952704007],[14.831634498455358,45.456659660233605],[14.832901123005966,45.45664075657078],[14.837967621208401,45.456268983247426],[14.839431875121516,45.45662185290162],[14.841318337218167,45.45728977870143],[14.845226008704087,45.45764894307748],[14.84938520846956,45.45786948147299],[14.854083397405505,45.45871382050018],[14.856167488864662,45.459262003994986],[14.861000425093225,45.46026384281839],[14.861889757224503,45.460610386695315],[14.86358757311149,45.46178231929753],[14.865411153138252,45.46234937471469],[14.865977091767247,45.46239977936464],[14.870998674205474,45.46159329955772],[14.873046833053268,45.46155549553371],[14.874591935341954,45.46200284152636],[14.875589065307327,45.46245018396953],[14.875975340879497,45.46279041387382],[14.877771971447736,45.4649829573385],[14.87929910743074,45.467742416702805],[14.879712332461436,45.467849516283714],[14.88448238662011,45.468000715345624],[14.885820876393447,45.46815821393717],[14.886755124288932,45.46852990886842],[14.888156496132158,45.46939928744159],[14.892207898063537,45.47092381749158],[14.893609269906763,45.47139628744263],[14.896663541872769,45.47195064713526],[14.898738650179087,45.47211443418276],[14.901586309629744,45.47184985486945],[14.906302464871372,45.47096161523341],[14.907389426365157,45.471056109477104],[14.910812007597652,45.472032540718516],[14.911934901702802,45.47249240247575],[14.913174576794887,45.47320423587847],[14.91477357800062,45.4745900804282],[14.915339516629615,45.47531448560703],[14.916471393887605,45.47727978145041],[14.916345629747829,45.4796292278746],[14.915959354175657,45.48074407836604],[14.915339516629615,45.4816069700988],[14.915087988350061,45.483912148892905],[14.916004269939863,45.485499266349436],[14.919372952255312,45.488207339717654],[14.920127537093974,45.48901973634098],[14.920585677888875,45.4898699063065],[14.920549745277508,45.49049965356319],[14.919813126744529,45.49174653235879],[14.918357855984256,45.49245182531272],[14.916615124333067,45.494051296247655],[14.916336646594987,45.49643152715657],[14.916866652612617,45.49738233201694],[14.917522422770027,45.497867173347856],[14.920298216997956,45.49894388397102],[14.920971953461045,45.4993027829368],[14.92146602686731,45.49990723918186],[14.920585677888875,45.501267242007636],[14.91951668270077,45.503338664668306],[14.91876209786211,45.50439008713115],[14.917890732036515,45.50610883725192],[14.917738018438214,45.50785901238598],[14.918321923372893,45.510874474260454],[14.917953614106402,45.512681155858466],[14.918043445634813,45.51393383831895],[14.918780064167791,45.51516760886347],[14.919381935408154,45.51581595703201],[14.920235334928067,45.516212515822296],[14.921933150815052,45.51657759922202],[14.922292476928702,45.51674755103118],[14.92319079221282,45.51728258115295],[14.924125040108303,45.51823932821787],[14.924421484152063,45.51918347055778],[14.924574197750363,45.521336055855514],[14.92507725430947,45.52263889642256],[14.925840822300973,45.523444502546916],[14.927134396310104,45.52387247610838],[14.929020858406755,45.52386618240313],[14.932281742888108,45.52421862881326],[14.934698211002392,45.524948689353025],[14.935614492592194,45.52516267081924],[14.936252296443918,45.52519413861326],[14.937312308479179,45.52492980859634],[14.942387789834452,45.521908805907984],[14.94355559970381,45.52158781483852],[14.944274251931105,45.52118499992497],[14.947876496220426,45.51972477168746],[14.948981424019891,45.519095351276356],[14.950652290448353,45.51788684434973],[14.952062645444421,45.516527243031845],[14.952898078658652,45.515897786852484],[14.955790653873517,45.51456961121216],[14.95816220622359,45.51322881443489],[14.960794270006064,45.510874474260454],[14.965483475789165,45.507632374068784],[14.966902813938075,45.5068454283824],[14.968564697213697,45.506184385503765],[14.971879480612099,45.50586960045221],[14.973038307328611,45.505315574486126],[14.973819841625795,45.504553779879735],[14.975122398787768,45.50240684870767],[14.976290208657124,45.50114761344718],[14.982874859689721,45.49584592412129],[14.984932001690355,45.49464321491975],[14.986432188214833,45.49391276119191],[14.988085088337614,45.49351604528339],[14.99158851794568,45.49223771945678],[14.993457013736649,45.49184099174879],[14.994543975230433,45.49172764046178],[14.999996749005039,45.49209917993979],[15.00369780797561,45.49192915370318],[15.00466798848246,45.491998423713405],[15.007389883793342,45.492628147171146],[15.009977031811607,45.493081543700875],[15.015995744215207,45.493238972197744],[15.016858126887962,45.49304376079615],[15.018466111246537,45.492477014183436],[15.018960184652801,45.49208028816108],[15.020271724967618,45.489315722896194],[15.021888692479031,45.48831440040809],[15.02489804868083,45.48761535340301],[15.02759299453319,45.48621093545024],[15.028176899467867,45.48546777635851],[15.02907521475199,45.482784764491136],[15.029371658795746,45.48238167185552],[15.030045395258838,45.481833713179014],[15.030782013791816,45.481481001326586],[15.031455750254905,45.48125425682686],[15.032309149774818,45.48118497360327],[15.036387501164722,45.48187780200531],[15.038148199121595,45.481840011584886],[15.042558927166622,45.482387970200136],[15.04734694763098,45.483546853624524],[15.048739336321363,45.484201864145675],[15.050122741858909,45.48519696170982],[15.051308518033947,45.48643136210913],[15.05254819312603,45.488975653103935],[15.052727856182855,45.489114200304186],[15.0554856841051,45.48980693119357],[15.0575787587171,45.49007142619472],[15.058414191931332,45.49002734378078],[15.060094041512635,45.48973765848802],[15.061082188325168,45.48924015200868],[15.061845756316668,45.48837737718977],[15.063265094465576,45.485077299008466],[15.064073578221285,45.48415777713811],[15.06457663478039,45.48388695619183],[15.065510882675877,45.48360353752833],[15.067325479549798,45.483376801570934],[15.070792976546498,45.483666519576765],[15.072993848992592,45.48372320336017],[15.074206574626151,45.48362243215026],[15.075814558984726,45.4832319420093],[15.076407447072246,45.48300520455635],[15.077215930827952,45.4824320585927],[15.082048867056516,45.478249806056695],[15.08290226657643,45.478035646216384],[15.083863463930436,45.4780167497208],[15.085417549371964,45.47831279409012],[15.089603698595962,45.47882929330826],[15.090753542159634,45.47867182453611],[15.091238632413058,45.4782813000822],[15.091346430247153,45.47797265787314],[15.091256598718742,45.47709081367464],[15.091094901967601,45.4766687833541],[15.089549799678913,45.47472236380799],[15.088947928438555,45.473342821867014],[15.08876826538173,45.4723664133264],[15.089136574648219,45.46989696914015],[15.088929962132871,45.46757861695016],[15.088947928438555,45.46474354582009],[15.08921742302379,45.46406310753228],[15.090169637224957,45.46309283873175],[15.092523223269348,45.46148618809054],[15.098038879113842,45.45953294329452],[15.099512116179799,45.459180091857434],[15.102108247350905,45.4588839469827],[15.10695914988515,45.45885244211725],[15.109267820165336,45.45795139551451],[15.110220034366504,45.457245670637874],[15.111828018725078,45.45522926517838],[15.114280419450724,45.45371061221747],[15.116580106578072,45.45106389935909],[15.119382850264524,45.44922373055737],[15.122230509715182,45.44766710254212],[15.124458331619799,45.445858335061665],[15.125581225724948,45.4446797689465],[15.126901749192605,45.443608323838625],[15.128437868328449,45.44268812532664],[15.129264318389838,45.44232256284803],[15.130225515743845,45.44193808940969],[15.13257910178824,45.441509492980295],[15.140340545843031,45.44074683540013],[15.141876664978877,45.44037495730392],[15.143799059686891,45.43969422494744],[15.144122453189174,45.439120638530774],[15.144553644525553,45.43768349530894],[15.145568740796609,45.43586810418255],[15.146736550665963,45.43447500402711],[15.148685894832502,45.43294318452196],[15.150015401452999,45.43142393151823],[15.150347778108122,45.430465709422556],[15.150868800972912,45.42779899256413],[15.151434739601907,45.426992017951264],[15.15204559399511,45.426462434591954],[15.154767489305993,45.42473494957527],[15.157489384616873,45.42254084130295],[15.158899739612941,45.4218031478157],[15.162007910495994,45.420642994969235],[15.16499031723927,45.42012596265182],[15.166445587999545,45.419665673800196],[15.167900858759818,45.41909188381307],[15.169984950218975,45.41792536970872],[15.17091919811446,45.41761639707128],[15.171700732411644,45.41758486915608],[15.173910588010578,45.418120841320494],[15.175832982718592,45.41882705569851],[15.176282140360653,45.41889641556285],[15.177099607269202,45.418801833908525],[15.18038744120908,45.41767314727429],[15.181159992353422,45.41752811886434],[15.18256136419665,45.41749028530484],[15.18423223062511,45.417849703096685],[15.186325305237109,45.41870094663596],[15.187484131953624,45.41945759678641],[15.189433476120165,45.42104022389942],[15.190250943028712,45.42155724784463],[15.1925596133089,45.422679551822206],[15.193934035693601,45.423682040442884],[15.194266412348725,45.42412338199071],[15.194571839545327,45.424961921426096],[15.194392176488503,45.425958064868695],[15.193556743274272,45.428095300659024],[15.193502844357225,45.42913551888962],[15.193673524261207,45.4295263838152],[15.194158614514631,45.43009376356832],[15.195847447248777,45.43115916124992],[15.1976620441227,45.431915644435456],[15.19850646048977,45.43204802795045],[15.199566472525031,45.43182738858628],[15.200410888892103,45.431241114084756],[15.200779198158594,45.43080613229338],[15.203716689137664,45.42666418121943],[15.205612134387154,45.423385709181886],[15.206537399129799,45.42262280665097],[15.20828013078099,45.42191033464741],[15.21242136424078,45.42097086666854],[15.214622236686875,45.420825846728675],[15.219814499029084,45.42117263292174],[15.225096592899709,45.42116632773725],[15.228456292062315,45.421613994086854],[15.230324787853284,45.422313859718116],[15.231250052595929,45.4228497869937],[15.231627345015257,45.423303744941464],[15.232238199408458,45.42427469829857],[15.232804138037453,45.42583197173375],[15.23308261577553,45.42709919493139],[15.232876003260184,45.43026397638207],[15.232956851635755,45.4314806678427],[15.23358567233464,45.432722548657324],[15.235013993636388,45.43434262620504],[15.236936388344402,45.435981567839],[15.237942501462618,45.43701533731143],[15.23878691782969,45.43809951421639],[15.240179306520075,45.44044429069419],[15.240987790275783,45.4414275550569],[15.242874252372435,45.443394032375124],[15.245659029753204,45.44566295949381],[15.248461773439656,45.44878888737919],[15.253204878139808,45.451315972601726],[15.255190154917713,45.45217931492057],[15.258037814368372,45.45309305699355],[15.25991529331218,45.45352156541815],[15.263796015339578,45.45469364535844],[15.26735334386469,45.4562248743854],[15.270829824014234,45.457510318501676],[15.27207848225916,45.45827274945127],[15.27545614772745,45.460736402122464],[15.276543109221233,45.46126566384087],[15.277630070715018,45.46155549553371],[15.28110655086456,45.46167520818945],[15.282768434140182,45.46139797849417],[15.28770916820284,45.45961485491946],[15.289703428133585,45.45868231553967],[15.292353458221738,45.45813412640906],[15.297069613463366,45.45684869651328],[15.299450148966281,45.45571446932952],[15.302010347526023,45.45475665971895],[15.30508258579771,45.4541769249463],[15.308038043082464,45.454000482745606],[15.315610840927592,45.4528788015603],[15.319635293400447,45.45201546994912],[15.324180768738092,45.451637364352166],[15.326219944433044,45.45086854182115],[15.327459619525127,45.45009970880991],[15.32988507079225,45.44887711670092],[15.33123254371843,45.448398155866855],[15.331843398111632,45.4482910193342],[15.332912393299733,45.44827841502286],[15.334286815684436,45.44859352196136],[15.337089559370888,45.449986273544006],[15.338949072009017,45.450761409980814],[15.341042146621016,45.45190203853619],[15.34257826575686,45.4523935730112],[15.343548446263709,45.45257632191588],[15.346027796447878,45.45273386359978],[15.34769866287634,45.45252590848408],[15.349881569016752,45.45193354728488],[15.350519372868476,45.45202177168758],[15.351040395733266,45.45240617640295],[15.352495666493539,45.455222963798306],[15.353187369262312,45.457321284439985],[15.353384998624817,45.45882723821222],[15.353888055183923,45.45976607606827],[15.355082814511803,45.460963229181566],[15.358712008259644,45.46354017252616],[15.360014565421618,45.46467424229605],[15.360625419814822,45.46577048805473],[15.360526605133566,45.46765421689514],[15.3615147519461,45.46939928744159],[15.362305269396124,45.47049544131253],[15.364739703816088,45.47281997294595],[15.365853614768398,45.47345621014961],[15.367183121388893,45.47396015531212],[15.370641635232753,45.47486094606329],[15.37257301309361,45.47560424507122],[15.374100149076613,45.47641052443485],[15.376166274230089,45.47728608036534],[15.379445125017124,45.47915682694467],[15.382149054022323,45.4803283739823],[15.383550425865552,45.48070628718518],[15.385059595542872,45.48095822791218],[15.388545058845256,45.48131724150166],[15.389353542600961,45.48151249354604],[15.389901514924276,45.481840011584886],[15.390368638872017,45.48243835693168],[15.390665082915778,45.48309967860597],[15.390566268234524,45.484107391944356],[15.389928464382798,45.48490725157456],[15.389353542600961,45.485203259739706],[15.386137573883815,45.485480372356996],[15.385293157516744,45.48572599376453],[15.3846733199707,45.48614165832217],[15.383523476407026,45.48742642029084],[15.382984487236557,45.48777909492099],[15.38143040179503,45.48842146089505],[15.378753422248352,45.489120497896096],[15.377585612378997,45.489611707896024],[15.377253235723874,45.489863608798366],[15.376840010693178,45.490594115044416],[15.376175257382931,45.49270371351292],[15.375726099740872,45.49318229798956],[15.375330841015856,45.49332713196376],[15.374234896369233,45.493276754971504],[15.373597092517507,45.49309413799682],[15.372590979399293,45.49248960861456],[15.37083028144242,45.49109790693524],[15.368997718262815,45.490140698489775],[15.368359914411089,45.490140698489775],[15.367353801292875,45.490417786818],[15.366733963746833,45.49068857636719],[15.365629035947364,45.49148834255113],[15.362395100924536,45.49476285729974],[15.359879818129002,45.496343372250315],[15.358244884311905,45.49716824490581],[15.353322116554928,45.49911388902945],[15.350106147837781,45.50063131884949],[15.344060485975657,45.503086824037645],[15.340224679712465,45.50450970880193],[15.338122621947626,45.50552963061939],[15.336658368034511,45.50644880358675],[15.333613079221347,45.50875296573864],[15.332777646007115,45.509678381365816],[15.332229673683802,45.5106919143571],[15.331627802443442,45.51405973451169],[15.331259493176953,45.51495988408383],[15.3305498241025,45.515784483992455],[15.329534727831446,45.51632581782051],[15.328744210381418,45.51659018826253],[15.326354691725662,45.51719445889459],[15.3252946796904,45.51735811440741],[15.322204475113029,45.51738329213638],[15.321171412536291,45.517628774403306],[15.320318013016378,45.518088263973326],[15.319527495566353,45.51890022951923],[15.318781893880534,45.51997024373933],[15.318323753085632,45.52104653163236],[15.318144090028808,45.52205985989522],[15.31816205633449,45.52271442248678],[15.319069354771452,45.52646542277149],[15.318952573784516,45.527113640762884],[15.318620197129391,45.52755417299858],[15.317676966081068,45.52798211529537],[15.312915895075232,45.52749124003328],[15.311810967275767,45.527629692464],[15.310508410113792,45.52796323555681],[15.310292814445605,45.52810798005718],[15.309879589414908,45.52886945585981],[15.309358566550118,45.52945471537936],[15.307984144165415,45.53014694996063],[15.306915148977314,45.53100908475347],[15.305962934776147,45.53231170130624],[15.305567676051135,45.53359540984124],[15.305962934776147,45.53609352333626],[15.306106665221606,45.538516021113104],[15.304049523220973,45.54153613191255],[15.303645281343119,45.543165665983096],[15.30373511287153,45.54605341150098],[15.304310034653367,45.55045709508773],[15.304283085194845,45.55233170140154],[15.303726129718688,45.55603040562503],[15.303097309019805,45.55847720370652],[15.302980528032872,45.55968483855306],[15.303366803605043,45.56337048024312],[15.304058506373815,45.5677916733668],[15.304471731404508,45.57278475043332],[15.304121388443702,45.577846547971504],[15.303824944399944,45.57951275417362],[15.303312904687996,45.58059418985197],[15.302279842111258,45.58109717609371],[15.300303548486195,45.58279472139232],[15.297348091201442,45.58590046770492],[15.29652164114005,45.586422266521666],[15.293593133313822,45.5878619031652],[15.289999872177344,45.590590196208055],[15.287493572534649,45.59268347399847],[15.28643356049939,45.5938023712477],[15.285077104420369,45.59570695964109],[15.282265377581076,45.59853543697923],[15.281825203091856,45.599440519616145],[15.281915034620269,45.60028273617834],[15.284457266874327,45.60239450718951],[15.286559324639166,45.603657760779534],[15.290395130902356,45.60542375418857],[15.297770299384977,45.60821403615033],[15.298695564127621,45.6082705944846],[15.301579156189645,45.608100919310694],[15.305998867387512,45.60806949792586],[15.309637044288197,45.60812605640588],[15.310176033458669,45.60819518335957],[15.311388759092228,45.6085973748549],[15.312538602655902,45.6092886347497],[15.31304165921501,45.61002387456105],[15.312978777145121,45.61070254890954],[15.311649270524624,45.612399198852934],[15.310831803616075,45.61472415430429],[15.307696683274497,45.61696733076717],[15.30651090709946,45.61858839403568],[15.306331244042635,45.619197851437136],[15.306591755475031,45.62030993704561],[15.307373289772215,45.622182212139286],[15.307265491938121,45.6227790652176],[15.306160564138652,45.624337135940614],[15.306232429361383,45.625065896092366],[15.3066726038506,45.62567528308405],[15.307490070759151,45.626297227925306],[15.309098055117726,45.627101348400764],[15.31019399976435,45.62778609814934],[15.310867736227442,45.62801225219206],[15.312628434184315,45.62833891753177],[15.317120010604912,45.62882891197185],[15.31987783852716,45.629356593501605],[15.322159559348824,45.629614150539396],[15.326112146598948,45.629771196932815],[15.331151695342859,45.630650648604295],[15.334376647212848,45.63059411284045],[15.335265979344127,45.63044963229597],[15.33680209847997,45.62983401536698],[15.338104655641946,45.62950107686366],[15.341697916778422,45.62923095549273],[15.345246262150695,45.628778656328976],[15.34626135842175,45.629155572552214],[15.3486059613133,45.62964555985327],[15.352387868659445,45.63067577559215],[15.355199595498737,45.63207030575612],[15.356556051577758,45.63307535102541],[15.357184872276642,45.63392334395212],[15.357220804888009,45.63434419493668],[15.356744697787423,45.635010012427045],[15.355334342791357,45.63617203343561],[15.354292297061777,45.63666824047049],[15.353573644834482,45.63684411026366],[15.352001593087275,45.63698229328534],[15.349252748317868,45.6368880776257],[15.34858799500762,45.637013698470014],[15.347644763959293,45.63756014586587],[15.346737465522331,45.63849600316536],[15.346485937242779,45.6388979773409],[15.346512886701301,45.639268544729376],[15.346728482369492,45.640041075642],[15.347105774788822,45.64064401919734],[15.347752561793389,45.64122183401601],[15.348192736282607,45.64143537276703],[15.349082068413885,45.64171171582493],[15.354498909577126,45.64240256750648],[15.35588231511467,45.64242140879665],[15.359367778417054,45.641856167335455],[15.365027164707007,45.640524687133684],[15.368791105747468,45.63976472434403],[15.369464842210556,45.639733320701204],[15.370488921634454,45.63995942653674],[15.371800461949269,45.64076335100683],[15.372887423443053,45.64117787005448],[15.37513321165335,45.64154842236455],[15.375519487225521,45.64151073919072],[15.376345937286914,45.64131604238884],[15.376759162317606,45.641102503183006],[15.377064589514209,45.640681702954105],[15.377028656902844,45.64024205754804],[15.376426785662483,45.63962654818392],[15.376363903592594,45.639381598698996],[15.37632797098123,45.63906755933131],[15.37662441502499,45.638332700332825],[15.378465961357433,45.63713303801128],[15.379606821768267,45.63679386180765],[15.381259721891047,45.63658030536693],[15.386128590730973,45.63657402428282],[15.387008939709412,45.63642955915407],[15.387781490853754,45.636015004977665],[15.389407441518008,45.63446354016307],[15.390278807343606,45.63398615773256],[15.393629523353372,45.63321354334044],[15.394815299528409,45.633144447225504],[15.395318356087516,45.633182136026036],[15.396584980638126,45.63356530405927],[15.400726214097917,45.63555647936214],[15.40307081698947,45.6369446070405],[15.404049980649157,45.637654360395516],[15.404759649723614,45.638464598811446],[15.40555915032648,45.64026718023561],[15.406565263444692,45.6415044586593],[15.407409679811765,45.642088545070926],[15.408685287515215,45.64263494297565],[15.411317351297685,45.643357184902214],[15.411155654546544,45.64375912420252],[15.410778362127214,45.64380936641229],[15.410616665376073,45.6441296594404],[15.410886159961308,45.644519032812255],[15.411155654546544,45.64449391203122],[15.411335317603367,45.64462579600596],[15.410940058878355,45.64512192817764],[15.41105683986529,45.645442213701415],[15.410841244197103,45.64558037551888],[15.410850227349945,45.64584413804237],[15.410113608816964,45.645919498535264],[15.409592585952176,45.64577505750149],[15.409341057672622,45.64590065842154],[15.40902664732318,45.64588181830149],[15.408694270668057,45.6457185369956],[15.40834392770725,45.645787617606175],[15.407760022772571,45.6456745765627],[15.407571376562906,45.64545477388072],[15.407418662964606,45.645743657227484],[15.406439499304916,45.646133019381224],[15.40586457752308,45.64598857889801],[15.405190841059989,45.64637793934939],[15.404499138291216,45.64636537937707],[15.404121845871888,45.646572618560214],[15.403987098579268,45.64695569503179],[15.40347505886732,45.647213171188106],[15.402810305557074,45.64725085052635],[15.402208434316714,45.64749576560711],[15.401732327216129,45.647973032944265],[15.401606563076353,45.64831842124409],[15.4008968940019,45.64880824099928],[15.400771129862122,45.649097107052135],[15.400169258621762,45.649228980189676],[15.399827898813797,45.64971879198224],[15.399917730342208,45.649938577932836],[15.399522471617196,45.65103749474921],[15.39992671349505,45.65135146702225],[15.400178241774604,45.651797304625845],[15.399010431905248,45.65265757278761],[15.399082297127977,45.65279571680852],[15.399738067285384,45.65314107536999],[15.39985484827232,45.65356806119262],[15.39938772432458,45.65387574013497],[15.399073313975135,45.65425876666034],[15.39909128028082,45.654465976639486],[15.39938772432458,45.654666906796166],[15.399261960184802,45.655062485935325],[15.399324842254691,45.65593526177116],[15.398857718306948,45.65619897553475],[15.399306875949007,45.656607101530135],[15.399297892796167,45.656770351095425],[15.399190094962071,45.65691476377568],[15.397680925284751,45.65747985329238],[15.397034138280185,45.65752380446021],[15.396899390987565,45.658139117187694],[15.396324469205732,45.65807633048446],[15.395974126244925,45.658352591452086],[15.396037008314813,45.65863512966824],[15.395857345257989,45.65881093050545],[15.395965143092083,45.65933205117264],[15.395767513729576,45.659627141447814],[15.396028025161971,45.6599850148012],[15.395677682201164,45.659978736341024],[15.395614800131275,45.660085470068196],[15.395821412646622,45.66048101093],[15.396045991467652,45.6605814653071],[15.395776496882418,45.66088282735701],[15.395929210480716,45.66120302275772],[15.396342435511412,45.66132858908168],[15.396647862708013,45.661793182031694],[15.396486165956873,45.661962694715676],[15.396647862708013,45.662182432616234],[15.396486165956873,45.66281025043707],[15.396135822996065,45.66288558810246],[15.395938193633558,45.66267213112054],[15.395084794113645,45.662615627665566],[15.39436614188635,45.66283536300346],[15.394096647301115,45.66325599681607],[15.394069697842589,45.66381474430667],[15.392623410235158,45.66412864494478],[15.392461713484018,45.664260482687936],[15.392228151510146,45.665064058408845],[15.391787977020925,45.66527122840414],[15.39180594332661,45.66573578863668],[15.39144661721296,45.666106178492285],[15.390997459570901,45.666319622380755],[15.390224908426559,45.666068511839235],[15.389155913238458,45.66679672930626],[15.38886845234754,45.667223611003244],[15.389057098557204,45.66777604130811],[15.38903014909868,45.66840379640035],[15.38939845836517,45.66869256137868],[15.38939845836517,45.669056654228015],[15.389263711072552,45.669433299510956],[15.388787603971966,45.66963417595886],[15.388589974609461,45.67019285978881],[15.387251484836122,45.6707829242955],[15.386829276652588,45.67083941950706],[15.385886045604261,45.670607161050405],[15.38512247761276,45.67068876548284],[15.384852983027525,45.67092730083391],[15.384215179175799,45.67083941950706],[15.383730088922373,45.67125371598271],[15.38331686389168,45.67136670539836],[15.383146183987698,45.671561297746194],[15.38317313344622,45.67199442022056],[15.381628031157536,45.672327106221864],[15.38107107568138,45.67344441454477],[15.381026159917175,45.67392146074135],[15.380109878327373,45.6763129073571],[15.379912248964867,45.67654514213547],[15.37896901791654,45.67689663077754],[15.378016803715374,45.6774677951121],[15.376570516107943,45.67894902929803],[15.376013560631787,45.67916242421203],[15.375681183976663,45.67963942166523],[15.375483554614158,45.68053064285206],[15.375187110570398,45.68069382265856],[15.375016430666415,45.681051561338236],[15.373291665320904,45.68100762864113],[15.37340844630784,45.681748203781765],[15.373812688185694,45.6825389765844],[15.373615058823189,45.68265821913247],[15.373740822962967,45.682877875792585],[15.373947435478314,45.68288415168448],[15.374037267006724,45.68324815221026],[15.374234896369233,45.68327953145504],[15.374163031146502,45.68347408237989],[15.374558289871514,45.68406400685462],[15.374351677356168,45.68413304016317],[15.37475591923402,45.6856705781396],[15.374594222482878,45.68608476481817],[15.374046250159566,45.6856705781396],[15.373228783251019,45.68530031775513],[15.373049120194194,45.68530659337529],[15.372617928857816,45.685777262880336],[15.37128842223732,45.684810817214135],[15.370587736315706,45.68487357393311],[15.370039763992393,45.684729233374206],[15.368602459537803,45.683781596977994],[15.368359914411089,45.683078703984265],[15.368422796480978,45.6827774614264],[15.368000588297443,45.683059876371935],[15.367434649668448,45.68282766863202],[15.367542447502542,45.68258290807905],[15.367201087694577,45.68124612001076],[15.368126352437217,45.679062003177414],[15.368000588297443,45.67824607559001],[15.367407700209922,45.67705982118231],[15.367317868681512,45.67631918398541],[15.367326851834353,45.676068118304144],[15.367838891546302,45.675396512069995],[15.367749060017887,45.67476883540568],[15.366949559415021,45.67361389194874],[15.36520682776383,45.6721450707303],[15.36438936085528,45.67074526078944],[15.36386833799049,45.67179982937863],[15.363832405379126,45.67326238268735],[15.363643759169461,45.673256105716185],[15.363661725475144,45.672760222769774],[15.36220645471487,45.672584465734154],[15.362413067230218,45.67223295000706],[15.362278319937602,45.67218901038593],[15.362970022706373,45.671259993178445],[15.362511881911471,45.67106539978304],[15.362188488409188,45.671234884391254],[15.360921863858579,45.672421262278284],[15.36047270621652,45.67210113104017],[15.360122363255716,45.67235849159161],[15.359134216443183,45.672458924656496],[15.358658109342597,45.672320829145804],[15.358613193578392,45.67218273329438],[15.358927603927835,45.67166173224166],[15.358649126189757,45.671197221189324],[15.359143199596025,45.67081431053118],[15.359673205613653,45.669966875989914],[15.360203211631283,45.669420744709015],[15.360275076854014,45.669182202937264],[15.359942700198891,45.66873650374478],[15.356717748328903,45.667355441457644],[15.356017062407288,45.66678417391296],[15.355990112948763,45.666432621756925],[15.353277200790723,45.666545620905],[15.352962790441282,45.66714200151875],[15.35310652088674,45.66749354921973],[15.352935840982758,45.66766304464383],[15.352917874677074,45.667989478829384],[15.353052621969693,45.66889344048498],[15.35349279645891,45.66886205317215],[15.353546695375957,45.6691759255085],[15.353349066013452,45.66920103521937],[15.353268217637881,45.6693454158383],[15.353654493210051,45.66944585431007],[15.353923987795289,45.67023052366659],[15.354453993812918,45.671147003547354],[15.354184499227683,45.67177472083362],[15.354256364450414,45.67239615401206],[15.353959920406654,45.67289204018429],[15.352747194773091,45.67348207623444],[15.354723488398156,45.67411604420656],[15.354912134607819,45.674436163919154],[15.354409078048713,45.67493830879885],[15.354543825341333,45.675609920532104],[15.354328229673143,45.67592375502735],[15.354436027507237,45.676381950229725],[15.354723488398156,45.67667067404679],[15.354696538939631,45.67695939637415],[15.355540955306704,45.67739875357923],[15.35566671944648,45.67735481801395],[15.356304523298206,45.67761215440555],[15.356654866259014,45.677863213159284],[15.356879445080043,45.67783183087667],[15.357220804888009,45.678189587855144],[15.356726731481741,45.67836532728748],[15.35589129826751,45.67845947318491],[15.35535230909704,45.67869797541609],[15.354831286232251,45.67834022168808],[15.354750437856678,45.67911221371724],[15.35498399983055,45.67935698945372],[15.355298410179993,45.67926912136383],[15.356358422215253,45.679758670393156],[15.356277573839682,45.67989047132306],[15.356457236896507,45.68002854815472],[15.356295540145364,45.68022311038465],[15.357229788040847,45.680769136254895],[15.359179132207387,45.68145950616398],[15.360436773605155,45.68172309970022],[15.361038644845515,45.68172309970022],[15.362538831369996,45.6812900525206],[15.362790359649548,45.6810327330437],[15.362844258566597,45.68074403173406],[15.363113753151833,45.680593404372416],[15.363374264584225,45.68077541238335],[15.363886304296175,45.68079424076448],[15.36414681572857,45.68098252422729],[15.364802585885977,45.68082562138561],[15.365413440279177,45.68164151135742],[15.365611069641684,45.68166661547557],[15.36588056422692,45.68212476365316],[15.365305642445083,45.68339877242472],[15.36558412018316,45.68401380075852],[15.365772766392826,45.68413931591428],[15.365907513685444,45.68499281150522],[15.36769516110084,45.686191448769],[15.367955672533235,45.68666838629649],[15.368683307913374,45.68733985723861],[15.368692291066212,45.68773520551866],[15.369392976987827,45.68875180255106],[15.36843177963382,45.69006331093449],[15.36843177963382,45.6902452881371],[15.369222297083844,45.69114261534034],[15.369159415013955,45.69139988831652],[15.369312128612258,45.69153793674268],[15.369285179153733,45.692140325887536],[15.36950077482192,45.69291212749743],[15.368683307913374,45.693037622687434],[15.369006701415655,45.693432930695295],[15.368368897563931,45.694204714467034],[15.367102273013323,45.69493256582612],[15.366581250148533,45.69481962399479],[15.363949186366062,45.693075271189514],[15.363122736304673,45.6931882165437],[15.362026791658048,45.69453099383395],[15.362026791658048,45.69551609498765],[15.362215437867713,45.6962815756224],[15.363419180348432,45.697159983111455],[15.36272747757966,45.697781134364256],[15.36220645471487,45.698032102610284],[15.362152555797824,45.698251698901544],[15.362871208025119,45.69904223840935],[15.363437146654114,45.700911882610335],[15.363949186366062,45.70179649113163],[15.363580877099574,45.70253051736422],[15.364685804899041,45.70343392103622],[15.364685804899041,45.7045694285564],[15.364083933658682,45.705428885764015],[15.364003085283109,45.70582410617611],[15.364524108147899,45.70634478912015],[15.363814439073444,45.7072418579972],[15.36377850646208,45.70773743532933],[15.362979005859213,45.7089857688825],[15.361990859046683,45.70959424297015],[15.360131346408554,45.70985143105682],[15.359430660486943,45.7100584352426],[15.35860421042555,45.71007725376693],[15.358074204407922,45.70980752097945],[15.356690798870376,45.70939978289944],[15.355747567822053,45.7095879700752],[15.355028915594755,45.71007098092619],[15.354292297061777,45.70990161396013],[15.354103650852114,45.70995806967251],[15.353771274196987,45.7097636108676],[15.352828043148662,45.709669517654596],[15.352441767576492,45.709481330753384],[15.352181256144096,45.70950642237683],[15.351480570222485,45.70862193585118],[15.351211075637249,45.70864075485915],[15.351121244108835,45.708408653317974],[15.350833783217917,45.70842747239776],[15.350546322326998,45.70813891247816],[15.349818686946863,45.70803227039175],[15.348686809688871,45.70907986324653],[15.348614944466142,45.70970715495881],[15.34822866889397,45.71019016477985],[15.34724052208144,45.710547714815945],[15.34671051606381,45.71038462210074],[15.34626135842175,45.70983261245645],[15.345470840971725,45.710152527800886],[15.344617441451812,45.71019016477985],[15.344141334351226,45.70984515819073],[15.343539463110869,45.70895440405928],[15.343593362027915,45.70817027775897],[15.34219199018469,45.70752414942115],[15.34099723085681,45.70607503832085],[15.341787748306835,45.70539124557904],[15.342012327127865,45.70465725690637],[15.341347573817615,45.70482663976312],[15.340485191144863,45.70482036633314],[15.339703656847677,45.7040361820408],[15.33934433073403,45.70293830555146],[15.339667724236312,45.70184668126646],[15.340152814489736,45.70088678712897],[15.339083819301633,45.69943122993723],[15.338086689336262,45.69902341617],[15.337790245292503,45.698483842614564],[15.33784414420955,45.69823915056528],[15.337305155039079,45.697536439239876],[15.3361103957112,45.696921559585945],[15.332921376452575,45.69470668193536],[15.330163548530326,45.69374039054739],[15.327953692931393,45.6934768536348],[15.326731984144992,45.692993699402955],[15.324450263323326,45.69182030746218],[15.32312973985567,45.690433539792615],[15.323749577401715,45.68984368248767],[15.323480082816477,45.68843176473727],[15.323471099663637,45.687986218849396],[15.323695678484667,45.687685002717366],[15.323551948039208,45.687390060349706],[15.324701791602882,45.68608476481817],[15.325267730231877,45.684515859691906],[15.325204848161988,45.684145591664674],[15.324764673672771,45.68368746003566],[15.324638909532993,45.68293435879436],[15.325339595454604,45.68184234398722],[15.326148079210313,45.6812084635463],[15.327082327105797,45.6809072109182],[15.327351821691034,45.680624785106204],[15.327585383664905,45.67972728917359],[15.328384884267772,45.67893647663069],[15.328789126145626,45.677580771982136],[15.329471845761557,45.6762124812085],[15.329903037097933,45.67419136665661],[15.330783386076371,45.67240870814658],[15.330837284993418,45.671598960703115],[15.331034914355923,45.671134449129816],[15.330442026268406,45.67069504274194],[15.329040654425178,45.67004848135588],[15.3281513222939,45.66950235087125],[15.327585383664905,45.66936424806548],[15.32627384335009,45.6696027890614],[15.324342465489233,45.66972833654566],[15.32303990832726,45.669973153329984],[15.322285323488599,45.6737896457515],[15.321809216388017,45.67372687659959],[15.32048869292036,45.67569151767018],[15.317102044299231,45.67881094980236],[15.317021195923658,45.67956410654822],[15.315790503984417,45.679783775356114],[15.316015082805446,45.680662441963506],[15.315538975704861,45.681817239947925],[15.313248271730359,45.68145323011226],[15.313284204341722,45.68209965974059],[15.313077591826376,45.682193799354664],[15.313086574979215,45.68283394452956],[15.312340973293397,45.68346780655416],[15.312071478708159,45.68326697975924],[15.31047247750243,45.68440917254556],[15.310966550908693,45.68496770887959],[15.311514523232006,45.68490495226621],[15.31191876510986,45.685036741072985],[15.31198164717975,45.685162253933655],[15.31250267004454,45.68526266401943],[15.312763181476932,45.685576444375876],[15.313553698926958,45.68577098731297],[15.31342793478718,45.68637343856848],[15.313670479913894,45.68727082788731],[15.314245401695729,45.688230955762315],[15.314101671250272,45.68848196686837],[15.313517766315593,45.68870787590072],[15.31373336198378,45.68968680449767],[15.3138681092764,45.69006331093449],[15.314344216376982,45.69035196415302],[15.31446998051676,45.690571590603966],[15.314155570167319,45.69106104073494],[15.315251514813943,45.69148146242771],[15.315359312648036,45.69163206047425],[15.31521558220258,45.6919834543392],[15.315431177870767,45.69243524320721],[15.31597915019408,45.69261721269247],[15.316167796403745,45.69280545636452],[15.31574558822021,45.69320704074723],[15.315260497966785,45.693250963864145],[15.313975907110494,45.693815686580024],[15.313517766315593,45.69426118603214],[15.31274521517125,45.693966278341186],[15.312763181476932,45.69313801863667],[15.31251165319738,45.69281800592013],[15.310661123712093,45.69284937979683],[15.30980772419218,45.69310037017683],[15.309412465467167,45.69360234755758],[15.30980772419218,45.6940415740697],[15.30981670734502,45.69461256337824],[15.307157694104028,45.6947129565002],[15.307364306619373,45.694217263708644],[15.306439041876732,45.69313801863667],[15.303860877011308,45.692956050845964],[15.30395070853972,45.69110496553725],[15.304211219972116,45.69016371222294],[15.305064619492029,45.68914714085176],[15.304920889046569,45.68872042637577],[15.303636298190279,45.68987505803288],[15.303465618286296,45.68986878292525],[15.30470529337838,45.6883878378356],[15.30439986618178,45.688218405177444],[15.303115275325489,45.68973700550234],[15.302594252460699,45.689416973325564],[15.303815961247103,45.68756577088366],[15.304211219972116,45.68786698765775],[15.304813091212473,45.68781050963616],[15.304902922740888,45.68816192751069],[15.306115648374448,45.68887103185665],[15.306627688086396,45.690314313817694],[15.307795497955752,45.691136340374925],[15.307283458243804,45.68963660344792],[15.307741599038705,45.68935422170363],[15.309035173047837,45.69049629020366],[15.30904415620068,45.690929266121024],[15.307903295789846,45.69122418982677],[15.308774661615441,45.692146600740315],[15.310238915528558,45.69060924076611],[15.309708909510926,45.68998800984988],[15.310292814445605,45.688758077784],[15.311245028646772,45.689002811319796],[15.31169418628883,45.688996536114296],[15.31169418628883,45.6889902609081],[15.31229605752919,45.68872670161223],[15.312323006987715,45.68863884823764],[15.312323006987715,45.68863884823764],[15.311388759092228,45.688337635620016],[15.31169418628883,45.68803642138037],[15.31169418628883,45.68803642138037],[15.311945714568385,45.68745908955386],[15.311640287371784,45.687346132629976],[15.311640287371784,45.687346132629976],[15.311146213965518,45.68684409909737],[15.310939601450169,45.68673741639123],[15.31049044380811,45.68634833656237],[15.307831430567116,45.684741784741945],[15.306609721780715,45.684616270937894],[15.306223446208541,45.685312868994735],[15.306340227195477,45.685438381235876],[15.307238542479599,45.68532542023153],[15.30793922840121,45.685488586053474],[15.309628061135355,45.68607848928531],[15.310939601450169,45.68673741639123],[15.311640287371784,45.687346132629976],[15.311640287371784,45.687346132629976],[15.311945714568385,45.68745908955386],[15.31169418628883,45.68803642138037],[15.31137977593939,45.688337635620016],[15.312323006987715,45.68863884823764],[15.312323006987715,45.68863884823764],[15.31169418628883,45.6889902609081],[15.31169418628883,45.6889902609081],[15.311245028646772,45.689002811319796],[15.310292814445605,45.688758077784],[15.309762808427973,45.68914086566245],[15.309295684480231,45.68922244306842],[15.308810594226808,45.6890843889271],[15.308792627921123,45.6889777104936],[15.308262621903493,45.6889777104936],[15.307966177859734,45.68859492149859],[15.30823567244497,45.68835018617814],[15.307768548497227,45.68856982048936],[15.30725650878528,45.68841293892649],[15.306394126112524,45.688406663654824],[15.30626836197275,45.68851961843712],[15.305504793981246,45.688262332212176],[15.305837170636371,45.68772265482256],[15.30516343417328,45.687942291597835],[15.305037670033505,45.68761597379198],[15.305145467867598,45.68738378496328],[15.30448071455735,45.68678762004299],[15.30463342815565,45.68664955989223],[15.304552579780081,45.68654287681509],[15.304049523220973,45.68678762004299],[15.303393753063565,45.68614124458219],[15.3035105340505,45.68595297848036],[15.302926629115822,45.68597180511906],[15.302648151377745,45.68730848027132],[15.303312904687996,45.687390060349706],[15.302369673639669,45.6887957291669],[15.30190254969193,45.68828743335939],[15.301857633927721,45.6872457262839],[15.30206424644307,45.68639854056333],[15.30102220071349,45.68575843617617],[15.30251340408513,45.68513087574489],[15.303564432967548,45.68428993372946],[15.30395070853972,45.6842585550514],[15.304372916723256,45.68440289682473],[15.304435798793145,45.68423345209629],[15.304004607456767,45.684114212905655],[15.304166304207909,45.68369373583673],[15.304669360767017,45.68302222112823],[15.305244282548854,45.6826268395392],[15.306214463055703,45.68316656609145],[15.306070732610241,45.683116359189945],[15.305891069553418,45.683210497093285],[15.30604378315172,45.683423875754364],[15.307283458243804,45.68356821968128],[15.306025816846036,45.682595459928336],[15.304444781945987,45.68164151135742],[15.303232056312424,45.68245111349161],[15.301731869787947,45.68370628743679],[15.300330497944717,45.68446565400132],[15.30033948109756,45.6850430167227],[15.299620828870264,45.68529404213428],[15.299486081577646,45.68558899555352],[15.298417086389543,45.685959254027296],[15.297617585786677,45.687019811346296],[15.294536364362147,45.68738378496328],[15.293305672422903,45.68780423429691],[15.292991262073462,45.68808662386629],[15.292658885418337,45.68877690347862],[15.292640919112657,45.689555026646005],[15.292137862553549,45.690490015165715],[15.292434306597308,45.69145008778364],[15.291886334273995,45.69205875273732],[15.291958199496724,45.69373411587343],[15.29222769408196,45.6943866781949],[15.293161941977445,45.69496393851657],[15.293889577357582,45.6952400174336],[15.293979408885994,45.695854915577556],[15.293970425733152,45.696325496324576],[15.293521268091093,45.69715370882118],[15.293090076754716,45.6989857716723],[15.292631935959815,45.69988923262205],[15.292775666405273,45.70075503566703],[15.292398373985943,45.70142006368437],[15.290817339085892,45.7025430647374],[15.29071852440464,45.70290066368956],[15.289865124884727,45.703697411024066],[15.288966809600607,45.705071302983484],[15.28817629215058,45.70581783285806],[15.28605626808006,45.70642006818067],[15.282858265668594,45.70394835271507],[15.282094697677094,45.703565666185376],[15.279004493099722,45.70242386457839],[15.279256021379275,45.702154094859054],[15.279004493099722,45.70199097765306],[15.278429571317885,45.70187805007783],[15.278106177815602,45.70192824013943],[15.276794637500787,45.70253679105116],[15.27457579874901,45.702837927196725],[15.274315287316618,45.70295712647292],[15.274270371552412,45.70318925064983],[15.274539866137648,45.703477836120435],[15.27477342811152,45.70419929327965],[15.274288337858092,45.7043874979639],[15.274054775884222,45.70479527260615],[15.273776298146144,45.70493328796518],[15.273174426905786,45.70733595529691],[15.272868999709184,45.70757433441394],[15.273174426905786,45.708013451178914],[15.272446791525649,45.70878503370981],[15.272195263246095,45.70889794733315],[15.272150347481888,45.70963815321505],[15.27186288659097,45.70998943393252],[15.271710172992671,45.710641806550555],[15.271943734966543,45.7112063536318],[15.271800004521083,45.71162035120052],[15.272123398023364,45.711902620511886],[15.272392892608602,45.71251106284572],[15.272231195857458,45.71268042190447],[15.271800004521083,45.71274314735156],[15.270856773472758,45.71268042190447],[15.270084222328414,45.7127745100487],[15.268467254816999,45.71348957476828],[15.26824267599597,45.713646385983594],[15.267748602589702,45.714574699365684],[15.267452158545945,45.714568427029704],[15.26697605144536,45.71493849364759],[15.266679607401601,45.715007488847675],[15.266086719314083,45.71501376113437],[15.26546688176804,45.714869498362305],[15.263337874544677,45.71411054460218],[15.263185160946376,45.71429244354993],[15.262565323400334,45.71439907369233],[15.262466508719081,45.71449315894312],[15.262969565278189,45.71496985511274],[15.263113295723647,45.71535246357038],[15.263095329417963,45.715578264053924],[15.262807868527046,45.71582915241001],[15.262870750596933,45.71596086834604],[15.263257026169107,45.71581033582236],[15.263490588142975,45.716092583971616],[15.263481604990137,45.71634347001859],[15.263661268046958,45.71626193217688],[15.264245172981637,45.71655045015938],[15.263706183811166,45.71702085671911],[15.264074493077654,45.717284282662845],[15.264990774667456,45.718770734355964],[15.265080606195868,45.719197219524474],[15.264164324606067,45.7192034913409],[15.263849914256625,45.719046695719065],[15.263373807156043,45.719247394036174],[15.263310925086154,45.71954844016015],[15.26516145457144,45.72027596159676],[15.26554773014361,45.72052055719332],[15.26554773014361,45.721699618380605],[15.266670624248759,45.722383211609994],[15.267515040615834,45.72266542655895],[15.268593018956777,45.72400749591762],[15.268844547236329,45.723882070240485],[15.26914099128009,45.72389461282087],[15.269751845673289,45.724390042493646],[15.270057272869892,45.724760044066855],[15.270227952773874,45.725280550606],[15.271225082739246,45.72630900709944],[15.271907802355177,45.72645324033764],[15.272024583342112,45.72667899596284],[15.272347976844394,45.726741705696824],[15.273533753019432,45.72815265609953],[15.27418952317684,45.72827807218834],[15.275608861325749,45.72923122526074],[15.275986153745079,45.73039129093673],[15.276345479858728,45.73067973595916],[15.276857519570676,45.73103088441062],[15.278447537623567,45.73172690428063],[15.279031442558246,45.73231004938562],[15.27983992631395,45.732667457892035],[15.279983656759411,45.73322551221423],[15.279507549658828,45.73372085913197],[15.27936381921337,45.73426636267943],[15.279543482270194,45.73512536321087],[15.279004493099722,45.73598435052926],[15.280738241598073,45.73589657140942],[15.282786400445863,45.735112823152164],[15.282777417293024,45.735777442383224],[15.283019962419734,45.736460863343616],[15.282930130891323,45.736780626241824],[15.282642670000405,45.737031419390554],[15.282651653153247,45.73729475098446],[15.283109793948148,45.73816624430855],[15.283855395633967,45.73884336642247],[15.28456506470842,45.73900637607541],[15.284753710918086,45.73918819397304],[15.285319649547082,45.73921954182658],[15.285669992507888,45.73942643721859],[15.285984402857329,45.739382550381315],[15.286900684447131,45.738818287972094],[15.287772050272729,45.73884336642247],[15.289227321033001,45.73940135903008],[15.289424950395507,45.739978154515946],[15.289963939565979,45.74029162782436],[15.290377164596675,45.74120069046623],[15.290952086378512,45.741382501218474],[15.292182778317756,45.741351154579284],[15.292533121278561,45.74119442111939],[15.294024324650199,45.7416395429959],[15.294662128501924,45.74166462017912],[15.296009601428102,45.74217869995292],[15.296332994930387,45.74263635235416],[15.297303175437236,45.74292473413226],[15.29756368686963,45.743162961434095],[15.297958945594642,45.74318176880937],[15.298219457027036,45.74341999501441],[15.29951303103617,45.74387136819411],[15.299629812023106,45.744090784393826],[15.299504047883328,45.74444184851963],[15.29996218867823,45.744611110791475],[15.300168801193577,45.74499351625693],[15.299971171831071,45.745394725732645],[15.300923386032238,45.74599653453967],[15.30072575666973,45.746692367885174],[15.300447278931653,45.746861623333395],[15.300348464250401,45.7473443119781],[15.300698807211209,45.74783953365229],[15.302486454626605,45.748892648682514],[15.303187140548218,45.74939412504681],[15.3035105340505,45.749820376414085],[15.304148337902227,45.750209014529574],[15.30574733910796,45.75071047906712],[15.306528873405142,45.75063525967369],[15.307597868593245,45.7510426968421],[15.309277718174549,45.75096747789642],[15.309843656803546,45.75124954842003],[15.310400612279699,45.7511680615263],[15.311200112882565,45.750741820451125],[15.311810967275767,45.75084211276165],[15.314685576184948,45.75221484564723],[15.316715768727057,45.752584662888786],[15.319590377636242,45.75450892661286],[15.321557688108463,45.75566219945554],[15.322752447436342,45.7558878370066],[15.325366544913129,45.75549297069351],[15.32618401182168,45.75563712856022],[15.326489439018278,45.75553684486627],[15.327863861402982,45.7558878370066],[15.32867234515869,45.7557624829242],[15.330603723019546,45.756364179951646],[15.332139842155392,45.757254178242405],[15.334457495588419,45.757905998971324],[15.334933602689,45.75816923210733],[15.336541587047575,45.75834472017478],[15.342784878272207,45.76170395677417],[15.345578638805819,45.763439900899115],[15.346836280203586,45.764085382591354],[15.3475369661252,45.764298452578394],[15.349180883095137,45.765113124436326],[15.350761917995188,45.76508179112333],[15.352280070825351,45.765783653116586],[15.352747194773091,45.766241111983675],[15.355118747123168,45.766942959390825],[15.355783500433416,45.76815237214985],[15.356457236896507,45.768478219807946],[15.358837772399422,45.76898578640656],[15.360382874688108,45.76906724728238],[15.361065594304039,45.76892312411342],[15.361703398155765,45.76926149966003],[15.36226933678476,45.76935549250312],[15.364685804899041,45.76935549250312],[15.365072080471212,45.770884420506995],[15.365673951711573,45.771818048554216],[15.366257856646248,45.77236944569759],[15.366994475179228,45.77250729413165],[15.367452615974129,45.77223786278361],[15.368871954123037,45.77221906519913],[15.369806202018523,45.77183684627386],[15.371423169529937,45.77211881130823],[15.372986238124305,45.77188070759505],[15.3732467495567,45.771630071009334],[15.373498277836253,45.771611273219996],[15.374711003469814,45.772056152534894],[15.375115245347668,45.77284564793435],[15.375618301906774,45.773209062695244],[15.376471701426688,45.77298349519138],[15.377199336806827,45.77395468211851],[15.377765275435822,45.775207801550124],[15.379579872309744,45.77642956588481],[15.381798711061519,45.77585314707251],[15.383775004686582,45.77505742870509],[15.386469950538938,45.77476921295206],[15.387125720696348,45.77497597657805],[15.387862339229326,45.77569024502394],[15.388787603971966,45.77607870296952],[15.390242874732243,45.77705610131411],[15.390584234540208,45.77886674913514],[15.391024409029425,45.779405546478024],[15.391419667754437,45.77984409861119],[15.393638506506214,45.781097085699244],[15.394285293510778,45.78123491255988],[15.394770383764204,45.781635861489896],[15.39534530554604,45.78288254364777],[15.396441250192664,45.78336492072115],[15.396881424681885,45.78401017183911],[15.399351791713213,45.784617828684986],[15.400483668971203,45.78473058902058],[15.401408933713848,45.78525680090431],[15.40166944514624,45.78562639913873],[15.402594709888884,45.78594588038374],[15.402388097373539,45.78669132950166],[15.404040997496319,45.78745556110571],[15.404499138291216,45.78761216464911],[15.406421532999236,45.78773744716704],[15.406960522169705,45.7879065781196],[15.407194084143576,45.788138349332236],[15.408469691847024,45.78805065222997],[15.409646484869224,45.78823231036011],[15.409529703882288,45.78835759148423],[15.410275305568108,45.787981747267125],[15.411290401839162,45.78778756009538],[15.412826520975006,45.78682914253247],[15.413392459604003,45.78729895712236],[15.413949415080156,45.787530730861455],[15.414703999918817,45.78852672055514],[15.415952658163743,45.788808601199584],[15.416734192460927,45.7905624931799],[15.41819844637404,45.79065645012137],[15.420291520986039,45.7902493022311],[15.422815786934416,45.79023051071821],[15.422986466838399,45.790268093737666],[15.423920714733882,45.79117007860176],[15.424881912087889,45.791495791770934],[15.425941924123151,45.791533373937206],[15.426714475267493,45.79189040325278],[15.428241611250497,45.79194677609353],[15.429112977076095,45.79168370234884],[15.429723831469294,45.79165238396318],[15.430694011976144,45.79081304467182],[15.431915720762545,45.790443480826674],[15.432364878404604,45.79063765874573],[15.432858951810871,45.79106985878215],[15.433406924134184,45.79120766098766],[15.435284403077993,45.79098843004602],[15.436739673838266,45.79065645012137],[15.4375751070525,45.79066271391183],[15.438536304406508,45.79097590253759],[15.439371737620737,45.790725351777766],[15.440090389848033,45.79031820439084],[15.440701244241234,45.78969808188688],[15.441913969874795,45.789472581083935],[15.442704487324821,45.78955401203468],[15.443836364582811,45.79018666383017],[15.443953145569747,45.79058128458086],[15.444240606460665,45.790881946134654],[15.444608915727155,45.79101348505442],[15.44576774244367,45.790881946134654],[15.446387579989711,45.79118886979788],[15.446863687090294,45.791213924716175],[15.448426755684661,45.790881946134654],[15.449864060139253,45.7914143636571],[15.452505107074565,45.79061886736378],[15.453448338122891,45.790831835988314],[15.454023259904728,45.79078798957332],[15.45448140069963,45.79036205117541],[15.45622413235082,45.790443480826674],[15.457257194927559,45.790881946134654],[15.45825432489293,45.79093205623594],[15.461272664247572,45.790224246879184],[15.462566238256704,45.79060633977228],[15.463015395898763,45.79049985513093],[15.46373404812606,45.79050611893899],[15.46418320576812,45.79041216174411],[15.46524321780338,45.78991105402974],[15.465674409139757,45.789873470769535],[15.466491876048307,45.78935356640345],[15.467453073402314,45.7890654245457],[15.469528181708629,45.78961665114661],[15.470543277979687,45.79011776150782],[15.472483638993383,45.79063765874573],[15.474226370644576,45.7906940328536],[15.476049950671337,45.7914143636571],[15.477217760540693,45.79215973964402],[15.479553380279405,45.792986531598224],[15.480649324926029,45.793656725166166],[15.478592182925397,45.79586768043804],[15.477559120348658,45.79660047062083],[15.47672368713443,45.79755245715067],[15.476427243090669,45.79832280276611],[15.475834355003148,45.79917455462603],[15.474729427203682,45.80289455351063],[15.474927056566187,45.80424095653362],[15.475475028889502,45.805681258627246],[15.475528927806549,45.80680842559484],[15.475205534304264,45.80740957198516],[15.474720444050842,45.80789173679718],[15.473858061378087,45.80850539506714],[15.473184324914996,45.80875586588751],[15.472726184120095,45.80909399970846],[15.472492622146223,45.81006455760734],[15.472142279185418,45.81020231284179],[15.471675155237676,45.810934914500955],[15.471585323709263,45.811348172724294],[15.47178295307177,45.8118616104879],[15.471468542722327,45.81214337310279],[15.470633109508098,45.813959142427485],[15.472789066189984,45.81389653067766],[15.474837225037778,45.81341441784614],[15.475861304461674,45.8128947331069],[15.476157748505432,45.81293856212758],[15.476696737675903,45.81326414805848],[15.478268789423112,45.813570948443804],[15.480038470532827,45.813570948443804],[15.480227116742494,45.81383391885745],[15.4801193189084,45.81458525605419],[15.480442712410682,45.81466665030862],[15.481394926611848,45.81439116158276],[15.48305680988747,45.81507988084215],[15.483488001223847,45.815518152299724],[15.483550883293734,45.815849984108866],[15.48298494466474,45.81664512020938],[15.48231120820165,45.8179786694399],[15.48222137667324,45.819168193446835],[15.482706466926663,45.821547165225496],[15.48365868112783,45.82309344237353],[15.484080889311366,45.82311222280367],[15.484368350202285,45.823306286877425],[15.48493428883128,45.823469049772505],[15.486209896534728,45.82358799158722],[15.48748550423818,45.823907255201796],[15.489497730474605,45.82471479617198],[15.491033849610451,45.82472731609481],[15.491716569226382,45.824958934159234],[15.492255558396854,45.82531574929162],[15.49343235141905,45.82560996355756],[15.494869655873643,45.826480077499845],[15.495902718450381,45.82673046748117],[15.49665730328904,45.82740025514525],[15.4974118881277,45.82766941988031],[15.497995793062378,45.82737521649908],[15.498714445289673,45.82725002309929],[15.498939024110703,45.827068492169424],[15.499927170923236,45.82541590751416],[15.500843452513038,45.82495267422422],[15.50162498681022,45.8248587751145],[15.501984312923867,45.82471479617198],[15.503107207029018,45.824789915666706],[15.503538398365395,45.8246521965156],[15.50357433097676,45.82447691710327],[15.505128416418287,45.823969855695836],[15.506107580077977,45.82399489587374],[15.506969962750732,45.82426407707492],[15.507643699213823,45.824220256968076],[15.507598783449614,45.82368189284038],[15.507760480200758,45.82311222280367],[15.507625732908139,45.822298398353624],[15.506889114375161,45.821778796520874],[15.506943013292208,45.821021296004574],[15.50672741762402,45.81988189565336],[15.506934030139366,45.81974416436096],[15.5058291023399,45.81824787972939],[15.50590995071547,45.81777832605417],[15.507643699213823,45.81754667811585],[15.5083803177468,45.81767815409099],[15.509619992838886,45.817715718598315],[15.510158982009354,45.817615546522504],[15.510680004874144,45.817747022335034],[15.511775949520771,45.81770945784884],[15.512126292481579,45.81785971564156],[15.512638332193527,45.81758424271186],[15.513527664324805,45.81748407039954],[15.513815125215723,45.81723363883034],[15.514291232316307,45.81714598751503],[15.514955985626555,45.81665764194693],[15.515306328587362,45.816557467967705],[15.517156858072648,45.81760302500035],[15.517237706448219,45.817953626556104],[15.517884493452783,45.818642301756604],[15.518809758195427,45.81874873261861],[15.520920799113108,45.81815396931112],[15.52260064869441,45.81735259396614],[15.523588795506944,45.8171334658873],[15.52372354279956,45.81693311946061],[15.525421358686545,45.816501120025194],[15.52560102174337,45.81670146800617],[15.525753735341672,45.81754667811585],[15.526517303333172,45.8179661479994],[15.527011376739438,45.81871742944501],[15.5277659615781,45.818642301756604],[15.527837826800829,45.81879255703207],[15.52867326001506,45.81896159373231],[15.530389042207728,45.81922453869048],[15.531646683605496,45.81926210215456],[15.53303907229588,45.8196189537995],[15.533676876147606,45.819957021669246],[15.53446739359763,45.82066445334736],[15.535491473021526,45.822348480201754],[15.537171322602829,45.82360051176346],[15.537961840052855,45.82409505647274],[15.539381178201763,45.82469601628245],[15.54086339842056,45.82507161286917],[15.540656785905215,45.82629228427473],[15.54011779673474,45.82762560245399],[15.540216611415996,45.828032477228575],[15.540953229948974,45.82897140766539],[15.541330522368304,45.82915919185218],[15.541465269660922,45.829465904661475],[15.542444433320611,45.83006680649062],[15.543612243189967,45.83115592452091],[15.54393563669225,45.83188199136785],[15.543926653539408,45.83237646250548],[15.543387664368938,45.833884885288654],[15.543459529591669,45.83467350499132],[15.542803759434259,45.83608172666452],[15.542839692045623,45.837089365633474],[15.54248934908482,45.83781535507223],[15.542237820805264,45.83924227222648],[15.542552231154705,45.84074425075188],[15.542300702875153,45.84136380508161],[15.54326190022916,45.84228999464788],[15.543324782299049,45.843366357745154],[15.547807375566805,45.842152318796074],[15.550735883393035,45.84213354478989],[15.552155221541943,45.84189574016317],[15.553206250424365,45.84186445000504],[15.554122532014167,45.84196457844912],[15.55589221312388,45.841157287738255],[15.55573949952558,45.84027488681814],[15.555793398442628,45.83926104720829],[15.556431202294354,45.838222155358345],[15.55641323598867,45.83750868827513],[15.556961208311984,45.83695167691277],[15.55693425885346,45.836238193539586],[15.55708697245176,45.83598784632831],[15.557958338277356,45.83532442077152],[15.558245799168274,45.83483623465015],[15.56031192432175,45.833540643025806],[15.561668380400771,45.83304618223153],[15.562917038645697,45.83198839692033],[15.56349196042753,45.83141881188696],[15.563644674025833,45.8302295496196],[15.563815353929815,45.83008558456825],[15.565162826855994,45.83081166537813],[15.56511791109179,45.83147514473243],[15.56588147908329,45.832445312568616],[15.566663013380476,45.83412272415371],[15.566878609048663,45.835343197075275],[15.56654623239354,45.836688815681704],[15.566923524812868,45.838472492517724],[15.56722895200947,45.83900445524189],[15.567651160193005,45.83948008819461],[15.56858540808849,45.83984306850208],[15.569438807608405,45.84036875992166],[15.571244421329483,45.84214606079472],[15.574963446605738,45.844924544171185],[15.57513412650972,45.84589447753758],[15.575313789566545,45.8459445381556],[15.575897694501224,45.84693322613059],[15.576203121697823,45.84720855383092],[15.576679228798406,45.848528856366045],[15.576391767907488,45.849235924932806],[15.576966689689325,45.8488354624235],[15.577577544082526,45.84877914715188],[15.57782907236208,45.84842873973635],[15.578008735418905,45.84843499703099],[15.57843094360244,45.84819721934002],[15.578529758283691,45.84784055089773],[15.579059764301324,45.8476403149804],[15.579401124109289,45.84725861326637],[15.580092826878062,45.84697702835589],[15.580218591017838,45.84681433420236],[15.580658765507057,45.84672047197423],[15.581278603053098,45.84626993107468],[15.581763693306522,45.84539386887954],[15.58315608199691,45.8447931325433],[15.584386773936151,45.84384821122092],[15.584880847342419,45.84362918743113],[15.585051527246401,45.843691765744765],[15.585922893071997,45.8431035268175],[15.586291202338487,45.84307223733863],[15.586497814853834,45.842846952571364],[15.587773422557284,45.842483991860774],[15.589147844941985,45.84229625263305],[15.58932750799881,45.84213354478989],[15.589758699335189,45.842077222733316],[15.590351587422706,45.84232754254832],[15.591178037484097,45.842246188731984],[15.591878723405708,45.84229625263305],[15.592157201143785,45.84242141218859],[15.593944848559184,45.841883224102034],[15.594789264926256,45.84174554724365],[15.595579782376282,45.84180186963599],[15.596433181896195,45.842158576796734],[15.596451148201878,45.84199586855094],[15.596936238455301,45.84154528938691],[15.597699806446805,45.84143890210732],[15.597717772752485,45.84094451149184],[15.598014216796246,45.840619087423356],[15.60014322401961,45.840318694286154],[15.601957820893531,45.84023107931564],[15.60279325410776,45.83985558502216],[15.603583771557787,45.83897316345774],[15.604985143401013,45.83883547939832],[15.60653922884254,45.83850378458347],[15.607239914764152,45.83820338002599],[15.608246027882368,45.83813453708648],[15.610743344372219,45.83692038397419],[15.612000985769987,45.836526091440206],[15.613743717421178,45.8362694868618],[15.614300672897333,45.83550592477581],[15.614588133788251,45.834748611046834],[15.614992375666105,45.83471105803174],[15.61607933715989,45.83389114421918],[15.616241033911031,45.833578196830686],[15.617175281806514,45.83359697372362],[15.617651388907099,45.83330906066911],[15.618549704191217,45.833089995390694],[15.618379024287234,45.83237646250548],[15.617831051963922,45.83182565893418],[15.617121382889467,45.831493922334914],[15.617345961710496,45.83103073962445],[15.618019698173589,45.83061762746841],[15.61855868734406,45.83056129375501],[15.619906160270238,45.83074907257794],[15.620930239694134,45.831393775048454],[15.621334481571989,45.8312811091358],[15.622133982174855,45.83128736835915],[15.62240347676009,45.83099944335634],[15.622394493607247,45.82997291600744],[15.622628055581119,45.82971002181197],[15.624047393730029,45.82972880000997],[15.625179270988019,45.829559795999906],[15.625664361241444,45.82931567819055],[15.625790125381222,45.82884621785558],[15.626275215634646,45.82853950163157],[15.626993867861941,45.82867095164881],[15.628377273399485,45.82861461596514],[15.628844397347228,45.82839553220887],[15.62893422887564,45.828107592246376],[15.629536100116,45.827575525353105],[15.630632044762624,45.82720620534282],[15.631638157880838,45.82720620534282],[15.631620191575157,45.827494149968096],[15.6323927427195,45.82794484291304],[15.632949698195652,45.827932323713846],[15.633749198798519,45.82823278371743],[15.634198356440578,45.82825156241382],[15.63436903634456,45.82808881350143],[15.634333103733198,45.82771323727212],[15.635015823349129,45.8268243634338],[15.63578837449347,45.82652389582788],[15.637351443087839,45.82614830903975],[15.638177893149228,45.82583531811388],[15.638375522511737,45.825635002997764],[15.638402471970258,45.825309489396716],[15.638070095315134,45.82476487584639],[15.637692802895804,45.82459585676468],[15.637728735507169,45.823894735094534],[15.638123994232181,45.82356921131758],[15.638519252957193,45.82345026946274],[15.638600101332766,45.82328750651274],[15.638654000249813,45.82271783244043],[15.638303657289006,45.82263018975808],[15.638276707830483,45.822504985686805],[15.638456370887305,45.82219197427676],[15.639103157891872,45.82165359053493],[15.639192989420284,45.820432817415934],[15.63947146715836,45.82025752471914],[15.640297917219751,45.82007597098709],[15.641905901578326,45.820107273396914],[15.642292177150496,45.82000710562352],[15.642444890748797,45.81973790383958],[15.64329829026871,45.81925584157898],[15.644025925648847,45.81854839200354],[15.644277453928401,45.81742146261283],[15.64510390398979,45.816989466965964],[15.645427297492072,45.81660755497984],[15.646649006278476,45.815968942200456],[15.647547321562595,45.816288249505604],[15.647942580287609,45.81688929358368],[15.648858861877411,45.817396419478435],[15.648966659711505,45.817759543824806],[15.648804962960362,45.81823535834944],[15.6495325983405,45.81891776945189],[15.650628542987127,45.819161932860695],[15.651203464768964,45.81962521433426],[15.651652622411023,45.82052046355738],[15.652254493651382,45.82057054700483],[15.65268568498776,45.82077714074935],[15.652730600751966,45.82126545018912],[15.652389240944,45.82219823452221],[15.65351213504915,45.822454903979455],[15.65337738775653,45.82276165372986],[15.653566033966197,45.82278669445122],[15.654087056830987,45.823281246389776],[15.654015191608256,45.82363807227528],[15.654302652499174,45.82405123623285],[15.65479672590544,45.824339197177856],[15.655129102560565,45.82472105613375],[15.65479672590544,45.82517177153097],[15.655398597145801,45.826223426600116],[15.655578260202626,45.826354882086825],[15.655964535774796,45.826373661416724],[15.656871834211756,45.826649090860776],[15.657410823382227,45.827406514805034],[15.658012694622588,45.82771949689672],[15.658309138666347,45.828270341103845],[15.658758296308408,45.82865217309393],[15.659494914841387,45.82897766714849],[15.660168651304476,45.82893385075201],[15.660303398597092,45.82914667292609],[15.660195600762998,45.829409569782385],[15.660689674169266,45.82980391273861],[15.660770522544835,45.83004176904394],[15.661381376938035,45.83015443746535],[15.661911382955667,45.830786628266495],[15.662701900405692,45.83101196186569],[15.66321394011764,45.83146262632725],[15.663995474414824,45.8317380305907],[15.664103272248918,45.8322637985821],[15.665360913646685,45.83253919888107],[15.666133464791029,45.832902224465734],[15.668352303542802,45.83543707849905],[15.66877451172634,45.835756274155145],[15.669340450355335,45.83594403545054],[15.669753675386032,45.83630703882523],[15.669996220512743,45.8369266425633],[15.67209827827758,45.83729589807575],[15.672727098976464,45.837151951303],[15.67306845878443,45.836663781213986],[15.67374219524752,45.83619438285891],[15.675269331230526,45.836338332108745],[15.675826286706679,45.8362194175378],[15.676913248200464,45.83631955614075],[15.67869191246302,45.83630078016642],[15.680407694655688,45.83682024645245],[15.682725348088717,45.83701426273714],[15.683731461206929,45.837289639528166],[15.684018922097847,45.83742732741263],[15.68417163569615,45.838003109419994],[15.68516876566152,45.83854133503912],[15.686085047251323,45.83802814328516],[15.687908627278086,45.838566368662136],[15.68846558275424,45.83805317713907],[15.689561527400867,45.838716570163754],[15.690127466029862,45.838228413801055],[15.690873067715682,45.8379718170727],[15.691187478065123,45.83800936788734],[15.691295275899217,45.838472492517724],[15.6919240965981,45.83856011025743],[15.694008188057257,45.8380719525221],[15.694223783725448,45.83817834623965],[15.694771756048759,45.837884198406634],[15.69500531802263,45.83794052470779],[15.695598206110148,45.838772895622334],[15.696271942573237,45.83852255981446],[15.698724343298885,45.838923096566454],[15.699577742818798,45.83998075006823],[15.699622658583003,45.84046889105749],[15.699110618871055,45.84201464260359],[15.698886040050025,45.84333506841413],[15.69920943355231,45.84385446903082],[15.70101504727339,45.84497460566206],[15.702182857142745,45.84424870963512],[15.703467447999037,45.84469926690476],[15.703665077361542,45.844605401107835],[15.704213049684855,45.84401717184101],[15.704671190479756,45.84315358994707],[15.704599325257027,45.84247147593197],[15.704814920925216,45.84200212656919],[15.70650375365936,45.841482708658845],[15.708327333686123,45.84055024747266],[15.709522093014002,45.84065037828189],[15.709755654987873,45.84057528019187],[15.710294644158344,45.8408568975068],[15.710770751258927,45.84075050891091],[15.714022652587442,45.84218360879231],[15.711938561128282,45.84504344013845],[15.710896515398705,45.846082204622874],[15.707626647764508,45.848679030972704],[15.702640997937646,45.85226432931048],[15.699775372181305,45.85496722865716],[15.698347050879555,45.85609339794738],[15.696712117062457,45.856744063142095],[15.695589222957306,45.85699431695899],[15.69244511946289,45.85740097700938],[15.689804072527577,45.85830813102031],[15.68778286313831,45.85966570627241],[15.685213681425726,45.86207422595502],[15.682015679014263,45.86448889679111],[15.682860095381335,45.8651957624497],[15.684998085757538,45.864551451636665],[15.685366395024028,45.86532087047964],[15.68681268263146,45.86545223360805],[15.687639132692851,45.86589636379091],[15.686282676613828,45.866521893241455],[15.685761653749042,45.86710988450688],[15.685438260246757,45.86714116046381],[15.68509690043879,45.86773540030191],[15.686633019574636,45.8690614705083],[15.687414553871822,45.869574375971354],[15.687513368553073,45.87016858979718],[15.68740557071898,45.870581408294306],[15.686875564701348,45.87095044041585],[15.686004198875752,45.871044261751],[15.685034018368903,45.87081283550445],[15.684791473242191,45.87097545945404],[15.684243500918877,45.87220763314914],[15.68417163569615,45.87277054605109],[15.684315366141607,45.873077018456186],[15.684908254229127,45.87338974365803],[15.685258597189934,45.873333453251576],[15.685321479259821,45.873108291055566],[15.684953169993333,45.87267047306301],[15.684989102604696,45.87240778061192],[15.685348428718346,45.87214508691919],[15.686165895626894,45.871951193159056],[15.686597086963271,45.87201999424815],[15.686767766867254,45.87223265162139],[15.686237760849624,45.873108291055566],[15.68649827228202,45.87343977952703],[15.686938446771236,45.87350857877335],[15.687486419094549,45.873370980195546],[15.68824100393321,45.87267672763004],[15.688573380588334,45.87253912699268],[15.688896774090617,45.87262043650138],[15.689399830649725,45.87302698226058],[15.689831021986102,45.87312705460674],[15.689642375776437,45.873664940380024],[15.688303886003098,45.873702467100166],[15.687459469636027,45.87412776815748],[15.687055227758172,45.87454681160415],[15.685905384194498,45.87656067781637],[15.685680805373469,45.878017870899484],[15.686076064098481,45.87818047376626],[15.686462339670653,45.878092918435584],[15.687585233775804,45.87740497889411],[15.688420666990034,45.87669826849656],[15.690010685042926,45.87743624905804],[15.69072035411738,45.87748628128373],[15.691582736790135,45.87730491425129],[15.690073567112815,45.87612288702198],[15.690172381794067,45.87576014346523],[15.69050475844919,45.875560008075496],[15.690891034021362,45.87565382162918],[15.690837135104315,45.87621669962542],[15.692085793349241,45.87656693194558],[15.692957159174838,45.87623546212709],[15.693559030415196,45.87566007586046],[15.694044120668623,45.87562880469702],[15.694412429935111,45.875885227717795],[15.694574126686252,45.87639181606142],[15.693460215733944,45.87793656928768],[15.693100889620295,45.879099796408894],[15.693514114650991,45.87937496485441],[15.693918356528846,45.87893719623238],[15.694430396240794,45.87865577172547],[15.694969385411264,45.87869954896461],[15.695661088180037,45.87986276011331],[15.696397706713014,45.88044435655584],[15.69657736976984,45.88095090333585],[15.696550420311317,45.88111975123627],[15.696110245822096,45.88121355540366],[15.694421413087952,45.88078205492231],[15.692957159174838,45.880513147130294],[15.69267868143676,45.88055066922591],[15.692265456406066,45.880838337783835],[15.692274439558908,45.88098217150427],[15.69275054665949,45.88141992401446],[15.69274156350665,45.88227665823228],[15.692409186851526,45.882927016992646],[15.692022911279352,45.88319591310165],[15.691753416694118,45.88322092662703],[15.691061713925345,45.88308960549318],[15.690900017174204,45.88274566771917],[15.690971882396934,45.882164095366264],[15.69160968624866,45.88174510936073],[15.69178934930548,45.881438684759246],[15.691762399846958,45.88123231621814],[15.691259343287852,45.88079456222981],[15.688672195269586,45.88288324308429],[15.688339818614462,45.8833209806159],[15.688142189251957,45.88436528336899],[15.684953169993333,45.88598485180193],[15.685025035216063,45.88686027453879],[15.685321479259821,45.88701034562274],[15.685635889609264,45.88697282788976],[15.686902514159874,45.88642256489486],[15.687639132692851,45.885715969191914],[15.688510498518445,45.885503363416106],[15.688878807784935,45.88732299241213],[15.68869016157527,45.88811085451679],[15.68763014954001,45.88840473672597],[15.68734268864909,45.88876739773441],[15.687387604413296,45.88919258348754],[15.688124222946275,45.890399342970454],[15.688303886003098,45.89127469613624],[15.687773879985468,45.892431391659414],[15.686264710308148,45.89199997830822],[15.686058097792799,45.89198747352342],[15.685734704290516,45.89218754974224],[15.686875564701348,45.894694693751575],[15.686624036421794,45.89616391507195],[15.6865162385877,45.89616391507195],[15.686830648937143,45.89663905918063],[15.686839632089985,45.8970516810293],[15.686776750020096,45.897220479992775],[15.686417423906446,45.89741428557733],[15.686103013557007,45.897232983599295],[15.686004198875752,45.896470258449725],[15.685519108622328,45.8965077697676],[15.68552809177517,45.89643899899882],[15.685258597189934,45.896576540451235],[15.684971136299016,45.89730175338478],[15.685321479259821,45.89823951468769],[15.684674692255257,45.899095989506655],[15.68426146722456,45.900196258937854],[15.684737574325144,45.90027752797431],[15.685402327635392,45.900646362875584],[15.686004198875752,45.90145278997206],[15.68704624460533,45.90154030848726],[15.688977622466188,45.901934140098454],[15.689040504536077,45.90329690094038],[15.689588476859388,45.90391575835144],[15.689453729566772,45.90399077090219],[15.689525594789501,45.904040779213034],[15.689938819820195,45.90417830183562],[15.690738320423062,45.904078285416624],[15.691582736790135,45.90415954877079],[15.693154788537344,45.90535973214945],[15.69599346483516,45.906559889580926],[15.696828898049393,45.90736623078209],[15.696846864355074,45.90781627659191],[15.696379740407334,45.90801629578061],[15.694834638118648,45.90814755798149],[15.694645991908981,45.90828507043046],[15.69454717722773,45.90861009850103],[15.694870570730012,45.90900387995987],[15.69567905448572,45.90915389120937],[15.696981611647693,45.90866635316619],[15.697718230180671,45.908697605733316],[15.698068573141478,45.908922623697116],[15.698356034032397,45.909872689487585],[15.698778242215932,45.910247710980954],[15.69929028192788,45.91029771365529],[15.700395209727347,45.9100164480262],[15.701230642941578,45.91009770268768],[15.701859463640462,45.910285212990935],[15.703036256662658,45.91032896530387],[15.703503380610401,45.91051647482585],[15.704006437169507,45.91125400613284],[15.705048482899088,45.91133525898258],[15.70522814595591,45.91143526232666],[15.705335943790006,45.91252903713929],[15.70507543235761,45.91266028866827],[15.70379084150132,45.912772789731754],[15.703629144750177,45.91299154114685],[15.703781858348478,45.91331654165713],[15.704302881213268,45.913785289041],[15.704356780130315,45.91394778720991],[15.704033386628032,45.91477277057382],[15.704653224174074,45.91546024734209],[15.70574018566786,45.915910227524215],[15.70711460805256,45.91668518484017],[15.707527833083256,45.91677267934108],[15.709297514192972,45.9159914735571],[15.710114981101519,45.915410249318846],[15.710465324062326,45.91546024734209],[15.71102227953848,45.916753930531065],[15.71183974644703,45.917466380858166],[15.711597201320316,45.9177038622678],[15.71101329638564,45.917841351040416],[15.710923464857228,45.918022585720195],[15.712019409503855,45.918485043944806],[15.71221703886636,45.918841259138624],[15.710860582787339,45.9192662146241],[15.710734818647564,45.91953493479548],[15.71102227953848,45.920078620464224],[15.711830763294188,45.92081602469729],[15.711893645364077,45.92125346325504],[15.710743801800403,45.92106599000975],[15.71041142514528,45.921478430313236],[15.710402441992438,45.92178463401],[15.710213795782774,45.9220283459486],[15.709189716358878,45.922115832024396],[15.708201569546345,45.92240328530215],[15.708138687476456,45.922528264523606],[15.708264451616234,45.92277197319564],[15.709001070149212,45.92295319177059],[15.709674806612302,45.92332812487397],[15.710222778935616,45.923153156407714],[15.710671936577675,45.92247827286881],[15.711058212149846,45.92242203220333],[15.711264824665193,45.922553260334105],[15.71130075727656,45.92278447104739],[15.710761768106087,45.92395925654202],[15.710968380621432,45.92406548591881],[15.711911611669759,45.923884270977126],[15.71214517364363,45.92405298835562],[15.712243988324884,45.924546639960525],[15.711947544281124,45.92479033976618],[15.711031262691321,45.92455288868686],[15.710761768106087,45.924571634861664],[15.710537189285056,45.925134017159834],[15.710240745241297,45.92521524968723],[15.710070065337314,45.925433952054384],[15.709782604446396,45.9261150481883],[15.71018684632425,45.92617128511001],[15.710788717564611,45.92594008851169],[15.71070786918904,45.92584011130588],[15.711121094219735,45.9258838513556],[15.71213619049079,45.92665866937676],[15.712118224185106,45.92718978838128],[15.712288904089089,45.927308508404536],[15.712612297591372,45.92713355249211],[15.712477550298756,45.92680238443277],[15.712576364980007,45.92650245693705],[15.71312433730332,45.92628375878242],[15.713798073766412,45.926352492581074],[15.714130450421536,45.92702732899034],[15.713582478098221,45.92757094123854],[15.713600444403903,45.927733399037386],[15.713914854753348,45.92817703137209],[15.714983849941449,45.92830824588976],[15.715181479303954,45.92855192917051],[15.714956900482925,45.92881435612178],[15.713860955836298,45.92913301575057],[15.713295017207303,45.92905803717908],[15.712854842718084,45.92875187362694],[15.712504499757278,45.928851845584894],[15.712297887241931,45.9291455121693],[15.712342803006136,45.92937044722497],[15.712782977495355,45.92954539608205],[15.71296264055218,45.929751585098074],[15.712621280744212,45.930888734991456],[15.713483663416968,45.93074503052267],[15.71403163574028,45.930532597147675],[15.714435877618135,45.930613821769484],[15.714579608063595,45.9308449988882],[15.713860955836298,45.93125736649138],[15.713312983512985,45.93135733393348],[15.712989590010704,45.93156976414963],[15.713007556316384,45.93185716844112],[15.714004686281758,45.93203210945459],[15.714184349338582,45.93230076779373],[15.713699259085157,45.932463211739524],[15.713034505774909,45.932900558459465],[15.712540432368645,45.93371901234037],[15.712459583993072,45.93428130190007],[15.713259084595938,45.934824843055246],[15.71431011347836,45.93486232845577],[15.71455265860507,45.933850213747576],[15.714965883635767,45.933600306037825],[15.71545995704203,45.933956424183194],[15.71552283911192,45.934187587369365],[15.71604386197671,45.93469989153712],[15.716528952230133,45.93495604184626],[15.715882165225569,45.935680753384936],[15.716214541880692,45.93640545545273],[15.716070811435234,45.936649103158516],[15.714903001565878,45.93665535052151],[15.713959770517553,45.936998954402306],[15.713528579181174,45.93730507243002],[15.71365434332095,45.93743001807812],[15.714453843923817,45.93739878169249],[15.714768254273258,45.93768615577659],[15.714642490133484,45.93788606730453],[15.713133320456162,45.93872943612904],[15.71290874163513,45.939422863108604],[15.712989590010704,45.939722720738246],[15.713977736823233,45.93999134182109],[15.714148416727216,45.940153763239834],[15.71386993898914,45.94112828176069],[15.712926707940815,45.942627507577306],[15.713995703128916,45.94298981440048],[15.714283164019834,45.9432834061239],[15.714372995548246,45.94361447577666],[15.713986719976075,45.94383310559553],[15.712953657399337,45.94379562625924],[15.712773994342514,45.9440517345522],[15.713160269914686,45.94482005233221],[15.714633506980642,45.94478257366316],[15.715046732011338,45.94506366306345],[15.71492096787156,45.945482171307546],[15.713914854753348,45.94648782745361],[15.71439994500677,45.94890507535835],[15.714292147172676,45.95032289523528],[15.71439096185393,45.9525401179287],[15.7141663830329,45.953901636074555],[15.71417536618574,45.95441375809624],[15.714453843923817,45.95526936603746],[15.71417536618574,45.95658085621599],[15.714732321661895,45.95766125099818],[15.714633506980642,45.958198318022546],[15.713932821059029,45.95954720759305],[15.713726208543681,45.960771171563685],[15.713366882430032,45.961301963859874],[15.71258534813285,45.96318779653619],[15.712396701923183,45.964474122396176],[15.711956527433966,45.96592900836844],[15.711848729599872,45.96754619728879],[15.711121094219735,45.97075545941875],[15.711112111066893,45.97158584132231],[15.710914481704386,45.971798117404795],[15.710537189285056,45.971935472083445],[15.71018684632425,45.97271588992775],[15.710366509381073,45.97355248564364],[15.710141930560043,45.97421426136199],[15.70973768868219,45.97451393078412],[15.709028019607736,45.974744924856935],[15.708839373398071,45.97498216100989],[15.709261581581607,45.97525061122043],[15.710079048490154,45.97526934025634],[15.710510239826535,45.975400443330244],[15.710743801800403,45.976099654482425],[15.710806683870292,45.97644301386957],[15.71057312189642,45.97658659989107],[15.710159896865727,45.97647422825374],[15.710294644158344,45.975837451334954],[15.71010599794868,45.97571883521751],[15.709854469669125,45.975650162612354],[15.709108867983305,45.97601225357121],[15.709324463651495,45.97682382815435],[15.7086058114242,45.97802243962881],[15.7087585250225,45.9783033604401],[15.709674806612302,45.978771558625134],[15.709414295179908,45.979620547902485],[15.709558025625366,45.980169886968795],[15.709989216961745,45.98059437251435],[15.709980233808903,45.980775402124756],[15.70950412670832,45.98088152265568],[15.709090901677625,45.980731705376435],[15.708587845118517,45.97970794311852],[15.707985973878158,45.9801137048145],[15.707500883624734,45.98076291734305],[15.707366136332116,45.98121861005175],[15.708776491328182,45.98223610215208],[15.708947171232165,45.98257318130101],[15.708848356550913,45.98296019557076],[15.708462080978741,45.98319739652791],[15.706818164008803,45.98304758551533],[15.706153410698553,45.98309752256457],[15.705569505763876,45.98364682713337],[15.705371876401369,45.984452047843725],[15.705533573152511,45.985113693305],[15.705821034043428,45.98537585252679],[15.70643188843663,45.985494447957365],[15.708201569546345,45.98551317352845],[15.70928853104013,45.98488274248578],[15.709998200114587,45.98505127425969],[15.711309740429398,45.98482032318007],[15.711471437180542,45.98492643595791],[15.711471437180542,45.98528846625748],[15.711354656193606,45.98617480630731],[15.71109414476121,45.986524344960316],[15.710420408298122,45.9865555536613],[15.710061082184472,45.98628091648885],[15.709459210944113,45.98613735560644],[15.708722592411135,45.98633709238497],[15.708704626105451,45.98687388140622],[15.708515979895788,45.98729831555189],[15.708093771712251,45.98753549792173],[15.7078422434327,45.98791623591664],[15.706386972672425,45.98854039089846],[15.7060545960173,45.98895232933106],[15.705264078567275,45.99015691958158],[15.705335943790006,45.990812255598215],[15.705865949807635,45.9911055939679],[15.707132574358244,45.99151127213011],[15.707393085790637,45.991286589207654],[15.707743428751444,45.99025678080903],[15.708731575563977,45.98986981754907],[15.709522093014002,45.98938298895996],[15.710267694699821,45.98933305758052],[15.710609054507787,45.989545265632096],[15.71077973441177,45.98993223116108],[15.709261581581607,45.99094956311373],[15.708372249450328,45.99191070618459],[15.708120721170776,45.99193567071728],[15.707051725982671,45.99159864857585],[15.706764265091756,45.99164857791149],[15.706719349327548,45.99211042213079],[15.706081545475826,45.99211042213079],[15.705803067737746,45.99185453594486],[15.705488657388305,45.99179836564814],[15.704743055702485,45.992116663242506],[15.704509493728613,45.99269084250868],[15.704805937772374,45.99277821709219],[15.706252225379808,45.992747011899624],[15.706692399869025,45.99307154504222],[15.706836130314484,45.993589545922994],[15.706611551493454,45.99377053303957],[15.705883916113317,45.99377053303957],[15.705156280733181,45.99403265126253],[15.705326960637164,45.99430100910937],[15.705048482899088,45.99474410875244],[15.705120348121815,45.995106074842056],[15.706566635729247,45.99636669687956],[15.707015793371308,45.99654143430173],[15.707527833083256,45.99654143430173],[15.70808478855941,45.99610458971175],[15.70802190648952,45.99528705699903],[15.709189716358878,45.994650496447385],[15.709773621293554,45.99454440231022],[15.71010599794868,45.99475659038114],[15.709414295179908,45.995780074355345],[15.709387345721384,45.99611083037303],[15.709935318044698,45.99634173434564],[15.710312610464026,45.995549168039105],[15.710734818647564,45.99534946450213],[15.710977363774274,45.99538066822729],[15.711219908900988,45.99592985091015],[15.711174993136781,45.9961857182535],[15.710689902883356,45.996797298817256],[15.710528206132215,45.9972778216613],[15.711633133931683,45.99795179472339],[15.711956527433966,45.99858831730003],[15.712738061731148,45.99927475500987],[15.713259084595938,45.999486924942765],[15.716160642963645,45.999418281818215],[15.716690648981276,45.99956804852563],[15.716942177260828,46.00011718965125],[15.716735564745482,46.00105945320145],[15.716870312038099,46.00156489922158],[15.717741677863694,46.00231369965264],[15.717894391461995,46.00272553556991],[15.717651846335285,46.003106169070364],[15.716169626116487,46.003998463568365],[15.715963013601137,46.0044227663926],[15.715971996753979,46.004666115073356],[15.716151659810803,46.0048595453124],[15.716475053313086,46.00500305763335],[15.717391334902889,46.0046099577805],[15.718325582798373,46.00449764302376],[15.71964610626603,46.00471603261914],[15.720212044895025,46.00502801625987],[15.719852718781377,46.00573933238178],[15.719178982318287,46.0062634541979],[15.71860406053645,46.00648183682233],[15.717148789776177,46.00636952586602],[15.716439120701722,46.00641320237612],[15.715585721181808,46.00678757104816],[15.714831136343147,46.00743647074451],[15.7147772374261,46.00762365193463],[15.715055715164176,46.00789194386923],[15.717005059330717,46.00863441941613],[15.717193705540383,46.00955782047677],[15.716600817452862,46.00997584156366],[15.715989963059663,46.010150536007224],[15.715585721181808,46.010031993409264],[15.71493893417724,46.009064925882825],[15.714355029242565,46.00882159655249],[15.713708242237999,46.00879040040708],[15.712693145966943,46.0090586866826],[15.711399571957811,46.009064925882825],[15.710752784953245,46.00957653790644],[15.710393458839599,46.010824352263874],[15.710851599634497,46.0113172311791],[15.711938561128282,46.01174147786712],[15.712270937783407,46.01265234946765],[15.712558398674325,46.012820796681616],[15.712935691093657,46.01280208034984],[15.712953657399337,46.01217819899969],[15.713375865582874,46.01199727209173],[15.713672309626634,46.012140765894884],[15.713914854753348,46.012720976172304],[15.714265197714152,46.01290190071276],[15.715468940194873,46.01290190071276],[15.71590911468409,46.01302667591306],[15.716987093025034,46.01248390174063],[15.717804559933583,46.0126897822262],[15.717939307226203,46.013020437159724],[15.717813543086425,46.01326374801805],[15.717535065348349,46.0133261352452],[15.716798446815371,46.01308906340763],[15.716106744046598,46.01312025712853],[15.716295390256263,46.01382523052878],[15.715900131531251,46.01434927572894],[15.715864198919885,46.01466120503807],[15.716160642963645,46.01491074721857],[15.716699632134116,46.01510414163397],[15.717328452833,46.01504799493788],[15.717606930571076,46.01482964613343],[15.717454216972776,46.01439918453664],[15.717579981112554,46.0141933104146],[15.718720841523385,46.014024867381046],[15.719250847541014,46.01420578765593],[15.719744920947281,46.014904508677795],[15.720472556327419,46.01547221300767],[15.720526455244466,46.015827805058954],[15.720274926964912,46.01603991150959],[15.720005432379676,46.01608358038373],[15.719565257890459,46.01601495785175],[15.718415414326785,46.01547221300767],[15.71799320614325,46.01549716691043],[15.718092020824502,46.01603991150959],[15.718343549104054,46.01643916850376],[15.718577111077925,46.016495313787374],[15.719241864388176,46.016351831282606],[15.719610173654663,46.01697566555035],[15.718783723593274,46.01773049560455],[15.717418284361413,46.01821707480562],[15.717283537068793,46.01852274416525],[15.71860406053645,46.02006354153672],[15.718747790981908,46.02084328092891],[15.719565257890459,46.02205965242319],[15.719897634545582,46.022920453002534],[15.72010424706093,46.02299530459344],[15.721577484126884,46.02273332358191],[15.721954776546216,46.02288302716908],[15.722044608074627,46.02320738355064],[15.722574614092258,46.02325104676438],[15.722691395079194,46.023038967974664],[15.723293266319553,46.02277698717005],[15.724155648992308,46.02291421536539],[15.72483836860824,46.02321362115472],[15.724829385455397,46.02386232813573],[15.724577857175845,46.02426776613342],[15.724173615297993,46.02461706417785],[15.723535811446267,46.02481666206949],[15.722817159218971,46.024841611755264],[15.721891894476327,46.024230341212046],[15.721523585209837,46.02413054129784],[15.72154155151552,46.025240805196404],[15.72213443960304,46.02618264079776],[15.72169426511382,46.027093274531495],[15.721352905305855,46.0274550289746],[15.721352905305855,46.02777312144261],[15.72251173202237,46.028197241885856],[15.722655462467827,46.02858393710089],[15.722547664633733,46.028852127354845],[15.722152405908721,46.029126553244446],[15.721173242249034,46.02931989793945],[15.720733067759813,46.03079802696743],[15.72093069712232,46.031147283748915],[15.722107490144516,46.03168987472815],[15.723230384249664,46.033535891501344],[15.72350886198774,46.03351718218119],[15.723526828293425,46.03303073763394],[15.723931070171279,46.03283116940159],[15.725098880040633,46.03271267542265],[15.7262038078401,46.03284364243722],[15.726760763316255,46.0331118120225],[15.726688898093524,46.03450253109196],[15.727865691115722,46.034147059143585],[15.728242983535052,46.034209422808686],[15.728557393884493,46.03441522240419],[15.7284495960504,46.03466467543187],[15.72755128076628,46.03449005843073],[15.72732670194525,46.034670911743135],[15.727820775351516,46.03494530874208],[15.728054337325386,46.03530701179534],[15.72807230363107,46.03546915377486],[15.727533314460599,46.0361987867954],[15.727659078600373,46.03662284258588],[15.728251966687894,46.037327516334855],[15.728952652609506,46.037795215189085],[15.731117592444233,46.037034423035216],[15.732932189318156,46.03699077070863],[15.733426262724423,46.0367725085585],[15.734135931798876,46.0367725085585],[15.73445034214832,46.036329745548585],[15.73424372963297,46.035506571087176],[15.734459325301158,46.03533819298219],[15.734944415554585,46.0354504451092],[15.735061196541519,46.03571236585213],[15.734944415554585,46.03625491201335],[15.735582219406309,46.036841105327156],[15.734881533484696,46.03735869638162],[15.734962381860267,46.03764555198643],[15.735699000393245,46.038693185892456],[15.736175107493827,46.03888649712107],[15.737091389083629,46.03964102802554],[15.737082405930789,46.03998399321232],[15.736148158035306,46.04068238846575],[15.735186960681297,46.04091310638638],[15.734396443231272,46.040881928345286],[15.734378476925588,46.04131841931941],[15.73424372963297,46.04141195265093],[15.733534060558517,46.04148677920214],[15.733605925781244,46.04182973293188],[15.734603055746618,46.0422662164181],[15.734737803039238,46.042359748145095],[15.734647971510825,46.042540575701594],[15.733147784986347,46.043319998050855],[15.732393200147685,46.04385623424206],[15.730605552732285,46.044386230014226],[15.729770119518056,46.04484139879535],[15.729213164041902,46.04555843789784],[15.728997568373714,46.04684284989175],[15.728826888469731,46.04712342135292],[15.727560263919122,46.048002536036385],[15.726688898093524,46.04900633072936],[15.72552108822417,46.04994152676144],[15.724739553926987,46.05035300799929],[15.724514975105958,46.05024702070083],[15.720310859576278,46.05284053383474],[15.71958322419614,46.05354500074364],[15.719304746458064,46.05512845993304],[15.718909487733049,46.05540275533641],[15.717759644169378,46.055066119878624],[15.716241491339217,46.05410607415395],[15.71582826630852,46.05398139166649],[15.714408928159612,46.05393775272938],[15.71342976449992,46.05423075635989],[15.711803813835665,46.05452999250569],[15.707878176044064,46.05563341178013],[15.707429018402003,46.05579549411017],[15.706988843912786,46.05658096327834],[15.706539686270723,46.05683655004287],[15.704976617676357,46.05689265429625],[15.70305422296834,46.05771551013028],[15.70168878373648,46.05790252110976],[15.701419289151245,46.05782148309641],[15.701167760871689,46.057266681195415],[15.701113861954642,46.05750979732132],[15.700682670618265,46.05783395049081],[15.697924842696018,46.058544587319055],[15.6974846682068,46.0586193906637],[15.697376870372706,46.05837004578749],[15.696828898049393,46.058139400774536],[15.696020414293685,46.058151868097156],[15.695167014773771,46.058320176677135],[15.694771756048759,46.05888120157188],[15.694169884808398,46.05896223802998],[15.694151918502717,46.05904327436913],[15.694412429935111,46.05914301123868],[15.695149048468089,46.058949770890315],[15.695795835472655,46.05918041251831],[15.696074313210733,46.05979752997462],[15.695822784931178,46.06025257176174],[15.695364644136276,46.060489441344835],[15.694214800572606,46.06049567474119],[15.693765642930547,46.060757476752784],[15.693442249428262,46.060757476752784],[15.693181737995868,46.060427107342534],[15.692606816214031,46.06033983962111],[15.691969012362305,46.05998453390268],[15.691753416694118,46.060053101850954],[15.691600703095817,46.060233871488215],[15.691618669401498,46.060589175602125],[15.692139692266288,46.061125244148506],[15.69252596783846,46.061293543665094],[15.692615799366873,46.061636374426804],[15.692436136310048,46.06191687073936],[15.691879180833894,46.062010369193516],[15.690675438353173,46.06250279177254],[15.690684421506015,46.062745884844176],[15.691223410676486,46.06316350377597],[15.69160968624866,46.06310117279268],[15.692732580353809,46.06319466924121],[15.693945305987368,46.06305130795538],[15.69470887397887,46.06307624037966],[15.695292778913549,46.06398003315773],[15.695131082162408,46.06431038130829],[15.694897520188537,46.0643415461261],[15.694448362546478,46.06383044089214],[15.693298518982804,46.06350632292612],[15.692660715131078,46.06371824642693],[15.6917713829998,46.06543230366619],[15.691564770484451,46.06557565876906],[15.691214427523647,46.06554449464793],[15.691052730772503,46.065288948191046],[15.691456972650357,46.06510196222921],[15.691501888414566,46.06472175548695],[15.691331208510583,46.0643415461261],[15.690810185645793,46.06399873216243],[15.69110662968955,46.06352502209128],[15.691115612842392,46.0631385713911],[15.690594589977602,46.063456458454766],[15.689866954597466,46.06361851782201],[15.688546431129812,46.06328816553142],[15.688429650142876,46.063057541062506],[15.688591346894016,46.0624778590893],[15.68740557071898,46.062683553389384],[15.686830648937143,46.06316350377597],[15.687028278299648,46.06371201339441],[15.688402700684351,46.06406729512547],[15.689166268675853,46.064391409798034],[15.689247117051423,46.064534767603924],[15.688232020780369,46.06487757823897],[15.687684048457056,46.06570031507767],[15.686947429924079,46.0657813415273],[15.686579120657589,46.06491497563401],[15.686489289129177,46.06414832397201],[15.686040131487118,46.0639613341467],[15.685788603207563,46.063992499161564],[15.68553707492801,46.06445373932459],[15.685034018368903,46.0645721652312],[15.684791473242191,46.06475292007253],[15.684791473242191,46.064939907216626],[15.684980119451856,46.06500223612392],[15.685932333653025,46.06500846901078],[15.686031148334276,46.065376208089816],[15.685734704290516,46.06594339406979],[15.68509690043879,46.06656666864588],[15.684962153146174,46.067021654642744],[15.684315366141607,46.067246029918024],[15.683542814997265,46.067189936184704],[15.68374044435977,46.06672248619033],[15.68358773076147,46.06629866144058],[15.683273320412031,46.066174006483145],[15.682671449171668,46.06664769382389],[15.682419920892116,46.06656666864588],[15.682545685031892,46.06600572184407],[15.68223127468245,46.06586860064776],[15.681117363730143,46.06620517024889],[15.681306009939807,46.06643578156864],[15.681341942551173,46.066853372587765],[15.68087481860343,46.067090213851394],[15.680497526184098,46.06692816467553],[15.680596340865353,46.06654797051098],[15.680245997904546,46.06629866144058],[15.67870089561586,46.06624879949138],[15.678377502113579,46.06645447974153],[15.678027159152771,46.0672397972838],[15.676203579126009,46.06743300861739],[15.675188482854953,46.067788266401315],[15.674981870339607,46.0679627781595],[15.674999836645288,46.0681746845527],[15.676032899222026,46.06832426504635],[15.676895281894781,46.06879793393541],[15.67786546240163,46.0689973722516],[15.677883428707313,46.06914695051586],[15.676814433519208,46.0694710353645],[15.675260348077684,46.06962061234515],[15.674577628461753,46.06953959153095],[15.67305049247875,46.06964554180252],[15.671882682609393,46.06927159875975],[15.671352676591765,46.069009837122444],[15.670023169971266,46.067171238260926],[15.668918242171799,46.0669967240003],[15.667606701856986,46.06626749772761],[15.6668251675598,46.06599948906982],[15.665819054441586,46.06594339406979],[15.664453615209725,46.06656666864588],[15.663016310755134,46.06692193200542],[15.66230664168068,46.06729589096644],[15.662028163942603,46.067875522349375],[15.66192934926135,46.06927159875975],[15.662594102571598,46.07294859531988],[15.66321394011764,46.074363238910166],[15.663573266231289,46.076076965610525],[15.662935462379563,46.0763449253378],[15.661120865505643,46.07644463095069],[15.660617808946535,46.07724850087301],[15.66043814588971,46.079049376255846],[15.660186617610156,46.07943571556666],[15.659449999077179,46.08009622489669],[15.658964908823755,46.08002768184335],[15.65870439739136,46.07987190185997],[15.6574916717578,46.07876273566431],[15.657464722299274,46.0784449367461],[15.65727607608961,46.078264226741],[15.656799968989027,46.07816452441588],[15.65629691242992,46.07818945001405],[15.655174018324772,46.07853840720615],[15.654500281861681,46.07835769750718],[15.654096039983827,46.07835769750718],[15.653170775241184,46.078719116313316],[15.652739583904808,46.07910545793654],[15.652667718682077,46.07967873406976],[15.652901280655948,46.0797597399996],[15.653107893171295,46.07967873406976],[15.653053994254249,46.07929862773375],[15.653179758394025,46.079142845692004],[15.653718747564495,46.079049376255846],[15.654266719887811,46.07933601535832],[15.654922490045216,46.08023331074796],[15.654760793294075,46.080470094597885],[15.65373671387018,46.080239541914914],[15.653458236132103,46.08028316006396],[15.6531528089355,46.08067572185369],[15.652982129031518,46.08131752320814],[15.65321569100539,46.08275064491505],[15.653116876324138,46.082931340226615],[15.652254493651382,46.08290018590477],[15.651517875118405,46.08333011399237],[15.65133821206158,46.083323883174444],[15.65036803155473,46.082844108081126],[15.6499907391354,46.08276933756093],[15.649334968977994,46.08308711157191],[15.648769030349,46.08377873103346],[15.648256990637051,46.08389711547761],[15.64758325417396,46.083828577146164],[15.646864601946664,46.083598038497335],[15.646774770418254,46.08342980698341],[15.647969529746133,46.08296872538959],[15.647996479204656,46.08278179932133],[15.647825799300673,46.08261979621654],[15.64734070904725,46.08273818314762],[15.647089180767694,46.0827007978284],[15.646622056819952,46.082239710141835],[15.646855618793824,46.081242750619026],[15.645804589911405,46.07989682668686],[15.645526112173327,46.079709890210694],[15.644663729500571,46.07957903430054],[15.643567784853946,46.07978466487717],[15.643100660906203,46.07970365898391],[15.641771154285708,46.078993294518156],[15.641052502058413,46.078999525825154],[15.640163169927133,46.078812586308935],[15.639830793272008,46.078924750094664],[15.639417568241313,46.07963511544289],[15.639363669324267,46.07993421390611],[15.639651130215185,46.08019592373139],[15.639606214450978,46.080551099365906],[15.638833663306638,46.08080034405999],[15.638716882319702,46.08066325961759],[15.638959427446412,46.08028939122531],[15.638231792066275,46.07956034057375],[15.638195859454912,46.07904314495447],[15.637845516494105,46.07898706321044],[15.63719872948954,46.079080532752165],[15.636812453917367,46.07927993391197],[15.636650757166226,46.0798220521724],[15.636174650065644,46.08023331074796],[15.635141587488906,46.08066949073598],[15.634934974973557,46.081342447382],[15.634764295069575,46.081417219835984],[15.631835787243345,46.081460837054024],[15.631458494824017,46.08166646061744],[15.630946455112067,46.08296872538959],[15.629769662089869,46.083946961483356],[15.628583885914832,46.08385350018563],[15.626724373276705,46.08508717656645],[15.626266232481804,46.08514325211007],[15.625511647643142,46.08501240908628],[15.625430799267573,46.08511209903733],[15.625772159075538,46.08551708761088],[15.626149451494868,46.08637066917485],[15.62599673789657,46.08652020035205],[15.625736226464175,46.08651396989442],[15.625448765573257,46.08617129364141],[15.625044523695403,46.086052914077484],[15.625314018280637,46.087049786678],[15.625197237293701,46.08726161978478],[15.624864860638578,46.08736753603312],[15.624397736690835,46.08733015385104],[15.623813831756157,46.08713701217343],[15.623508404559558,46.08731769311805],[15.623544337170921,46.087460991377455],[15.623876713826046,46.087660362249544],[15.62464926497039,46.08767905323185],[15.62563741178292,46.088052871548115],[15.627038783626148,46.08883788176622],[15.627487941268207,46.089255303284766],[15.628062863050044,46.09113677599444],[15.628008964132995,46.09132367375254],[15.628260492412549,46.091510570877325],[15.628763548971657,46.091510570877325],[15.62893422887564,46.091635168608654],[15.628673717443245,46.09227684246739],[15.628655751137561,46.09306802228747],[15.628970161487006,46.09360377540547],[15.629724746325664,46.09391525738382],[15.630102038744996,46.094201819250124],[15.630182887120565,46.094500838740466],[15.630012207216582,46.095036577939254],[15.629598982185886,46.095285757188634],[15.629158807696669,46.09526706878397],[15.62849405438642,46.09513624977412],[15.627263362447177,46.0945132978507],[15.626886070027846,46.094531986510795],[15.626167417800552,46.094999200954746],[15.62503554054256,46.09519854457942],[15.623894680131729,46.0951175613188],[15.6218824538953,46.09461297063134],[15.621011088069706,46.09456313426354],[15.620238536925362,46.09466903649128],[15.619744463519096,46.09525460984403],[15.61978039613046,46.095553623625946],[15.619897177117396,46.09600214125884],[15.62059786303901,46.09639459119515],[15.620624812497535,46.09655032452279],[15.619367171099768,46.096780809040546],[15.619151575431578,46.09667491086823],[15.618998861833276,46.095927388573365],[15.618801232470771,46.095684441645716],[15.618657502025311,46.09570312990892],[15.618046647632111,46.09664999362167],[15.617193248112198,46.098574817759264],[15.61766037205994,46.09897347843699],[15.617866984575286,46.099540319125296],[15.618226310688934,46.0998455386207],[15.618208344383252,46.10004486472612],[15.617606473142892,46.100505803585015],[15.61775020358835,46.100910679133484],[15.618666485178153,46.101676820112154],[15.61888208084634,46.10264226715997],[15.618405973745759,46.102866497603394],[15.617561557378687,46.10304089842888],[15.617166298653675,46.1027730683628],[15.617534607920163,46.102474093728915],[15.617462742697432,46.1021688887845],[15.617256130182085,46.102218718278586],[15.617076467125262,46.10246786507347],[15.616654258941727,46.10249900834366],[15.615279836557024,46.10187613959722],[15.614821695762123,46.101975799069535],[15.614543218024044,46.10231837713165],[15.614597116941091,46.102418035804554],[15.615378651238276,46.10266718169872],[15.615495432225211,46.10319661298544],[15.615306786015545,46.103358555657714],[15.614507285412678,46.10350804077913],[15.61338439130753,46.10395649371144],[15.613132863027978,46.10414334802325],[15.612746587455804,46.104616709445374],[15.612126749909763,46.1058997475975],[15.611821322713164,46.10600562805292],[15.611497929210879,46.10637932215237],[15.610940973734724,46.10736959926434],[15.609638416572752,46.107575126246964],[15.609431804057404,46.10781802078391],[15.609737231254003,46.108285122654394],[15.610923007429044,46.108577837809094],[15.611327249306896,46.10878958822861],[15.610716394913695,46.110639255834066],[15.609961810075037,46.110994235446725],[15.609737231254003,46.11129316387359],[15.609907911157986,46.11159209067915],[15.610500799245507,46.11197197448849],[15.612495059176252,46.11268814176188],[15.612971166276834,46.11301819832899],[15.613761683726862,46.11322993168979],[15.613797616338225,46.113329570636914],[15.61345625653026,46.11359112201606],[15.613240660862072,46.11397721940232],[15.612998115735358,46.114855269516454],[15.613923380478003,46.11503585964932],[15.614408470731426,46.11539703813967],[15.614462369648473,46.115621216701676],[15.61412999299335,46.11639338032362],[15.614785763150756,46.117022312052384],[15.614803729456439,46.11764500966236],[15.61465999901098,46.117732186766226],[15.614471352801315,46.11775086755625],[15.614049144617777,46.117495562877735],[15.613779650032543,46.11747688200115],[15.612566924398983,46.11784427141138],[15.611866238477369,46.11844827918554],[15.61180335640748,46.11890906416933],[15.612036918381351,46.11925776375784],[15.612252514049539,46.11933248481113],[15.612728621150124,46.11936984529977],[15.613375408154688,46.119133228443836],[15.613546088058671,46.118280153975235],[15.61397727939505,46.11803107864667],[15.613932363630845,46.11850432080833],[15.614201858216079,46.118877930170186],[15.61526187025134,46.1190522803388],[15.615279836557024,46.119239083478675],[15.614866611526327,46.11957532753453],[15.614713897928027,46.12005478310221],[15.614803729456439,46.12019799629372],[15.616016455090001,46.12071480601976],[15.616196118146826,46.12096386921694],[15.61609730346557,46.12200992235047],[15.616187134993984,46.122258979693086],[15.61607933715989,46.12247690394428],[15.614228807674602,46.12194765783891],[15.614013212006414,46.12200992235047],[15.614058127770619,46.122539167857724],[15.61542356700248,46.123354818625096],[15.616312899133762,46.12428252886508],[15.616950702985484,46.12525380606725],[15.61682493884571,46.125683403982876],[15.616223067605347,46.125670951916526],[15.61600747193716,46.12577679439079],[15.615908657255908,46.126137902478376],[15.616106286618411,46.126710689761985],[15.616878837762757,46.12703443646166],[15.617579523684368,46.12755118205922],[15.617777153046875,46.12758853697477],[15.618486822121328,46.12722121253827],[15.618693434636677,46.127345729570834],[15.618657502025311,46.12752627876811],[15.617795119352555,46.128123954647386],[15.617929866645175,46.12842279015515],[15.61849580527417,46.12869049558746],[15.618567670496901,46.128833686331134],[15.618361057981552,46.12901423065127],[15.616016455090001,46.12911384105733],[15.615908657255908,46.12922590254884],[15.615827808880335,46.12940644558338],[15.616025438242843,46.12981733442151],[15.616411713815014,46.13022822019447],[15.616438663273536,46.13048346587357],[15.615935606714428,46.131112236768786],[15.615899674103066,46.13144840836198],[15.616294932828078,46.13210206947489],[15.615504415378053,46.132954929929014],[15.614956443054739,46.13327863992825],[15.61481271260928,46.13330976578944],[15.614327622355857,46.13304830800867],[15.614058127770619,46.1330669836056],[15.61292625051263,46.133496520587165],[15.612728621150124,46.13347161998406],[15.612297429813745,46.13284287602443],[15.611857255324527,46.13284287602443],[15.611453013446672,46.13304830800867],[15.611066737874502,46.13412525708444],[15.611479962905198,46.134361809551784],[15.61217166567397,46.134511210586574],[15.612530991787617,46.134467635326615],[15.613052014652405,46.13429955900099],[15.613519138600148,46.13380777717606],[15.613941346783683,46.13393850441882],[15.61391439732516,46.13421863317978],[15.613294559779119,46.134467635326615],[15.613330492390483,46.13510258570518],[15.613177778792183,46.13518973518576],[15.612566924398983,46.13514616046271],[15.612252514049539,46.13484113643592],[15.6112194514728,46.134791336434375],[15.611138603097231,46.134579685925395],[15.610869108511997,46.13456101084144],[15.610339102494365,46.134760211410544],[15.610123506826177,46.135096360736995],[15.609818079629576,46.13511503563941],[15.60970129864264,46.13499053617035],[15.608704168677269,46.13496563624275],[15.608488573009078,46.13506523588557],[15.60828196049373,46.1352021851003],[15.608335859410778,46.135606805790594],[15.608084331131225,46.13609857155023],[15.608192128965321,46.13628531689074],[15.608811966511363,46.136552984107745],[15.608749084441474,46.13667748004444],[15.607949583838607,46.13670237919801],[15.607590257724958,46.136820650023694],[15.606709908746522,46.13778548148115],[15.604760564579983,46.138252329343125],[15.604347339549287,46.13845774114847],[15.603943097671435,46.13835192304142],[15.602128500797514,46.139117543581804],[15.601769174683865,46.13948478868095],[15.601796124142387,46.13966529808606],[15.60196680404637,46.13981468473242],[15.602523759522526,46.1399765198086],[15.602640540509462,46.14014457880731],[15.602002736657736,46.14046202218309],[15.601823073600912,46.141078230570244],[15.601373915958852,46.14128985610214],[15.601104421373618,46.14168198361416],[15.600304920770752,46.14190605522426],[15.600646280578717,46.142646729890394],[15.60120323605487,46.14333137828229],[15.603862249295863,46.14423385633553],[15.604940227636806,46.145173662582984],[15.60570379562831,46.14534792952777],[15.60834484256362,46.145652895353706],[15.609728248101165,46.14617568998186],[15.609764180712528,46.14664869036722],[15.609979776380717,46.14672959792082],[15.611084704180184,46.1464806512221],[15.61263878962171,46.14672337426707],[15.613168795639341,46.147152804724826],[15.613249644014914,46.14788096175766],[15.61359100382288,46.14796186750006],[15.614606100093933,46.14762579671424],[15.615567297447942,46.14796186750006],[15.618388007440076,46.14862777947776],[15.618980895527596,46.14895762074492],[15.618998861833276,46.14921900298682],[15.61886411454066,46.149312353486685],[15.618055630784951,46.14950527735138],[15.617615456295734,46.15053834202474],[15.616285949675236,46.151776749421835],[15.615567297447942,46.15366231119053],[15.61487559467917,46.15409168751323],[15.614372538120062,46.1545708426428],[15.612764553761487,46.155379796381055],[15.611111653638707,46.15585894029529],[15.610249270965951,46.15598961518421],[15.609000612721026,46.156568314533715],[15.608075347978385,46.156530979275466],[15.607859752310196,46.156636762441394],[15.60767110610053,46.157433240925656],[15.607832802851672,46.157595024209094],[15.608111280589748,46.15740212870124],[15.608102297436908,46.1574767980103],[15.608758067594316,46.157333681745584],[15.609054511638073,46.157377238909035],[15.609153326319328,46.157700805329526],[15.608883831734094,46.15836659947852],[15.609099427402281,46.158609270109004],[15.610177405743224,46.159138163928795],[15.611470979752356,46.16034526725143],[15.613123879875136,46.16053193034948],[15.613510155447306,46.16089281054334],[15.614147959299032,46.16120391225893],[15.613204728250706,46.161938105333256],[15.612504042329094,46.162149650672085],[15.61217166567397,46.16262251378237],[15.612827435831376,46.16305182019151],[15.613959313089367,46.16343757091907],[15.61390541417232,46.163624223525915],[15.614022195159256,46.16370510612554],[15.614902544137692,46.16391664467008],[15.615225937639977,46.16448281736085],[15.61614221922978,46.164501482295414],[15.618091563396316,46.165310290043],[15.618073597090635,46.165851562432145],[15.619286322724195,46.1665483650229],[15.619277339571354,46.16677855679634],[15.618962929221913,46.166977640796574],[15.619097676514532,46.16718294541717],[15.61924140695999,46.16722027344768],[15.619600733073637,46.16705851846586],[15.620642778803216,46.16733225738724],[15.620768542942992,46.16718294541717],[15.620561930427646,46.166828327863946],[15.621181767973688,46.16667279312816],[15.621720757144159,46.16666657172958],[15.621181767973688,46.167195388096815],[15.621235666890735,46.16736958531642],[15.621756689755525,46.167736641937566],[15.622214830550426,46.16757488847417],[15.622259746314631,46.16715183870573],[15.623490438253874,46.16737580663549],[15.62390366328457,46.16727626544596],[15.623921629590251,46.167562445880364],[15.624146208411283,46.167674429123316],[15.624595366053343,46.16754378198437],[15.624801978568689,46.16734470003311],[15.625628428630078,46.16736336399664],[15.626086569424979,46.16770553553924],[15.62615843464771,46.168308996527195],[15.626400979774422,46.16834010258426],[15.62690403633353,46.16810369610937],[15.627541840185255,46.16856406567585],[15.628637784831879,46.168638719837084],[15.62893422887564,46.16886890286301],[15.628988127792686,46.16919240170369],[15.629356437059176,46.169198622816594],[15.63006610613363,46.16898088344625],[15.630245769190454,46.16910530604914],[15.63195256823028,46.16924839169451],[15.632006467147328,46.16947235108784],[15.631521376893904,46.16974607799686],[15.631772905173456,46.1700944557291],[15.631772905173456,46.17049259900687],[15.632231045968357,46.17080986736796],[15.632635287846211,46.17081608829791],[15.633093428641113,46.170977832229966],[15.633928861855344,46.170921843999615],[15.63418937328774,46.17109602941797],[15.63436903634456,46.170878297558836],[15.635006840196287,46.17091562308162],[15.63554582936676,46.17134486477296],[15.635599728283808,46.17183009047711],[15.63719872948954,46.17217223423344],[15.637342459934999,46.17240240247195],[15.637971280633883,46.17238374021823],[15.638159926843548,46.1725330380707],[15.638088061620818,46.17299337056451],[15.63789043225831,46.173111563421],[15.63727957786511,46.173061798038695],[15.63728856101795,46.173372830939265],[15.63646211095656,46.17344125794131],[15.636345329969627,46.17362165599318],[15.636435161498037,46.17378339167453],[15.636776521306002,46.17397000917734],[15.63692025175146,46.174330801220464],[15.637611954520233,46.17443655016384],[15.63787246595263,46.17431836015493],[15.638079078467976,46.173858038751646],[15.638222808913435,46.17382693581515],[15.638510269804353,46.174175287699015],[15.638698916014018,46.17415662604689],[15.63863603394413,46.1738020534533],[15.638923494835048,46.17366520026188],[15.639273837795855,46.17406331769127],[15.639345703018586,46.17448009378731],[15.639022309516301,46.1747600162578],[15.639148073656077,46.17494040998379],[15.639884692189057,46.17520788924692],[15.640405715053845,46.17502127594474],[15.64000147317599,46.175338518181654],[15.640226051997022,46.17547536720904],[15.640756058014652,46.17536339984832],[15.640845889543064,46.17564953820592],[15.640666226486239,46.17585481045831],[15.640693175944763,46.17633377606742],[15.64110640097546,46.17661368910233],[15.641277080879442,46.17656392688915],[15.641807086897071,46.176775415984174],[15.641744204827182,46.176850058999975],[15.642660486416984,46.17744097929899],[15.642876082085174,46.17803189324785],[15.642525739124368,46.17824337669702],[15.643037778836316,46.17881562195193],[15.643082694600523,46.17913906228775],[15.642408958137432,46.17925724193586],[15.642265227691972,46.179394081211086],[15.641735221674343,46.17936920136818],[15.640935721071477,46.18058830043059],[15.640765041167494,46.181471508376134],[15.64112436728114,46.18152126614807],[15.642130480399356,46.181303575563355],[15.644466100138064,46.181664319491574],[15.645041021919901,46.18202506105285],[15.64508593768411,46.18229250585483],[15.64478949364035,46.18244799642071],[15.645112887142632,46.18265324329432],[15.645409331186391,46.1821681130855],[15.645139836601157,46.181863349611184],[15.645220684976726,46.18162700126394],[15.645642893160263,46.1814590689261],[15.64584950567561,46.18155858444748],[15.646747820959728,46.18162078155687],[15.64810427703875,46.18160834214061],[15.648239024331367,46.181745175564565],[15.648032411816022,46.181931766048386],[15.64735867535293,46.181931766048386],[15.647214944907471,46.18201262172805],[15.6474395237285,46.182360921758],[15.64915530592117,46.18234848250921],[15.649514632034816,46.18220543094586],[15.649730227703007,46.18227384695738],[15.650071587510972,46.183113491073755],[15.650251250567795,46.18316946689224],[15.650394981013255,46.183069954286644],[15.650862104960998,46.1832378817041],[15.650817189196792,46.18364836878738],[15.650619559834285,46.1837727582075],[15.650197351650748,46.183803855518555],[15.650062604358132,46.1839717806943],[15.650143452733701,46.184245435437205],[15.65065549244565,46.18430141010316],[15.65103278486498,46.18476786343649],[15.650969902795092,46.184960662991564],[15.650673458751331,46.18504773353673],[15.650727357668378,46.18526540929631],[15.650907020725203,46.185408452897576],[15.651517875118405,46.185420891454],[15.651850251773528,46.185862458383966],[15.652254493651382,46.18599306200751],[15.652874331197424,46.18601171964268],[15.65307196055993,46.18649681593454],[15.652676701834919,46.18669582855952],[15.652946196420155,46.18688862135288],[15.653709764411657,46.18675801985706],[15.653907393774162,46.18701300344137],[15.65389841062132,46.18745455758251],[15.653592983424721,46.1875229670617],[15.6531528089355,46.18785257517718],[15.65313484262982,46.18803292595096],[15.653341455145167,46.18825680884689],[15.653269589922436,46.188505566550674],[15.653655865494608,46.188891138766714],[15.653539084507674,46.18933267782107],[15.65321569100539,46.189767994543196],[15.652523988236617,46.19018465160518],[15.652820432280377,46.190371213445],[15.653458236132103,46.19038986959415],[15.653871461162797,46.190520462460924],[15.65382654539859,46.19108014266113],[15.653637899188926,46.191204515264985],[15.653341455145167,46.19119207801727],[15.653368404603691,46.191440822436945],[15.652065847441715,46.192305200542116],[15.651284313144533,46.19417693675272],[15.651311262603057,46.19440701288395],[15.651580757188292,46.19461221510726],[15.65134719521442,46.19469305213637],[15.651365161520104,46.194954217110066],[15.651984999066146,46.19514076275994],[15.651841268620686,46.196154316390384],[15.652353308332634,46.196776119181244],[15.652461106166731,46.19723003077567],[15.652371274638318,46.19732329981701],[15.652011948524668,46.19733573567722],[15.651796352856481,46.19772746383342],[15.651374144672946,46.19808188213987],[15.651392110978627,46.19833681319236],[15.651589740341134,46.198100535671614],[15.6520838137474,46.19800726794953],[15.653009078490042,46.19829950628295],[15.653467219284943,46.19902698644774],[15.653098910018453,46.19914512334323],[15.652919246961629,46.19933165476633],[15.652937213267313,46.199754456980976],[15.653170775241184,46.19992855106491],[15.653197724699709,46.20018969115651],[15.653009078490042,46.20041974211366],[15.652281443109906,46.200469482734505],[15.652191611581493,46.200587616528544],[15.652353308332634,46.20086118855007],[15.652146695817288,46.20129019647722],[15.651877201232052,46.20125910905884],[15.65170652132807,46.20106014916469],[15.650700408209856,46.20081144828384],[15.650520745153033,46.200910928771265],[15.650332098943366,46.20109745419973],[15.65059261037576,46.20131506639926],[15.650601593528602,46.20168811387892],[15.651014818559297,46.2017378533515],[15.651005835406455,46.201855984418394],[15.650826172349632,46.20206115882564],[15.650529728305873,46.20215441966654],[15.650188368497908,46.20188707149904],[15.650035654899606,46.202160637050305],[15.6496853119388,46.20219794133813],[15.649999722288243,46.20253367878864],[15.64990989075983,46.20268911209871],[15.648607333597855,46.20295023906966],[15.648427670541034,46.20308701936864],[15.64786173191204,46.2029253698878],[15.64787969821772,46.20276371993133],[15.648086310733069,46.20270776406636],[15.648274956942732,46.202390679754984],[15.648059361274544,46.201800027628884],[15.64788868137056,46.201781375353065],[15.646604090514272,46.2024279838866],[15.646065101343797,46.203024846547684],[15.646316629623353,46.203279754666475],[15.646882568252348,46.20444236937982],[15.647457490034185,46.20482782978958],[15.64779884984215,46.20529410892861],[15.647412574269978,46.2054495344288],[15.646729854654048,46.20542466637832],[15.646568157902905,46.20576660108562],[15.64690053455803,46.20673644067574],[15.64734070904725,46.207121884988744],[15.647529355256912,46.20762544525833],[15.64766410254953,46.20773113016091],[15.648283940095574,46.2077435636655],[15.648580384139333,46.20744515877874],[15.64917327222685,46.20796736626673],[15.649712261397324,46.208023316774565],[15.6498380255371,46.20843983543044],[15.650125486428019,46.2085206521172],[15.650287183179161,46.20822846814903],[15.650601593528602,46.208184951254836],[15.650763290279743,46.2083341518914],[15.650619559834285,46.20880661790022],[15.650880071266679,46.20932259587249],[15.650835155502472,46.20948422652947],[15.650637526139967,46.209540175492215],[15.650601593528602,46.20991316712083],[15.651311262603057,46.21028615621653],[15.651724487633754,46.21069644129629],[15.651715504480912,46.21083320230848],[15.651248380533168,46.21093266464889],[15.651167532157597,46.21117510334908],[15.651248380533168,46.21165997753901],[15.65164363925818,46.212151063701405],[15.651526858271245,46.212343767198426],[15.652074830594557,46.212853495769586],[15.65216466212297,46.212449443022635],[15.653224674158231,46.21236863211653],[15.653889427468478,46.21287836045691],[15.654203837817922,46.21262349687809],[15.653664848647448,46.2124680916764],[15.653718747564495,46.21228782109153],[15.653835528551431,46.212138631194506],[15.654527231320204,46.21192106186823],[15.654661978612824,46.211939710701394],[15.654688928071344,46.21223809117089],[15.654500281861681,46.21266701025576],[15.65471587752987,46.21252403759966],[15.655156052019088,46.21251160517719],[15.655138085713405,46.213139438994226],[15.65538961399296,46.213220248766156],[15.655407580298643,46.21303376449768],[15.655263849853181,46.21292187363265],[15.655560293896942,46.21279755018192],[15.65546147921569,46.21259863207536],[15.655596226508306,46.21249295653821],[15.656054367303208,46.212704307409176],[15.656216064054348,46.21306484525308],[15.656539457556633,46.213151871274576],[15.656737086919138,46.21307727755029],[15.656377760805492,46.21293430596224],[15.65643165972254,46.212704307409176],[15.656665221696407,46.21263592927523],[15.6573389581595,46.212778901640036],[15.657590486439052,46.21287836045691],[15.657626419050416,46.21314565513475],[15.657815065260081,46.213195384233615],[15.65802167777543,46.213568351039754],[15.657931846247017,46.213711320977204],[15.657554553827687,46.213767265634026],[15.65751862121632,46.21386672266098],[15.657635402203256,46.21404698806326],[15.658389987041918,46.21411536444035],[15.658192357679413,46.21448210901013],[15.658533717487378,46.21478047566688],[15.658614565862948,46.21461264462194],[15.658893043601024,46.21461264462194],[15.65953084745275,46.214861283024106],[15.659512881147068,46.2145753487645],[15.660114752387429,46.21478047566688],[15.660078819776063,46.21460642864745],[15.660240516527203,46.21454426886398],[15.660456112195394,46.21451318894584],[15.660770522544835,46.21467480432801],[15.661300528562466,46.21442616508153],[15.661489174772129,46.21444481306406],[15.661525107383497,46.21470588415466],[15.66170477044032,46.21468102029475],[15.661848500885778,46.21481155543374],[15.662171894388061,46.214867498969745],[15.662216810152268,46.21460642864745],[15.662450372126138,46.21445724504891],[15.66276478247558,46.21471831608041],[15.66314207489491,46.214649940454024],[15.663402586327306,46.214730748003326],[15.663267839034686,46.21448210901013],[15.663654114606858,46.214345357084035],[15.663645131454016,46.214134012528426],[15.663779878746634,46.214090500313084],[15.66440869944552,46.214245900923885],[15.664579379349503,46.21444481306406],[15.664354800528471,46.21453805288175],[15.664085305943237,46.214419949085936],[15.663941575497777,46.21449454098653],[15.663986491261982,46.214736963963745],[15.664166154318806,46.21459399669638],[15.66472310979496,46.21489236274523],[15.664875823393261,46.21516586353264],[15.664525480432454,46.21536477234064],[15.664543446738138,46.215507737601385],[15.66495667176883,46.21555124869382],[15.664777008712006,46.215911767847764],[15.66554057670351,46.21611067395403],[15.665657357690446,46.21600500517478],[15.665513627244987,46.215886904533825],[15.665693290301808,46.21568799761703],[15.666043633262616,46.21568799761703],[15.666349060459218,46.215973926083365],[15.666879066476847,46.215806098685775],[15.667310257813226,46.215377204117225],[15.667579752398462,46.21527153392659],[15.668352303542802,46.21537098822928],[15.66862179812804,46.21565691834622],[15.668612814975198,46.21596149444188],[15.668172640485981,46.215973926083365],[15.66757076924562,46.21576880363889],[15.667292291507543,46.216023652621196],[15.667310257813226,46.21616040036802],[15.667525853481413,46.21621634252994],[15.667696533385396,46.21688142831076],[15.667822297525174,46.21690007545955],[15.667831280678016,46.216539562794026],[15.66810077526325,46.21656442581246],[15.668199589944503,46.21670117221264],[15.668469084529738,46.21654577854969],[15.668747562267818,46.21654577854969],[15.669106888381464,46.217098977986005],[15.668945191630323,46.21729166412145],[15.669268585132604,46.21749678087751],[15.67042741184912,46.21768946561705],[15.67042741184912,46.21812455770308],[15.67094843471391,46.21818671343394],[15.671963530984964,46.218559646341575],[15.672134210888947,46.21846019781386],[15.671981497290648,46.2181742822934],[15.672331840251452,46.21798781484754],[15.672709132670784,46.21803132397487],[15.67275404843499,46.218168066722065],[15.67237675601566,46.21844776673524],[15.67275404843499,46.218534784226534],[15.672942694644656,46.21838561129988],[15.672870829421925,46.218236437967974],[15.673257104994097,46.21803753956167],[15.673625414260586,46.218018892799144],[15.673778127858887,46.218168066722065],[15.673436768050921,46.218416689026355],[15.673481683815126,46.21855343081387],[15.673715245788998,46.218628017099896],[15.674739325212894,46.218311024684574],[15.67485610619983,46.21836074910604],[15.67492797142256,46.21854099975634],[15.674757291518578,46.21871503430554],[15.676032899222026,46.2191563337254],[15.676392225335674,46.219423597846784],[15.675952050846456,46.219498182950794],[15.675466960593031,46.219908399211874],[15.675664589955538,46.2199954143884],[15.676014932916342,46.21984003004786],[15.676194595973167,46.21994569144727],[15.676715618837957,46.21988975308467],[15.676895281894781,46.219958122186775],[15.676778500907846,46.22022538240542],[15.676850366130575,46.220610732058404],[15.677155793327174,46.220884204364964],[15.677245624855587,46.22143736009366],[15.677137827021493,46.22168596759471],[15.677506136287981,46.222009155663116],[15.678359535807894,46.222083737254884],[15.678521232559037,46.22245042860744],[15.678736828227224,46.22252500959977],[15.679168019563603,46.222375847513796],[15.679194969022126,46.222574730205025],[15.679509379371568,46.22275496702164],[15.679724975039758,46.22269903152119],[15.679698025581235,46.22247528894947],[15.680048368542039,46.22248771911627],[15.680183115834659,46.22261202062942],[15.68028193051591,46.22238827770311],[15.68260856710178,46.22268038634171],[15.6855999569979,46.222655526092545],[15.687100143522379,46.222437998432206],[15.688869824632095,46.22181648608211],[15.690531707907716,46.220834482228724],[15.692436136310048,46.220094860135575],[15.693666828249292,46.219777876188516],[15.694232766878287,46.219796522353704],[15.694565143533413,46.21956655254048],[15.695355660983438,46.21933658176405],[15.695723970249926,46.21954790629719],[15.696909746424963,46.21944224413228],[15.697394836678388,46.219286858226276],[15.698472815019333,46.21949196752932],[15.69959570912448,46.21912525641756],[15.69995503523813,46.2191936264716],[15.700071816225062,46.21910039455862],[15.700026900460857,46.218833128864055],[15.700233512976206,46.218702603284605],[15.700844367369408,46.21875232735147],[15.701832514181937,46.21859693949302],[15.703323717553577,46.21874611184557],[15.70448254427009,46.21854099975634],[15.70657561888209,46.21788214968047],[15.707464951013367,46.218093479811266],[15.708030889642362,46.218025108387366],[15.708363266297486,46.21781999360485],[15.708650727188404,46.217869718470965],[15.708848356550913,46.21806861748515],[15.709117851136147,46.217975383661965],[15.709728705529349,46.21806861748515],[15.710025149573108,46.217851071651445],[15.710312610464026,46.2178324248256],[15.710806683870292,46.217994030439264],[15.710923464857228,46.21824886909443],[15.711273807818035,46.218168066722065],[15.711767881224299,46.21839182684658],[15.712675179661261,46.21854721528547],[15.712729078578308,46.21875232735147],[15.713447730805605,46.2188393443601],[15.713753158002204,46.21876475836114],[15.713977736823233,46.21892636123085],[15.714355029242565,46.218932576716334],[15.716142676657961,46.218640448137705],[15.716268440797739,46.21874611184557],[15.716376238631833,46.21862180157993],[15.716906244649465,46.218509922100225],[15.717032008789241,46.21834210245327],[15.71747218327846,46.2182799468983],[15.718101003977344,46.218242653531554],[15.718343549104054,46.21846019781386],[15.718801689898955,46.217994030439264],[15.718693892064861,46.21782620921558],[15.719421527444997,46.21773919060138],[15.719520342126252,46.21761487805614],[15.719744920947281,46.21767703436394],[15.719879668239898,46.21798159925509],[15.7201850954365,46.21779513115491],[15.720715101454132,46.21800024603029],[15.720831882441066,46.217975383661965],[15.720912730816636,46.217633524955865],[15.721218158013238,46.21746570263038],[15.721424770528586,46.21768946561705],[15.721891894476327,46.21753407475082],[15.722305119507023,46.21767703436394],[15.722457833105322,46.21808104864961],[15.723697508197407,46.21794430568572],[15.724497008800274,46.218205360139464],[15.725215661027569,46.217975383661965],[15.725476172459965,46.218242653531554],[15.72588041433782,46.21811212654846],[15.726033127936118,46.21824886909443],[15.726374487744083,46.21825508465662],[15.726527201342384,46.21819914457166],[15.72664398232932,46.21785728725866],[15.726922460067396,46.217683249990834],[15.726895510608873,46.217285448450205],[15.72748839869639,46.217328958134075],[15.7281441688538,46.21772054373752],[15.7282968824521,46.21768946561705],[15.72844061289756,46.21744084002002],[15.72881790531689,46.21753407475082],[15.728853837928254,46.217708112491444],[15.728647225412907,46.21774540622125],[15.728692141177111,46.21790701209101],[15.729096383054966,46.21805618631787],[15.728710107482796,46.21860937053789],[15.728871804233936,46.21867152571996],[15.729779102670896,46.21869017226086],[15.729770119518056,46.21838561129988],[15.730758266330588,46.21829859357218],[15.730955895693093,46.21842290456953],[15.732150655020972,46.21819914457166],[15.733075919763616,46.21837318020437],[15.7337047404625,46.21779513115491],[15.733830504602278,46.21749678087751],[15.733758639379547,46.21717978193157],[15.734055083423307,46.21688142831076],[15.733902369825005,46.21647740519868],[15.733354397501692,46.21602986843526],[15.732509981134621,46.21581231452446],[15.732249469702225,46.21548908997979],[15.731494884863565,46.21527153392659],[15.73100979461014,46.21529018162207],[15.730830131553315,46.215085056623586],[15.731018777762982,46.214985601803065],[15.730731316872063,46.21458778071979],[15.731198440819806,46.21453183689883],[15.73123437343117,46.21441373308966],[15.731683531073228,46.21425833295375],[15.731593699544819,46.21392888321136],[15.7313062386539,46.213624295842216],[15.73160268269766,46.213444029052475],[15.731872177282895,46.21367402450766],[15.73214167186813,46.21353727056932],[15.733066936610774,46.21284106342169],[15.733902369825005,46.21249295653821],[15.734710853580713,46.211715924285464],[15.736848843956917,46.21195214325332],[15.737342917363184,46.21248052410871],[15.738735306053568,46.21326376167102],[15.739391076210977,46.21337565183951],[15.739400059363815,46.213555918853686],[15.740208543119524,46.21392888321136],[15.74041515563487,46.213792129907645],[15.740585835538853,46.213835642359406],[15.740819397512725,46.21415887663602],[15.74047803770476,46.21529018162207],[15.740972111111027,46.21593663115045],[15.741277538307626,46.21604230006126],[15.742391449259935,46.215998789357904],[15.742858573207675,46.2160982423435],[15.743002303653137,46.21625985306092],[15.743442478142354,46.21623498990458],[15.743729939033273,46.21652091552281],[15.744188079828174,46.21670117221264],[15.744277911356585,46.21655199430466],[15.743972484159986,46.216365521349765],[15.744718085845806,46.21643389484008],[15.744780967915695,46.21673846662631],[15.745086395112294,46.21671360368668],[15.745301990780481,46.2169062911744],[15.745580468518558,46.21692493831476],[15.74552656960151,46.21706789951373],[15.745778097881065,46.21729166412145],[15.747601677907829,46.217136272129494],[15.748248464912393,46.21688764402773],[15.748976100292532,46.21696223257646],[15.749038982362421,46.21681305537768],[15.749317460100498,46.216763329554695],[15.749721701978348,46.21676954528503],[15.749739668284032,46.216931154026796],[15.750269674301663,46.21701195821933],[15.750440354205645,46.216856565435855],[15.750593067803946,46.21688142831076],[15.75062001726247,46.216639014800236],[15.7509973096818,46.21670117221264],[15.751284770572719,46.216440110607714],[15.751266804267035,46.2160982423435],[15.751473416782384,46.21606716330484],[15.751787827131825,46.216179047761656],[15.751886641813078,46.216353089796925],[15.752138170092632,46.216340658241265],[15.752461563594915,46.216129321364555],[15.753512592477335,46.21581853036244],[15.754662436041006,46.21584960954181],[15.756665679124593,46.215377204117225],[15.757626876478602,46.21558232802445],[15.758722821125229,46.215053977011515],[15.758920450487732,46.2147742597114],[15.759387574435475,46.21475561184073],[15.759396557588317,46.214388869097455],[15.759145029308764,46.21412779649978],[15.75934265867127,46.213910235053625],[15.759136046155923,46.21388537083349],[15.759037231474668,46.21338186795329],[15.759459439658206,46.21323268102821],[15.759522321728095,46.213089709844716],[15.759315709212746,46.21242457814112],[15.758776720042276,46.21157294915344],[15.758552141221246,46.211548083875115],[15.758102983579185,46.21078968747789],[15.757285516670636,46.21040426890213],[15.757186701989383,46.210081012527354],[15.756360251927992,46.209888301091055],[15.756638729666072,46.20954639204013],[15.756126689954124,46.20950287619006],[15.756072791037075,46.20907393239455],[15.756135673106963,46.208993116521846],[15.75648601606777,46.209024199563885],[15.75649499922061,46.208899867290185],[15.756342285622312,46.208657418547],[15.755973976355822,46.208526868780496],[15.75596499320298,46.20806683379681],[15.755614650242174,46.20794249935607],[15.75528227358705,46.207973582992636],[15.755120576835907,46.20776221391709],[15.755219391517162,46.20735190691917],[15.755120576835907,46.206649404488815],[15.755686515464904,46.20627639069718],[15.755839229063206,46.2063820781953],[15.755875161674568,46.20617691992495],[15.756369235080834,46.20590337437261],[15.756656695971753,46.20599041174156],[15.7567105948888,46.205803902924934],[15.756324319316628,46.20563604444857],[15.756369235080834,46.20539358129939],[15.75596499320298,46.20528789189945],[15.756117706801282,46.20502055898022],[15.755758380687633,46.20497082247963],[15.755650582853539,46.204659968330674],[15.755938043744457,46.20462888281904],[15.756045841578551,46.20440506661598],[15.756737544347324,46.204635099922776],[15.756836359028576,46.204373980960106],[15.756548898137659,46.20425585530736],[15.756584830749025,46.20415016371856],[15.756809409570055,46.204019603239885],[15.756998055779718,46.20406312343392],[15.75724060090643,46.20372117812348],[15.757608910172918,46.20383308773211],[15.757510095491666,46.20417503234597],[15.757608910172918,46.20423720386529],[15.758489259151357,46.20383930492591],[15.759109096697399,46.20375226414873],[15.759612153256505,46.203354361697016],[15.760196058191184,46.20332327544659],[15.760223007649707,46.2029253698878],[15.76047453592926,46.20298754282133],[15.761570480575887,46.202745067982676],[15.762540661082737,46.20291293529266],[15.76338507744981,46.202881848792465],[15.763582706812313,46.20296889094867],[15.764687634611782,46.20299376011082],[15.764696617764624,46.20315540939042],[15.76564883196579,46.20346627205284],[15.766295618970354,46.203373013438814],[15.76745444568687,46.203491140989854],[15.767813771800519,46.20364035437548],[15.768244963136894,46.20356574773333],[15.76851445772213,46.20380821894989],[15.769295992019316,46.20377713295628],[15.76987091380115,46.20410664359348],[15.77039193666594,46.20407555776873],[15.770715330168223,46.20424342101335],[15.771182454115964,46.204274506743104],[15.771326184561426,46.20439884948621],[15.772296365068275,46.20435532955814],[15.772817387933062,46.20447967211832],[15.77288027000295,46.204566711742984],[15.772628741723398,46.20475944184972],[15.773006034142728,46.20510759774792],[15.773320444492171,46.205157334124685],[15.773266545575124,46.205430883392],[15.773859433662642,46.20551792150957],[15.773958248343893,46.2056298274581],[15.774191810317765,46.20558630850521],[15.77421875977629,46.20569199733101],[15.774587069042777,46.20568578034689],[15.774614018501303,46.205810119895695],[15.775081142449045,46.20596554393594],[15.775197923435979,46.20617070299571],[15.775557249549626,46.20590337437261],[15.77615912078999,46.20609609978989],[15.776293868082606,46.205834987771674],[15.776778958336031,46.2060090625884],[15.776949638240014,46.206326126015746],[15.777344896965026,46.20608988285151],[15.777847953524132,46.20641937961668],[15.778009650275274,46.20636342747511],[15.778081515498004,46.20653128372885],[15.778368976388922,46.206475331701256],[15.779195426450311,46.2067675249948],[15.779231359061676,46.20692916317032],[15.779833230302037,46.20697889789786],[15.779788314537832,46.20716540272514],[15.779994927053178,46.20724000447874],[15.779887129219084,46.20761922849301],[15.780057809123067,46.20766896259578],[15.780210522721367,46.20755084402819],[15.780794427656044,46.207494893039105],[15.780866292878775,46.20764409555003],[15.781414265202088,46.20766896259578],[15.781629860870275,46.20817251785017],[15.783210895770326,46.20803575021301],[15.783525306119769,46.208160084442675],[15.783363609368628,46.20868850177901],[15.783812767010687,46.20876931809992],[15.784082261595922,46.20862011864538],[15.78445057086241,46.20896203346222],[15.784854812740264,46.2087817513695],[15.785501599744832,46.20911744858446],[15.786085504679509,46.20969558897864],[15.785753128024384,46.210068579551866],[15.786157369902236,46.21015561032116],[15.786588561238617,46.21054724707644],[15.786417881334634,46.21074617261286],[15.78669635907271,46.21108185782182],[15.787639590121035,46.211342944899236],[15.788942147283008,46.211461055312256],[15.789067911422785,46.2118837641829],[15.789768597344398,46.21182160131772],[15.790388434890442,46.21192727814665],[15.791116070270578,46.21288457662698],[15.791340649091607,46.21295295445137],[15.79164607628821,46.21335700349393],[15.791834722497873,46.2140159078637],[15.792212014917204,46.21429562902647],[15.793254060646781,46.21460642864745],[15.793442706856448,46.21515964762077],[15.793712201441682,46.215420715313094],[15.793397791092241,46.215675565910814],[15.794125426472378,46.21638416867375],[15.79421525800079,46.21732274246707],[15.79390983080419,46.217552721678],[15.794044578096806,46.21801267721023],[15.793568470996224,46.218236437967974],[15.793451690009288,46.2184353356538],[15.793532538384857,46.21857829292047],[15.7939996623326,46.21868395674793],[15.79437695475193,46.218945007685214],[15.794529668350233,46.21909417909214],[15.794502718891707,46.21938630525678],[15.79488001131104,46.21957898336582],[15.794727297712738,46.21975301462508],[15.794682381948531,46.22028132042607],[15.795086623826386,46.220380765655406],[15.79519442166048,46.22072260725755],[15.796496978822454,46.22106444673137],[15.796856304936101,46.221344131990534],[15.797709704456015,46.22167353724639],[15.798078013722503,46.221965649687796],[15.799084126840718,46.22348833831128],[15.79880564910264,46.223805300836624],[15.798625986045817,46.22479968119671],[15.79835649146058,46.22525336125246],[15.798329542002058,46.22598669916749],[15.798617002892977,46.22612342210204],[15.798796665949801,46.2265584473556],[15.799147008910605,46.22688160674081],[15.799120059452083,46.22750306174985],[15.798536154517404,46.22819908300723],[15.799084126840718,46.22872730753515],[15.799263789897541,46.22928659855353],[15.798958362700942,46.229932883299426],[15.79835649146058,46.23008823907499],[15.798185811556598,46.229963954489705],[15.798024114805456,46.22999502566242],[15.798239710473645,46.230262237021584],[15.798185811556598,46.231001722140874],[15.798760733338435,46.23232531348617],[15.800117189417454,46.2327602895886],[15.800171088334501,46.23292806516393],[15.800503464989628,46.23292806516393],[15.800656178587927,46.233064770809065],[15.801222117216923,46.232841070485186],[15.802892983645384,46.23264222498739],[15.803503838038587,46.23292185126289],[15.80353078749711,46.23285349830489],[15.80385418099939,46.23289699565164],[15.80427638918293,46.23328847022111],[15.804186557654518,46.23354945171607],[15.804348254405658,46.2338663561486],[15.804563850073848,46.23395956298638],[15.80459978268521,46.234313747526215],[15.804536900615322,46.23463686125288],[15.803926046222122,46.23551920058485],[15.804105709278947,46.23605978175859],[15.804321304947134,46.23633939062096],[15.804536900615322,46.236326963590656],[15.804590799532368,46.23650094175872],[15.804932159340336,46.23665006546375],[15.805013007715907,46.236917244421775],[15.806198783890943,46.238203413294265],[15.805417249593761,46.23879367394032],[15.804860294117606,46.23945848622256],[15.80413265873747,46.24045879606684],[15.804078759820424,46.24103660648709],[15.803270276064715,46.24193126868074],[15.80276721950561,46.24288804404967],[15.802264162946502,46.24340370177677],[15.801976702055583,46.24453440416406],[15.802237213487977,46.24552840899166],[15.802093483042519,46.24650997108434],[15.801877887374328,46.246801951355486],[15.801222117216923,46.24697589631021],[15.799506335024255,46.24806925196695],[15.798320558849216,46.249050768595026],[15.79713478267418,46.250783910131396],[15.797044951145764,46.251467212530684],[15.79662274296223,46.25219398846724],[15.796299349459948,46.25323133572708],[15.796083753791757,46.25488980824834],[15.797197664744067,46.25489601966165],[15.798275643085011,46.255156898384776],[15.79947040241289,46.255287337280954],[15.800862791103274,46.25577182189324],[15.802470775461849,46.2556351728206],[15.803746383165297,46.2557283426798],[15.804680631060783,46.25555442548125],[15.806073019751167,46.25551715743837],[15.811265282093379,46.25669729983168],[15.813717682819025,46.257542017738245],[15.81594550472364,46.257740773001615],[15.81669110640946,46.25759170662163],[15.818128410864052,46.257579284405],[15.819439951178866,46.25770971753921],[15.820167586559004,46.25764760656162],[15.821092851301646,46.257796672789645],[15.823437454193197,46.257641395459984],[15.824084241197765,46.2577159286331],[15.824910691259152,46.257467484328735],[15.825809006543274,46.25753580662466],[15.826940883801266,46.25707618226676],[15.831495342291749,46.25785257252068],[15.832600270091218,46.257945738612435],[15.83403757454581,46.25773456191054],[15.835322165402099,46.25810722612984],[15.835717424127113,46.2581134371787],[15.836822351926578,46.258535786850935],[15.837648801987969,46.258914656582974],[15.83803507756014,46.25948606171915],[15.839023224372673,46.25975934033149],[15.839822724975539,46.260349369053955],[15.841538507168206,46.260454952471356],[15.843011744234161,46.26090212704392],[15.844305318243295,46.26144866879086],[15.84524854929162,46.261361719331916],[15.84906638924913,46.26185236090109],[15.85035996325826,46.26164119924496],[15.85162658780887,46.26108844870609],[15.8523093074248,46.26099528795416],[15.852947111276524,46.26106360585439],[15.854267634744179,46.26151077546284],[15.855067135347047,46.26144866879086],[15.856270877827768,46.261945520196704],[15.858992773138649,46.26208836414255],[15.85960362753185,46.26228710292637],[15.860969066763712,46.26213183831307],[15.862199758702955,46.2623678403515],[15.862621966886492,46.26272805203049],[15.863798759908688,46.26319383948582],[15.864445546913256,46.263044787930674],[15.866942863403107,46.263504362257514],[15.868110673272461,46.263392574262326],[15.868712544512821,46.26370309590837],[15.869988152216271,46.2650445292083],[15.870527141386741,46.265255677756265],[15.870868501194707,46.26570281317316],[15.87237767087203,46.266503921674214],[15.871829698548718,46.267180818181465],[15.87163206918621,46.267752137169005],[15.872665131762949,46.26823651164626],[15.872557333928855,46.268317240309656],[15.872692081221471,46.26861531434458],[15.872862761125454,46.268640153774335],[15.872736996985678,46.26883886880705],[15.872952592653867,46.26920524776002],[15.872889710583978,46.269323233681185],[15.87306039048796,46.26939154120368],[15.87237767087203,46.26977654564746],[15.872296822496459,46.27034162791739],[15.87126375991972,46.271179926047125],[15.871452406129386,46.2713165363792],[15.871416473518023,46.27157733697675],[15.872090209981112,46.271658060719716],[15.872476485553282,46.27196232606688],[15.873500564977178,46.272241751938566],[15.873599379658431,46.27264536457147],[15.874039554147652,46.27232247470293],[15.874515661248234,46.272483919875],[15.875413976532352,46.273353231857335],[15.875521774366447,46.273632650637545],[15.876015847772715,46.273831347570066],[15.875827201563048,46.27402383453647],[15.876033814078395,46.27410455467601],[15.876276359205107,46.273912067993116],[15.876779415764215,46.274017625290035],[15.876626702165915,46.274352923590406],[15.877147725030705,46.2745205719713],[15.877363320698892,46.27426599459841],[15.877462135380146,46.274750311512136],[15.87825265283017,46.27472547485146],[15.87838740012279,46.27483103058163],[15.87823468652449,46.27522841503643],[15.87861197894382,46.27540847891881],[15.878962321904627,46.27527808789067],[15.879195883878497,46.27543952435598],[15.879959451869997,46.27541468800766],[15.881378790018907,46.27562579660963],[15.882636431416675,46.27635846133084],[15.883992887495694,46.275712723444634],[15.884379163067866,46.27568788722013],[15.88539425933892,46.27603559333889],[15.885942231662234,46.27591762186731],[15.886319524081564,46.27596729409682],[15.886948344780448,46.27579344109653],[15.887442418186714,46.27584311343862],[15.888852773182784,46.27567546910365],[15.889778037925424,46.27591141283546],[15.890541605916926,46.27626532652839],[15.892284337568118,46.27661302898324],[15.892715528904494,46.27699798269907],[15.894350462721594,46.277029027235734],[15.895572171507995,46.27764370543999],[15.897305920006348,46.27820249782411],[15.898213218443308,46.278736449666965],[15.899848152260406,46.27882337156752],[15.900288326749623,46.2791772664534],[15.902111906776387,46.27951253318423],[15.902525131807081,46.28005268082446],[15.902929373684934,46.28023893739677],[15.902794626392318,46.28051832106807],[15.902956323143458,46.281058458793],[15.903118019894599,46.281182627632184],[15.903639042759389,46.2812757540769],[15.903683958523594,46.28188417628705],[15.904187015082702,46.28257329940553],[15.904142099318495,46.282983044177584],[15.903540228078137,46.28335553676566],[15.903594126995184,46.28402601704195],[15.905875847816848,46.28486410584806],[15.906711281031079,46.284479207395805],[15.907519764786786,46.28388943839193],[15.908328248542492,46.282616757329656],[15.90922656382661,46.28269125654797],[15.909684704621512,46.28310100043783],[15.910574036752791,46.28361628007039],[15.912801858657406,46.283839773343864],[15.913376780439243,46.28410672244783],[15.914077466360858,46.28395772775951],[15.914930865880772,46.284125346755374],[15.91620647358422,46.28480823365987],[15.917518013899034,46.2852117537386],[15.918416329183156,46.284324005641935],[15.919332610772956,46.28401980892888],[15.919593122205352,46.28346728404822],[15.919925498860476,46.28320654003435],[15.919826684179224,46.282790588681465],[15.920132111375823,46.281195044500635],[15.921677213664509,46.28092187274488],[15.922234169140662,46.28130058776877],[15.922818074075341,46.28121366979801],[15.92386910295776,46.28139992242363],[15.92414758069584,46.28174138392614],[15.92552200308054,46.28194005145741],[15.926060992251013,46.28212009328536],[15.92617777323795,46.282380842470026],[15.926707779255578,46.28282783818508],[15.929034415841446,46.2821263016137],[15.930112394182391,46.28248638345385],[15.931926991056311,46.283461075871834],[15.932609710672242,46.28363490454467],[15.93318463245408,46.28420605201493],[15.933660739554664,46.28421226010689],[15.935124993467777,46.28390185464691],[15.937595360499108,46.2844295428824],[15.938125366516736,46.28470269714892],[15.938430793713339,46.28534212112877],[15.938772153521304,46.285708389755165],[15.940640649312272,46.285708389755165],[15.940990992273079,46.28537316093784],[15.942500161950399,46.28510001001438],[15.945024427898776,46.28557181529944],[15.947027670982362,46.28566493428346],[15.948734470022188,46.28619881340315],[15.9491297287472,46.28659611541773],[15.950638898424524,46.2872541405408],[15.950737713105775,46.287688681099816],[15.951285685429088,46.28799906510289],[15.951420432721706,46.28835290072105],[15.951941455586496,46.28842118452461],[15.952776888800727,46.28881847042052],[15.953010450774599,46.289619241046914],[15.953998597587129,46.28973718301828],[15.95445673838203,46.2899854810752],[15.955489800958768,46.289997895948495],[15.95627133525595,46.29019653353859],[15.958202713116808,46.28959441112585],[15.95950527027878,46.28977442779857],[15.960268838270284,46.29053173283833],[15.960726979065186,46.29073657584497],[15.96114020409588,46.29138834395105],[15.961418681833957,46.29159318375396],[15.961544445973733,46.29197803222093],[15.962065468838523,46.29220769856599],[15.96272123899593,46.29200286106143],[15.965092791346006,46.2923318421353],[15.96542516800113,46.29222632011933],[15.965937207713077,46.292307013443946],[15.966413314813662,46.29223252730236],[15.967122983888116,46.29250564265958],[15.967581124683017,46.29291531314172],[15.96911724381886,46.29304566219793],[15.969314873181368,46.29314497555633],[15.96992572757457,46.294162927096366],[15.970195222159804,46.29438637734086],[15.970913874387099,46.29473396479787],[15.971767273907012,46.294870516409524],[15.971785240212697,46.295609130588765],[15.972162532632025,46.29646566228796],[15.972692538649657,46.29714839535109],[15.973033898457622,46.29811662037181],[15.974543068134942,46.300561932982944],[15.974300523008232,46.3011701409874],[15.97436340507812,46.301343913462006],[15.975243754056557,46.30206382212413],[15.976465462842958,46.30280854526151],[15.977471575961173,46.303925610973444],[15.977651239017998,46.30442828310762],[15.979268206529412,46.30473857224456],[15.979726347324313,46.30455239897345],[15.98075940990105,46.30460825102125],[15.980939072957874,46.305396379398466],[15.981469078975504,46.30592386055663],[15.981684674643693,46.30784136688501],[15.98197213553461,46.30794685881132],[15.983059097028395,46.30750627353516],[15.98392147970115,46.30746904081411],[15.984685047692652,46.306687147821854],[15.984927592819364,46.30677402537252],[15.985340817850059,46.30673058661442],[15.986571509789302,46.30717738362302],[15.987487791379104,46.30687951935582],[15.987685420741611,46.30650098117755],[15.987460841920582,46.306196907630266],[15.987371010392168,46.305731485664225],[15.987739319658658,46.30503644816144],[15.988565769720047,46.30444069470687],[15.989077809431995,46.305061271081335],[15.98977849535361,46.305315705361444],[15.991108001974105,46.306122440381614],[15.991736822672989,46.30609761794288],[15.99232971076051,46.305824570374014],[15.993138194516218,46.305818364731614],[15.99359633531112,46.30604797303166],[15.99427905492705,46.30700362966412],[15.9936143016168,46.30753109533513],[15.993290908114517,46.30834400306348],[15.99353345324123,46.30879699220834],[15.993991594036132,46.30910105131246],[15.993856846743512,46.31016214230052],[15.993973627730448,46.310267629754115],[15.994844993556045,46.310311065705335],[15.995913988744146,46.30978362682284],[15.996264331704953,46.309330645843275],[15.996614674665759,46.30912587238924],[15.996911118709518,46.30855498477544],[15.997315360587372,46.308319181632136],[15.998626900902186,46.30789101016978],[15.99925572160107,46.3074504244441],[15.99961504771472,46.30700983517216],[16.000710992361345,46.30657544791124],[16.001393711977276,46.30651959787047],[16.001609307645463,46.30640789761797],[16.00284898273755,46.306339636240345],[16.002624403916517,46.30560737247164],[16.002741184903453,46.3049495678531],[16.003639500187575,46.304211079665336],[16.0044300176376,46.30406213966398],[16.006370378651297,46.303019548308704],[16.006702755306424,46.30296369464007],[16.008391588040567,46.30316228520304],[16.009191088643433,46.303435346050875],[16.010879921377576,46.304304166960414],[16.01227231006796,46.30435381345306],[16.01473369394645,46.30554531576984],[16.016009301649902,46.305532904421035],[16.016305745693657,46.30545223058521],[16.017087279990843,46.30489992190073],[16.01767118492552,46.30478821834326],[16.01836288769429,46.30436001926147],[16.018937809476128,46.30449034107571],[16.019881040524453,46.305055065352406],[16.020177484568215,46.305731485664225],[16.021237496603476,46.30656924235397],[16.0218753004552,46.3075435062309],[16.022288525485894,46.30759935522701],[16.023159891311494,46.30803373436271],[16.023357520673997,46.30826333337046],[16.02459719576608,46.308623243390485],[16.025378730063267,46.30953541853121],[16.02660942200251,46.30997598747469],[16.026564506238305,46.31070198771509],[16.026330944264433,46.311279057959815],[16.02669925353092,46.31224082818019],[16.027364006841168,46.31291715969743],[16.025872803469532,46.31392853894048],[16.02556737627293,46.31425738828731],[16.025531443661567,46.31495851331568],[16.025729073024074,46.31531837931075],[16.025118218630872,46.31593262786977],[16.025226016464966,46.316218033945056],[16.025055336560982,46.31670818438358],[16.024749909364385,46.31688811192393],[16.0239683750672,46.31696876890514],[16.022773615739318,46.316739206415505],[16.02436363379221,46.31797386900704],[16.024830757739952,46.31866874223407],[16.025756022482597,46.31917748310848],[16.026744169295128,46.32014531854206],[16.027902996011644,46.32048653849126],[16.029070805881,46.320101890395875],[16.02960081189863,46.320263194765104],[16.029807424413974,46.32091461141812],[16.03104709950606,46.321727320368176],[16.031765751733356,46.321975473366905],[16.03308627520101,46.32186380465675],[16.03351746653739,46.32306733318994],[16.033400685550454,46.32329066546932],[16.032493387113494,46.32354501501042],[16.03216101045837,46.32374353090378],[16.031900499025976,46.324239817485676],[16.031541172912327,46.32453138375305],[16.031352526702662,46.32507108742411],[16.031765751733356,46.32533163211824],[16.03216999361121,46.32636139186006],[16.032277791445306,46.32714300378348],[16.032664067017475,46.3275276023762],[16.033346786633405,46.32776332275776],[16.03411933777775,46.328315400728414],[16.03538596232836,46.3281851356421],[16.03623037869543,46.32923345063451],[16.03780243044264,46.33024452830905],[16.039122953910294,46.33055467108909],[16.039805673526224,46.33176421112743],[16.040838736102963,46.33258916411754],[16.041180095910928,46.33269460833967],[16.042267057404715,46.33259536672447],[16.043255204217242,46.33294271158983],[16.046075914209382,46.33294891415664],[16.047225757773052,46.33322182640087],[16.04778271324921,46.333085370449],[16.049633242734494,46.33160914338658],[16.050720204228277,46.33133622309486],[16.051735300499335,46.3313486285922],[16.053082773425512,46.33062290226468],[16.05382837511133,46.330672524884385],[16.054690757784087,46.33046783128795],[16.05673891663188,46.33087721771476],[16.05743960255349,46.33090823171313],[16.057960625418282,46.33066632205937],[16.059999801113232,46.33199991325148],[16.061095745759857,46.333835873971],[16.062937292092304,46.33473522412966],[16.06538969281795,46.33624857997782],[16.065802917848643,46.336651720987746],[16.065820884154327,46.33693701898348],[16.0662071597265,46.33745799409139],[16.067680396792454,46.33781151008781],[16.06854277946521,46.33788593421687],[16.071300607387457,46.33748280230605],[16.072145023754526,46.33682538081459],[16.07299842327444,46.33541127761452],[16.073546395597756,46.335355457001114],[16.074525559257445,46.335876447176894],[16.075648453362597,46.33593226725847],[16.076250324602956,46.33607491831919],[16.077049825205822,46.33655248655336],[16.077831359503005,46.33789833822854],[16.077831359503005,46.33875420823803],[16.077975089948467,46.338903053828716],[16.079313579721802,46.33939300103605],[16.079843585739432,46.339417808372815],[16.081011395608787,46.33978371528274],[16.081748014141766,46.341055067714215],[16.082197171783825,46.341520189266404],[16.08231395277076,46.34222716644754],[16.082278020159396,46.34277909841863],[16.081999542421322,46.34312017718817],[16.08208937394973,46.34361628796347],[16.081604283696308,46.34431083548551],[16.08117309235993,46.34550146785124],[16.08072393471787,46.346202192486174],[16.08058020427241,46.34653704887442],[16.08058918742525,46.34741758736562],[16.079690872141132,46.34875697083066],[16.079053068289408,46.35055516553851],[16.079259680804757,46.351243424409375],[16.079861552045113,46.351987478304],[16.079852568892274,46.35236570181714],[16.079394428097373,46.352874129300766],[16.078657809564397,46.35411417649729],[16.077507966000724,46.3564329892503],[16.077103724122868,46.35767295569346],[16.077382201860946,46.358261929897225],[16.07756186491777,46.35912988031042],[16.07721152195696,46.3604689767599],[16.07694202737173,46.36077894811212],[16.076187442533065,46.3610083257806],[16.07539692508304,46.3614298822277],[16.074777087537,46.36245896224557],[16.072962490663077,46.363965351653775],[16.07244146779829,46.36547169952595],[16.071435354680077,46.36612877653318],[16.07125569162325,46.36637052929222],[16.069557875736265,46.367387118928924],[16.068641594146463,46.36894296033501],[16.06697971087084,46.3697921459132],[16.065722069473072,46.36996570046488],[16.065964614599785,46.37048016250284],[16.06562325479182,46.371713611989435],[16.06344034865141,46.37291604346831],[16.06275762903548,46.37308339008067],[16.061814397987153,46.373659802264925],[16.060457941908133,46.37403167786484],[16.060188447322897,46.37438495733927],[16.06043099244961,46.37532702476484],[16.060215396781423,46.3757174821577],[16.059595559235376,46.375655504980166],[16.058715210256942,46.37590961096108],[16.05812232216942,46.37575466843047],[16.05712519220405,46.37583523860124],[16.05653230411653,46.376498388568],[16.056047213863106,46.37667192180931],[16.05557110676252,46.37749619717458],[16.055059067050575,46.37775029459017],[16.05675688293756,46.378878224941424],[16.057224006885303,46.37896498784953],[16.057538417234746,46.381121621545454],[16.059101485829114,46.381654569619386],[16.060215396781423,46.38229286104747],[16.058894873313765,46.38336492597363],[16.058544530352957,46.38392883606944],[16.05990098643198,46.38483975545823],[16.06118557728827,46.38613484597266],[16.062865426869575,46.38916486593896],[16.092806275289277,46.3842820515142],[16.093480011752366,46.38424487104868],[16.13512590832415,46.39737419742914],[16.140659530474323,46.399945168054046],[16.14325566164543,46.400496517063374],[16.14498042699094,46.40070714330406],[16.149355222424603,46.40083104071288],[16.153622220024168,46.400366423979115],[16.15676632351859,46.39953629889881],[16.15979364602607,46.398148598920265],[16.16362046913642,46.396036005748506],[16.16627049922457,46.39427648156187],[16.168435439059298,46.39266559981693],[16.169684097304227,46.391624697093754],[16.172118531724188,46.389189650684806],[16.175217719454402,46.38798138122548],[16.17820012619768,46.38639509968905],[16.178173176739158,46.38360660244222],[16.180284217656837,46.381146409943334],[16.182431191185884,46.38055148528836],[16.184991389745623,46.38048951359734],[16.187632436680936,46.381072044715964],[16.191351461957186,46.382639890148695],[16.193354705040775,46.38271425324054],[16.19457641382718,46.38198301177165],[16.195016588316395,46.380780779933545],[16.19510641984481,46.3799069762635],[16.19495370624651,46.37942358950212],[16.194783026342527,46.37894019846128],[16.193327755582253,46.37753957974387],[16.192519271826544,46.37607075072656],[16.19255520443791,46.37486219089514],[16.193651149084534,46.373337508030005],[16.198016961365354,46.37417422950675],[16.201484458362057,46.37527744267391],[16.204700427079203,46.37566170270108],[16.2076648675168,46.37616991342282],[16.210557442731666,46.377130542721005],[16.214177653326665,46.37998134307771],[16.216432424689806,46.380594865430226],[16.21915432000069,46.38085514555763],[16.220160433118902,46.38079317421126],[16.221678585949064,46.379355419229924],[16.222576901233182,46.37578565697176],[16.22442743071847,46.374254802009304],[16.226772033610022,46.3753890023152],[16.22880222615213,46.377130542721005],[16.229098670195892,46.378215103875995],[16.228892057680543,46.3803717671906],[16.230122749619788,46.38226807317011],[16.232736847096575,46.383247185768035],[16.23494670269551,46.38332774488351],[16.23676129956943,46.382825797688405],[16.239321498129172,46.38162358440869],[16.241064229780363,46.37967767794868],[16.24162118525652,46.37590961096108],[16.243480697894647,46.37420521894487],[16.248241768900478,46.37575466843047],[16.25267944640403,46.375636911813174],[16.2610247953935,46.3735792288845],[16.262255487332745,46.37352344724381],[16.26259684714071,46.37341188379149],[16.263153802616863,46.37298422177969],[16.26426771356917,46.372556556418964],[16.26973845364946,46.37174460282382],[16.276781245476958,46.37392631336862],[16.30629090256028,46.37403787577006],[16.309533820735954,46.38116500123432],[16.30974941640414,46.38199540577645],[16.30853669077058,46.38239820940065],[16.30847380870069,46.382776222406385],[16.308770252744452,46.383941229632505],[16.30806058367,46.38400939417907],[16.30754854395805,46.384257264540004],[16.30847380870069,46.38549040285862],[16.309039747329688,46.38588698413684],[16.309228393539353,46.38734315630591],[16.30912059570526,46.38785745464043],[16.308716353827403,46.38852665485713],[16.30899483156548,46.3892578086779],[16.308824151661497,46.38959859736663],[16.309165511469462,46.389920795624604],[16.310369253950185,46.390447461758534],[16.311806558404776,46.3901376587658],[16.311806558404776,46.390484637999506],[16.312094019295696,46.39084400702328],[16.312174867671263,46.39122815750109],[16.312085036142854,46.391420231726066],[16.31221978343547,46.39163089300202],[16.312094019295696,46.39175481101981],[16.312192833976948,46.39194068751897],[16.312624025313323,46.39210177997284],[16.312363513880932,46.39239918017694],[16.312273682352515,46.39278331970869],[16.311662827959317,46.393446263831265],[16.31138435022124,46.39339050248629],[16.31078247898088,46.393508220814425],[16.31086332735645,46.39389854819088],[16.310081793059265,46.39402865669598],[16.31009975936495,46.39430745959096],[16.30974941640414,46.3944251759412],[16.30973145009846,46.39467919456864],[16.309318225067766,46.39475973681337],[16.30935415767913,46.394908429875976],[16.309165511469462,46.39508190460362],[16.309237376692195,46.39528635625325],[16.309021781024008,46.39543504788096],[16.30845584239501,46.395503198074934],[16.30838397717228,46.39572003903497],[16.30815041519841,46.39567667091189],[16.3078000722376,46.39617230455032],[16.307440746123955,46.39612274138906],[16.306425649852898,46.396581198913154],[16.30641666670006,46.39709541020192],[16.30591361014095,46.39721931581209],[16.305419536734686,46.397634397556146],[16.305176991607976,46.39830347789967],[16.305141058996607,46.39896015988875],[16.30456613721477,46.399251327675685],[16.30437749100511,46.399598248967756],[16.304458339380677,46.400131016657205],[16.303757653459066,46.401295653490145],[16.303137815913022,46.40163636701226],[16.30251797836698,46.401797430845704],[16.30189814082094,46.402348761137596],[16.301610679930018,46.402441681424676],[16.30124237066353,46.40285672344149],[16.299796083056098,46.40300539444062],[16.299481672706655,46.40323459477053],[16.297586227457163,46.4039407735169],[16.29657113118611,46.40361246348234],[16.295726714819036,46.40389121741188],[16.293319229857595,46.40666628996935],[16.292726341770077,46.40758302398939],[16.291262087856964,46.40838205661586],[16.28770475933185,46.41019687018267],[16.286905258728982,46.41038887764209],[16.286536949462494,46.41039507141985],[16.286096774973277,46.410215451579255],[16.285261341759043,46.410091575482454],[16.28170401323393,46.41036410252402],[16.27960195546909,46.410072994043674],[16.277976004804835,46.41025880814666],[16.27773345967812,46.410748115589506],[16.277059723215032,46.411088770078095],[16.277877190123583,46.41138606680216],[16.27779634174801,46.41152852090814],[16.278137701555977,46.411485165350044],[16.278272448848593,46.411627619197205],[16.27779634174801,46.412191237291935],[16.277805324900854,46.412333689294876],[16.278137701555977,46.41249472154581],[16.277230403119017,46.412903493585866],[16.277670577608234,46.41313265232868],[16.278101768944612,46.41305213720444],[16.278335330918484,46.41334322978393],[16.278820421171908,46.41332464945294],[16.278982117923047,46.41344851820665],[16.278874320088953,46.41361574057789],[16.279009067381573,46.41382631616783],[16.27941330925943,46.413665287848666],[16.279575006010568,46.4138448963279],[16.279476191329312,46.41446423137484],[16.27960195546909,46.41462525733495],[16.27988941636001,46.41452616449269],[16.280248742473656,46.41476150969905],[16.280105012028198,46.41531270897052],[16.279566022857725,46.41600015194004],[16.279709753303184,46.41678667515826],[16.27990738266569,46.41687337781093],[16.27960195546909,46.417331660970696],[16.279709753303184,46.41764130957393],[16.280302641390705,46.41774658969846],[16.279916365818533,46.41805623594546],[16.279853483748646,46.41791379889023],[16.279161780979873,46.41809958627972],[16.278973134770208,46.418272987272125],[16.279018050534415,46.41873125866902],[16.27874855594918,46.41873745149936],[16.27876652225486,46.41860740191453],[16.278613808656562,46.41855166628322],[16.278299398307116,46.41877460846662],[16.278281432001435,46.41896039292313],[16.278631774962243,46.41917714065568],[16.278272448848593,46.41946820054116],[16.278631774962243,46.419746873443664],[16.27841617929405,46.42006270101137],[16.278434145599736,46.42032279292877],[16.278712623337814,46.42089870633062],[16.27874855594918,46.42239109877399],[16.278506010822465,46.42265117958413],[16.278820421171908,46.4228988744403],[16.278568892892352,46.42302891378929],[16.278479061363942,46.423301376181406],[16.278649741267923,46.42344999145771],[16.278335330918484,46.4236295677094],[16.278290415154277,46.4234066453773],[16.278065836333244,46.42339426077657],[16.27799397111052,46.42352429894394],[16.27817363416734,46.42371625948127],[16.27802092056904,46.424056832964716],[16.277679560761076,46.42418067734029],[16.27778735859517,46.42458936178357],[16.27824549939007,46.42454601660906],[16.27818261732018,46.424861816376975],[16.27879347171338,46.424998043163065],[16.278613808656562,46.425419105622375],[16.27840719614121,46.425549138959866],[16.278065836333244,46.42564201972534],[16.277616678691185,46.4255057945485],[16.277221419966175,46.42577205253112],[16.277248369424697,46.42603211721217],[16.27660158242013,46.42629837262407],[16.27624225630648,46.4270723635294],[16.276529717197402,46.427295270871845],[16.276421919363308,46.42759867106769],[16.276089542708185,46.42761724653503],[16.275855980734313,46.42795779564767],[16.275649368218964,46.42802590521489],[16.275496654620667,46.427871110620856],[16.274670204559275,46.42810639823005],[16.274804951851895,46.428298342632694],[16.27449952465529,46.42866984600804],[16.27487681707462,46.42881844664921],[16.27485885076894,46.429010388544455],[16.274472575196768,46.42922090468463],[16.27426596268142,46.42918375483663],[16.273789855580837,46.429697658819904],[16.273762906122315,46.429963896327585],[16.273619175676856,46.429883406055446],[16.273340697938778,46.43002581184066],[16.27374493981663,46.430403494947356],[16.27359222621833,46.43097930186031],[16.27305323704786,46.43097311042048],[16.272693910934212,46.4312455331076],[16.272774759309783,46.43136316975608],[16.27323290010468,46.43147461476781],[16.273286799021733,46.43165416458515],[16.27246034896034,46.43167273867043],[16.272720860392734,46.431846096494425],[16.272604079405802,46.43197611450056],[16.27236153427909,46.432081366945],[16.272110005999533,46.43190800986936],[16.272029157623965,46.432180427883516],[16.271813561955774,46.43200087979989],[16.271571016829064,46.432149471359565],[16.271669831510316,46.43238474050054],[16.271382370619396,46.43255190479931],[16.271346438008035,46.432793363436794],[16.27110389288132,46.43299767375603],[16.27140033692508,46.43307196822768],[16.271490168453493,46.433418674422846],[16.271067960269956,46.43392634737202],[16.270439139571074,46.43428543026104],[16.27049303848812,46.434551645358376],[16.270861347754607,46.434718803010654],[16.27074456676767,46.43502835286468],[16.27100507820007,46.43505930775337],[16.270906263518814,46.43549886527522],[16.270627785780736,46.435591729086745],[16.27095117928302,46.43564744729771],[16.271058977117114,46.435895083101606],[16.270852364601765,46.436093190934486],[16.270834398296085,46.436532740116945],[16.270609819475055,46.43643987790901],[16.27041219011255,46.43645845036326],[16.270331341736977,46.436576075759824],[16.270546937405168,46.43661941136826],[16.270618802627897,46.4367865626779],[16.270519987946642,46.437145626720465],[16.27006184715174,46.43705895630613],[16.269720487343776,46.437195152609625],[16.269702521038095,46.43790089163919],[16.269504891675588,46.43853852518307],[16.26907370033921,46.438829481699585],[16.26937014438297,46.43901519781268],[16.269109632950574,46.43944234247059],[16.26930726231308,46.43960948512086],[16.269172515020465,46.439764246376924],[16.269343194924446,46.43982615075627],[16.26932522861876,46.43998091139692],[16.269594723204,46.43993757846185],[16.269702521038095,46.44012948119839],[16.269558790592633,46.440426619585985],[16.269702521038095,46.440507094287085],[16.269046750880687,46.44118183902764],[16.26868742476704,46.44212275352207],[16.268283182889185,46.44230226825738],[16.2682652165835,46.44243226131713],[16.26870539107272,46.44320602311223],[16.26831911550055,46.44347838464916],[16.26839098072328,46.44392406422706],[16.268669458461357,46.44440068974105],[16.26977438626082,46.44554581191804],[16.26996303247049,46.445904818238866],[16.2699001504006,46.44660425479296],[16.270205577597203,46.44682708225132],[16.270151678680154,46.44727892402153],[16.269882184094918,46.4478483631061],[16.26982828517787,46.448547774705126],[16.269262346548874,46.449327638995655],[16.26945099275854,46.449773270719874],[16.268876070976702,46.4509368474775],[16.269046750880687,46.45102349581603],[16.26891200358807,46.451438168099145],[16.268337081806234,46.451642408510956],[16.26777114317724,46.452149911672684],[16.267896907317017,46.452298448288836],[16.26778910948292,46.45245317349986],[16.267295036076654,46.45279975637747],[16.26681892897607,46.45356718204327],[16.266926726810166,46.45393851316059],[16.26667519853061,46.45456358148982],[16.26636078818117,46.45458833652348],[16.2661272262073,46.45443361737848],[16.26562416964819,46.45454501520719],[16.264914500573738,46.45493490581318],[16.26508518047772,46.45531241627971],[16.264456359778837,46.455646603689274],[16.263989235831094,46.45666153065714],[16.26411499997087,46.45732369842102],[16.264474326084517,46.45750935148896],[16.264698904905547,46.457954916269514],[16.264519241848724,46.45825195743104],[16.264573140765773,46.45904405927308],[16.264384494556104,46.459260647614364],[16.2644922923902,46.45982996143129],[16.26427669672201,46.46023219043076],[16.26472585436407,46.46083862238193],[16.26456415761293,46.46159355884203],[16.264761786975438,46.46179776116782],[16.264375511403266,46.46199577481289],[16.26432161248622,46.46213809667546],[16.264645005988502,46.46262075065646],[16.264348561944743,46.46287445167439],[16.264204831499285,46.46324571932571],[16.264680938599867,46.46367267399472],[16.26412398312371,46.46404393620254],[16.264447376625995,46.46452038565971],[16.26389042114984,46.46483595378384],[16.263567027647557,46.46525670843715],[16.263611943411764,46.466234331692675],[16.263225667839592,46.46672932411404],[16.263261600450956,46.46694588188302],[16.262848375420262,46.46726762326321],[16.26299210586572,46.46770073365659],[16.262848375420262,46.46812146616747],[16.26185124545489,46.468622628590815],[16.260315126319046,46.468956734309565],[16.26049478937587,46.46925371544903],[16.259955800205397,46.470348819396534],[16.260099530650855,46.47127685634124],[16.259695288773003,46.471777989711775],[16.25809628756727,46.47301533629648],[16.25802442234454,46.473466960792024],[16.25766509623089,46.47367111858052],[16.257530348938275,46.47404231259743],[16.256946444003596,46.47474757425442],[16.256766780946773,46.47542189483525],[16.256443387444488,46.4757807042154],[16.256326606457552,46.47714168380619],[16.255563038466054,46.477302524599665],[16.254287430762602,46.47810053535159],[16.253389115478484,46.47838509449445],[16.25304775567052,46.47862634999338],[16.251951811023893,46.47873151231199],[16.25126010825512,46.47859541986098],[16.249921618481782,46.47879337240446],[16.247936341703877,46.479721265352325],[16.24772074603569,46.48027799352567],[16.24659785193054,46.48037078100073],[16.246031913301543,46.48029655103334],[16.245519873589597,46.48041408176828],[16.246031913301543,46.481478032658856],[16.245870216550404,46.4819667008046],[16.2461307279828,46.482053299765006],[16.246768531834523,46.483358453117155],[16.24666073400043,46.48376669370866],[16.246427172026557,46.483970812855624],[16.24659785193054,46.48428008283113],[16.246543953013493,46.484663575159],[16.24682243075157,46.48515839997459],[16.246804464445887,46.48564703506311]]]},"properties":{"FID":0,"ID":"01","IME":"Vzhodna Slovenija","PREB_S":1083643,"PREB_M":538312,"PREB_Z":545331,"S_14":150024,"M_14":76928,"Z_14":73096,"S_15_64":752408,"M_15_64":390165,"Z_15_64":362243,"S_65":181211,"M_65":71219,"Z_65":109992,"DEL_S_14":13.8,"DEL_M_14":14.3,"DEL_Z_14":13.4,"DEL_S15_64":69.4,"DEL_M15_64":72.5,"DEL_Z15_64":66.4,"DEL_S_65":16.7,"DEL_M_65":13.2,"DEL_Z_65":20.2,"IND_FEM":101.3,"STAR_S":42,"STAR_M":40.3,"STAR_Z":43.6,"IND_STAR_S":120.8,"IND_STAR_M":92.6,"IND_STAR_Z":150.5,"GOST_PREB":88.7,"DEL_TUJCI":3.1,"DEL_EXYU":88.4,"DEL_EU":6.1,"DEL_OSTALO":5.5,"S0_4":53098,"M_0_4":27258,"Z_0_4":25840,"S5_9":47354,"M_5_9":24282,"Z_5_9":23072,"S10_14":49572,"M_10_14":25388,"Z_10_14":24184,"S15_19":54849,"M_15_19":28396,"Z_15_19":26453,"S20_24":64015,"M_20_24":33864,"Z_20_24":30151,"S25_29":77047,"M_25_29":40564,"Z_25_29":36483,"S30_34":81740,"M_30_34":43117,"Z_30_34":38623,"S35_39":78733,"M_35_39":41235,"Z_35_39":37498,"S40_44":80112,"M_40_44":41320,"Z_40_44":38792,"S45_49":85146,"M_45_49":43531,"Z_45_49":41615,"S50_54":84461,"M_50_54":43558,"Z_50_54":40903,"S55_59":81293,"M_55_59":42142,"Z_55_59":39151,"S60_64":65012,"M_60_64":32438,"Z_60_64":32574,"S65_69":52546,"M_65_69":24664,"Z_65_69":27882,"S70_74":45831,"M_70_74":19976,"Z_70_74":25855,"S75_79":38687,"M_75_79":14432,"Z_75_79":24255,"S80_84":26771,"M_80_84":8323,"Z_80_84":18448,"S85_89":13426,"M_85_89":3069,"Z_85_89":10357,"S90_94":3100,"M_90_94":620,"Z_90_99":2480,"S95_99":746,"M_95_99":118,"Z_95_99":628,"S100":104,"M_100":17,"Z_100":87,"__id":0},"id":0},{"type":"Feature","geometry":{"type":"Polygon","coordinates":[[[15.09327780810801,46.03637963451578],[15.090996087286346,46.036161369951785],[15.089424035539137,46.036161369951785],[15.088373006656719,46.036373398397345],[15.085453481983329,46.037290100255504],[15.083576003039518,46.03739611241453],[15.0826776877554,46.037595664162126],[15.08139309689911,46.038300325505354],[15.079910876680312,46.03955372745625],[15.078078313500708,46.04035813462451],[15.076488295447815,46.04202303318691],[15.076254733473945,46.04260916530957],[15.076452362836452,46.04410564465057],[15.076173885098376,46.04497233706518],[15.076425413377928,46.045427501017194],[15.07718898136943,46.045726784859774],[15.077278812897841,46.046319112684685],[15.0769644025484,46.047223179751235],[15.075598963316539,46.047809256703026],[15.075545064399492,46.048120997229006],[15.075095906757431,46.048120997229006],[15.075212687744367,46.04865718681819],[15.075122856215954,46.04888163672872],[15.07442217029434,46.04939911499144],[15.073981995805122,46.04931806449942],[15.073038764756797,46.049835538673385],[15.07306571421532,46.05006621836936],[15.072535708197691,46.05030936619515],[15.072221297848248,46.05076448617164],[15.072445876669278,46.05089541040179],[15.072185365236884,46.051238305724226],[15.071897904345965,46.05131311896622],[15.071673325524936,46.05173705875667],[15.07162840976073,46.05222957295637],[15.07192485380449,46.05284676809458],[15.071637392913571,46.0539003478987],[15.071888921193123,46.055271841791125],[15.07298486583975,46.05550873274099],[15.071529595079475,46.05588900293034],[15.07095467329764,46.056574729440044],[15.070981622756163,46.05693629089836],[15.071421797245382,46.057447459955185],[15.07133196571697,46.05829524210506],[15.072050617944265,46.05907444216022],[15.072365028293708,46.060458274352484],[15.072571640809054,46.06075124338599],[15.072445876669278,46.06111901082321],[15.072086550555632,46.06115641076435],[15.071385864634017,46.0615865082665],[15.070191105306138,46.06155534189343],[15.069894661262378,46.06148054252629],[15.06960720037146,46.06123121057061],[15.06855617148904,46.06125614381685],[15.06771175512197,46.06064527604268],[15.065969023470775,46.060102969396205],[15.065942074012252,46.059704027773066],[15.065654613121335,46.05964792637614],[15.065061725033814,46.059766362591695],[15.064352055959361,46.059068208603406],[15.063696285801955,46.05951702289497],[15.063175262937165,46.059591824922215],[15.06260932430817,46.05936118501274],[15.061234901923466,46.059217813772605],[15.0604354013206,46.05891236945445],[15.058575888682473,46.058575755391644],[15.058144697346094,46.05828900846029],[15.055638397703403,46.05801472739343],[15.053994480733465,46.057060966714396],[15.052413445833412,46.05658096327834],[15.050886309850409,46.055851599421274],[15.048272212373622,46.05510352391971],[15.047769155814514,46.05510352391971],[15.04705050358722,46.05553990252717],[15.046430666041177,46.05570821906849],[15.045415569770123,46.05570821906849],[15.045092176267838,46.05603238281373],[15.044768782765555,46.05616329455604],[15.043367410922329,46.05606355230433],[15.04277452283481,46.05529677772842],[15.042792489140492,46.05491026943473],[15.041355184685901,46.054255692767306],[15.039558554117663,46.053950221000655],[15.039199228004014,46.05379436740752],[15.039244143768219,46.05350759564694],[15.038857868196049,46.053258227688204],[15.038435660012514,46.05327693032416],[15.037941586606246,46.05400632818651],[15.037681075173852,46.05405620119275],[15.036962422946559,46.05368215254811],[15.03645936638745,46.053732025847104],[15.03631563594199,46.053582405815],[15.036046141356756,46.053601108341184],[15.035174775531159,46.05289040789377],[15.034177645565787,46.05274701985265],[15.033854252063502,46.05244153974106],[15.032201351940724,46.05173082437157],[15.0297759006736,46.051225836840715],[15.029515389241206,46.05084553454119],[15.029668102839507,46.05047769867827],[15.029524372394048,46.05006621836936],[15.028455377205946,46.04901880011394],[15.026622814026341,46.04895021846391],[15.02602094278598,46.04843897075302],[15.025490936768351,46.04823945816757],[15.024035666008077,46.046774265540044],[15.021071225570484,46.045639493906506],[15.020801730985246,46.04533397448387],[15.020289691273298,46.0454087957232],[15.020235792356251,46.045639493906506],[15.019858499936921,46.045595848378156],[15.01856492592779,46.045795370511996],[15.017388132905594,46.04615076752785],[15.015959811603842,46.046188177607036],[15.0156454012544,46.04638146261257],[15.013696057087863,46.04595748171512],[15.012510280912824,46.04611959244251],[15.012276718938953,46.04636899263263],[15.011270605820737,46.04632534768064],[15.010507037829237,46.04652486717966],[15.009986014964447,46.046450047451984],[15.009725503532055,46.04663086162041],[15.009447025793976,46.04651239723209],[15.009015834457598,46.046693211196434],[15.009159564903058,46.04697378341765],[15.00880023878941,46.047204475065286],[15.008324131688825,46.04731670308605],[15.008090569714954,46.047223179751235],[15.00789294035245,46.047354112375636],[15.007650395225737,46.04724188443087],[15.006895810387078,46.04736034725477],[15.006788012552981,46.04759727214041],[15.006536484273429,46.04769079484185],[15.006563433731952,46.04782172635784],[15.00595257933875,46.047965127185925],[15.00595257933875,46.04809605805166],[15.005539354308056,46.048046179663224],[15.005350708098392,46.04815217118483],[15.004524258037,46.04823945816757],[15.004254763451765,46.04805241446424],[15.00301508835968,46.04778431738493],[15.002934239984109,46.0479464227512],[15.002781526385808,46.04786537012754],[15.002350335049433,46.0479464227512],[15.002206604603971,46.04778431738493],[15.001757446961912,46.04792148349506],[15.001577783905088,46.047790552215524],[15.00113760941587,46.0479464227512],[15.000490822411303,46.04767832515747],[14.999224197860697,46.04798383161432],[14.99917029894365,46.04815840597389],[14.998613343467495,46.04849508353783],[14.997813842864629,46.04860107419806],[14.997688078724853,46.04875694244659],[14.997418584139616,46.04878188132553],[14.997050274873127,46.04923077922114],[14.99647535309129,46.04935547243358],[14.9959543302265,46.04918713653028],[14.995190762235,46.04921207521499],[14.995091947553748,46.04941158428735],[14.994615840453163,46.04949263464216],[14.994292446950881,46.049798131064335],[14.993690575710518,46.04992282299598],[14.993573794723583,46.050128564067755],[14.993025822400272,46.05024078614754],[14.99265751313378,46.050440291504124],[14.992037675587738,46.05317094863662],[14.99112139399794,46.053389146006936],[14.992621580522417,46.05356993746071],[14.993070738164477,46.05391281617841],[14.995002116025335,46.05449258807614],[14.997194005318587,46.05433673601364],[14.997400617833934,46.055783026255526],[14.997921640698724,46.05570821906849],[14.998254017353847,46.05577055839805],[14.99925114731922,46.055564838343436],[14.99939487776468,46.05568951725589],[15.000104546839133,46.05552743461481],[15.000113529991975,46.05543392518239],[15.000463872952782,46.055315479674015],[15.001173542027235,46.05550249878165],[15.001461002918152,46.0554214572461],[15.001613716516454,46.05553990252717],[15.001910160560213,46.055521200657566],[15.002934239984109,46.05584536550063],[15.003194751416505,46.056026148913496],[15.005584270072262,46.055988745497324],[15.005656135294991,46.05615082678444],[15.00616817500694,46.05610718956162],[15.006213090771148,46.05618823009083],[15.005853764657498,46.05712330451686],[15.005799865740451,46.05789628742065],[15.005557320613738,46.05833887759879],[15.005620202683627,46.058525886467066],[15.00541359016828,46.05876899704895],[15.004398493897225,46.0591118434863],[15.004398493897225,46.05923028085175],[15.003868487879593,46.059442220766385],[15.003976285713689,46.05962299240365],[15.003877471032435,46.05973519519118],[15.003581026988675,46.05974142867269],[15.003051020971045,46.060102969396205],[15.002278469826702,46.06033360620715],[15.00188321110169,46.06062034252058],[15.000338108813004,46.060875910588315],[15.000068614227768,46.06088214394104],[14.999996749005039,46.060757476752784],[14.99955657451582,46.060832277099514],[14.999601490280027,46.06093824408392],[14.999134366332283,46.06090084399499],[14.998397747799306,46.06136210998775],[14.998289949965212,46.06157404171938],[14.997858758628835,46.061792205887485],[14.997391634681092,46.06181090563321],[14.997167055860062,46.06302637551984],[14.997229937929951,46.06373694552031],[14.998361815187941,46.06658536677445],[14.998191135283959,46.06702788730159],[14.998433680410672,46.06752026512703],[14.998406730952146,46.068043801288255],[14.998307916270894,46.06842398515025],[14.997813842864629,46.068928815411695],[14.998155202672594,46.06983874471535],[14.997984522768611,46.069869906412144],[14.997786893406104,46.07063024636227],[14.997508415668028,46.07099794799046],[14.996367555257196,46.07092316141708],[14.996286706881627,46.0710415734448],[14.996538235161179,46.07152768331752],[14.996951460191873,46.0714840582474],[14.997211971624267,46.07177073664832],[14.997580280890759,46.071664790456225],[14.997840792323151,46.07170841538349],[14.998397747799306,46.071490290402394],[14.998218084742481,46.07172711177032],[14.997625196654964,46.071870450525694],[14.99731078630552,46.07209480609107],[14.996933493886191,46.072923667354395],[14.99625077427026,46.073247730027354],[14.996044161754913,46.07323526611358],[14.995900431309453,46.07340976065026],[14.99498414971965,46.07352816734307],[14.99466973937021,46.073677733328765],[14.995424324208871,46.07458758434198],[14.995271610610569,46.07614551357158],[14.995595004112854,46.076818525394515],[14.995612970418534,46.07784672205228],[14.995064998095222,46.07830161506648],[14.994040918671326,46.07841377989089],[14.993124637081523,46.07875027299611],[14.992989889788907,46.07894967534942],[14.993340232749713,46.07898706321044],[14.992864125649131,46.08010245607914],[14.992154456574674,46.08050125029197],[14.991866995683756,46.080432707741764],[14.991543602181475,46.08052617483457],[14.991372922277492,46.080949890336],[14.990923764635431,46.081118129412005],[14.991193259220667,46.08151691628368],[14.99166038316841,46.081647767597886],[14.992361069090023,46.08243286896605],[14.993070738164477,46.082912647635624],[14.993483963195173,46.0824515617196],[14.994552958383274,46.0822646338991],[14.995451273667394,46.082345636032414],[14.99736468522257,46.082133784047905],[14.998011472227134,46.08255748720342],[14.998667242384544,46.08346719180862],[14.999143349485125,46.08346096100618],[14.999790136489692,46.083728884875704],[15.00129032301417,46.08380988485917],[15.002664745398873,46.08458249410883],[15.003787639504022,46.08494387214045],[15.005458505932486,46.08516194394529],[15.005512404849533,46.08577877095411],[15.005817832046134,46.08595945634757],[15.006231057076828,46.08718062486942],[15.006114276089892,46.087454761026095],[15.006275972841033,46.088027950405845],[15.006877844081394,46.08916185098043],[15.007228187042202,46.089442207418436],[15.007246153347882,46.08997176569113],[15.007524631085959,46.09029572824548],[15.007551580544485,46.09064460886832],[15.007749209906988,46.09079412845969],[15.007928872963813,46.09157286977817],[15.00827921592462,46.0917784556517],[15.008288199077462,46.092233233800805],[15.008557693662697,46.092582102167945],[15.008467862134287,46.0927378462622],[15.008845154553615,46.09346049310467],[15.008629558885428,46.0934916414626],[15.008216333854731,46.093952635103],[15.008162434937685,46.09483100421092],[15.007659378378579,46.09509887285715],[15.007542597391643,46.09562837681809],[15.006805978858665,46.09605820570646],[15.006051394020004,46.09621393998408],[15.005656135294991,46.096157875694814],[15.005027314596108,46.09663753499416],[15.00638377067513,46.097528319766624],[15.004694937940982,46.09854990137121],[15.004425443355748,46.09889872977947],[15.0039134036438,46.09920395282643],[15.003931369949482,46.09981439385163],[15.003715774281295,46.10003863579623],[15.003257633486394,46.10011338290843],[15.002673728551715,46.10132178049447],[15.002161688839767,46.1017079638292],[15.00196405947726,46.1023557491551],[15.001281339861329,46.103115641470914],[15.001577783905088,46.10360769730157],[15.001155575721553,46.10391912277307],[15.00120049148576,46.1040935202687],[15.001407104001105,46.10419317573277],[15.001434053459631,46.104622937858046],[15.001766430114754,46.10492812921699],[15.00262881278751,46.10528937394809],[15.003024071512522,46.10588729105997],[15.003068987276727,46.106510114488685],[15.002224570909656,46.106690731966765],[15.002808475844335,46.10737582736598],[15.001775413267596,46.10785538907922],[15.001568800752247,46.10896397031625],[15.00082319906643,46.10991060630841],[14.99939487776468,46.111255797908896],[14.997328752611203,46.11242035856636],[14.995918397615137,46.11270682426185],[14.994337362715086,46.11270682426185],[14.99114834345646,46.11001647905983],[14.986459137673359,46.10786784517202],[14.98587523273868,46.108297578650095],[14.987177789900652,46.109144579753995],[14.987016093149512,46.109287821301045],[14.985327260415367,46.10826021065456],[14.983333000484622,46.107575126246964],[14.979066002885054,46.10693985855165],[14.977709546806034,46.10634818107418],[14.975445792290053,46.104822246692024],[14.973352717678054,46.10363261140403],[14.971780665930844,46.10253015159626],[14.967810112375036,46.10089822146864],[14.967136375911947,46.100505803585015],[14.966282976392032,46.099683585629464],[14.96580686929145,46.09874300308418],[14.96430668276697,46.09652540721992],[14.963255653884552,46.09585263578655],[14.962716664714078,46.09517362666575],[14.96233937229475,46.09451952740477],[14.96227649022486,46.09393394624657],[14.961396141246421,46.092638170092535],[14.960650539560605,46.091853213961166],[14.958278987210527,46.09057607892014],[14.956985413201396,46.09003406633013],[14.955826586484884,46.08982847395438],[14.954362332571765,46.08909954935625],[14.950831953505178,46.08809025324041],[14.946205629791962,46.08774758677948],[14.945379179730573,46.08782858086236],[14.943142374673114,46.086887796106275],[14.942297958306042,46.08690025693637],[14.941112182131004,46.08710586022662],[14.939692843982096,46.08702486508255],[14.936728403544501,46.08767282290512],[14.932470389097773,46.08823354949284],[14.930251550345998,46.08828962183811],[14.927511688729435,46.08808402296012],[14.924574197750363,46.087691513883215],[14.923011129155997,46.08772266549929],[14.91771106897969,46.088881493117434],[14.915896472105768,46.08895002517109],[14.914342386664243,46.08883165157038],[14.912536772943161,46.088538831571896],[14.910910822278906,46.08767905323185],[14.910533529859576,46.088127634907366],[14.910201153204452,46.08804041097839],[14.909078259099301,46.08762921059828],[14.908296724802117,46.087118321007445],[14.90763197149187,46.086906487350376],[14.90717383069697,46.08645166527948],[14.906760605666273,46.08627721198328],[14.906041953438978,46.086395591065866],[14.905592795796919,46.08677564850871],[14.904469901691769,46.086894026521676],[14.904272272329262,46.0870622474715],[14.904353120704833,46.08737999675484],[14.904119558730963,46.08749214312372],[14.903751249464472,46.0874298396136],[14.9030595466957,46.08774758677948],[14.903032597237178,46.088027950405845],[14.90252954067807,46.088214858698414],[14.901873770520663,46.08892510443415],[14.901298848738827,46.08897494589676],[14.90058019651153,46.08926153343276],[14.90004120734106,46.08974748280807],[14.899951375812647,46.09005898656603],[14.899520184476271,46.09027703814983],[14.89951120132343,46.09053869891251],[14.899017127917164,46.09068821879099],[14.898675768109198,46.091080706543515],[14.898280509384186,46.091292524170186],[14.898334408301233,46.09167254787315],[14.898100846327361,46.092021419786946],[14.898154745244408,46.0923640596971],[14.899214757279669,46.09390279813846],[14.89951120132343,46.09525460984403],[14.898711700720563,46.096020829414385],[14.89846017244101,46.09689916558072],[14.897849318047808,46.09737881843207],[14.897651688685302,46.09828827861682],[14.89801999795179,46.099347220204585],[14.89785830120065,46.09997011752104],[14.89643896305174,46.100568092324444],[14.894642332483501,46.100811017735865],[14.893968596020413,46.101384068312065],[14.89379791611643,46.102474093728915],[14.893034348124926,46.10243672178568],[14.892728920928327,46.10327758438104],[14.892944516596517,46.10455442527994],[14.892692988316961,46.10487830217175],[14.893196044876069,46.10608036707547],[14.893905713950524,46.106541255475406],[14.895540647767621,46.10796749381313],[14.897013884833576,46.108652573344166],[14.897732537060872,46.10944351821259],[14.898154745244408,46.10963658177211],[14.897759486519396,46.10993551756233],[14.897247446807448,46.11111256147623],[14.89748100878132,46.111629456415855],[14.897373210947226,46.11185987789905],[14.897813385436443,46.11289364891324],[14.897220497348924,46.11412044839001],[14.897849318047808,46.114680906067996],[14.897687621296667,46.11501095070066],[14.898882380624546,46.116430742805086],[14.897454059322795,46.1160259812399],[14.897516941392684,46.11691022573529],[14.896537777732993,46.11719666809249],[14.896394047287535,46.11757028632072],[14.8965826934972,46.11812448202683],[14.897220497348924,46.11889038377196],[14.898891363777388,46.11982439588261],[14.898675768109198,46.120166863022874],[14.89855000396942,46.12143085967705],[14.898675768109198,46.122041054579874],[14.897633722379618,46.122327470264906],[14.897328295183017,46.122539167857724],[14.897013884833576,46.122495583125705],[14.896115569549458,46.12283803366276],[14.89659167665004,46.123392176386304],[14.897597789768255,46.1236474537432],[14.89560352983751,46.12403970688882],[14.895369967863639,46.12474949119583],[14.894624366177819,46.12497985782099],[14.893950629714729,46.12463742059744],[14.89327689325164,46.12445686193158],[14.892118066535124,46.12438837400695],[14.891031105041339,46.1239089561506],[14.888947013582182,46.12430743362264],[14.887500725974752,46.12399612334389],[14.885650196489465,46.12440082636323],[14.884895611650805,46.124338564553746],[14.884356622480333,46.12409574282449],[14.88344034089053,46.12432611218342],[14.883341526209279,46.12419536212495],[14.882964233789949,46.12413310008328],[14.881490996723992,46.124270076482084],[14.880700479273967,46.12394631353604],[14.876379582757352,46.12365990626694],[14.873702603210676,46.12412064766649],[14.873316327638504,46.12443818341512],[14.872624624869733,46.124737038918376],[14.870639348091828,46.124581385212736],[14.869345774082696,46.12471213435503],[14.866956255426938,46.124375921647875],[14.866776592370114,46.12474949119583],[14.867028120649666,46.12517286695446],[14.865869293933153,46.12560869154255],[14.865114709094492,46.126492782258175],[14.86434215795015,46.126393167112205],[14.863982831836502,46.12602583470452],[14.863551640500125,46.125807924491575],[14.863129432316589,46.125004762263316],[14.863488758430236,46.12440705254029],[14.863336044831938,46.12396499221927],[14.862500611617705,46.1239089561506],[14.8623029822552,46.12369103756397],[14.861880774071661,46.123653680005425],[14.861027374551748,46.12369103756397],[14.860865677800607,46.1240770641856],[14.860632115826736,46.12403348067023],[14.858925316786909,46.12297501328156],[14.858574973826101,46.12308086093556],[14.857640725930619,46.12295633426269],[14.857344281886858,46.12418290972224],[14.856904107397641,46.12430743362264],[14.856733427493658,46.124593837525374],[14.855556634471462,46.124487992778256],[14.854442723519153,46.12421404072373],[14.853903734348682,46.12382178881939],[14.853679155527653,46.123834241303726],[14.852879654924784,46.12428252886508],[14.852457446741248,46.12418290972224],[14.852134053238967,46.1239089561506],[14.850894378146881,46.123672358787864],[14.850553018338916,46.12342330783461],[14.850328439517886,46.12295010792166],[14.84960978729059,46.12293142889435],[14.849331309552511,46.12281935459744],[14.848657573089422,46.122445771961175],[14.848217398600205,46.12196011074685],[14.846429751184806,46.122209168314626],[14.845980593542746,46.12237105512994],[14.845908728320017,46.12281935459744],[14.845558385359212,46.12328632933043],[14.845450587525116,46.12305595562351],[14.844758884756345,46.12266992184692],[14.844399558642696,46.12228388536542],[14.843734805332447,46.122333696676314],[14.843231748773341,46.122557847018044],[14.842486147087522,46.122526715080674],[14.841758511707386,46.12204728102364],[14.841246471995436,46.1220535074667],[14.841102741549976,46.122308791026484],[14.84089612903463,46.122346149497],[14.839970864291987,46.12220294188915],[14.839377976204469,46.1234108552574],[14.83967442024823,46.12449421894547],[14.84118358992555,46.12563359570059],[14.841246471995436,46.12619393627982],[14.840842230117584,46.12742043965527],[14.84058171868519,46.12761344023774],[14.840258325182905,46.12753873041506],[14.839961881139144,46.127980762058705],[14.839907982222098,46.128727849730396],[14.840123577890289,46.12909516411992],[14.83962052133118,46.12925080507155],[14.839710352859592,46.12953718327345],[14.839557639261294,46.1298484622389],[14.838856953339679,46.13039008344526],[14.838650340824332,46.13035895593398],[14.838380846239096,46.13058307362259],[14.838273048405,46.13129899901833],[14.838695256588538,46.13151688750904],[14.83924322891185,46.13128654822139],[14.83961153817834,46.130744935830556],[14.84030324094711,46.13059552457855],[14.840393072475523,46.13066400478603],[14.84058171868519,46.13052081880056],[14.840590701838028,46.13061420100721],[14.84193817476421,46.13081341585226],[14.842863439506852,46.13142350683286],[14.842737675367076,46.13196511255083],[14.842162753585239,46.13255028975429],[14.842162753585239,46.1327432723623],[14.84231546718354,46.1329051282218],[14.842710725908551,46.13301718199971],[14.842791574284124,46.13357744746951],[14.843644973804038,46.13394472951787],[14.843546159122782,46.13487848640752],[14.843653956956876,46.135420058149116],[14.841920208458527,46.13592427532771],[14.840689516519284,46.13589937582232],[14.839126447924915,46.135314234204486],[14.838389829391936,46.135420058149116],[14.837446598343611,46.135395158415726],[14.835542169941277,46.13576865323428],[14.835182843827631,46.13596784943507],[14.834670804115683,46.135980299173674],[14.834598938892952,46.136658805671885],[14.834077916028162,46.13677707659115],[14.834149781250893,46.137044741417824],[14.835200810133312,46.13701984241907],[14.835515220482755,46.137100764123865],[14.835524203635597,46.137268831900016],[14.835820647679354,46.13729995550597],[14.838686273435696,46.13723148354964],[14.841300370912485,46.1365965577176],[14.842486147087522,46.136552984107745],[14.84329463084323,46.13639113896926],[14.844381592337015,46.13644716234026],[14.844516339629632,46.137119438346545],[14.84548652013648,46.13754894372033],[14.845782964180241,46.137841503433584],[14.846142290293889,46.13860090649906],[14.846303987045031,46.13941009496092],[14.847049588730851,46.14037488104649],[14.847552645289957,46.14072344476537],[14.847849089333714,46.14181269216421],[14.847013656119485,46.14278366024992],[14.846726195228566,46.14283967711701],[14.846357885962078,46.14320689738979],[14.846052458765476,46.1430015033018],[14.846034492459793,46.142758763846246],[14.845270924468293,46.14242888543473],[14.844210912433033,46.14231062665497],[14.843249715079025,46.14302017552327],[14.843492260205736,46.1432131214411],[14.842917338423899,46.14430231958413],[14.841920208458527,46.144289871727075],[14.840617651296553,46.14456372393189],[14.839800184388004,46.14452638052964],[14.839773234929481,46.14527324376184],[14.839342043593103,46.14666736135169],[14.839000683785137,46.14722126434328],[14.83752744671918,46.14839751176118],[14.836224889557208,46.149075865246196],[14.835425388954341,46.149841336662114],[14.835757765609468,46.15056945812975],[14.836170990640161,46.150824609527334],[14.836584215670857,46.15194477239923],[14.836772861880522,46.15204434132898],[14.834302494849192,46.153058689535605],[14.833350280648027,46.1532204856802],[14.833107735521313,46.15374320843499],[14.832793325171872,46.15402323643986],[14.83255078004516,46.15415391568785],[14.832002807721848,46.15407924186985],[14.830772115782603,46.154900648294955],[14.830628385337144,46.15510599798556],[14.830808048393969,46.15572826509606],[14.83059245272578,46.15577804616092],[14.830287025529179,46.156120289762825],[14.831814161512181,46.157215454985284],[14.832649594726412,46.15832926544037],[14.831966875110481,46.15851593537778],[14.83142788594001,46.159306164431186],[14.83150873431558,46.16000927207911],[14.830933812533745,46.16057548498123],[14.82992769941553,46.16097991920102],[14.828508361266621,46.161303464436386],[14.827744793275121,46.16177011286711],[14.82660393286429,46.16186344207829],[14.826037994235294,46.162018990411795],[14.825660701815965,46.16195677113117],[14.825058830575603,46.16161456382998],[14.824295262584103,46.161496346267626],[14.82239981733461,46.1616767834976],[14.821672181954472,46.16157723199562],[14.821151159089684,46.16258518263194],[14.820728950906146,46.16308292922142],[14.820414540556705,46.16325091767896],[14.818743674128243,46.16364288875176],[14.817207554992397,46.16461347176972],[14.816740431044657,46.16558403766407],[14.816623650057721,46.16626840075698],[14.816973993018529,46.16631195084747],[14.817252470756605,46.16651103653643],[14.818510112154373,46.166137750278594],[14.82061216991921,46.16590755582361],[14.821582350426059,46.165994656541486],[14.822085406985169,46.16651103653643],[14.822606429849955,46.166697678715444],[14.823792206024994,46.166772335409725],[14.824609672933544,46.1666603503303],[14.824906116977303,46.16646748660354],[14.825247476785268,46.165975992113545],[14.82572358388585,46.16580801197717],[14.826675798087019,46.165664917382315],[14.826981225283618,46.1654533855603],[14.827789709039326,46.165384948620215],[14.828705990629128,46.16499921154733],[14.829343794480854,46.16495566041757],[14.829721086900184,46.165055205806375],[14.830996694603632,46.16501165472095],[14.831598565843993,46.16488722285829],[14.832892139853126,46.16496810360103],[14.834095882333846,46.16539739170656],[14.835299624814567,46.16558403766407],[14.83600929388902,46.16547827169923],[14.840123577890289,46.16556537309682],[14.84164173072045,46.165416056330805],[14.843043102563676,46.16553426547066],[14.84525295816261,46.16547205016555],[14.846690262617201,46.16540361324867],[14.848379095351346,46.16509875685735],[14.849439107386607,46.16517341572163],[14.852484396199772,46.1656960249346],[14.852960503300354,46.16598843506621],[14.8537330544447,46.1662435149755],[14.856895124244799,46.16641771520945],[14.858251580323818,46.16634305803387],[14.859239727136352,46.166455043759235],[14.86133280174835,46.16723271611889],[14.862734173591576,46.167251380120426],[14.863533674194443,46.16736958531642],[14.864764366133684,46.1678797311433],[14.865366237374047,46.16995137228467],[14.865599799347917,46.17032463266302],[14.866013024378612,46.17053614575302],[14.870819011148653,46.17099649496074],[14.87186105687823,46.171942065031665],[14.873648704293629,46.1726450111941],[14.87478956470446,46.173229756023474],[14.875930425115293,46.17335416901483],[14.881697609239339,46.172159792679594],[14.882991183248471,46.173055577362746],[14.886566478079267,46.17221577964975],[14.8905639810936,46.17083475108358],[14.891983319242508,46.16980206742408],[14.892243830674902,46.16977096219377],[14.892657055705598,46.17016288681007],[14.894094360160187,46.17028730673917],[14.895190304806814,46.17001980354365],[14.895648445601715,46.17027486475892],[14.896259299994915,46.172352636447954],[14.89569336136592,46.17271343910172],[14.895378951016479,46.17311778409062],[14.895325052099432,46.17354700859521],[14.89456148410793,46.17497773274978],[14.89426504006417,46.175095921341594],[14.893411640544258,46.175164346199715],[14.893034348124926,46.17531985692427],[14.893178078570388,46.175525130407294],[14.893537404684034,46.17572418274999],[14.894534534649408,46.17678785649385],[14.895037591208514,46.17708020766091],[14.896277266300599,46.17713618962196],[14.897534907698367,46.17753428192363],[14.898271526231344,46.17757160292914],[14.900337651384818,46.17736011689627],[14.901119185682004,46.17755916259679],[14.901146135140525,46.177708446399336],[14.900616129122897,46.1783491181166],[14.90125393297462,46.17877830179076],[14.901676141158157,46.17943762090905],[14.902053433577487,46.17964287902081],[14.902260046092836,46.180078272478916],[14.90365243478322,46.18084953242729],[14.904577699525865,46.18116674104036],[14.90544008219862,46.18188822832547],[14.906041953438978,46.182814952412635],[14.907614005186186,46.183660807742044],[14.906913319264575,46.184599940692436],[14.906032970286137,46.18537113721138],[14.905799408312266,46.185862458383966],[14.905484997962825,46.18772819498844],[14.905718559936696,46.18847447189926],[14.90560177894976,46.188804074309175],[14.905413132740094,46.188897357651264],[14.905718559936696,46.18909636158526],[14.905925172452042,46.18974933818296],[14.906455178469674,46.19011002669194],[14.90772180302028,46.19179528128985],[14.907389426365157,46.192280326542004],[14.907048066557191,46.19227410804022],[14.90590720614636,46.19186368536675],[14.906185683884436,46.19265965382037],[14.906086869203184,46.192939483741064],[14.907057049710033,46.19315090984731],[14.907066032862875,46.19349292094418],[14.906679757290703,46.19414584530975],[14.906302464871372,46.1958682847439],[14.906158734425913,46.19586206664808],[14.906131784967389,46.196185406697026],[14.905574829491236,46.1962848955601],[14.90584432407647,46.19667663120752],[14.905790425159424,46.196894260916075],[14.906059919744662,46.19711188976273],[14.906023987133295,46.19731086395399],[14.90544008219862,46.198517129564145],[14.905260419141795,46.19938761406978],[14.90477532888837,46.199617668385194],[14.904676514207116,46.20015238550513],[14.904083626119597,46.200805230747385],[14.903598535866173,46.20070575006858],[14.903409889656507,46.200805230747385],[14.903544636949126,46.20104771414739],[14.90333802443378,46.20120315166143],[14.903041580390019,46.201029061616154],[14.90313141191843,46.20119071667649],[14.902879883638878,46.201520242826525],[14.902242079787152,46.201800027628884],[14.901954618896234,46.20206737621995],[14.901900719979187,46.20266424279865],[14.902044450424645,46.20286941418747],[14.902403776538295,46.203099453924395],[14.904290238634946,46.203049715684514],[14.904658547901434,46.20293158718432],[14.9046944805128,46.2027139813875],[14.904990924556557,46.20244041859152],[14.90605093659182,46.202098463180995],[14.90629348171853,46.20189328891307],[14.906634841526495,46.201793810204315],[14.907012133945827,46.20183733216156],[14.907811634548693,46.20149537299736],[14.908970461265207,46.201520242826525],[14.909293854767492,46.2017627230709],[14.909698096645343,46.20167567900374],[14.909922675466376,46.2017502882126],[14.910120304828881,46.20206115882564],[14.910398782566958,46.20208602839868],[14.910865906514701,46.20194302819989],[14.91153964297779,46.202266332466664],[14.911979817467007,46.202266332466664],[14.913417121921599,46.203261102893016],[14.9135698355199,46.20319893026906],[14.91350695345001,46.20329840643361],[14.913839330105137,46.20347248928816],[14.913758481729564,46.20357818218072],[14.915330533476773,46.20429937531425],[14.914755611694936,46.20503299309834],[14.91454899917959,46.205816336865745],[14.913183559947727,46.20835280194248],[14.914351369817082,46.208744451552306],[14.922022982343464,46.210590762099095],[14.924214871636718,46.20861390199264],[14.926289979943032,46.2095153092936],[14.924753860807186,46.211032126809194],[14.926370828318603,46.21169105907185],[14.92988324107951,46.212331334735154],[14.930521044931236,46.211274565070354],[14.931428343368196,46.21149213695768],[14.93213801244265,46.21179673615195],[14.932694967918804,46.21210133365693],[14.932623102696073,46.212194577453374],[14.93301836142109,46.21254268622809],[14.932721917377329,46.212778901640036],[14.931940383080144,46.21306484525308],[14.927457789812388,46.21320781650129],[14.926568457681109,46.213338355142014],[14.923774697147497,46.21347510957568],[14.921097717600823,46.214065636174546],[14.919049558753029,46.21422725287381],[14.917738018438214,46.2147742597114],[14.917594287992754,46.21494209026244],[14.916633090638747,46.21512235213485],[14.916695972708634,46.215507737601385],[14.917064281975126,46.21581853036244],[14.916345629747829,46.216147968768745],[14.916776821084207,46.2166825249963],[14.917450557547296,46.217105193678336],[14.916192916149528,46.21814320442973],[14.915177819878474,46.219349012641445],[14.914135774148894,46.220952572228775],[14.913102711572156,46.222021585935444],[14.912698469694305,46.22322730897516],[14.91206964899542,46.22321487897581],[14.91185405332723,46.224196840253164],[14.912042699536896,46.22489911824208],[14.911782188104503,46.22531550891333],[14.912455924567592,46.225893478789594],[14.911737272340297,46.22642172550455],[14.910210136357291,46.226831890036145],[14.909374703143062,46.22681324626029],[14.907569089421981,46.22552681043399],[14.90733552744811,46.225501951473774],[14.907326544295268,46.225222287395646],[14.905619745255441,46.22452001354092],[14.904757362582687,46.22430870814499],[14.90417345764801,46.22445165011948],[14.903589552713331,46.22499855510735],[14.902960732014447,46.22527200555811],[14.902637338512164,46.22606127535583],[14.902421742843977,46.2260737047107],[14.902278012398517,46.22680703166693],[14.901379697114397,46.226657881215225],[14.90073291010983,46.227938076069954],[14.900517314441641,46.22876459378033],[14.899987308424013,46.22898209637247],[14.898208644161455,46.22933631303492],[14.896403030440377,46.2288018800002],[14.89545081623921,46.22907531150526],[14.894965725985784,46.22951652765251],[14.89289960083231,46.22922445538846],[14.890617880010646,46.229199598102745],[14.889935160394716,46.23200840015498],[14.888749384219677,46.23323875931947],[14.887428860752022,46.234257823803475],[14.884096111047938,46.23613434426119],[14.883655936558718,46.236358031161124],[14.882461177230839,46.236109490104916],[14.88079929395522,46.2362710419195],[14.88035013631316,46.23645123376698],[14.880008776505194,46.2361405577985],[14.87982013029553,46.2361654119407],[14.878966730775616,46.23654443621454],[14.876720942565317,46.23696073854763],[14.876119071324956,46.23717820865983],[14.874735665787414,46.23737082432516],[14.872624624869733,46.23797973391678],[14.86938170669406,46.23953304410701],[14.865231490081428,46.24109873627747],[14.864405040020038,46.24228540176876],[14.863084516552382,46.243074426919996],[14.858934299939751,46.246019192233426],[14.853158132662863,46.24628011318185],[14.843914468389272,46.24637329893409],[14.830655334795667,46.24939243165466],[14.822759143448257,46.24933031125667],[14.81925571384019,46.24900728405296],[14.818474179543006,46.249411067760356],[14.815563638022459,46.25015029484534],[14.8128686921701,46.250609977252324],[14.810047982177966,46.25088330010035],[14.809347296256353,46.251106926872005],[14.796061213204224,46.2479263714997],[14.786458222816986,46.246833012995005],[14.78286496168051,46.24658451938643],[14.780789853374193,46.245571896291644],[14.779702891880408,46.24564023340768],[14.778023042299106,46.246391936065535],[14.77535504590527,46.24616207766842],[14.769471080794288,46.24932409921299],[14.7670096969158,46.24898864781008],[14.765913752269173,46.24900728405296],[14.765150184277672,46.248796072929636],[14.764853740233912,46.24842955757958],[14.763901526032747,46.24790152268479],[14.763533216766255,46.24742318080387],[14.762536086800884,46.247162265292474],[14.762086929158825,46.24662179349948],[14.761278445403116,46.2462614760124],[14.76025436597922,46.24660315644612],[14.759391983306465,46.24669012930762],[14.759302151778055,46.24662179349948],[14.756211947200683,46.247876673858634],[14.752546820841475,46.249895604285555],[14.749923740211846,46.250964054317514],[14.74377926366847,46.25087087636408],[14.736628674006878,46.25257911369206],[14.73545188098468,46.252926966409326],[14.734867976050005,46.2532499705284],[14.731544209498761,46.253678569211],[14.73100522032829,46.25361024210921],[14.729397235969715,46.25283379179069],[14.727573655942953,46.252877273299084],[14.72469006388093,46.25272198203936],[14.720099672779078,46.25329966330094],[14.7189049134512,46.253032564119096],[14.718213210682427,46.25310710355652],[14.716946586131817,46.25297665947455],[14.71614708552895,46.2534052602931],[14.71191602054075,46.25361024210921],[14.709454636662262,46.25342389503531],[14.708286826792907,46.25451712216312],[14.707154949534916,46.25611344308515],[14.706310533167844,46.25668487741243],[14.705394251578042,46.25811964822686],[14.704307290084257,46.25937426553063],[14.702564558433066,46.260740647757885],[14.701306917035298,46.26123750557994],[14.70080386047619,46.261634988595695],[14.7004355512097,46.2620138369129],[14.700731995253461,46.2623678403515],[14.700426568056862,46.26255415703267],[14.701693192607468,46.26419992688369],[14.70463966673938,46.26610026381532],[14.705726628233165,46.268801609793286],[14.70575357769169,46.269155569401434],[14.706364432084891,46.269863481760495],[14.706472229918985,46.27028574091951],[14.707514275648565,46.27158354649966],[14.70958938395488,46.27306760229843],[14.710164305736717,46.273750627028114],[14.709849895387274,46.27406109000026],[14.709679215483291,46.274750311512136],[14.710128373125352,46.275712723444634],[14.710128373125352,46.27620944557093],[14.710739227518554,46.277935519951484],[14.71049668239184,46.27845084816568],[14.71040685086343,46.27913380580105],[14.709463619815102,46.280474861479426],[14.705852392372943,46.27980433774313],[14.703462873717184,46.27905930174542],[14.701594377926217,46.27879853675286],[14.699806730510817,46.27881716286492],[14.69532413724306,46.27863090145948],[14.693895815941312,46.27882337156752],[14.693159197408335,46.27878611934131],[14.692566309320815,46.27868677994759],[14.689161694394002,46.27762507892905],[14.68749082796554,46.2772711740181],[14.685721146855824,46.27773683789973],[14.683807735300649,46.27841980443455],[14.681948222662522,46.27882337156752],[14.681346351422162,46.27872403224134],[14.680214474164172,46.27886062376841],[14.679352091491417,46.279301439555866],[14.678516658277186,46.279462864168366],[14.67960361977097,46.282759547409086],[14.680187524705648,46.28360386375068],[14.680349221456789,46.28585117177662],[14.68103194107272,46.28686925888123],[14.681238553588068,46.287763173420956],[14.682172801483551,46.28942060136321],[14.682029071038093,46.29164904902178],[14.6823794139989,46.293194632168],[14.682361447693218,46.29588843587578],[14.682056020496615,46.29750217186278],[14.681678728077287,46.297918011506866],[14.681319401963638,46.299146892297465],[14.680915160085783,46.299562719451075],[14.680214474164172,46.301517685385086],[14.679576670312446,46.30252927527213],[14.679388024102781,46.303702199654495],[14.67945988932551,46.30457722211285],[14.679253276810165,46.30459583946],[14.67913649582323,46.30603556179683],[14.67765427560443,46.30697880762498],[14.677618342993068,46.30753730078337],[14.677366814713512,46.30771105304827],[14.676729010861788,46.307692436760554],[14.675255773795831,46.308846634626434],[14.67524679064299,46.309312030106376],[14.674761700389567,46.309870499458995],[14.672444046956539,46.309312030106376],[14.670764197375233,46.309380287777365],[14.669623336964401,46.310168347450485],[14.668814853208696,46.309746395650855],[14.668114167287081,46.30970295925152],[14.66712602047455,46.30983947353334],[14.666092957897813,46.30953541853121],[14.66403581589718,46.309833268346104],[14.663029702778966,46.309870499458995],[14.658304564384498,46.31441870988592],[14.656966074611157,46.315212901591835],[14.654154347771865,46.316404167540036],[14.653094335736604,46.31723555653449],[14.651288722015524,46.32008327832266],[14.647147488555733,46.321528797158784],[14.646779179289243,46.32261446215801],[14.645880864005123,46.323706309228655],[14.645377807446017,46.32378695615944],[14.64480288566418,46.32481674497813],[14.64398541875563,46.32511451162597],[14.64398541875563,46.32536264926108],[14.642278619715803,46.32662193040878],[14.64270082789934,46.32685145143549],[14.642943373026053,46.327726103817675],[14.645198144389193,46.33041820848253],[14.643527277960729,46.33215497988438],[14.643275749681177,46.33396612559952],[14.64323981706981,46.33615554701501],[14.643464395890842,46.33639743238913],[14.642952356178892,46.34023644417192],[14.643590160030618,46.342574450135515],[14.643033204554465,46.34943905164934],[14.643383547515272,46.35293613232884],[14.643203884458448,46.356507388030344],[14.642709811052182,46.35986762732155],[14.61954225987474,46.35330194876271],[14.608088740002216,46.35483339097885],[14.608007891626643,46.35498219279327],[14.607145508953888,46.35512479415189],[14.60542074360838,46.3549201920865],[14.60181849931906,46.355602195992134],[14.600974082951987,46.35543479582168],[14.600327295947423,46.35550919596074],[14.599779323624109,46.35544099583713],[14.59949186273319,46.35509999394234],[14.597353872356987,46.355180594582244],[14.592619750809677,46.35078458612512],[14.570054070872594,46.3633392442279],[14.570054070872594,46.368106158711974],[14.568832362086193,46.367975988418415],[14.567808282662297,46.368168144457016],[14.567404040784442,46.36863923382059],[14.566900984225336,46.36894296033501],[14.566604540181576,46.36895535729973],[14.56611046677531,46.36950701938109],[14.565814022731551,46.370294212927845],[14.564960623211638,46.37017644453625],[14.564385701429801,46.37071569772236],[14.563262807324652,46.37081487014249],[14.561627873507554,46.37258134870522],[14.562130930066662,46.373046201988906],[14.560990069655828,46.374260999889195],[14.560756507681958,46.375110102784696],[14.561268547393906,46.37532702476484],[14.561627873507554,46.37723590103501],[14.560783457140483,46.378983579883325],[14.561645839813234,46.37952274610975],[14.561349395769478,46.37985120108635],[14.561573974590507,46.380681625610556],[14.56152007567346,46.380960496685006],[14.561232614782542,46.38138189916174],[14.561043968572877,46.38138189916174],[14.56083735605753,46.38170414591992],[14.560873288668894,46.381921041705475],[14.560594810930816,46.38224948225471],[14.560298366887057,46.38223089133299],[14.56009175437171,46.382392012444335],[14.55970547879954,46.38322859518604],[14.559355135838732,46.38358801198262],[14.559004792877925,46.384455560018445],[14.559076658100656,46.38510621199792],[14.558681399375642,46.38630834858812],[14.558366989026199,46.386543815541316],[14.558492753165977,46.387398923829416],[14.557827999855729,46.38858242117153],[14.556741038361944,46.38969153936701],[14.55701053294718,46.38975969673336],[14.55694765087729,46.39038550130066],[14.556660189986372,46.39042267758383],[14.555833739924983,46.39116000196845],[14.555097121392006,46.39210177997284],[14.554324570247662,46.39269657876042],[14.553578968561842,46.393136477860416],[14.55228539455271,46.39365072160875],[14.552698619583406,46.39451810972254],[14.552231495635663,46.39467919456864],[14.551620641242462,46.39525537877981],[14.55136012981007,46.3957757979997],[14.551018770002102,46.39604839656274],[14.550371982997536,46.39630240763447],[14.548009413800303,46.39847694183468],[14.54694940176504,46.39922654749899],[14.546563126192869,46.39988321837898],[14.54641041259457,46.40050271196442],[14.54528751848942,46.40197707840669],[14.545763625590002,46.40245407078433],[14.54544023208772,46.40448588770115],[14.54498209129282,46.40566901451926],[14.544712596707583,46.407211376919236],[14.543553769991068,46.40827675841221],[14.541038487195532,46.409812853236026],[14.540005424618798,46.41003583114711],[14.536834371665856,46.41022164537671],[14.5367355569846,46.41097108967714],[14.535091640014661,46.41239562483228],[14.534597566608397,46.412358463518274],[14.534310105717479,46.413250328065665],[14.533968745909513,46.413597160339734],[14.533771116547008,46.413559999844445],[14.533079413778236,46.4138448963279],[14.531938553367404,46.41472434999715],[14.53153431148955,46.41536225469954],[14.530519215218495,46.41614878711833],[14.530123956493481,46.416904343010614],[14.528677668886049,46.41790760596634],[14.5269439203877,46.419418658542725],[14.526656459496781,46.419994581494635],[14.527042735068951,46.420236095760835],[14.527060701374635,46.42084916563196],[14.52680917309508,46.421920473201844],[14.526827139400764,46.42244683048061],[14.526602560579734,46.4228245661016],[14.526144419784833,46.42272548815914],[14.52491372784559,46.4227564500355],[14.524482536509211,46.422545908929486],[14.524195075618293,46.422589255694255],[14.523692019059185,46.42231678974321],[14.52131148355627,46.422000975232464],[14.521068938429556,46.42205051488453],[14.520161639992596,46.42172850634144],[14.51912857741586,46.42195143553537],[14.518059582227755,46.42194524307008],[14.51726906477773,46.42179043120897],[14.516164136978265,46.42183997105235],[14.513397325903178,46.421158794260045],[14.511555779570731,46.42027325170683],[14.510432885465582,46.41989549840929],[14.510019660434887,46.41936292374065],[14.508744052731439,46.4189480073124],[14.508070316268348,46.41857643768195],[14.507549293403558,46.41781471202368],[14.507648108084812,46.41662565558038],[14.507522343945034,46.41604350390889],[14.504935195926771,46.41577100524643],[14.503668571376162,46.415331288624174],[14.502410929978394,46.41457571093633],[14.500245990143666,46.41263717275606],[14.498898517217487,46.41094012110836],[14.499033264510105,46.41032074604031],[14.497739690500975,46.40935450688943],[14.497065954037883,46.40857407046393],[14.496302386046382,46.408858992992826],[14.493409810831517,46.40954651731422],[14.491478432970661,46.41027738952213],[14.490669949214952,46.4103702963046],[14.489331459441615,46.411088770078095],[14.48885535234103,46.41060565944519],[14.488064834891006,46.41043223407165],[14.486780244034716,46.409819047079196],[14.486420917921068,46.409496966301575],[14.485046495536364,46.40936689467917],[14.484309877003385,46.4090695869489],[14.48374393837439,46.40915630187097],[14.48320494920392,46.40955890506036],[14.483070201911302,46.41018448258143],[14.483213932356762,46.4105623031535],[14.482935454618682,46.411020639350596],[14.483043252452779,46.411807234387176],[14.482764774714699,46.41268672091589],[14.482890538854477,46.412847752124456],[14.482773757867541,46.4131636196525],[14.483097151369826,46.41337419698818],[14.482809690478907,46.41422269154318],[14.482117987710135,46.414538551107825],[14.48132747026011,46.41543038000345],[14.480761531631115,46.41558520992311],[14.480231525613483,46.415294129310524],[14.478722355936164,46.41521361737742],[14.47831811405831,46.415294129310524],[14.476584365559958,46.41625407012452],[14.47575791549857,46.416477021701894],[14.473718739803617,46.41663184864986],[14.473754672414982,46.417015817583916],[14.4728204245195,46.417077747803944],[14.472389233183119,46.417350239936475],[14.472443132100166,46.417467906572746],[14.472227536431978,46.41768466023806],[14.471724479872872,46.41776516852286],[14.470799215130228,46.417734203812],[14.470080562902933,46.41790141304176],[14.469406826439844,46.41785186961973],[14.467313751827845,46.41746171359823],[14.467107139312496,46.41753602924612],[14.465903396831779,46.41720780103705],[14.46298387215839,46.41702820363355],[14.462714377573153,46.41687337781093],[14.461807079136193,46.41702201060909],[14.461438769869703,46.41723876604684],[14.460666218725361,46.417344046948585],[14.459183998506564,46.417306889006476],[14.45817788538835,46.417610344792735],[14.456758547239442,46.418266794389034],[14.456354305361588,46.418328723188296],[14.453560544827974,46.41806242885247],[14.45291375782341,46.41774658969846],[14.451844762635305,46.41774039675558],[14.448260484651671,46.4184278091208],[14.447389118826074,46.418694101672216],[14.44736216936755,46.418892272029254],[14.446993860101061,46.41896039292313],[14.447038775865266,46.419251453965636],[14.446481820389113,46.419418658542725],[14.44614944373399,46.42113402403451],[14.44675131497435,46.42236013669013],[14.44698487694822,46.42320849142797],[14.446787247585714,46.423456183752094],[14.446904028572648,46.4236295677094],[14.446436904624909,46.42410637074871],[14.446095544816943,46.42405064073856],[14.445394858895328,46.42418067734029],[14.445367909436806,46.424385019944886],[14.445197229532823,46.42434786680103],[14.44375094192539,46.425468642168475],[14.443490430492997,46.42582778078151],[14.44254719944467,46.42640363603286],[14.442232789095229,46.42639744407327],[14.441828547217375,46.42658320255519],[14.440669720500859,46.42658320255519],[14.439951068273565,46.42682468763537],[14.439789371522423,46.42728288715451],[14.439358180186044,46.427623438356065],[14.438855123626938,46.428676037709515],[14.438001724107025,46.429251862871965],[14.438010707259865,46.42941903677971],[14.436276958761516,46.429864831360376],[14.435100165739318,46.43175941765136],[14.435136098350684,46.432081366945],[14.435369660324556,46.43231663637997],[14.435154064656368,46.432873849411564],[14.436519503888226,46.43392634737202],[14.436636284875162,46.43457640948736],[14.43714832458711,46.43505930775337],[14.43781307789736,46.43518931809386],[14.438199353469532,46.43515836327902],[14.439196483434904,46.435789838022444],[14.440975147697461,46.435963182750385],[14.441118878142918,46.43586412868767],[14.442313637470798,46.43628510721078],[14.443185003296394,46.43630367971778],[14.443706026161184,46.4364460687278],[14.443544329410043,46.43715181745907],[14.44323890221344,46.43757278603431],[14.443517379951519,46.43802470456158],[14.443544329410043,46.43825375772631],[14.443310767436172,46.4383032826083],[14.443400598964583,46.43854471576342],[14.44314008753219,46.43873662340567],[14.442717879348653,46.43874281396352],[14.442187873331022,46.438637574384394],[14.44203515973272,46.43843947580169],[14.440651754195178,46.43856328750028],[14.44015768078891,46.438389951043476],[14.439690556841171,46.43843947580169],[14.439465978020142,46.438606621528315],[14.439528860090027,46.43886043442906],[14.43925038235195,46.43933091375222],[14.438361050220673,46.43966519922368],[14.437768162133153,46.43975186549262],[14.436824931084828,46.44084756286116],[14.434534227110323,46.44269843661461],[14.432791495459131,46.4423270288641],[14.432270472594341,46.441998949911714],[14.431965045397742,46.442116563348236],[14.431120629030671,46.4418627656154],[14.430707403999975,46.44157801553217],[14.430330111580645,46.44157801553217],[14.429665358270395,46.44128707369264],[14.428470598942516,46.44102089149979],[14.425784636243,46.44139230815437],[14.424913270417404,46.44127469315437],[14.423107656696324,46.441305644494776],[14.421041531542848,46.44115088761691],[14.416585887733616,46.44126850288417],[14.416316393148382,46.441937048001044],[14.414376032134681,46.44202990084067],[14.41429518375911,46.441417069174655],[14.413828059811367,46.44092184663096],[14.41316330650112,46.44094041755758],[14.41270516570622,46.44074232734726],[14.41143854115561,46.44061233025534],[14.411321760168676,46.440439000316964],[14.410127000840797,46.44045757140816],[14.409273601320884,46.44004900593954],[14.407665616962309,46.44040185811558],[14.407261375084454,46.44032138325904],[14.406506790245794,46.44038328700538],[14.404305917799702,46.43986329335011],[14.403416585668424,46.43999948264426],[14.403156074236028,46.43967758012768],[14.401341477362106,46.43946091390149],[14.400631808287653,46.43887281551592],[14.400119768575705,46.43901519781268],[14.399419082654092,46.438885196599976],[14.399239419597267,46.43867471778846],[14.398978908164873,46.438680908353355],[14.39842195268872,46.43840233223725],[14.397981778199501,46.43837137924755],[14.397649401544374,46.43815470782728],[14.397011597692652,46.43804946711229],[14.396221080242627,46.43773993441952],[14.394334618145976,46.43751706979196],[14.393939359420962,46.43708991004136],[14.393292572416396,46.436792753457304],[14.392286459298182,46.436526549308],[14.392286459298182,46.43637177885594],[14.391756453280552,46.43634082471278],[14.391127632581668,46.43569078364464],[14.388836928607164,46.43563506547798],[14.38843268672931,46.43542457411206],[14.387875731253157,46.435331710015674],[14.387273860012794,46.43476833110546],[14.386411477340042,46.43467546589079],[14.385773673488316,46.43490453313406],[14.38573774087695,46.435046925799995],[14.385252650623526,46.43485500516305],[14.384417217409297,46.43489215114553],[14.383770430404729,46.43472499402497],[14.382602620535375,46.43497882500618],[14.382449906937072,46.435102644568],[14.381488709583065,46.43525741862463],[14.381425827513176,46.435375046613686],[14.379943607294381,46.43515217231394],[14.378838679494914,46.43525741862463],[14.378263757713077,46.43506549872899],[14.376152716795396,46.43544933784437],[14.373421838331671,46.4354617197063],[14.373358956261786,46.435245036716275],[14.373008613300978,46.43503454384382],[14.372891832314043,46.434520690181316],[14.372622337728806,46.434310194511006],[14.371328763719672,46.434143035605395],[14.370664010409426,46.434310194511006],[14.369936375029289,46.433845862951635],[14.369217722801995,46.43381490737367],[14.36821160968378,46.43419875529757],[14.367367193316706,46.434130653443844],[14.366720406312142,46.43390158294765],[14.36619040029451,46.4339077740548],[14.364618348547303,46.43430400344958],[14.362920532660317,46.434130653443844],[14.361474245052882,46.43434734086486],[14.361411362982995,46.434161608842444],[14.360755592825589,46.43424828386501],[14.360315418336368,46.43404397823419],[14.360162704738068,46.43387681851201],[14.360153721585226,46.433480586011314],[14.359542867192026,46.433616791258366],[14.358698450824953,46.433536306380795],[14.3582942089471,46.43325151278267],[14.357063517007857,46.4329295704014],[14.355536381024853,46.43335676276404],[14.355141122299841,46.433065777025575],[14.35515010545268,46.432910996744454],[14.353685851539566,46.432867658186964],[14.352446176447481,46.43255190479931],[14.351341248648016,46.43270049485668],[14.350649545879243,46.43259524360789],[14.34979614635933,46.432644773632646],[14.349364955022951,46.43296052648223],[14.348969696297939,46.4329295704014],[14.34844867343315,46.43283051082454],[14.34830494298769,46.43224234087865],[14.346849672227417,46.43160463366014],[14.346041188471709,46.43107836480191],[14.346014239013185,46.430843090021604],[14.344496086183023,46.43065734605659],[14.342950983894337,46.43064496310308],[14.342483859946597,46.43046540996106],[14.342151483291474,46.429864831360376],[14.341675376190889,46.42972861673645],[14.341217235395987,46.429332354076735],[14.339860779316968,46.42893608853615],[14.339483486897638,46.42840979391117],[14.338890598810119,46.4281497405736],[14.337830586774858,46.42800732988682],[14.337282614451544,46.42754294462771],[14.336743625281073,46.42745006710114],[14.336007006748094,46.42756771194141],[14.332404762458774,46.42679991998407],[14.33123695258942,46.42668846541398],[14.330545249820648,46.426849455275416],[14.330060159567225,46.42677515232152],[14.329125911671738,46.42698567709449],[14.327562843077372,46.427128090450466],[14.326844190850075,46.42682468763537],[14.325164341268772,46.42717143357191],[14.32409534608067,46.42721477665889],[14.323673137897133,46.42674419272752],[14.323313811783487,46.426663697700796],[14.322999401434044,46.42686803099806],[14.322496344874937,46.426898990521735],[14.321517181215246,46.42720239292327],[14.32057395016692,46.4267875361542],[14.31801375160718,46.42663892997635],[14.315767963396883,46.426044501213646],[14.31424981056672,46.426304564594915],[14.312947253404745,46.4262612207842],[14.31153689840868,46.427462450780496],[14.310234341246705,46.428998005216776],[14.30912941344724,46.429815298809245],[14.308949750390415,46.4302548986275],[14.307826856285264,46.43105979051408],[14.307368715490366,46.43183990515306],[14.307602277464234,46.433065777025575],[14.30665904641591,46.43352392408139],[14.306326669760786,46.43396349398751],[14.304673769638006,46.434105889112296],[14.303586808144221,46.43476833110546],[14.30275137492999,46.43468784792855],[14.302320183593613,46.434848814163516],[14.299185063252036,46.43512121747799],[14.2972806348497,46.43604366404377],[14.296948258194577,46.43606842749476],[14.295717566255334,46.436662746942204],[14.294280261800742,46.436953713474814],[14.293938901992776,46.437164198934184],[14.293166350848434,46.437318967135596],[14.292366850245568,46.43763469290342],[14.29198955782624,46.43809899217996],[14.290633101747217,46.43804327647567],[14.289878516908558,46.438396141640716],[14.289626988629003,46.43864995552188],[14.288054936881794,46.43913281769024],[14.286860177553915,46.43902757886438],[14.286635598732886,46.4385137628546],[14.286114575868096,46.438358998046745],[14.285656435073195,46.438334235636695],[14.285198294278294,46.438606621528315],[14.28344657947426,46.438656146089585],[14.28237758428616,46.43847042875271],[14.281649948906022,46.43816708907451],[14.280769599927584,46.438080420284855],[14.27973653735085,46.43823518588396],[14.278721441079792,46.43783279441197],[14.27674514745473,46.437337539290226],[14.275837849017769,46.436798944235996],[14.275280893541614,46.43665036535316],[14.274247830964876,46.43660083896887],[14.273080021095522,46.435127408446604],[14.271759497627865,46.43483643216232],[14.27073541820397,46.43491072412728],[14.270546771994304,46.434663083850204],[14.270259311103388,46.43455783639168],[14.269917951295422,46.43405636041545],[14.269486759959044,46.43394492068295],[14.268804040343113,46.43395730288669],[14.268579461522084,46.43421732851563],[14.267465550569776,46.434817859155245],[14.266692999425432,46.43489834214015],[14.264393312298086,46.43481166815148],[14.264060935642963,46.43490453313406],[14.262426001825865,46.434916915119786],[14.26135700663776,46.434681656910016],[14.260961747912749,46.43450211706664],[14.260261061991137,46.433480586011314],[14.259443595082587,46.432873849411564],[14.256847463911482,46.431709886822],[14.255778468723381,46.43161701639562],[14.255266429011433,46.43117742756347],[14.253415899526145,46.43016202572186],[14.252984708189768,46.43033538835104],[14.252562500006231,46.430304430779124],[14.249795688931144,46.42941903677971],[14.249202800843626,46.4294747613017],[14.248097873044157,46.42905373016918],[14.247280406135609,46.42914660496329],[14.24675938327082,46.42907849679643],[14.245977848973634,46.42923947959914],[14.244639359200297,46.4289484718779],[14.244082403724144,46.42871318790356],[14.24352544824799,46.428762721456245],[14.242564250893983,46.428186891126366],[14.242240857391698,46.42811878176031],[14.2420881437934,46.427871110620856],[14.24103711491098,46.428626504078046],[14.239006922368867,46.42909088010582],[14.237380971704612,46.42911564671617],[14.235781970498879,46.42949333612969],[14.235449593843756,46.42989578918196],[14.234838739450554,46.43032300532439],[14.234218901904512,46.43042206945886],[14.233733811651087,46.430830707110296],[14.232386338724908,46.43118981039601],[14.231667686497612,46.43169750410762],[14.230571741850987,46.4329295704014],[14.230553775545303,46.43322055686711],[14.22926020153617,46.434316385571734],[14.228559515614558,46.435375046613686],[14.228514599850351,46.43575269265186],[14.228137307431023,46.436477022811175],[14.22758933510771,46.43667512852844],[14.226771868199162,46.43743039996843],[14.224553029447385,46.438136135951176],[14.224148787569531,46.43887281551592],[14.22385234352577,46.438526144020244],[14.22294504508881,46.43860043095499],[14.222001814040485,46.43821661403528],[14.220726206337035,46.43878614784878],[14.219989587804058,46.43866233665659],[14.219603312231886,46.43835280744529],[14.219441615480745,46.43790708229199],[14.21901940729721,46.43791946359548],[14.217797698510806,46.43639035133341],[14.217483288161366,46.43625415301838],[14.21742938924432,46.43560411091634],[14.216216663610757,46.43545552877568],[14.21526444940959,46.4351831271323],[14.214384100431152,46.43549267434882],[14.213629515592494,46.43543695597962],[14.213351037854414,46.43513359941449],[14.212326958430518,46.434985015990954],[14.210862704517403,46.4351831271323],[14.209982355538967,46.435145981348164],[14.209748793565096,46.43544314691235],[14.209452349521335,46.43554839266106],[14.20910200656053,46.43539361943084],[14.208625899459948,46.435344091904334],[14.207628769494573,46.4357465017543],[14.205077554087673,46.43628510721078],[14.20361330017456,46.43642749626933],[14.20323600775523,46.43637177885594],[14.202158029414287,46.43690418736622],[14.200639876584123,46.436668937735675],[14.200298516776158,46.436792753457304],[14.200163769483542,46.437096100786306],[14.199858342286939,46.43725705990777],[14.199615797160229,46.43783279441197],[14.19887019547441,46.43773374374773],[14.197100514364694,46.43812994532439],[14.196786104015251,46.43871805172789],[14.195986603412383,46.439547580495365],[14.195905755036815,46.43923186581125],[14.196058468635114,46.43900281675816],[14.195887788731131,46.43855709692203],[14.19617524962205,46.43835280744529],[14.196184232774891,46.43778945976852],[14.195627277298737,46.43754183257337],[14.195438631089072,46.43729420425291],[14.194486416887905,46.43715800819698],[14.19421692230267,46.43696609499492],[14.19421692230267,46.436272725535936],[14.193426404852644,46.43584555603085],[14.193076061891839,46.43601270971424],[14.191989100398054,46.435331710015674],[14.18986907632753,46.434749758075185],[14.188072445759293,46.43392634737202],[14.187416675601883,46.433802525137565],[14.186266832038212,46.43415541776413],[14.185494280893868,46.43397587618705],[14.185224786308632,46.43362298239788],[14.183392223129028,46.43243427071659],[14.18250289099775,46.430527324904446],[14.181415929503965,46.42966050929684],[14.177598089546459,46.42961097656003],[14.17625959977312,46.429425228396084],[14.17519958773786,46.42889274681787],[14.173780249588951,46.42879367990381],[14.17354668761508,46.428973238552956],[14.173133462584383,46.42888655514102],[14.172917866916196,46.42910945506464],[14.172369894592883,46.429258054507315],[14.171121236347958,46.42901658020723],[14.169630032976318,46.429084688451475],[14.168129846451837,46.429258054507315],[14.16739322791886,46.42959859336878],[14.166728474608611,46.429487144521055],[14.165623546809146,46.42971623357194],[14.165165406014244,46.429691467234484],[14.165111507097198,46.42980910723719],[14.16400657929773,46.42988959761905],[14.162515375926091,46.43034157986332],[14.161949437297094,46.43076879251155],[14.161275700834006,46.43073783518582],[14.16017077303454,46.43121457605264],[14.159470087112926,46.431313638566614],[14.15912872730496,46.432149471359565],[14.15851787291176,46.43243427071659],[14.158212445715158,46.43244046199044],[14.157359046195245,46.43296671769629],[14.157035652692963,46.433833480722555],[14.157368029348087,46.434242092796545],[14.157035652692963,46.434681656910016],[14.156900905400343,46.435895083101606],[14.15656852874522,46.43603747317928],[14.156604461356586,46.43645845036326],[14.156999720081599,46.43674941798674],[14.155921741740656,46.43874900452067],[14.153891549198542,46.43866852722288],[14.152921368691693,46.438903768220776],[14.152786621399077,46.439157579737376],[14.152319497451336,46.439182341773254],[14.151762541975181,46.43961567557955],[14.151061856053566,46.43985710291956],[14.150433035354682,46.44030281212142],[14.149462854847833,46.44068042400884],[14.149265225485328,46.44139849841049],[14.148348943895526,46.441615156931775],[14.14762130851539,46.44157801553217],[14.146184004060798,46.44228369779494],[14.145645014890327,46.443428864470995],[14.145141958331221,46.44396739399154],[14.144441272409606,46.443893114374184],[14.14400109792039,46.4441097629751],[14.143012951107856,46.44423356178881],[14.142078703212372,46.44502586753467],[14.141566663500425,46.4451310947747],[14.141288185762345,46.44552105277421],[14.140587499840734,46.44610288967895],[14.139913763377645,46.447012771103665],[14.139922746530484,46.4476998143536],[14.140506651465163,46.44866537400353],[14.140848011273128,46.44971137764287],[14.140551567229368,46.4503488729675],[14.140803095508922,46.4509430366491],[14.14054258407653,46.45184045908794],[14.140237156879927,46.45200756370208],[14.140237156879927,46.45291734649557],[14.140461735700956,46.45325154860284],[14.139976645447534,46.454371729597405],[14.139518504652633,46.45442742860354],[14.138638155674194,46.455813696625],[14.13784763822417,46.456587268349686],[14.13581744568206,46.45757123570429],[14.135359304887158,46.458406665727566],[14.134353191768945,46.45935965914057],[14.133095550371177,46.46090050281348],[14.133877084668361,46.46132747587441],[14.134353191768945,46.46211334507391],[14.13034670560177,46.466531327685615],[14.128828552771608,46.4680719683938],[14.127759557583508,46.46849888521159],[14.127202602107353,46.468573131272876],[14.126385135198804,46.46894436006024],[14.125253257940814,46.469847672866806],[14.125028679119783,46.470670540662674],[14.125352072622066,46.47127685634124],[14.126465983574375,46.47226674497407],[14.123842902944746,46.472594641614016],[14.123501543136781,46.472916349604944],[14.120564052157711,46.473145256055915],[14.120078961904285,46.47352882686942],[14.118956067799136,46.473739171006486],[14.117482830733179,46.47428358735074],[14.115192126758673,46.47467952308943],[14.113512277177371,46.474673336615666],[14.112021073805732,46.475007405192514],[14.110943095464789,46.4753476581164],[14.110592752503981,46.475582740712014],[14.109999864416464,46.47559511345207],[14.109110532285188,46.47542189483525],[14.108149334931177,46.47485274406928],[14.10740373324536,46.47454960699271],[14.1072600027999,46.47464859071358],[14.106819828310682,46.47458672590913],[14.104223697139577,46.47569409527129],[14.1048615009913,46.47711075282987],[14.104762686310046,46.47734582780898],[14.103442162842391,46.47812527968395],[14.100980778963905,46.47923257703879],[14.100127379443991,46.480005816019315],[14.09907635056157,46.4806553282709],[14.097513281967203,46.481063589146174],[14.095510038883615,46.48128008988245],[14.094171549110278,46.48103884615003],[14.093192385450587,46.480976988610436],[14.092177289179533,46.481886287360794],[14.090973546698812,46.48226979656295],[14.089688955842522,46.48192340127271],[14.088655893265784,46.481812059461035],[14.084326013596327,46.48248010691316],[14.082879725988896,46.4822636109521],[14.078603745236487,46.482900725174645],[14.07658253584722,46.482739900929246],[14.07487573680739,46.48298732264833],[14.072872493723803,46.48369246837443],[14.071740616465814,46.48416874584248],[14.070923149557263,46.48475016982663],[14.069701440770862,46.48513984412523],[14.068596512971395,46.485232623308725],[14.0675724335475,46.48559136799607],[14.065820718743465,46.485480033691104],[14.06322458757236,46.48564084983626],[14.062793396235984,46.486209887763266],[14.06110456350184,46.48665521764103],[14.060233197676244,46.48672943893287],[14.059487595990424,46.48709435881145],[14.058903691055745,46.48705106336064],[14.057942493701738,46.487310835548655],[14.056630953386922,46.48822002843733],[14.056478239788623,46.48869626626645],[14.056208745203387,46.48879522425317],[14.055615857115868,46.48882614858708],[14.05495110380562,46.488609677880376],[14.054645676609018,46.48835609681398],[14.052417854704403,46.48825095309828],[14.051546488878808,46.48832517221281],[14.051151230153794,46.48825713802835],[14.051088348083907,46.48813962423659],[14.049956470825915,46.48806540486888],[14.046659653733196,46.48850453465486],[14.046057782492838,46.488467425232606],[14.045428961793954,46.48866534185868],[14.04496183784621,46.48843650069474],[14.043290971417747,46.488028295147046],[14.04315622412513,46.48783037620303],[14.041197896805748,46.487329390657486],[14.040838570692102,46.48733557569234],[14.040362463591519,46.48665521764103],[14.039482114613083,46.48666758786336],[14.03864668139885,46.48625318388361],[14.037514804140859,46.48554188611089],[14.037380056848242,46.485214067484684],[14.036787168760723,46.48476254048219],[14.036742252996518,46.48430482435322],[14.0363020785073,46.48385947523404],[14.036355977424346,46.48319144471949],[14.035924786087968,46.48251722041999],[14.033427469598115,46.48232546702889],[14.032735766829344,46.4824182510122],[14.032214743964555,46.48168216039276],[14.031639822182719,46.48157081808739],[14.030939136261104,46.4815831894659],[14.030579810147456,46.48086564486195],[14.0302833661037,46.48069244302251],[14.029798275850272,46.4807295577488],[14.029942006295734,46.480513054821834],[14.029663528557656,46.47941815539629],[14.029277252985484,46.47899751021067],[14.027534521334292,46.478428396842254],[14.025809755988783,46.47725303517539],[14.024120923254637,46.47698084253732],[14.022809382939823,46.47725922135589],[14.021767337210246,46.47725922135589],[14.021686488834673,46.477370572484546],[14.019431717471534,46.47776648576328],[14.01827289075502,46.47777885800683],[14.017805766807278,46.477636577036236],[14.015973203627674,46.47763039089864],[14.01429335404637,46.47720973189223],[14.013413005067934,46.47719735951927],[14.012865032744621,46.477036518414955],[14.011409761984346,46.477005587378855],[14.008598035145052,46.478360350280234],[14.007726669319457,46.47911504375167],[14.007079882314892,46.47948620063544],[14.006648690978512,46.48006148880183],[14.005939021904059,46.48056872708533],[14.005076639231305,46.48094605981426],[14.00383696413922,46.482078042299804],[14.0027859352568,46.48264711749449],[14.002336777614738,46.48260381850412],[13.999641831762382,46.4832656707373],[13.99895012899361,46.48333371116467],[13.997548757150383,46.48298732264833],[13.99655162718501,46.48324711424234],[13.99572517712362,46.483599686564226],[13.994925676520754,46.48368009747554],[13.994404653655964,46.48400173993229],[13.99459329986563,46.48445327324943],[13.994207024293457,46.485628479380416],[13.994126175917888,46.486482034232885],[13.994269906363344,46.48673562403595],[13.993659051970145,46.487811821265105],[13.993802782415605,46.48826950788641],[13.993650068817303,46.4885478289488],[13.991539027899623,46.48875193015611],[13.990739527296757,46.488980769993006],[13.989068660868295,46.49001981443944],[13.988260177112586,46.49026101834722],[13.98745169335688,46.49100936212532],[13.987110333548914,46.4911454235242],[13.985448450273292,46.49133714582671],[13.984738781198837,46.491708219331024],[13.984388438238033,46.49173914200876],[13.983049948464693,46.49233285401208],[13.980579581433366,46.49390987004831],[13.979393805258328,46.49348933690997],[13.979241091660025,46.493143013060205],[13.977076151825298,46.492456543196994],[13.976788690934379,46.49240088309859],[13.975486133772407,46.49252457212879],[13.974830363615,46.492672998593704],[13.974560869029764,46.49244417429115],[13.973393059160408,46.493074984902],[13.972189316679689,46.49347696823902],[13.97031183773588,46.49464579521564],[13.969485387674489,46.49497974116631],[13.966907222809066,46.49639589657663],[13.96612568851188,46.49634642452021],[13.965910092843693,46.49664325618355],[13.965380086826064,46.496983373805854],[13.96521839007492,46.49767597038716],[13.964661434598767,46.49856025498586],[13.963008534475986,46.49912297406117],[13.962307848554374,46.499784625304564],[13.961463432187303,46.50029786324731],[13.960466302221928,46.500557572167494],[13.95988239728725,46.50047100266528],[13.95785220474514,46.50191793195798],[13.957160501976368,46.50206633278511],[13.957429996561606,46.50302474503785],[13.957025754683752,46.503000012030796],[13.955705231216095,46.503265891266864],[13.954806915931975,46.503197875772116],[13.954645219180835,46.503383372375566],[13.953468426158636,46.50370489832224],[13.951492132533573,46.505238303599555],[13.950908227598898,46.50520120559533],[13.949668552506811,46.50600499001861],[13.949255327476118,46.506413060638785],[13.947827006174368,46.50711790267656],[13.944170862967999,46.50722919268918],[13.943784587395829,46.50710553710554],[13.94295813733444,46.50719827881964],[13.942194569342938,46.507896927980056],[13.940469803997429,46.50818133126122],[13.940056578966734,46.50843481988804],[13.93958047186615,46.50836681086028],[13.938987583778632,46.50848428094567],[13.93768502661666,46.50901598447282],[13.937047222764933,46.50909017524916],[13.936112974869447,46.509411667443075],[13.934684653567697,46.509244739041264],[13.934576855733603,46.50938075481475],[13.932905989305143,46.50946112761182],[13.93207953924375,46.509930996970205],[13.93206157293807,46.51016593012617],[13.931253089182363,46.511402403683775],[13.930938678832918,46.51160641911719],[13.930525453802225,46.51215663874099],[13.930291891828354,46.512669759887295],[13.928297631897609,46.51399272459121],[13.928073053076579,46.51429564188467],[13.926644731774829,46.514487282565675],[13.924731320219655,46.51522292922608],[13.922314852105371,46.51519201990295],[13.921757896629218,46.51541456663705],[13.920554154148498,46.51565565790386],[13.919709737781425,46.5160698378394],[13.917877174601823,46.51660146715998],[13.917589713710905,46.5165520134891],[13.916915977247815,46.51680546307663],[13.915739184225616,46.516589103746476],[13.915290026583557,46.51626765400813],[13.915020531998321,46.51636656182246],[13.913744924294871,46.51628001749476],[13.912631013342564,46.51538365742292],[13.911346422486274,46.51508074619413],[13.909998949560094,46.5149076533053],[13.90884012284358,46.51454292005616],[13.907142306956594,46.51473455986514],[13.906082294921333,46.514512010346245],[13.905390592152562,46.514635649080375],[13.905354659541196,46.51482728856236],[13.904609057855378,46.51470365026424],[13.903872439322397,46.51476546944846],[13.903701759418414,46.51487056190025],[13.902560899007586,46.51477165136303],[13.901590718500735,46.51493238089459],[13.901150544011516,46.51483347046988],[13.900575622229681,46.5149880179294],[13.899731205862606,46.51577929403603],[13.89921018299782,46.515927657023326],[13.898841873731328,46.516174927768695],[13.898581362298936,46.516156382501826],[13.897278805136962,46.51686109819371],[13.896838630647741,46.516762191279504],[13.89620980994886,46.51688582489413],[13.895670820778388,46.516873461545316],[13.895185730524965,46.51660146715998],[13.894763522341426,46.51659528545358],[13.894080802725496,46.516397470477514],[13.893712493459008,46.51643456084038],[13.892796211869205,46.51666946588395],[13.891673317764054,46.51677455465364],[13.891134328593584,46.51712690963357],[13.888645995256573,46.51765852861248],[13.886867330994015,46.51842503984467],[13.886373257587751,46.517979970123065],[13.886166645072404,46.51735563006429],[13.885852234722961,46.517337085200374],[13.885969015709897,46.51721963424854],[13.885708504277503,46.51679309970954],[13.885277312941124,46.51646546945676],[13.884783239534858,46.51538983926715],[13.88366034542971,46.51475310561725],[13.8820882936825,46.51514256494938],[13.880372511489833,46.514505828402164],[13.879707758179583,46.51436982545427],[13.876339075864136,46.51485819809294],[13.873707012081665,46.51392472251776],[13.872368522308328,46.513634167245414],[13.872009196194679,46.51368980560931],[13.87088630208953,46.51312105520455],[13.868910008464468,46.51171769993991],[13.868146440472966,46.511458044332485],[13.867311007258735,46.51072234670811],[13.86592760172119,46.510771805684165],[13.865559292454702,46.51103146457009],[13.864373516279665,46.510271031472456],[13.863924358637604,46.51017829500099],[13.86299011074212,46.509745522708705],[13.861292294855133,46.50960332534626],[13.859648377885195,46.509609507848026],[13.856953432032835,46.510172112563936],[13.853387120354881,46.50981971248925],[13.850243016860464,46.5104626863454],[13.848895543934283,46.51108710559853],[13.84781756559334,46.511390039087445],[13.846389244291592,46.511532231775476],[13.845158552352347,46.511352945281565],[13.844323119138116,46.51162496593681],[13.843721247897756,46.51157550773711],[13.842634286403971,46.5117053354153],[13.84037951504083,46.51259557399705],[13.839202722018634,46.51368980560931],[13.83924763778284,46.5140669085743],[13.83722642839357,46.51436364349401],[13.836211332122517,46.51431418778657],[13.835007589641796,46.51386290237715],[13.834495549929848,46.51315196570559],[13.833651133562777,46.51264503126846],[13.833705032479823,46.51172388220115],[13.83414520696904,46.510901635282195],[13.834001476523582,46.51068525244653],[13.833121127545144,46.51013501792683],[13.832052132357042,46.509250921583806],[13.830605844749611,46.508892332953906],[13.82700360046029,46.50834826292887],[13.82668020695801,46.50818133126122],[13.82616816724606,46.507470320268204],[13.825790874826732,46.506153379689465],[13.82482967747272,46.505930795031276],[13.823643901297684,46.50596170962164],[13.822206596843094,46.50557836745853],[13.821478961462958,46.50499716611959],[13.820939972292484,46.50382856164154],[13.820302168440758,46.503247341594914],[13.819951825479952,46.50301237853573],[13.81888283029185,46.50262901557489],[13.817463492142942,46.50233839991611],[13.817140098640659,46.501831364621765],[13.816502294788933,46.50165822953581],[13.815765676255955,46.50163349590709],[13.8145978663866,46.50175098054328],[13.812837168429727,46.50199831578962],[13.81053748130238,46.50267229862521],[13.809522385031325,46.50266611533441],[13.807474226183531,46.502189999831614],[13.80625251739713,46.502239466571446],[13.804366055300479,46.502109616283384],[13.803907914505578,46.50219618317656],[13.801895688269152,46.501726246956764],[13.800206855535006,46.50105843586747],[13.799425321237822,46.50097186716273],[13.798643786940637,46.50137379212625],[13.798122764075849,46.50213434969549],[13.797862252643455,46.502876346826795],[13.796972920512175,46.5035688683461],[13.79505052580416,46.50327825771132],[13.794709165996194,46.503383372375566],[13.792364563104643,46.504521071031306],[13.791017090178462,46.505763855939534],[13.788636554675545,46.50688295634611],[13.785088209303275,46.50774854306873],[13.784639051661216,46.508700672543675],[13.784710916883945,46.50944876257385],[13.784423455993027,46.51043795672235],[13.78416294456063,46.511056193923096],[13.78364192169584,46.51154459633946],[13.783677854307207,46.51257084534446],[13.783435309180495,46.51291086333124],[13.781593762848049,46.513028323595954],[13.781297318804292,46.51327560753393],[13.780012727947998,46.51210099880747],[13.779267126262178,46.511643512750084],[13.777398630471211,46.5116929708879],[13.776221837449015,46.51202681214084],[13.775512168374561,46.51166824182461],[13.775179791719435,46.51178570477496],[13.772637559465377,46.5112478460274],[13.772484845867078,46.51074089382941],[13.771281103386357,46.51013501792683],[13.770355838643713,46.510339038117635],[13.765082727925932,46.512280282833736],[13.764417974615684,46.51244720191275],[13.764130513724766,46.5123791979054],[13.763456777261677,46.5127563099646],[13.762962703855411,46.51283667777012],[13.76236083261505,46.51310869099922],[13.761624214082072,46.513133419407076],[13.760707932492272,46.513393067010306],[13.760159960168957,46.513380702866854],[13.759019099758126,46.51370216968244],[13.75371903958182,46.513139601507284],[13.752641061240878,46.5128675884329],[13.751652914428346,46.51315196570559],[13.751122908410714,46.51318905828362],[13.750305441502167,46.513139601507284],[13.74943407567657,46.51279340281268],[13.747808125012314,46.512669759887295],[13.746828961352623,46.512737763531064],[13.744044183971853,46.51265739557929],[13.743316548591716,46.512762492107704],[13.742319418626344,46.512743945676284],[13.740199394555821,46.51368362357169],[13.738923786852371,46.51391235849526],[13.737225970965385,46.51521674736284],[13.73431542944484,46.516174927768695],[13.731153359644738,46.5176770733667],[13.731162342797578,46.51811596403588],[13.730767084072566,46.51881447286061],[13.727766711023607,46.51876502120378],[13.726401271791746,46.51912972611497],[13.72589821523264,46.51887010592076],[13.725628720647403,46.518919557481965],[13.725125664088297,46.518697025102135],[13.722727162279698,46.51828286519098],[13.722233088873432,46.51823341305032],[13.721271891519425,46.51845594732886],[13.720301711012576,46.518159234754954],[13.71950221040971,46.51817159781122],[13.719133901143218,46.51834468030352],[13.719026103309124,46.518622847439666],[13.721235958908059,46.511618783664304],[13.72206240896945,46.50973315773543],[13.7218557964541,46.50909017524916],[13.722161223650703,46.5088057767233],[13.722242072026273,46.5080514951653],[13.721730032314323,46.50782273557502],[13.721810880689896,46.50755069589018],[13.721307824130788,46.50704989200113],[13.721298840977948,46.50619665993384],[13.721047312698392,46.50590606334634],[13.720984430628507,46.50557218449827],[13.720732902348951,46.50546089109321],[13.72087663279441,46.50528158457248],[13.720840700183047,46.504496338704996],[13.72155935241034,46.50294436272381],[13.721514436646135,46.502394049843375],[13.7212449420609,46.50189319844742],[13.720885615947251,46.50165822953581],[13.718801524488095,46.50102751848875],[13.716636584653367,46.5007121602215],[13.70876734276448,46.49721836292042],[13.70860564601334,46.49699574167931],[13.708614629166181,46.496667992082365],[13.708363100886626,46.49655668044913],[13.708345134580943,46.4962722163512],[13.708192420982643,46.496284584386395],[13.70815648837128,46.496061959322404],[13.708614629166181,46.49603103910253],[13.707940892703089,46.49535697394022],[13.707428852991141,46.494398426522636],[13.708111572607072,46.49412013539804],[13.708479881873561,46.49362539210468],[13.708749376458798,46.493569733202534],[13.70862361231902,46.492728658413604],[13.708345134580943,46.492431805382516],[13.70815648837128,46.49188757061721],[13.707967842161613,46.491831909936515],[13.707958859008771,46.49143609900873],[13.709494978144617,46.490749607600456],[13.709926169480992,46.49067539179407],[13.709737523271329,46.489945597637245],[13.710231596677595,46.48920342404533],[13.710240579830437,46.48833754205539],[13.710465158651466,46.487675751526936],[13.709459045533253,46.48744072117746],[13.709315315087792,46.48673562403595],[13.709045820502556,46.48653770038849],[13.70930633193495,46.486098554724194],[13.709135652030968,46.48571507251213],[13.709207517253699,46.485269734937816],[13.70892903951562,46.48382236264287],[13.70912666887813,46.482560519479286],[13.709054803655398,46.4822945389993],[13.708291235663896,46.48199762902057],[13.708461915567879,46.48153370393496],[13.708731410153117,46.48134194707744],[13.708434966109357,46.481063589146174],[13.707940892703089,46.480933688290875],[13.708111572607072,46.480389338476755],[13.708327168275263,46.48005530293991],[13.710833467917954,46.47918927533097],[13.710968215210572,46.47954805986992],[13.712207890302658,46.47862634999338],[13.712881626765746,46.478428396842254],[13.713303834949283,46.477853091409024],[13.714229099691927,46.47738294481811],[13.715073516059,46.47743243412423],[13.714202150233403,46.4757807042154],[13.713187053962347,46.47506308308927],[13.711902463106059,46.473702051511964],[13.711309575018538,46.47353501347329],[13.710258546136119,46.47289160290392],[13.708219370441167,46.47198834061585],[13.707015627960448,46.471134558370196],[13.70673715022237,46.470410689018486],[13.706135278982009,46.47028694970427],[13.70576696971552,46.46993429111536],[13.70469797452742,46.46827614642005],[13.704329665260929,46.466741698866905],[13.703530164658062,46.46661795121167],[13.703188804850097,46.466234331692675],[13.702928293417704,46.46616008244125],[13.701544887880159,46.465231958253455],[13.701266410142082,46.464916392424875],[13.700341145399438,46.46438425766887],[13.70019741495398,46.46393255780603],[13.698589430595405,46.46353035614376],[13.698733161040865,46.46283732476999],[13.698805026263594,46.461197527905995],[13.698625363206771,46.46094381907374],[13.698751127346545,46.460207437962744],[13.69967639208919,46.45980520878042],[13.700179448648298,46.45945248228286],[13.700628606290357,46.45883365834517],[13.701383191129018,46.45830765246843],[13.701724550936984,46.45608599512537],[13.70178743300687,46.45594365744276],[13.702344388483025,46.45582607385909],[13.70252405153985,46.45536811432374],[13.703018124946114,46.4550772461325],[13.703098973321687,46.45462546905287],[13.70274863036088,46.45397564613306],[13.702775579819402,46.4537404702131],[13.703404400518286,46.4533320043594],[13.703709827714887,46.45234796040419],[13.702218624343248,46.450082735049925],[13.702155742273359,46.44927193477376],[13.701347258517654,46.44883867776999],[13.7014011574347,46.44859110079197],[13.700673522054565,46.448052616979325],[13.700682505207403,46.44768124573104],[13.69997283613295,46.44688897860577],[13.69959554371362,46.445508673198084],[13.699191301835766,46.44524251163083],[13.698625363206771,46.44305127163237],[13.698867908333481,46.44266748606544],[13.698831975722118,46.44223417653085],[13.699236217599973,46.441782292916656],[13.6988499420278,46.44128707369264],[13.69884095887496,46.44029043135949],[13.698652312665294,46.44001805388527],[13.698589430595405,46.43948567579951],[13.69802349196641,46.439163770247404],[13.697188058752179,46.438903768220776],[13.69673890111012,46.4379999419996],[13.696262794009536,46.43775850643067],[13.695490242865194,46.43698466726983],[13.694987186306086,46.43673084563165],[13.694457180288456,46.43611795436294],[13.69426853407879,46.43567840183474],[13.69365767968559,46.43575269265186],[13.69305580844523,46.436192244580845],[13.692786313859994,46.4355174380502],[13.69246292035771,46.43536885567321],[13.69125917787699,46.43526360957775],[13.690792053929249,46.43536885567321],[13.69011831746616,46.43518931809386],[13.689875772339446,46.43485500516305],[13.6899745870207,46.43448354394564],[13.689633227212735,46.43357964440657],[13.68915712011215,46.43330723338637],[13.68900440651385,46.43307815942907],[13.68847440049622,46.433195792122014],[13.688142023841095,46.43347439485563],[13.686372342731381,46.4337220405343],[13.685420128530213,46.43422351958691],[13.684629611080188,46.434310194511006],[13.683650447420499,46.43489215114553],[13.682204159813066,46.43535028284761],[13.681620254878387,46.43585174691715],[13.68110821516644,46.4360870000756],[13.678970224790236,46.43572792905741],[13.678323437785668,46.43579602891509],[13.677784448615197,46.43557934725436],[13.67773054969815,46.43544933784437],[13.67689511648392,46.4355112471259],[13.676338161007765,46.43525741862463],[13.675026620692952,46.43556696541915],[13.673274905888917,46.435721738157035],[13.672583203120146,46.436396542157816],[13.67133454487522,46.43634082471278],[13.67006792032461,46.4364460687278],[13.669582830071185,46.436247962177795],[13.669286386027428,46.435950801002384],[13.668684514787067,46.43603747317928],[13.668244340297848,46.43588270133814],[13.66802874462966,46.436000327977496],[13.667723317433058,46.435814601588774],[13.66735500816657,46.43585174691715],[13.666807035843256,46.43567840183474],[13.666070417310278,46.4357465017543],[13.665639225973901,46.435585538170905],[13.664174972060788,46.43553601081883],[13.663923443781233,46.435610301830074],[13.663716831265887,46.4355112471259],[13.662701734994831,46.43549267434882],[13.661623756653889,46.43569697454852],[13.660312216339074,46.43542457411206],[13.65953068204189,46.435127408446604],[13.659368985290746,46.435474101565426],[13.65864134991061,46.43613033607297],[13.658452703700947,46.436798944235996],[13.658470670006627,46.437219915537334],[13.659072541246989,46.4379132729441],[13.658973726565733,46.439392818623894],[13.658740164591865,46.43965900877063],[13.65795863029468,46.43986948377995],[13.656898618259419,46.44038947737616],[13.656215898643488,46.44052566535508],[13.655892505141205,46.440915656320676],[13.655578094791762,46.440853753179184],[13.654769611036057,46.44126231261328],[13.654401301769566,46.44124374179637],[13.654230621865583,46.44145421068397],[13.654203672407059,46.44204228120734],[13.654024009350238,46.44223417653085],[13.653997059891712,46.44200514009892],[13.652739418493944,46.44154087410725],[13.652218395629156,46.44159039600152],[13.651400928720607,46.44185657541202],[13.650924821620023,46.44174515163098],[13.650673293340471,46.44115088761691],[13.648202926309141,46.44037709663391],[13.647672920291512,46.44003043470909],[13.646639857714774,46.43968377057863],[13.645750525583495,46.43990662634427],[13.6448791597579,46.43964043740724],[13.644295254823222,46.439628056494804],[13.644115591766397,46.43947329485191],[13.642911849285676,46.439547580495365],[13.6418698035561,46.43946091390149],[13.640657077922537,46.43882329115158],[13.639731813179896,46.43771517172813],[13.637189580925835,46.43767802766996],[13.636003804750798,46.43739944642662],[13.635662444942833,46.43743659067468],[13.635069556855315,46.43764707426882],[13.632536307754096,46.43809899217996],[13.63203325119499,46.438489000514885],[13.631799689221118,46.43849519110087],[13.631557144094408,46.438761385632844],[13.630847475019952,46.438953292511975],[13.629652715692073,46.43853852518307],[13.629149659132967,46.43804946711229],[13.628664568879543,46.43810518281025],[13.6283501585301,46.43775850643067],[13.6278920177352,46.437857557049895],[13.627406927481776,46.43818566094008],[13.626966752992555,46.438136135951176],[13.626823022547097,46.438420904022635],[13.625448600162393,46.43769659970221],[13.624720964782258,46.437145626720465],[13.624487402808386,46.436811325791275],[13.62375976742825,46.43643987790901],[13.622960266825382,46.43545552877568],[13.622430260807752,46.43528218243289],[13.622160766222516,46.43544933784437],[13.621244484632713,46.43496025204765],[13.620049725304835,46.43522027289112],[13.619501752981522,46.43503454384382],[13.61790275177579,46.43585793780276],[13.61783088655306,46.4360870000756],[13.617363762605319,46.4364708319959],[13.616743925059277,46.43652035849836],[13.616537312543928,46.4368360888934],[13.61550424996719,46.437312776415986],[13.615126957547862,46.437003239538406],[13.615100008089339,46.43669989169244],[13.614390339014882,46.4365636941511],[13.613977113984188,46.43660702976936],[13.613447107966557,46.435876510455344],[13.613150663922799,46.435783647129114],[13.613096765005752,46.43544933784437],[13.612944051407451,46.43535647379018],[13.61218946656879,46.43536266473205],[13.612000820359125,46.43507168970392],[13.610949791476706,46.43562268365544],[13.610590465363057,46.43571554725596],[13.610383852847711,46.43564744729771],[13.60985384683008,46.43579602891509],[13.609063329380055,46.4355112471259],[13.60904536307437,46.435375046613686],[13.60812009833173,46.43487976915419],[13.607383479798752,46.434663083850204],[13.607266698811816,46.43450211706664],[13.605245489422545,46.43437829614039],[13.60527243888107,46.43393872958001],[13.604266325762858,46.43418018207317],[13.603942932260573,46.43434114980763],[13.603880050190684,46.434594982576726],[13.60352970722988,46.43481166815148],[13.602811055002581,46.43494167908279],[13.602640375098598,46.43507168970392],[13.601957655482668,46.43468784792855],[13.601903756565621,46.43441544244779],[13.600969508670138,46.4337220405343],[13.600367637429777,46.43358583555029],[13.600304755359888,46.43310911542552],[13.598328461734825,46.432657156131796],[13.59813083237232,46.432378549220374],[13.598202697595049,46.43226091476346],[13.597978118774018,46.432149471359565],[13.596567763777951,46.43212470612775],[13.596441999638174,46.431053599083405],[13.596208437664306,46.43103502478712],[13.595741313716562,46.43122695887673],[13.595525718048375,46.43049636744155],[13.594393840790383,46.42870080450835],[13.594250110344923,46.428737954685516],[13.594196211427876,46.42839741044704],[13.593935699995482,46.42843456083098],[13.593980615759689,46.42818069936933],[13.593091283628407,46.4279516038646],[13.59303738471136,46.42743149157683],[13.592884671113062,46.42745625894117],[13.592848738501697,46.42725192784887],[13.592687041750557,46.42733861386036],[13.59190550745337,46.426837071456795],[13.591079057391982,46.42671323311591],[13.590782613348221,46.42638506015196],[13.589848365452738,46.42621787693903],[13.589048864849872,46.426174533059374],[13.58790800443904,46.42681230381113],[13.58731511635152,46.42681230381113],[13.587009689154922,46.426112613171526],[13.587395964727092,46.42526430362568],[13.587153419600378,46.42505377220472],[13.587216301670267,46.42473178139998],[13.585608317311692,46.42367910588164],[13.585635266770218,46.42387725812043],[13.584961530307128,46.42314656817111],[13.584952547154286,46.42290506679728],[13.584727968333256,46.422855527921705],[13.584548305276432,46.42251494693355],[13.584359659066767,46.422483984920035],[13.58430576014972,46.421939050604074],[13.583533209005378,46.4204156825986],[13.583128967127523,46.41375818886006],[13.582913371459336,46.41271149497893],[13.583003202987745,46.41240181838214],[13.58234743283034,46.41089057136176],[13.58182640996555,46.410326939825815],[13.581700645825773,46.409856210123465],[13.582679809485464,46.40636896751909],[13.582491163275797,46.4052292164471],[13.58266184317978,46.40508674588873],[13.582859472542289,46.404417748726],[13.582176752926358,46.404417748726],[13.581008943057,46.40462835982873],[13.580011813091629,46.40412041402026],[13.579742318506394,46.4042690815757],[13.57897875051489,46.4022310618801],[13.578879935833639,46.40147530270335],[13.578313997204644,46.40046554254764],[13.57753246290746,46.40011243182538],[13.577137204182447,46.4002549153743],[13.576337703579581,46.39923274254422],[13.573157667473797,46.395924488293815],[13.573130718015273,46.39570145270072],[13.570480687927121,46.393638330250106],[13.570229159647566,46.3936755043176],[13.569986614520856,46.39399148286903],[13.569321861210605,46.394096808646275],[13.568746939428772,46.39458006548885],[13.568172017646935,46.394573869915384],[13.567812691533286,46.394400393572774],[13.567120988764513,46.39466680344351],[13.565863347366745,46.39428267716908],[13.564381127147948,46.39427648156187],[13.563276199348483,46.39357637341465],[13.562368900911522,46.39254787967125],[13.561066343749548,46.39195307926307],[13.561272956264895,46.390701498900405],[13.560356674675093,46.39045985384167],[13.559296662639833,46.38926400485486],[13.558551060954013,46.388712542350206],[13.557877324490924,46.388613402432675],[13.55670951462157,46.38803714809695],[13.554293046507286,46.38817346687625],[13.552801843135649,46.388489477282555],[13.551786746864593,46.38809291491145],[13.551121993554345,46.38804334441248],[13.550789616899221,46.387603404261526],[13.550349442410003,46.38759101152988],[13.549765537475324,46.38781408026921],[13.549388245055995,46.38774592047335],[13.548283317256526,46.387051924979666],[13.547546698723549,46.387175853393515],[13.546522619299653,46.387182049806825],[13.546244141561576,46.386977567796315],[13.546136343727483,46.38620920430396],[13.546342956242828,46.385899377255356],[13.54612736057464,46.38570728360212],[13.54603752904623,46.385087622048985],[13.545552438792804,46.38492031222366],[13.545552438792804,46.384635264673626],[13.545094297997903,46.38447415018262],[13.544932601246762,46.384139526258885],[13.54469903927289,46.38402798449518],[13.544465477299019,46.38348266592531],[13.544483443604701,46.38307367342326],[13.544752938189937,46.38281340387212],[13.544725988731415,46.382670874782605],[13.543612077779105,46.3818094954091],[13.543378515805236,46.3818094954091],[13.54303715599727,46.38206976974614],[13.542174773324515,46.38194582974038],[13.541474087402902,46.38216272456581],[13.541545952625631,46.38150584044766],[13.541366289568806,46.38139429330298],[13.538455748048259,46.38100387650189],[13.534889436370305,46.38266467785723],[13.534655874396433,46.38253454226186],[13.532868226981037,46.3833835165092],[13.532347204116247,46.38381109708002],[13.530164297975835,46.382243285281504],[13.52666086836777,46.38020444291265],[13.523579646943242,46.37884104079574],[13.521863864750573,46.378642724924454],[13.52199861204319,46.37647359805994],[13.52175606691648,46.37592200634454],[13.522286072934108,46.37508531164639],[13.522313022392632,46.37428579140172],[13.52245675283809,46.37405646948147],[13.522609466436393,46.374087458986416],[13.522968792550039,46.373511051315916],[13.522914893632992,46.373362299961755],[13.52214234248865,46.37284166703155],[13.521971662584667,46.372500773733705],[13.51960909338743,46.372116491464894],[13.517785513360671,46.372128887709316],[13.517138726356103,46.371992528865896],[13.515422944163435,46.3725255660453],[13.51395869025032,46.37251936796845],[13.512961560284948,46.37183137706657],[13.512197992293446,46.370932637157516],[13.510625940546237,46.370368592833806],[13.50936829914847,46.36958759876929],[13.509080838257551,46.36919089909472],[13.507841163165466,46.36865163085424],[13.506924881575664,46.367926399653555],[13.506116397819957,46.3675234892703],[13.505289947758568,46.36733133096389],[13.504741975435254,46.366916018766574],[13.50396044113807,46.36661847972857],[13.503035176395429,46.366413920699834],[13.500816337643652,46.36620936090508],[13.500232432708975,46.36599860152747],[13.497438672175361,46.36576924481026],[13.49689968300489,46.365639068947786],[13.49651340743272,46.36585602854623],[13.496064249790658,46.36575064827747],[13.49426761922242,46.36578784133672],[13.494213720305373,46.36551509164752],[13.493791512121836,46.365397312951636],[13.493396253396824,46.36540971072105],[13.492497938112704,46.36586222737925],[13.491536740758697,46.366116378926954],[13.490970802129702,46.36604199323051],[13.490341981430818,46.36570725634301],[13.489443666146698,46.3654283073699],[13.488311788888709,46.36478981880337],[13.487656018731302,46.36467823751116],[13.487242793700606,46.36439928328355],[13.486694821377295,46.36428770119365],[13.486506175167628,46.363500421082776],[13.485742607176125,46.36271932881611],[13.483290206450482,46.36161586197917],[13.48170917155043,46.359632045324936],[13.480918654100403,46.359136079906634],[13.480092204039014,46.35877030252627],[13.478097944108269,46.35854091546217],[13.477909297898604,46.358602912060945],[13.478008112579857,46.35816273468641],[13.477684719077573,46.357834149264406],[13.47472027863998,46.35684838114287],[13.474585531347362,46.35665618528657],[13.474253154692239,46.3566809847899],[13.473381788866641,46.35631519097472],[13.472815850237646,46.3564329892503],[13.472231945302967,46.3563213908903],[13.472061265398985,46.356544587382395],[13.470875489223948,46.35692897920401],[13.470426331581887,46.357245170449694],[13.467425958532928,46.357858948233115],[13.466985784043711,46.35798914263419],[13.466123401370956,46.35852851613398],[13.46600662038402,46.358435521082825],[13.465126271405584,46.358677307886616],[13.464012360453275,46.358571913770355],[13.462880483195283,46.358813699970604],[13.462584039151524,46.35852231646883],[13.460589779220781,46.35842312173072],[13.458775182346859,46.35852231646883],[13.457221096905332,46.35876410288854],[13.456241933245641,46.35856571411013],[13.454705814109795,46.35854091546217],[13.454014111341024,46.35862771068075],[13.453178678126793,46.35852851613398],[13.452612739497798,46.35835492524381],[13.452010868257439,46.35792714533904],[13.451391030711397,46.35693517904993],[13.450932889916496,46.356668585039635],[13.45029508606477,46.356718184023755],[13.449504568614746,46.356538387492144],[13.448992528902796,46.35660038636298],[13.447168948876033,46.35594319475316],[13.446576060788516,46.355881195136696],[13.445875374866903,46.35594939471093],[13.443854165477633,46.3557323957702],[13.44292890073499,46.35484579114552],[13.442812119748055,46.354312581437604],[13.442542625162819,46.353940571583635],[13.442443810481564,46.35297333411193],[13.44278517028953,46.351993678710556],[13.441994652839504,46.34993510508049],[13.442659406149755,46.349463854427825],[13.443485856211144,46.348186496700535],[13.44414162636855,46.34777723985251],[13.444788413373118,46.34709513829657],[13.445435200377684,46.34679129031778],[13.445534015058938,46.34627660519416],[13.445884358019743,46.346127779676884],[13.446620976552722,46.34462089849462],[13.447150982570351,46.344403854572896],[13.447564207601046,46.34400697203037],[13.447150982570351,46.34338063590655],[13.446414364037373,46.342692278028444],[13.44647724610726,46.34194809759972],[13.447204881487398,46.34119770541088],[13.448031331548789,46.34103646276982],[13.449127276195416,46.34010620747829],[13.44925304033519,46.33978991707367],[13.449082360431207,46.3387914196737],[13.449342871863603,46.33823324547984],[13.449306939252237,46.337650257460645],[13.449648299060202,46.33570278433647],[13.449953726256805,46.33545469360775],[13.450609496414211,46.33529343403053],[13.451058654056272,46.334902687698204],[13.451741373672203,46.33363119221369],[13.452127649244375,46.33233485662775],[13.453043930834177,46.33149129160951],[13.4541398754808,46.33087721771476],[13.454400386913196,46.33055467108909],[13.453142745515429,46.328848864035756],[13.453996145035344,46.328544914649484],[13.453699700991583,46.328042464001136],[13.4530708802927,46.32761444684547],[13.453250543349524,46.32682663839795],[13.452145615550055,46.326243528775606],[13.450357968134659,46.32631796864796],[13.449567450684633,46.32620630880145],[13.448911680527225,46.32595817499316],[13.44865116909483,46.32572865021841],[13.448615236483468,46.3256293959635],[13.448839815304497,46.32550532789161],[13.448291842981183,46.3242212068201],[13.446845555373752,46.32261446215801],[13.446261650439073,46.32103248598378],[13.445498082447573,46.3202818067771],[13.444788413373118,46.31980409646487],[13.444554851399246,46.318470207926794],[13.443854165477633,46.317986277534914],[13.442138383284965,46.31753336444482],[13.44157244465597,46.31722314783639],[13.441284983765051,46.31721694348628],[13.440817859817308,46.317247965229775],[13.440332769563886,46.317440299646954],[13.44008124128433,46.31740927801249],[13.437691722628573,46.31816620087273],[13.43691917148423,46.318277877129674],[13.435068641998944,46.31826546866793],[13.434080495186413,46.318395757375846],[13.432984550539787,46.31812277115571],[13.431628094460766,46.31815379238567],[13.43112503790166,46.3180110945822],[13.430388419368683,46.3182220390297],[13.429714682905592,46.31748993422552],[13.426157354380477,46.31533699300474],[13.424001397698591,46.31412088502473],[13.423076132955948,46.31391612949248],[13.422061036684894,46.312526253509546],[13.421638828501358,46.31237733613212],[13.420821361592807,46.312296672383496],[13.421477131750216,46.31155828331328],[13.421396283374644,46.31132869812677],[13.42058779961894,46.310664757167785],[13.420372203950748,46.310329681102445],[13.420399153409273,46.31013732169366],[13.420821361592807,46.309864294275286],[13.420956108885425,46.30890248229295],[13.421387300221802,46.30807096669966],[13.420983058343952,46.30695398557457],[13.421234586623504,46.306054178648026],[13.420686614300191,46.30528467685402],[13.422806638370712,46.30303196022734],[13.42278867206503,46.302156913070306],[13.423228846554249,46.30179696053454],[13.423372576999707,46.30140597492642],[13.422537143785476,46.301089460722416],[13.421117805636568,46.300940512228586],[13.419976945225736,46.30147424245602],[13.41948287181947,46.30157354052894],[13.417551493958614,46.30137494420301],[13.416392667242098,46.30143700563224],[13.414658918743749,46.30112049160765],[13.41423671056021,46.301145316303156],[13.413437209957348,46.30139976878314],[13.411856175057295,46.30156112827967],[13.411460916332283,46.30147424245602],[13.41068836518794,46.300741913606466],[13.410643449423734,46.300245413899546],[13.407876638348647,46.29582016138162],[13.380504971641525,46.29389602699834],[13.380280392820495,46.29339325816442],[13.380864297755172,46.292952555760856],[13.38159193313531,46.29140075850637],[13.381744646733608,46.290252400231005],[13.382166854917147,46.28942060136321],[13.38258007994784,46.28707411558505],[13.384960615450757,46.28459095238633],[13.386918942770137,46.28465924087945],[13.387511830857655,46.28534212112877],[13.387943022194035,46.28562768670885],[13.388490994517346,46.285708389755165],[13.388643708115648,46.285838755963454],[13.388697607032695,46.28622985272681],[13.38977558537364,46.286167774061916],[13.391491367566305,46.28637263338909],[13.393162233994769,46.28135025511872],[13.395057679244259,46.27992230084711],[13.395929045069856,46.27956220215506],[13.39633328694771,46.279102762456844],[13.39692617503523,46.278748867089774],[13.396971090799436,46.278370134428144],[13.397393298982971,46.2780348607072],[13.397105838092052,46.27710353405197],[13.397204652773308,46.27628395350153],[13.39743821474718,46.27583069535732],[13.397249568537513,46.275333969797856],[13.396728545672723,46.27482482142666],[13.396530916310217,46.27436534200658],[13.396872276118183,46.273769254856035],[13.39691719188239,46.27291857758979],[13.39724058538467,46.27208030605313],[13.397393298982971,46.27057138497657],[13.397788557707983,46.26959646326039],[13.397510079969907,46.26895685551687],[13.397483130511384,46.268217881937815],[13.397698726179572,46.26746026843021],[13.397653810415367,46.26657223271011],[13.397968220764808,46.26586427784408],[13.397653810415367,46.26562208065936],[13.397779574555145,46.265491666347444],[13.398147883821633,46.26546061527506],[13.398902468660292,46.26480853869228],[13.39949535674781,46.26455391620667],[13.399684002957477,46.2642930821903],[13.399504339900652,46.26366583340371],[13.399827733402935,46.262951630502926],[13.399684002957477,46.262386472048114],[13.398677889839263,46.26178404398369],[13.398641957227897,46.26159772468538],[13.399055182258593,46.261262348352844],[13.39985468286146,46.26013820160916],[13.399746885027366,46.259411530952136],[13.400303840503518,46.258622740791395],[13.401489616678557,46.257504751046156],[13.401480633525715,46.25682152386934],[13.40107639164786,46.25670351104024],[13.40083384652115,46.25648611832182],[13.400797913909784,46.25587120282312],[13.402199285753012,46.25540535315777],[13.402477763491088,46.255175532531794],[13.402316066739948,46.25489601966165],[13.401480633525715,46.254417738779296],[13.401992673237663,46.25373447314004],[13.403259297788273,46.25275304032648],[13.403187432565542,46.25245488004406],[13.402450814032564,46.25201384832087],[13.4028730222161,46.251249799054314],[13.40286403906326,46.250821181390855],[13.403277264093955,46.2500322676598],[13.403798286958743,46.2497092445901],[13.403205398871226,46.24891410277527],[13.40474151800707,46.2488457697377],[13.406475266505419,46.248386072545],[13.407580194304888,46.24637329893409],[13.40924207758051,46.2441430098211],[13.409637336305522,46.243093065172204],[13.40962835315268,46.24194369444182],[13.409754117292454,46.24160198498664],[13.410347005379975,46.241086310325024],[13.41061649996521,46.2395144046454],[13.411398034262396,46.23909190848373],[13.412467029450498,46.237843040515],[13.413805519223835,46.23740810469842],[13.413841451835198,46.237227915993024],[13.413545007791441,46.23682404260742],[13.413661788778377,46.23645123376698],[13.413922300210771,46.23625240134978],[13.41496434594035,46.23572424924313],[13.415988425364246,46.23487298161927],[13.416698094438699,46.234487732076964],[13.417048437399506,46.23451258696777],[13.417587426569977,46.2348791952994],[13.41812641574045,46.234891622657564],[13.41948287181947,46.23405276966586],[13.42052491754905,46.23374829392684],[13.421692727418405,46.23362401762953],[13.421827474711023,46.233425174968495],[13.421728660029768,46.23292806516393],[13.421863407322387,46.23267329464391],[13.423147998178678,46.232263173761545],[13.423579189515056,46.23193383204641],[13.424315808048034,46.23185304981445],[13.424567336327586,46.23155477592799],[13.425950741865131,46.23074694267856],[13.426822107690727,46.23061023125999],[13.42774737243337,46.230187666540594],[13.42768449036348,46.229609741877695],[13.426687360398109,46.2292679556114],[13.426337017437302,46.228901309795994],[13.426426848965715,46.22848494632402],[13.426678377245267,46.228211511878044],[13.426678377245267,46.2279194326698],[13.427298214791309,46.22739741489468],[13.427262282179946,46.226695168866144],[13.425609382057166,46.226440369413375],[13.425061409733853,46.22622907140916],[13.424306824895192,46.225582743053316],[13.423965465087226,46.22465674012841],[13.422016120920686,46.2246318807742],[13.420291355575179,46.22384880535414],[13.420120675671196,46.22387366506295],[13.419734400099024,46.22444543525876],[13.419473888666628,46.2244640798388],[13.41916846147003,46.22430249326809],[13.418782185897856,46.22371829169817],[13.41844082608989,46.22350076824872],[13.41805455051772,46.223407543649394],[13.41684182488416,46.22343240355802],[13.416464532464829,46.223245953968906],[13.416338768325051,46.22293520324654],[13.4165453808404,46.221897283085504],[13.42007575990699,46.22033725838973],[13.42165679480704,46.21849127549812],[13.420030844142783,46.214370221095926],[13.41857557338251,46.21361186366882],[13.41595249275288,46.21302754834449],[13.415458419346615,46.213008899880705],[13.414775699730685,46.212536470019316],[13.415081126927285,46.21226917237656],[13.414030098044865,46.211199968796286],[13.414039081197707,46.21075238902425],[13.414587053521018,46.20971423856745],[13.415404520429568,46.208837701047806],[13.416832841731319,46.208340368575804],[13.41565604870912,46.20803575021301],[13.416689111285859,46.207345690122914],[13.417506578194407,46.20705349990476],[13.41916846147003,46.20674887440548],[13.427406012625404,46.204274506743104],[13.428286361603842,46.201719201054566],[13.44082684297015,46.20707836721788],[13.441967703380982,46.20722757086017],[13.4448063796788,46.20789898223532],[13.451148485584683,46.20839010202563],[13.453133762362588,46.21189619674749],[13.449019478361322,46.221089307700986],[13.451013738292065,46.22143736009366],[13.453636818921694,46.22081583641602],[13.461820471160024,46.22177297995412],[13.470399382123366,46.21923713464348],[13.477909297898604,46.2209090654162],[13.483415970590256,46.2207723294951],[13.489416716688176,46.22016322898228],[13.495426445938936,46.218833128864055],[13.496423575904307,46.21847262888968],[13.497771048830487,46.218516137632875],[13.499091572298143,46.21795673687832],[13.50034921369591,46.21794430568572],[13.502011096971533,46.2173351738004],[13.503241788910774,46.216744682359455],[13.502657883976097,46.21566935005666],[13.504274851487512,46.21489857868735],[13.503529249801693,46.21444481306406],[13.502163810569831,46.213891586889574],[13.502118894805626,46.213170519689804],[13.502729749198826,46.21303376449768],[13.503637047635788,46.213008899880705],[13.504328750404559,46.21271052359895],[13.504427565085813,46.21249295653821],[13.50500248686765,46.21216971245648],[13.506107414667115,46.212095117398206],[13.506664370143271,46.211647544920936],[13.507535735968865,46.21133672855468],[13.509260501314376,46.211479704301624],[13.510518142712144,46.21126834871805],[13.511569171594562,46.211286997772845],[13.512206975446288,46.211032126809194],[13.512844779298012,46.210969962980116],[13.51341970107985,46.211044559566574],[13.51447971311511,46.21145483898106],[13.514821072923075,46.211411324642995],[13.515692438748673,46.211025910429456],[13.51666261925552,46.21118131971195],[13.517111776897579,46.210969962980116],[13.51816280578,46.210969962980116],[13.51906112106412,46.21075238902425],[13.520561307588599,46.21062806066249],[13.521747083763637,46.2110507759442],[13.522645399047756,46.21201430597073],[13.523166421912546,46.2122567398964],[13.527101042856987,46.213531054473115],[13.529526494124113,46.21326376167102],[13.529634291958207,46.213555918853686],[13.53402705369755,46.214581564742495],[13.534431295575404,46.21427076498081],[13.534619941785069,46.213624295842216],[13.534368413505515,46.21292187363265],[13.534179767295852,46.21067157562113],[13.534350447199834,46.20784303160084],[13.534592992326544,46.20788654876591],[13.534997234204399,46.20776843066622],[13.535635038056125,46.20826576831663],[13.536075212545342,46.20819116795612],[13.536551319645927,46.2085206521172],[13.53733285394311,46.20859525203022],[13.53779099473801,46.208787968003236],[13.543809707141612,46.20921691403192],[13.5458129502252,46.2086076853392],[13.549298413527582,46.208054400365405],[13.549783503781008,46.20788654876591],[13.550349442410003,46.20794249935607],[13.551669965877657,46.20699133157272],[13.551930477310053,46.20701619891399],[13.552864725205536,46.20642559651778],[13.554248130743082,46.206052581206386],[13.55635018850792,46.205057861326125],[13.55763477936421,46.20462888281904],[13.564794352178644,46.20103527912727],[13.566815561567914,46.199885027595634],[13.566519117524154,46.199157558791136],[13.566581999594042,46.19859796084905],[13.567192853987244,46.197174069274894],[13.566195724021869,46.196210278929684],[13.566851494179279,46.1953894893081],[13.566294538703124,46.19482363477835],[13.566617932205407,46.194605996869335],[13.566581999594042,46.19420802817808],[13.567210820292926,46.193530231116895],[13.567713876852034,46.19314469144403],[13.56857625952479,46.192945702167556],[13.568684057358883,46.19239847794224],[13.569555423184477,46.191900996645536],[13.570058479743583,46.191440822436945],[13.570336957481661,46.19160250570604],[13.571001710791911,46.19070702316091],[13.571037643403274,46.190371213445],[13.570687300442467,46.189718244235166],[13.570597468914057,46.1891087993072],[13.570220176494727,46.1890466106693],[13.570310008023139,46.18525919000085],[13.569968648215173,46.18400909733036],[13.570103395507791,46.1827900741177],[13.570345940634502,46.18222408986653],[13.57129815483567,46.1816829785959],[13.572007823910123,46.18144662947327],[13.572331217412406,46.18184469056808],[13.574900399124989,46.18289580679343],[13.57566396711649,46.182354702133956],[13.576301770968215,46.18272165874858],[13.57626583835685,46.18220543094586],[13.575888545937522,46.18164566038093],[13.576059225841504,46.18129113607534],[13.576445501413675,46.180992587518574],[13.57649041717788,46.18068781752807],[13.577065338959716,46.180662938270586],[13.577577378671664,46.18037060615189],[13.577963654243836,46.17989789560743],[13.578251115134755,46.17992899511023],[13.578269081440437,46.18028352819908],[13.578852986375114,46.18027108848027],[13.579553672296727,46.180967708398995],[13.580236391912658,46.18121027933462],[13.580748431624606,46.18160834214061],[13.581431151240539,46.18121649908812],[13.582859472542289,46.18103612595074],[13.585240008045204,46.182497753308915],[13.58625510431626,46.18287714810072],[13.588105633801545,46.18452530819709],[13.591159905767553,46.1863288984718],[13.591644996020976,46.185613688718824],[13.591770760160754,46.184674573086454],[13.592606193374985,46.18537735649418],[13.592740940667603,46.18589355451295],[13.593666205410244,46.186540350007824],[13.593827902161387,46.18678911547944],[13.595525718048375,46.18756650032231],[13.596136572441575,46.18838118783949],[13.597061837184219,46.18877919872456],[13.598597956320061,46.187678442834134],[13.59805896714959,46.18672692421709],[13.59602877460748,46.185725635207454],[13.594905880502331,46.18450043067613],[13.59475316690403,46.18390958624457],[13.595462835978486,46.1837727582075],[13.600080176538858,46.18437604290247],[13.606287535152125,46.18414592477921],[13.607257715658974,46.183990439015496],[13.617651223496237,46.18495444366163],[13.618845982824118,46.183051295653044],[13.61842377464058,46.18244799642071],[13.617911734928631,46.18225518805359],[13.6164654473212,46.18121027933462],[13.619501752981522,46.179984974170985],[13.627379978023251,46.18249153370036],[13.630173738556863,46.18268434123862],[13.636183467807623,46.18349910111171],[13.63653381076843,46.183978000135404],[13.637953148917338,46.18534626007319],[13.637998064681543,46.186894840463985],[13.638357390795193,46.187622471606716],[13.640549280088443,46.18696946974242],[13.641905736167462,46.18630402176703],[13.642678287311808,46.186397309351875],[13.643935928709572,46.185905992959626],[13.644699496701076,46.18581892377384],[13.647385459400594,46.185812704541],[13.649792944362034,46.18499175963066],[13.65240704183882,46.18429519069865],[13.653943160974665,46.1831508082924],[13.6566111573685,46.182827391555875],[13.658668299369134,46.1819068873538],[13.65930610322086,46.18188822832547],[13.660249334269185,46.1816145618491],[13.660599677229992,46.18162078155687],[13.660716458216928,46.18140931109788],[13.664507348715912,46.17915772224907],[13.667462806000664,46.17564953820592],[13.667408907083617,46.17510214178676],[13.668055694088181,46.174859543903935],[13.668504851730242,46.17406953825324],[13.66924147026322,46.173528346729896],[13.669250453416062,46.17309912207964],[13.670184701311547,46.171543932246365],[13.67081352201043,46.17108358762066],[13.670939286150208,46.170573471508],[13.671289629111012,46.170305969704266],[13.671586073154772,46.169721193788696],[13.671361494333743,46.16936659259907],[13.670364364368371,46.16899954685462],[13.670382330674052,46.16798549249091],[13.670615892647923,46.16771175682032],[13.6701308023945,46.167002526245945],[13.669735543669487,46.16692164849434],[13.669349268097317,46.166405272353884],[13.668684514787067,46.16595732767928],[13.668522818035925,46.165223188241534],[13.667085513581332,46.16361800178255],[13.665270916707412,46.1619629930624],[13.664902607440924,46.16177011286711],[13.664309719353405,46.1612101342753],[13.663788696488616,46.161091915843954],[13.662827499134606,46.160513264068165],[13.662117830060152,46.16032037879051],[13.661084767483414,46.15913194167812],[13.660096620670885,46.15842260048824],[13.659854075544173,46.157955923665746],[13.659180339081082,46.15787503261403],[13.658910844495848,46.15725901224232],[13.658497619465152,46.15701633565694],[13.658542535229357,46.15673632288239],[13.658362872172534,46.15658698215336],[13.658362872172534,46.15624474145396],[13.658874911884482,46.15551669506797],[13.658380838478216,46.15429704022246],[13.658614400452088,46.15402323643986],[13.65917135592824,46.153792991295546],[13.659422884207792,46.1534880705678],[13.659656446181664,46.15283466331936],[13.659602547264617,46.152411500200586],[13.660150519587932,46.15191365707175],[13.660599677229992,46.1506939223739],[13.66043798047885,46.150351645025225],[13.660024755448156,46.15020851023007],[13.659476783124843,46.149691977221764],[13.659782210321442,46.14847841674433],[13.659557631500412,46.14784984413277],[13.659584580958937,46.147034556092436],[13.658973726565733,46.14659267737584],[13.658704231980499,46.14576492319199],[13.657752017779332,46.14503673816794],[13.657572354722507,46.144420574085665],[13.657608287333872,46.14367369928541],[13.656036235586663,46.141862485815935],[13.655515212721873,46.14147658383712],[13.655416398040622,46.141078230570244],[13.654715712119007,46.14066742574509],[13.65458096482639,46.14026906662379],[13.654652830049121,46.139646624726765],[13.654347402852519,46.13932917664986],[13.654338419699679,46.13881254155284],[13.65389824521046,46.13845774114847],[13.652874165786564,46.13799089502806],[13.652963997314975,46.13749914616752],[13.6528382331752,46.13728128134451],[13.651993816808124,46.13668370483389],[13.651778221139937,46.136086121838346],[13.651320080345036,46.13543250801158],[13.65082600693877,46.13513993549946],[13.650107354711476,46.13503411101654],[13.650098371558634,46.13448008540441],[13.649559382388162,46.13398208009743],[13.649451584554066,46.13339691810719],[13.648858696466549,46.13293002908103],[13.646927318605693,46.132251476640015],[13.646864436535804,46.13198378851507],[13.645966121251686,46.131255421216736],[13.645454081539738,46.130987728250595],[13.644933058674948,46.130502142340234],[13.643971861320939,46.129979198879795],[13.643046596578296,46.1303963089454],[13.641654207887912,46.13028424983512],[13.63999232461229,46.13067023025522],[13.63954316697023,46.13057684814356],[13.639147908245217,46.130334053912286],[13.638689767450316,46.12971149971083],[13.637989081528703,46.129618115973706],[13.63721653038436,46.1289395227285],[13.636830254812189,46.12837298434978],[13.635168371536567,46.12774418218359],[13.634925826409855,46.12755118205922],[13.634755146505873,46.1272398901111],[13.635159388383727,46.1266857860909],[13.635168371536567,46.126349585429175],[13.634162258418355,46.125783020412364],[13.633973612208688,46.125291162540734],[13.633578353483676,46.12483665705919],[13.6315122283302,46.124550254418835],[13.630883407631316,46.123311234538335],[13.630236620626752,46.122806901883706],[13.63022763747391,46.12217803618022],[13.629356271648314,46.12104481451361],[13.629284406425585,46.12042215532442],[13.628916097159095,46.11993647627193],[13.628700501490908,46.119774582303066],[13.627550657927234,46.11946324641057],[13.626939803534032,46.118877930170186],[13.624559268031117,46.117763321412745],[13.623966379943596,46.11661755483244],[13.622349412432182,46.11669227946604],[13.621531945523632,46.116630008945066],[13.62120855202135,46.11650546769202],[13.620220405208817,46.11538458374838],[13.619358022536066,46.11524135804617],[13.618890898588322,46.11489263304077],[13.617336813146794,46.114431814470365],[13.617085284867242,46.114226313054715],[13.616860706046213,46.11257604662906],[13.616213919041646,46.112127663817844],[13.61490237872683,46.11163568403618],[13.612881169337562,46.11202179512174],[13.61227031494436,46.111915926222274],[13.611668443704001,46.11156095254589],[13.61060843166874,46.11062057263322],[13.610249105555091,46.10992928974991],[13.607787721676603,46.10889546313334],[13.606224653082236,46.10847196229428],[13.6061078720953,46.108297578650095],[13.60669177702998,46.107780652463276],[13.606961271615214,46.10703950887035],[13.606413299291903,46.106341952856425],[13.604958028531627,46.1058997475975],[13.604616668723661,46.105663072903],[13.604859213850375,46.1047661911553],[13.605236506269703,46.10413089108883],[13.604230393151491,46.103327412873064],[13.603709370286701,46.103109412887946],[13.601292902172421,46.10257998076385],[13.60180494188437,46.10152110126307],[13.601831891342892,46.1011598318394],[13.601544430451975,46.10051203246213],[13.600969508670138,46.10006978043863],[13.599541187368388,46.09931607515405],[13.599172878101898,46.099228868918935],[13.597618792660372,46.09921018185061],[13.596720477376254,46.09899216558553],[13.595831145244974,46.09859973413607],[13.5946813016813,46.09792075884134],[13.593953666301163,46.09684310198809],[13.592480429235207,46.09593361796769],[13.591249737295964,46.095790341720125],[13.590593967138556,46.09588378279337],[13.589255477365219,46.09629492163465],[13.588105633801545,46.09625131614528],[13.587925970744724,46.0959149297826],[13.587934953897562,46.09492444690971],[13.58709053753049,46.09403362007431],[13.586497649442972,46.093765746253766],[13.586183239093529,46.09377820553008],[13.585671199381581,46.09407099771327],[13.584907631390081,46.094052308896956],[13.58453033897075,46.093909027761505],[13.583955417188912,46.093310980741734],[13.584027282411643,46.09268177843893],[13.58363202368663,46.09130498400525],[13.583137950280365,46.091093166426425],[13.582383365441704,46.091055786769246],[13.581422168087697,46.09017735753277],[13.581278437642238,46.08958550015867],[13.581556915380315,46.08864474536781],[13.580856229458702,46.08827093106269],[13.580299273982547,46.08753575553894],[13.578781121152385,46.08691271776366],[13.578421795038738,46.085492165322975],[13.577622294435871,46.08423357514239],[13.576858726444371,46.084121422148804],[13.57566396711649,46.08496256404321],[13.574523106705659,46.08499371720041],[13.57264562776185,46.084121422148804],[13.572160537508424,46.08371642332923],[13.57197189129876,46.08336749888512],[13.571352053752717,46.08309334241659],[13.56836964700944,46.08349834581027],[13.566842511026437,46.08322418999196],[13.566393353384377,46.08306218818621],[13.565827414755383,46.08261356531839],[13.565414189724686,46.08156676443998],[13.564848251095691,46.08117420899],[13.563518744475195,46.08099973900459],[13.561488551933083,46.080488788016446],[13.558506145189808,46.07939832800964],[13.557913257102287,46.07941079053146],[13.55784139187956,46.07970365898391],[13.557302402709087,46.08020838607306],[13.556996975512488,46.08030185354585],[13.556260356979509,46.08025823541159],[13.55597289608859,46.0797908960948],[13.555874081407337,46.078282920906915],[13.555523738446531,46.07770339881885],[13.554571524245363,46.07779063909223],[13.553259983930548,46.078401317143886],[13.551310639764012,46.07905560755652],[13.5495858744185,46.07884997426284],[13.549145699929282,46.07870665363527],[13.548112637352544,46.07805859049806],[13.547968906907087,46.07777194475955],[13.547870092225832,46.07738559379941],[13.548328233020733,46.07567813942085],[13.548292300409368,46.07450033900465],[13.547447884042297,46.07294236332956],[13.547187372609901,46.072724243225245],[13.546486686688288,46.07245626591695],[13.543522246250694,46.07214466275953],[13.543225802206933,46.071702183253144],[13.54305512230295,46.07063024636227],[13.542875459246126,46.07041211712013],[13.541033912913683,46.06925913394802],[13.538806091009066,46.06833673006919],[13.538258118685754,46.067376915074085],[13.538267101838596,46.066460712464426],[13.538491680659625,46.06552579616681],[13.538347950214165,46.06520168815433],[13.5377011632096,46.065052099199086],[13.536937595218097,46.06510196222921],[13.535895549488519,46.065475933519515],[13.535248762483953,46.06594962685038],[13.534997234204399,46.066036885704825],[13.534557059715182,46.06591223015626],[13.534089935767438,46.06495237300372],[13.53433248089415,46.064266750533776],[13.5351499478027,46.06305130795538],[13.535212829872588,46.06252772444453],[13.534817571147574,46.06216619959861],[13.534521127103817,46.06210386748936],[13.532760429146943,46.06235319550414],[13.531889063321346,46.062646154482735],[13.53117041109405,46.06313233829312],[13.530317011574137,46.06316350377597],[13.52921208377467,46.06257758975474],[13.528196987503614,46.061605208081886],[13.52718189123256,46.060975644147504],[13.525879334070586,46.060364773269875],[13.524621692672818,46.06001570116245],[13.523624562707447,46.05957935792471],[13.521854881597731,46.05867549310566],[13.520821819020993,46.05797109164354],[13.51966299230448,46.05760953696076],[13.519159935745371,46.05755966716357],[13.518324502531142,46.05762200440304],[13.5151534495782,46.05828900846029],[13.514353948975334,46.05817056907582],[13.513698178817927,46.057921222172865],[13.512853762450854,46.05688018668931],[13.51176680095707,46.05597004377974],[13.511461373760469,46.05600744720858],[13.510994249812725,46.05656849560102],[13.509916271471782,46.05727291495561],[13.50914372032744,46.05806459677965],[13.508694562685381,46.058126933449095],[13.507544719121707,46.05798979268342],[13.506574538614858,46.05756590089067],[13.50576605485915,46.0569612260841],[13.505047402631854,46.05589523684605],[13.50448146400286,46.054717014273436],[13.503942474832389,46.05463597158517],[13.503529249801693,46.05477312068026],[13.502855513338604,46.05470454617529],[13.501310411049918,46.05405620119275],[13.50109481538173,46.05363851337455],[13.501139731145935,46.05327693032416],[13.502163810569831,46.05206748016034],[13.50238838939086,46.05148768280345],[13.502127877958468,46.04860107419806],[13.502208726334036,46.04822075382573],[13.50290941225565,46.04715459587175],[13.502693816587463,46.046998723101666],[13.50186736652607,46.046905199228505],[13.502235675792562,46.04674309080658],[13.502145844264149,46.04620688263714],[13.501508040412423,46.04528409360135],[13.501229562674347,46.04393729274834],[13.502505170377797,46.04374399919088],[13.50319687314657,46.043033171905044],[13.503457384578963,46.04295834744818],[13.505262998300044,46.04283363979489],[13.510419328030888,46.0417237292791],[13.511030182424092,46.041480543660086],[13.51139849169058,46.04144313039293],[13.512269857516177,46.04161148989564],[13.513374785315643,46.041511721363364],[13.513608347289514,46.03959114200284],[13.512943593979266,46.03902992114398],[13.51298850974347,46.03887402544931],[13.51508158435547,46.03768920379575],[13.514731241394662,46.037446000418996],[13.514578527796363,46.036572953838245],[13.514210218529875,46.03620502293355],[13.51418326907135,46.03563129527863],[13.513859875569068,46.035032616592375],[13.514021572320209,46.034645966493855],[13.513788010346337,46.034215659171316],[13.513814959804863,46.03356707368753],[13.51357241467815,46.03313675796427],[13.513626313595196,46.032899771062745],[13.51341970107985,46.032475686702625],[13.513500549455419,46.03225740671934],[13.513240038023026,46.03212020171717],[13.513563431525307,46.031583851622216],[13.51312325703609,46.03139675152734],[13.513356819009962,46.03115975716459],[13.513320886398596,46.03077931672043],[13.513545465219625,46.030610924212354],[13.513096307577564,46.030348979291155],[13.513222071717342,46.03006208581021],[13.512961560284948,46.029856270004345],[13.513060374966201,46.02949453127622],[13.51245850372584,46.02932613485384],[13.512736981463918,46.02891449699485],[13.51245850372584,46.02879599461867],[13.511632053664451,46.02773569889431],[13.510994249812725,46.027511163072546],[13.5108145867559,46.02663172232209],[13.510068985070085,46.0264321309839],[13.50972762526212,46.0261951153338],[13.509772541026324,46.0257896914712],[13.509350332842786,46.02489774850711],[13.5095928779695,46.023831140474286],[13.509125754021756,46.02300154222144],[13.50921558555017,46.022596094937555],[13.509107787716076,46.022327874331005],[13.508425068100145,46.021385973055736],[13.508164556667749,46.02131111928597],[13.507203359313742,46.02048148321836],[13.506385892405195,46.02014463494586],[13.50659250492054,46.019664310711526],[13.506089448361434,46.01957697858427],[13.50568520648358,46.018585125459595],[13.505065368937538,46.017892689147324],[13.504220952570465,46.01724391212173],[13.504113154736372,46.016389261537135],[13.503843660151134,46.016283209083504],[13.50343941827328,46.01585899723508],[13.503394502509074,46.01535368181577],[13.503098058465314,46.01522267336073],[13.502639917670416,46.014605057892275],[13.502280591556767,46.01275217010082],[13.501418208884012,46.011810105702054],[13.499558696245884,46.01064342092705],[13.499280218507808,46.010318990840965],[13.499082589145301,46.01035018612424],[13.499001740769732,46.01053735745444],[13.49876817879586,46.01063718190489],[13.49779799828901,46.010524879385464],[13.497546470009457,46.0103127517822],[13.496953581921938,46.01026283928672],[13.496612222113972,46.010031993409264],[13.495866620428153,46.010256600221624],[13.495156951353698,46.01030027366255],[13.494779658934368,46.01030651272273],[13.494501181196291,46.01011934061134],[13.494249652916738,46.010169253236306],[13.494123888776963,46.010524879385464],[13.493926259414454,46.010581030673684],[13.493279472409888,46.01027531741481],[13.492947095754763,46.0103127517822],[13.492363190820088,46.00988849413497],[13.49149182499449,46.009763711854674],[13.491294195631983,46.00960773360847],[13.491375044007556,46.009302014969926],[13.489946722705804,46.00830997754599],[13.489533497675112,46.008490916515974],[13.488464502487007,46.00857202689659],[13.48682058551707,46.00789194386923],[13.485571927272142,46.00764860937879],[13.484484965778357,46.007155697771694],[13.484853275044848,46.00610746608118],[13.48585938816306,46.00530256040828],[13.48472751090507,46.004553800430635],[13.483883094538,46.00460371807778],[13.483451903201622,46.00411077933853],[13.482993762406721,46.004010943109634],[13.48201459874703,46.00336824307299],[13.481816969384525,46.00240729899395],[13.4813318791311,46.00244473868613],[13.481062384545863,46.001777060372646],[13.482427823777726,46.00132777697231],[13.483353088520367,45.99947444438099],[13.48470954459939,45.99831998024381],[13.485203618005656,45.99803916100079],[13.486488208861944,45.99786442830806],[13.48787161439949,45.99699075656796],[13.489802992260348,45.9961857182535],[13.490836054837086,45.99527457548997],[13.491824201649615,45.993708123755894],[13.491752336426885,45.99325253385283],[13.4927584495451,45.9924037536202],[13.493207607187161,45.99182333023149],[13.492902179990558,45.99151127213011],[13.493018960977494,45.991149282528234],[13.492857264226354,45.99046274402161],[13.493306421868413,45.9902380568426],[13.493288455562729,45.98976995562346],[13.493944225720139,45.98957647262989],[13.494168804541168,45.98902098543844],[13.494662877947432,45.988740119006216],[13.49516593450654,45.988159657196704],[13.495965435109406,45.987897511158444],[13.496243912847483,45.98738569864849],[13.496486457974196,45.98728583224112],[13.496423575904307,45.98703616543443],[13.496782902017955,45.986930056700594],[13.497312908035585,45.98619353164823],[13.497438672175361,45.9857378798873],[13.497735116219122,45.98536336878248],[13.49854359997483,45.98492643595791],[13.498804111407225,45.98454567739876],[13.498974791311207,45.98458312917645],[13.499118521756667,45.98432096620059],[13.499001740769732,45.98358440643412],[13.499495814175996,45.98335969133409],[13.499585645704407,45.982797899593464],[13.499882089748168,45.98235470430886],[13.500618708281145,45.9816555721403],[13.501211596368666,45.98083158360764],[13.50282856388008,45.97988897562718],[13.50328670467498,45.97903999046567],[13.504382649321606,45.97886519778707],[13.504768924893778,45.97865294879268],[13.505038419479012,45.9783033604401],[13.505289947758568,45.97738568051347],[13.506556572309178,45.97612462614601],[13.507050645715442,45.97603098234951],[13.508155573514907,45.976087168646416],[13.50877541106095,45.97593109545872],[13.509449147524041,45.97613711197357],[13.510616957393395,45.9762307555906],[13.512656133088347,45.975731321136585],[13.513258004328707,45.9754566302669],[13.5132130885645,45.97530679830913],[13.51341970107985,45.97526309724507],[13.51441683104522,45.97535049933868],[13.514488696267952,45.97554403205505],[13.515548708303212,45.97572507817741],[13.516438040434489,45.97564391964402],[13.517507035622593,45.975781264784686],[13.518665862339107,45.97553778907475],[13.520507408671552,45.974083155479896],[13.520974532619293,45.97322783806038],[13.52153148809545,45.97255980723865],[13.521818948986368,45.97242245410838],[13.522286072934108,45.97167949263546],[13.522564550672184,45.97060561474175],[13.523193371371068,45.97043079543954],[13.525043900856357,45.96949425406758],[13.526238660184235,45.96870130332629],[13.52718189123256,45.96857018439346],[13.52800834129395,45.96868881582226],[13.529050387023528,45.96868881582226],[13.530209213740044,45.96888237181851],[13.531287192080987,45.968389114880715],[13.532553816631594,45.966091353789594],[13.53267059761853,45.965460701603256],[13.532446018797499,45.96414942159912],[13.532940092203766,45.96277566639951],[13.533443148762874,45.962538377960385],[13.534251632518579,45.96245720010315],[13.535491307610666,45.961963885951555],[13.536398606047626,45.962032575527026],[13.5402523786165,45.9615017902303],[13.54221070593588,45.961757816714155],[13.543450381027963,45.96155799126713],[13.544357679464925,45.961145849006506],[13.544528359368908,45.9609397767265],[13.545049382233696,45.96077741620849],[13.546711265509318,45.96047142778512],[13.547340086208202,45.96054636388179],[13.550565038078192,45.96140812170891],[13.551211825082758,45.96223239926236],[13.551508269126515,45.96286933260887],[13.55161606696061,45.96376227585379],[13.552002342532782,45.96465520470637],[13.552388618104954,45.964917460795874],[13.553062354568043,45.965716709792126],[13.55365524265556,45.965498166290175],[13.554427793799904,45.966053889503854],[13.554724237843665,45.96596022867869],[13.55657476732895,45.96624121067914],[13.558533094648332,45.96606637760192],[13.559476325696657,45.966160038247615],[13.560141079006904,45.96609759783475],[13.563168401514389,45.96555436327301],[13.564821301637169,45.965373283901954],[13.56634843762017,45.96570422161523],[13.569914749298126,45.96466769311973],[13.570372890093028,45.96483004223732],[13.571666464102158,45.96454905307908],[13.572681560373214,45.96418688717282],[13.573427162059033,45.96440543584781],[13.573975134382344,45.96620374649475],[13.575448371448301,45.967446295094355],[13.575502270365348,45.967783464278455],[13.575978377465932,45.96805819320735],[13.575870579631838,45.968276726609574],[13.576553299247768,45.96885739688926],[13.577110254723923,45.96895729653871],[13.577379749309157,45.96938186803878],[13.57918536303024,45.970811651068104],[13.579230278794446,45.97118626060693],[13.579535705991045,45.97133610371302],[13.579517739685365,45.971467216098304],[13.580065712008675,45.971567111040656],[13.580128594078564,45.97187303818084],[13.580586734873465,45.972409967443284],[13.580721482166082,45.97320286509054],[13.581242505030872,45.973883374491315],[13.581125724043936,45.97409564176776],[13.581691662672931,45.97440779804924],[13.581637763755884,45.97468873719818],[13.581359286017808,45.97492597359183],[13.58145810069906,45.97543790129435],[13.581170639808144,45.97598728185696],[13.581395218629174,45.976105897399364],[13.581494033310426,45.976349370611494],[13.581359286017808,45.97646174250218],[13.58137725232349,45.97668024274799],[13.581907258341122,45.97704232697142],[13.58197014041101,45.97787261461336],[13.582176752926358,45.97800995422634],[13.58219471923204,45.978434456330966],[13.582527095887164,45.97884022735937],[13.582751674708193,45.978790286470186],[13.583919484577548,45.97945824213532],[13.584395591678133,45.97938333162077],[13.585329839573616,45.97978285319389],[13.585886795049769,45.979732913154905],[13.586335952691831,45.98050073627671],[13.58685697555662,45.9805194635369],[13.587126470141856,45.98118115599797],[13.58806970119018,45.98162436067691],[13.588536825137924,45.98154945309301],[13.589147679531125,45.98161187608663],[13.589533955103295,45.98180538691964],[13.589947180133992,45.98222361769974],[13.59045921984594,45.9823609465206],[13.590522101915829,45.98253572816358],[13.589453106727726,45.983865299026476],[13.589596837173184,45.984127464160174],[13.590827529112428,45.98435217614378],[13.592013305287464,45.98429599823339],[13.592372631401114,45.98440835399716],[13.59331586244944,45.98423982026599],[13.593504508659104,45.984452047843725],[13.593845868467069,45.984358418130306],[13.594241127192081,45.98507624188627],[13.595444869672802,45.9855506246516],[13.595624532729627,45.985769089031656],[13.595741313716562,45.985569350203676],[13.596127589288733,45.98555686650299],[13.596522848013745,45.98534464316074],[13.597025904572853,45.98547572237996],[13.597519977979116,45.98546948051943],[13.597942186162655,45.98525101495697],[13.598220663900731,45.98541954560973],[13.598795585682568,45.984995097058736],[13.600717980390584,45.98438338606936],[13.601104255962754,45.984464531793535],[13.601526464146293,45.984264788258535],[13.602011554399715,45.984377144085656],[13.60271224032133,45.983965171604744],[13.602981734906564,45.98361561679254],[13.603799201815114,45.9834221122867],[13.604203443692969,45.983528227744614],[13.604463955125363,45.983372175530235],[13.604940062225946,45.98334720713511],[13.605308371492434,45.983191154410484],[13.605757529134493,45.983453322736615],[13.606610928654407,45.98340962810181],[13.608272811930028,45.98315370169112],[13.609054346227213,45.98275420444138],[13.609305874506767,45.982485790607605],[13.60985384683008,45.98259190786021],[13.610231139249409,45.981874051891346],[13.610877926253975,45.98118739834203],[13.612072685581854,45.98046952416232],[13.612827270420516,45.98027600866029],[13.613348293285304,45.97998261289941],[13.614444237931929,45.98023855396887],[13.615585098342763,45.98071297818804],[13.615881542386521,45.98094394640238],[13.616420531556992,45.98106255132722],[13.616806807129166,45.98108127839738],[13.61737274575816,45.98084406837386],[13.618118347443978,45.98105630896909],[13.619025645880939,45.98053819079077],[13.619142426867874,45.98081909883859],[13.61946582037016,45.981031339529515],[13.620112607374724,45.98106255132722],[13.620283287278706,45.98093146165867],[13.619986843234946,45.980407099880715],[13.620031758999154,45.97999509785707],[13.620606680780991,45.97975788318003],[13.621693642274774,45.979901460605966],[13.62196313686001,45.97913987174856],[13.623337559244712,45.97891513860869],[13.624101127236216,45.97905247563588],[13.62473893108794,45.97943327197506],[13.625682162136265,45.98030097844049],[13.626733191018687,45.98050697869749],[13.627640489455647,45.98053194837352],[13.627927950346566,45.98079412929204],[13.62872745094943,45.980962673512664],[13.628889147700573,45.98110000546122],[13.630101873334134,45.98121861005175],[13.63338970727401,45.98301013269883],[13.634862944339966,45.98268554056125],[13.635428882968961,45.982816626076676],[13.636057703667845,45.983122491072294],[13.6370727999389,45.98401510782632],[13.63841128971224,45.98480159737462],[13.638995194646919,45.9842772722506],[13.639516217511705,45.984164916220784],[13.640010290917973,45.98364058506661],[13.640414532795825,45.983515743583666],[13.640657077922537,45.98309752256457],[13.641025387189028,45.98304758551533],[13.641214033398692,45.982747962273976],[13.641968618237351,45.98227979771308],[13.642750152534536,45.98203635057687],[13.643801181416956,45.9810937631073],[13.644762378770965,45.9806567965848],[13.64526543533007,45.98008249248191],[13.647852583348334,45.978584279826194],[13.647942414876747,45.97837202975498],[13.644232372753333,45.97510077870525],[13.64496899128631,45.97167949263546],[13.644726446159599,45.97082413809354],[13.64510373857893,45.96964410175126],[13.644753395618123,45.967234002332944],[13.644995940744836,45.966628339100765],[13.644852210299375,45.96632238299172],[13.645211536413024,45.966116329966],[13.645543913068147,45.96569797752573],[13.64368440043002,45.96496117002343],[13.642974731355565,45.965079809181496],[13.642884899827154,45.964967414195975],[13.642983714508407,45.963937116202814],[13.642354893809523,45.962070042532304],[13.643145411259548,45.96081488406257],[13.642103365529971,45.95799223477985],[13.64150149428961,45.957330265239484],[13.641636241582228,45.957236589665804],[13.641528443748134,45.95677445451798],[13.639785712096943,45.95176566149063],[13.639830627861148,45.95130348071814],[13.639435369136136,45.95009804516355],[13.639516217511705,45.94984196480418],[13.639138925092375,45.948786401565215],[13.638914346271346,45.948611513406945],[13.638357390795193,45.94586319845367],[13.637755519554831,45.944969966755046],[13.638240609808257,45.94478257366316],[13.638231626655415,45.9445514546441],[13.63802501414007,45.94459517993783],[13.637926199458814,45.944432771530145],[13.638195694044052,45.94432658116017],[13.638285525572462,45.943589489456755],[13.63863586853327,45.942646247643474],[13.64157335951234,45.935874424692415],[13.641178100787327,45.935699495799085],[13.6417170899578,45.93471863428279],[13.641591325818023,45.93468114878512],[13.642058449765765,45.93369402156094],[13.642920832438518,45.932282024230894],[13.642893882979996,45.93086374293669],[13.640414532795825,45.92920799422071],[13.639372487066247,45.92880185962845],[13.638671801144634,45.92769590881834],[13.63579719223545,45.92550268690599],[13.63390174698596,45.922134579022696],[13.631593076705771,45.92020985413783],[13.63188053759669,45.91987239549287],[13.631709857692707,45.917841351040416],[13.629428136871043,45.91587272931506],[13.627478792704503,45.91671643289204],[13.62670624156016,45.91528525406365],[13.625089274048747,45.913935287367664],[13.622879418449813,45.911322758551904],[13.621469063453745,45.90808505221027],[13.62089414167191,45.90581604506344],[13.620606680780991,45.90354069407736],[13.62052583240542,45.90343442540568],[13.618962763811053,45.90344692761292],[13.618980730116734,45.90255926390353],[13.618001566457043,45.90255926390353],[13.615468317355827,45.898001949988796],[13.61542340159162,45.896982910934106],[13.614920345032514,45.896982910934106],[13.613851349844412,45.89495102878122],[13.613644737329063,45.89496353289874],[13.613536939494969,45.89474471043564],[13.61250387691823,45.89478222291912],[13.612458961154026,45.89442585330295],[13.612036752970491,45.89444460965554],[13.612018786664807,45.894225785147675],[13.610922842018182,45.89419452443332],[13.610877926253975,45.89360681972809],[13.609216042978353,45.89325044256922],[13.605739562828813,45.89177489175119],[13.605757529134493,45.89156856160589],[13.604814298086168,45.89134972576567],[13.603260212644642,45.89131221096363],[13.601724093508796,45.8907995061295],[13.600960525517296,45.89073072829172],[13.601337817936626,45.88876739773441],[13.60061916570933,45.88831094470048],[13.600502384722395,45.8871666692374],[13.599846614564987,45.887435544825536],[13.599047113962122,45.887541844117685],[13.598319478581985,45.88739177446964],[13.59790625355129,45.887110392786795],[13.597744556800148,45.88682275670446],[13.597888287245608,45.886472589028735],[13.59835541119335,45.88631001042894],[13.598436259568919,45.886022370202184],[13.598175748136526,45.88569720989148],[13.597564893743325,45.88564718505936],[13.595615549576785,45.883408527708326],[13.59527418976882,45.882826962294274],[13.592462462929527,45.87946877196756],[13.591375501435742,45.87763012368163],[13.591537198186883,45.876435595084196],[13.59272297436192,45.875316092094735],[13.594492655471637,45.87425911047327],[13.598184731289367,45.87056889868793],[13.598166764983684,45.87040627354878],[13.592139069427242,45.86695975966868],[13.589731584465802,45.86343796486098],[13.589695651854436,45.86319399567878],[13.589084797461236,45.86285619042825],[13.589237511059535,45.86209924898849],[13.588500892526557,45.860585335191764],[13.588213431635639,45.85951556133099],[13.586650363041272,45.85564293296807],[13.585689165687265,45.85461060362742],[13.585266957503727,45.8535845118384],[13.584754917791779,45.853359269643335],[13.584494406359385,45.85299637752137],[13.584754917791779,45.85211416438392],[13.584296776996878,45.85165115330798],[13.584135080245737,45.85178254873477],[13.583730838367883,45.85165741024011],[13.583281680725824,45.85119439536168],[13.582697775791146,45.85093160141868],[13.582131837162152,45.850718862555375],[13.581853359424075,45.850825232088745],[13.580263341371184,45.849411126374],[13.580047745702993,45.84898563620236],[13.580182492995611,45.848822947923615],[13.580721482166082,45.848647744629744],[13.58040707181664,45.847915639180904],[13.581098774585413,45.847546454146034],[13.581628780603042,45.84668292703864],[13.579984863633104,45.841094706573784],[13.580371139205278,45.84074425075188],[13.58054181910926,45.84006210719717],[13.580981993598478,45.8397679693224],[13.581565898533157,45.83888554636844],[13.580757414777448,45.83880418751912],[13.57933807662854,45.83908581379838],[13.579490790226838,45.83804691867663],[13.581035892515525,45.83802814328516],[13.58137725232349,45.83742732741263],[13.581880308882598,45.83754623940232],[13.593432643436373,45.83104951737687],[13.595678431646673,45.82364433235812],[13.597277432852406,45.819030460389],[13.602056470163921,45.8153178000614],[13.601346801089468,45.81036511404324],[13.601122222268438,45.80722171443509],[13.60212833538665,45.80722797636362],[13.602173251150857,45.80643270580647],[13.601086289657074,45.80628241718158],[13.601310868478103,45.805011209676806],[13.60084374453036,45.80502373403017],[13.600744929849109,45.80381512095626],[13.609018413615848,45.799650527935626],[13.61248591061255,45.79938122774676],[13.614749665128532,45.79884262346424],[13.616133070666073,45.79831027690633],[13.616878672351893,45.79864847413231],[13.618621404003086,45.79883009772131],[13.619268191007652,45.79872362879265],[13.620103624221882,45.79844806120914],[13.620588714475307,45.79794702574757],[13.622349412432182,45.79702636134202],[13.62353518860722,45.79673825915153],[13.624379604974292,45.79638126089255],[13.626535561656178,45.79607436582424],[13.627685405219852,45.79609941854624],[13.627838118818152,45.795949102045334],[13.628628636268177,45.79582383798484],[13.628323209071578,45.794045057938135],[13.628538804739765,45.79257940072937],[13.628969996076142,45.79173381172929],[13.631602059858613,45.79310553852122],[13.642327944351,45.796982519800416],[13.642372860115206,45.79393231644438],[13.642534556866348,45.793813311286875],[13.64532831739996,45.79413274560892],[13.647097998509675,45.794026267705014],[13.647394442553432,45.79428933039214],[13.653763497917842,45.7949219284372],[13.655658943167333,45.79499082482035],[13.662917330663019,45.796024260346464],[13.674245086395766,45.7953415687231],[13.674981704928744,45.79470271210593],[13.675574593016265,45.793794520975624],[13.675790188684452,45.79246665627062],[13.677146644763472,45.79111370497541],[13.67862886498227,45.78771865480731],[13.679482264502184,45.78633426688233],[13.680542276537444,45.78688552049232],[13.680775838511314,45.78722378705406],[13.680587192301651,45.78774371128555],[13.680793804816998,45.78825736660745],[13.681656187489754,45.78856430472343],[13.684144520826765,45.789879734648004],[13.685177583403503,45.788539248614036],[13.688923558138281,45.78686672784537],[13.69216647631395,45.785219214505894],[13.698454683302788,45.78074625215293],[13.701823365618235,45.77859108336502],[13.705479508824602,45.775095021954364],[13.705506458283125,45.77493211769115],[13.70568612133995,45.77494464880522],[13.714381813290228,45.769950776831166],[13.71936746311709,45.76775132626525],[13.724523792847936,45.76589018496867],[13.727703828953718,45.76407284903737],[13.729644189967418,45.76369057428795],[13.733174569034007,45.76272547556152],[13.734872384920994,45.762155182102994],[13.740019731498998,45.759153211642506],[13.740352108154122,45.75868942727189],[13.740729400573453,45.75850767288608],[13.7409360130888,45.75821310417594],[13.742274502862138,45.75749234439152],[13.741717547385983,45.75736072638215],[13.741403137036542,45.7571413623433],[13.740819232101865,45.757053616486296],[13.738753106948389,45.75707868674524],[13.738384797681901,45.756715166888235],[13.74041499022401,45.75524852824236],[13.743406380120128,45.755392686740514],[13.74378367253946,45.75507929822586],[13.744780802504831,45.75368783196648],[13.746038443902599,45.753155054168616],[13.747862023929361,45.75257212675123],[13.750763582297068,45.75098001439439],[13.763968816973625,45.75138744904608],[13.767130886773725,45.75189517114175],[13.76882870266071,45.750240356195164],[13.770400754407921,45.748303408197366],[13.770400754407921,45.746541918167054],[13.772826205675043,45.74608429778196],[13.774730634077375,45.74588996470281],[13.776554214104138,45.745557716258496],[13.77716506849734,45.74568936210504],[13.778207114226918,45.74530069252049],[13.779428823013323,45.74449826933394],[13.783219713512306,45.744586034931736],[13.784683967425421,45.744078246348494],[13.789121644928972,45.743971672849554],[13.790738612440386,45.743413725916774],[13.79932650655657,45.739739913624504],[13.804563684662986,45.736090939274995],[13.806000989117576,45.73313772875786],[13.807348462043757,45.72988964387143],[13.810483582385332,45.72438377125942],[13.815316518613896,45.71928502489036],[13.81630466542643,45.71859512186984],[13.819799111881652,45.71677624580226],[13.822134731620363,45.7153712803122],[13.831396362199637,45.710252893021796],[13.83871763176521,45.702844200849185],[13.83925662093568,45.69732311441161],[13.840352565582307,45.695698054448535],[13.840666975931748,45.69466275996175],[13.840756807460162,45.69353960063139],[13.837082697948114,45.69140616325237],[13.836139466899786,45.688557269980535],[13.83744202406176,45.6856705781396],[13.83758575450722,45.68506184366764],[13.838376271957245,45.68392593998194],[13.838618817083956,45.68270215053349],[13.839445267145347,45.682495045055255],[13.841035285198238,45.681867448015254],[13.846703654641033,45.67833394528647],[13.847296542728552,45.67785066024836],[13.848536217820637,45.677273223301206],[13.84963216246726,45.67657024854026],[13.851967782205973,45.674197643522874],[13.855992234678828,45.66932658360478],[13.858220056583445,45.66755004775145],[13.862873329755184,45.661196744434136],[13.873042258771417,45.65437179038037],[13.875719238318094,45.65277687900755],[13.876015682361851,45.65178474586868],[13.876725351436306,45.65191661267837],[13.88959820945774,45.64493980421998],[13.897916608988686,45.64061261604733],[13.899308997679071,45.64064401919734],[13.899928835225115,45.640172970099165],[13.900297144491601,45.63965795188659],[13.903252601776355,45.63902359367937],[13.908130453769123,45.63818823973808],[13.91387967158749,45.63462057296847],[13.915613420085842,45.6338919370355],[13.917949039824551,45.632302724076695],[13.921982475450248,45.63026746064383],[13.92282689181732,45.629576459339496],[13.923626392420186,45.629149290635944],[13.923383847293476,45.62860276122407],[13.9231053695554,45.626862626338536],[13.920832631886576,45.62605850243859],[13.920518221537133,45.62607734922451],[13.92005109758939,45.62572554150931],[13.91867667520469,45.62529834345832],[13.91854192791207,45.62513500216671],[13.918227517562627,45.62517897871512],[13.918083787117169,45.624952813241514],[13.917517848488174,45.62478318853753],[13.917562764252379,45.62467638753467],[13.917122589763162,45.624494197119],[13.91657461743985,45.623891079794596],[13.915972746199488,45.62365234406119],[13.916026645116535,45.62353925835893],[13.91582901575403,45.623294238554855],[13.914436627063644,45.62235812739118],[13.912837625857911,45.621553938876595],[13.912397451368692,45.62107016366658],[13.911687782294239,45.62066806161406],[13.911247607805022,45.62060523290785],[13.910906247997056,45.620686910212186],[13.910466073507836,45.62025967376525],[13.910016915865775,45.62029108832075],[13.90733095316626,45.618613526430615],[13.90590263186451,45.61785954968251],[13.905067198650277,45.61766477070808],[13.903387349068975,45.61704273009791],[13.902084791907,45.616395549209535],[13.901806314168924,45.616527499317236],[13.901509870125164,45.61636413247147],[13.901276308151292,45.61643953261327],[13.900961897801851,45.61630129894251],[13.900252228727396,45.616357849121734],[13.899964767836478,45.616137931437734],[13.89921018299782,45.61589916269004],[13.898787974814281,45.615497023553765],[13.897467451346625,45.614755571961155],[13.895724719695435,45.61278879270492],[13.894592842437444,45.612191833279724],[13.893344184192518,45.61184622228723],[13.892508750978287,45.61185878999699],[13.891457722095867,45.611330943761935],[13.890541440506064,45.61102931511145],[13.890101266016845,45.610652277017216],[13.889589226304897,45.61043233695842],[13.888843624619078,45.610319224592345],[13.888151921850309,45.60987934100024],[13.88756801691563,45.60905612100865],[13.883238137246172,45.60696973836802],[13.881423540372252,45.606460699501596],[13.879779623402314,45.60624074300663],[13.873832776221443,45.60502782455796],[13.873500399566318,45.60477015456715],[13.87323090498108,45.604210818075096],[13.87330277020381,45.60392172062344],[13.873033275618576,45.60356348910572],[13.873293787050969,45.60278417053464],[13.87314107345267,45.601759727235034],[13.873203955522559,45.60128835133491],[13.873033275618576,45.60040215392128],[13.872754797880498,45.600075325810224],[13.872575134823675,45.599434234370406],[13.872997343007212,45.598428585982205],[13.872808696797545,45.59724692609482],[13.871811566832175,45.595537246467],[13.87117376298045,45.59482067407338],[13.87051799282304,45.59252003770163],[13.870230531932123,45.5920925866751],[13.869098654674131,45.591533123794946],[13.867805080664999,45.591520551531325],[13.865199966341054,45.591118237608384],[13.864544196183648,45.590697062130516],[13.863798594497828,45.59055247877507],[13.862531969947218,45.58924492542883],[13.859495664286895,45.58842768911911],[13.858471584862999,45.58784304353519],[13.858085309290825,45.58740298370264],[13.858103275596509,45.58647884682477],[13.857690050565813,45.58621480492238],[13.857034280408406,45.5854603926434],[13.85630664502827,45.58517748542494],[13.855794605316323,45.58469339643301],[13.85555206018961,45.58464938813584],[13.85539934659131,45.584221877167934],[13.855471211814038,45.583033631054874],[13.855803588469165,45.582700414666704],[13.856019184137352,45.581461838301294],[13.85564189171802,45.58120406008959],[13.856082066207241,45.5807576608748],[13.856198847194177,45.58048101732659],[13.856091049360083,45.58038670671452],[13.85569579063507,45.58038041933475],[13.855561043342451,45.580525028891344],[13.854887306879363,45.580701074805376],[13.853539833953183,45.58066335072741],[13.854402216625935,45.58019808501513],[13.854321368250366,45.580110061338544],[13.85277626596168,45.58007233686348],[13.851931849594608,45.58021694721358],[13.843990742482992,45.57790313691776],[13.830587878443929,45.5776453423674],[13.81758925628272,45.576727332649924],[13.81497515880593,45.576633015732895],[13.806180652174401,45.57750072539412],[13.805911157589165,45.577362395766805],[13.805758443990866,45.577538451596965],[13.804707415108444,45.57766420542342],[13.80504877491641,45.577978588757404],[13.804617583580034,45.57812320449997],[13.804536735204461,45.57804146521297],[13.803593504156137,45.578374709252074],[13.803584521003296,45.57781510964339],[13.803458756863519,45.57775223293435],[13.797026819429222,45.578531899150086],[13.795373919306444,45.57828039510205],[13.794313907271182,45.578487886023],[13.792912535427956,45.5784941736147],[13.792472360938737,45.57864507560418],[13.792139984283613,45.578972028523495],[13.790271488492646,45.57918580440291],[13.790109791741502,45.57911664170746],[13.790037926518774,45.579210954452876],[13.789813347697745,45.57913550426921],[13.789660634099443,45.57928011703216],[13.785941608823189,45.57968251580366],[13.7827166569532,45.58100915382669],[13.782617842271945,45.58093999337722],[13.782339364533868,45.581053164977455],[13.781998004725903,45.581254358370174],[13.782024954184427,45.58152471085632],[13.781818341669078,45.58153099810795],[13.781737493293509,45.58140525294157],[13.779815098585493,45.58219115561099],[13.779572553458781,45.58218486843328],[13.77950068823605,45.5823231861801],[13.774470122644981,45.584372763763646],[13.77401198185008,45.5850957564075],[13.77348197583245,45.58536609039567],[13.773428076915403,45.58578730587575],[13.772835188827885,45.58569300417717],[13.77250281217276,45.58517119858167],[13.770589400617585,45.585950761778],[13.76979888316756,45.585856460354],[13.769691085333465,45.586327965889765],[13.768846668966393,45.58639711970199],[13.768720904826615,45.58666744742324],[13.768568191228317,45.58666116074683],[13.767858522153864,45.587120086274226],[13.76453475560262,45.58845912150489],[13.76438204200432,45.58837739726524],[13.76399576643215,45.58888660020399],[13.763663389777022,45.58876715795405],[13.758965200841079,45.59058390997098],[13.751805628026645,45.593557221511574],[13.751230706244812,45.59346921878098],[13.751060026340829,45.593242925411516],[13.750646801310133,45.593387501836155],[13.746775062435576,45.59277147796117],[13.746550483614547,45.59264575797221],[13.742337384932025,45.592268596315584],[13.741897210442808,45.592105158810575],[13.741394153883702,45.592136589136956],[13.73883395532396,45.591778282372715],[13.738474629210312,45.59120624402544],[13.738061404179618,45.59116852700646],[13.73740563402221,45.59133825339231],[13.737522415009146,45.59149540699563],[13.737136139436975,45.59162112956145],[13.736839695393215,45.59144511789043],[13.73589646434489,45.59137597029723],[13.72987775194129,45.590326173644925],[13.727640946883831,45.59040789504718],[13.727613997425308,45.590301028574146],[13.727982306691796,45.590018145751586],[13.728135020290098,45.58969754349579],[13.727901458316227,45.58945237582925],[13.72792840777475,45.58921977987365],[13.728404514875333,45.58890545948337],[13.728188919207145,45.58818251590594],[13.727137890324723,45.58742184348051],[13.726760597905395,45.58752242885545],[13.726742631599711,45.587126372899235],[13.725961097302529,45.58674917415246],[13.725655670105926,45.58679318080352],[13.725287360839438,45.58666116074683],[13.725323293450803,45.587440703252035],[13.724685489599077,45.587264678471314],[13.72455074230646,45.58638454628792],[13.723095471546186,45.58625881199235],[13.72252054976435,45.586327965889765],[13.722511566611509,45.58651028030186],[13.721343756742153,45.586774320814435],[13.719636957702326,45.58753500201465],[13.71927763158868,45.58796248775159],[13.719340513658567,45.588119650806995],[13.719942384898927,45.588239094434805],[13.719457294645501,45.58822652143331],[13.718505080444334,45.588698007061595],[13.717525916784647,45.58899346937008],[13.715702336757884,45.58925749820219],[13.714372830137386,45.58928264374048],[13.712881626765746,45.58915691593641],[13.71185754734185,45.58872315285052],[13.71177669896628,45.588811163023074],[13.711444322311158,45.58859113733295],[13.709405146616206,45.58795620122022],[13.70876734276448,45.587069793248794],[13.708111572607072,45.585711864529564],[13.708345134580943,45.585410098130986],[13.709962102092359,45.58447335460216],[13.71177669896628,45.583819510930056],[13.7120641598572,45.583568030566916],[13.711884496800375,45.58321595616598],[13.712216873455498,45.58300848271722],[13.711974328328786,45.583222243228214],[13.712055176704357,45.58331654907726],[13.712621115333352,45.583052492300716],[13.712944508835635,45.58323481735058],[13.71342959908906,45.58317823377779],[13.71395960510669,45.58278214717139],[13.714669274181146,45.58197110397246],[13.71628624169256,45.58070736214924],[13.717732529299994,45.58000946268206],[13.719151867448902,45.579613353720056],[13.722017493205241,45.579141791788395],[13.724038702594513,45.57858219982452],[13.724820236891695,45.57865765075167],[13.726266524499128,45.578242669397675],[13.726167709817874,45.578072903414366],[13.726320423416176,45.57822380653599],[13.72839553172249,45.577532163898255],[13.729195032325357,45.57704800898287],[13.729464526910593,45.57679021050661],[13.729509442674798,45.57651354741058],[13.7296621562731,45.576821649408544],[13.729850802482764,45.57659528892173],[13.729590291050371,45.57645695706392],[13.730012499233906,45.57628718568178],[13.729994532928224,45.57579673213909],[13.730470640028807,45.57535028993372],[13.730776067225408,45.57533771404556],[13.730551488404378,45.57540059345824],[13.730533522098694,45.57555779168189],[13.730551488404378,45.5757841563509],[13.73078505037825,45.575966505004004],[13.73229422005557,45.57620544372214],[13.733246434256735,45.57607339876674],[13.734504075654502,45.57557036752078],[13.736237824152855,45.574212160648905],[13.737890724275635,45.57126297800132],[13.738959719463738,45.57074732674995],[13.739319045577384,45.5704517684105],[13.738923786852371,45.56998012954129],[13.73965142223251,45.5705335187451],[13.740855164713228,45.57001786079656],[13.741501951717796,45.570005283714295],[13.742418233307598,45.57015620851574],[13.743056037159324,45.57011218882388],[13.744268762792883,45.569948686809205],[13.745337757980984,45.569596527007164],[13.746577433073071,45.56879158202562],[13.74733201791173,45.56793002656932],[13.747547613579918,45.56735774520302],[13.746703197212847,45.566791746908244],[13.748176434278802,45.56756527648218],[13.748481861475405,45.56753383239826],[13.748679490837908,45.567288567939585],[13.748176434278802,45.56702443578644],[13.74882322128337,45.56667225765027],[13.749784418637377,45.565471062042015],[13.750170694209547,45.565634577090556],[13.750521037170355,45.56552766345883],[13.751652914428346,45.56401198361415],[13.751185790480603,45.563232115810585],[13.751599015511298,45.56323840511036],[13.75192240901358,45.56274154825838],[13.751859526943692,45.56221323995006],[13.75198529108347,45.56175411083789],[13.751140874716397,45.560074798428325],[13.75055696978172,45.56050249324401],[13.73987600105354,45.56016285350946],[13.73754936446767,45.55474091903798],[13.745535387343493,45.55488559461651],[13.745238943299732,45.55448301816989],[13.746173191195217,45.55336962766765],[13.736758847017645,45.553086558768825],[13.734827469156787,45.548607590002526],[13.740953979394483,45.54819238661887],[13.741852294678603,45.54797849276973],[13.742148738722362,45.54775830707485],[13.74213077241668,45.547613613148584],[13.741043810922895,45.546946758065886],[13.738860904782484,45.54614777976651],[13.733623726676068,45.54602824660341],[13.732914057601612,45.54614777976651],[13.732698461933424,45.546286186269384],[13.732626596710693,45.545751431986695],[13.732258287444205,45.545751431986695],[13.73214150645727,45.545902421946614],[13.732159472762953,45.545669645589086],[13.730910814518026,45.54563189798082],[13.730003516081066,45.54527329443812],[13.729680122578781,45.54537395531263],[13.727964340386116,45.544732239149525],[13.72696721042074,45.544134555742446],[13.727066025101994,45.54403389264867],[13.72807213822021,45.544612702976465],[13.729401644840705,45.544449126748795],[13.729401644840705,45.54395839521003],[13.728674009460569,45.54383885739153],[13.729401644840705,45.54385144033175],[13.729473510063436,45.54367527891219],[13.729850802482764,45.543662695932525],[13.730030465539588,45.54381998297589],[13.730183179137889,45.543750776731024],[13.730246061207776,45.5435054084491],[13.729976566622542,45.54336699509968],[13.729976566622542,45.54324116448631],[13.730210128596413,45.54270638123748],[13.723841073232006,45.5379371480172],[13.723077505240505,45.53801265354158],[13.721029346392712,45.538899835858444],[13.718055922802275,45.540844037515896],[13.716025730260165,45.54169342490547],[13.715971831343118,45.542215634486205],[13.715244195962983,45.54245471677193],[13.71493876876638,45.54237292557807],[13.714238082844767,45.54254909107853],[13.714094352399309,45.54240438374364],[13.713618245298724,45.5425113413749],[13.713447565394741,45.542442133519074],[13.71170483374355,45.542819629879446],[13.710312445053166,45.542832213047795],[13.71021363037191,45.54302096023522],[13.709836337952582,45.54308387582354],[13.709773455882694,45.54292029514745],[13.70598256538371,45.543668987422706],[13.70380864239614,45.54356203199383],[13.701580820491525,45.543643821457756],[13.698284003398806,45.54358090649606],[13.696172962481125,45.54384514886199],[13.690037469090587,45.54216530124386],[13.688357619509285,45.54181296728577],[13.685159617097819,45.54141658894364],[13.683111458250027,45.540799994856876],[13.682392806022731,45.54035956636915],[13.680434478703349,45.53805669838399],[13.679419382432295,45.537370853352535],[13.676427992536178,45.53592992232185],[13.67509848591568,45.53479728686046],[13.673634232002565,45.534495246884646],[13.66953791430698,45.53555867210054],[13.669421133320045,45.537886810944606],[13.669250453416062,45.537886810944606],[13.669259436568902,45.537263885942174],[13.668846211538208,45.537301639169065],[13.668747396856954,45.53705624274118],[13.668091626699548,45.53712545722671],[13.667777216350105,45.53749669710422],[13.667363991319412,45.53761624840744],[13.666483642340975,45.53754703452602],[13.666456692882452,45.537773552366545],[13.66644770972961,45.53755332670058],[13.666294996131308,45.53754074235076],[13.66555837759833,45.537691754362726],[13.664713961231257,45.53773579945649],[13.664516331868754,45.53765400139777],[13.664489382410228,45.537748383762654],[13.664471416104547,45.53764770923447],[13.664318702506245,45.537691754362726],[13.664354635117611,45.53754703452602],[13.663393437763604,45.53755332670058],[13.661902234391965,45.5373142235724],[13.661731554487982,45.53750928146389],[13.661650706112411,45.53735197676549],[13.660896121273751,45.53735197676549],[13.660806289745338,45.537194671627034],[13.661057818024894,45.53692410575951],[13.66117459901183,45.5365088160814],[13.661048834872052,45.53592992232185],[13.661291379998763,45.535080447864495],[13.660051704906678,45.53500493840283],[13.660060688059518,45.53488538154784],[13.66119256531751,45.53494830624005],[13.661093750636256,45.53436939641594],[13.659108473858353,45.53309199822177],[13.661021885413527,45.534186912736054],[13.661318329457286,45.534136572306366],[13.661219514776034,45.53446378429388],[13.661551891431158,45.53464626707533],[13.661902234391965,45.53458963455135],[13.66208189744879,45.5341680350802],[13.66178545340503,45.5340233061748],[13.661426127291382,45.534117694633615],[13.661363245221493,45.53404218387924],[13.66163273980673,45.53391003981512],[13.662189695282883,45.533098290894834],[13.663716831265887,45.532513069288605],[13.662360375186866,45.53097762021236],[13.661866301780599,45.53105942798263],[13.662225627894248,45.530946155653645],[13.661677655570935,45.53022246594501],[13.660878154968069,45.529951866531704],[13.660743407675449,45.530039968809206],[13.660348148950437,45.529926694427076],[13.66006967121236,45.53029168884162],[13.660258317422027,45.529939280480804],[13.659872041849855,45.52963092135381],[13.6591623727754,45.52936031909456],[13.658910844495848,45.529536525364726],[13.659000676024258,45.529284801952656],[13.658578467840721,45.529020491157524],[13.658075411281615,45.52902678428613],[13.658093377587297,45.52881281751862],[13.657949647141837,45.52874359280192],[13.657293876984431,45.52873100648064],[13.656781837272483,45.529165232937274],[13.655236734983797,45.52936031909456],[13.655218768678116,45.52944842229864],[13.655137920302545,45.529366612185136],[13.654509099603661,45.52939178454043],[13.65374553161216,45.52956169764396],[13.65352993594397,45.52937290527502],[13.65330535712294,45.52958057684601],[13.653008913079182,45.529555404575206],[13.652865182633722,45.52941695688445],[13.652191446170633,45.52959316297718],[13.651778221139937,45.529555404575206],[13.651382962414925,45.52939178454043],[13.651373979262083,45.52897643923759],[13.650179219934204,45.52806392742258],[13.650179219934204,45.527793317624585],[13.649837860126238,45.527724091653205],[13.649873792737605,45.52761081260716],[13.649649213916575,45.527541586411154],[13.64833767360176,45.52756046629125],[13.646145784308507,45.528076513893126],[13.644160507530604,45.52897014610335],[13.643190327023756,45.5290016117675],[13.641788955180528,45.528466693083175],[13.640540296935601,45.52837229514024],[13.63744110920539,45.52861772946239],[13.633281909439916,45.52963092135381],[13.631539177788724,45.53024763791727],[13.629904243971628,45.53105313508146],[13.629562884163663,45.53112864984916],[13.629023894993189,45.531015377659585],[13.627326079106204,45.53171388586113],[13.624649099559527,45.53320526622903],[13.623112980423683,45.534652559574475],[13.621540928676474,45.53557125689393],[13.618711235531498,45.53575373608171],[13.618315976806485,45.535684519907775],[13.617866819164426,45.53543282401165],[13.617390712063841,45.53438827400419],[13.617040369103034,45.53409881695452],[13.616887655504735,45.53377789544048],[13.616285784264376,45.533450679462184],[13.615656963565492,45.53328707075907],[13.614174743346695,45.53318009558048],[13.612198449721632,45.533582824605666],[13.609503503869272,45.53346326472731],[13.608227896165824,45.53325560749237],[13.608129081484568,45.533123461580004],[13.607338564034544,45.53290321770272],[13.606754659099868,45.53255082570504],[13.607167884130561,45.53172017868838],[13.607113985213514,45.53119787163049],[13.606700760182822,45.530203586958415],[13.605874310121429,45.529102301774465],[13.605559899771988,45.52814573943079],[13.605631764994717,45.52686819987786],[13.60526345572823,45.52682414627231],[13.605299388339592,45.5266982786378],[13.606089905789618,45.52676750587164],[13.605919225885636,45.52671715880094],[13.606350417222014,45.52610669698305],[13.608084165720364,45.52438855754349],[13.608308744541393,45.52389765092237],[13.608757902183452,45.5236270210816],[13.608093148873206,45.524709532633466],[13.60843450868117,45.524860579100945],[13.608389592916964,45.5249927444273],[13.608012300497636,45.52508714804175],[13.607087035754992,45.52574796890701],[13.606503130820313,45.52675491910818],[13.60852434020958,45.52767374543868],[13.609350790270973,45.5278751300264],[13.609341807118131,45.52768003871795],[13.609467571257909,45.52799470178422],[13.609844863677237,45.52794435581192],[13.610491650681805,45.527522706524735],[13.611722342621048,45.52709476073283],[13.612279298097201,45.526584997525944],[13.612072685581854,45.5259053060641],[13.611614544786953,45.52543958680257],[13.611749292079573,45.52487945988087],[13.612225399180154,45.52443261305642],[13.612090651887538,45.524017231134984],[13.611722342621048,45.52362072734887],[13.610078425651109,45.52372772070932],[13.609692150078939,45.52370883954285],[13.609431638646544,45.52355149624252],[13.608012300497636,45.52355149624252],[13.607203816741928,45.52243119922319],[13.606817541169756,45.52219832569392],[13.60647618136179,45.52149969932262],[13.605973124802683,45.52152487519839],[13.6056497313004,45.52141787764857],[13.604895146461738,45.52095841526872],[13.603745302898067,45.521273115933745],[13.602936819142359,45.52173257574362],[13.601625278827544,45.522034684258855],[13.597663708424578,45.52212279893686],[13.597052854031377,45.52199692078317],[13.59588504416202,45.52138640774224],[13.595355038144392,45.521291997917665],[13.59318111515682,45.52182069089481],[13.589426157269202,45.52191509983221],[13.588743437653271,45.52180810302452],[13.587566644631075,45.521411583668716],[13.58738698157425,45.521336055855514],[13.587638509853806,45.52115982389712],[13.587135453294696,45.52099617944147],[13.585985609731024,45.52083882855448],[13.585114243905428,45.52102135554255],[13.582697775791146,45.52222350125707],[13.580514869650736,45.52356408372274],[13.579454857615476,45.52405499325458],[13.57768517650576,45.52463400924765],[13.574891415972147,45.525175257938955],[13.572519863622071,45.52582349079733],[13.572340200565248,45.52577314288171],[13.571109508626005,45.52596194733293],[13.571136458084528,45.52609411007174],[13.569564406337319,45.52628920688057],[13.567884556756017,45.526056349320896],[13.567821674686128,45.525798316845155],[13.569142198153784,45.52524448704709],[13.569914749298126,45.52471582624437],[13.570696283595309,45.524363382949176],[13.571810194547618,45.523186458090976],[13.571882059770347,45.522934706261616],[13.57130713798851,45.52199692078317],[13.571405952669764,45.52197174511861],[13.571576632573748,45.52217944401416],[13.572151554355584,45.52307946370114],[13.572394099482295,45.523104638869995],[13.572232402731153,45.523186458090976],[13.572430032093662,45.52367737091799],[13.572780375054466,45.523828420156796],[13.572915122347084,45.52377177673978],[13.572726476137419,45.52307316990717],[13.572510880469231,45.52307316990717],[13.573220549543686,45.52284029903516],[13.57355292619881,45.52229902787892],[13.573418178906191,45.52194027552211],[13.572528846774913,45.52115982389712],[13.572403082635136,45.52115982389712],[13.57175629563057,45.521871042347804],[13.571666464102158,45.52181439696001],[13.572142571202743,45.52131087989525],[13.571666464102158,45.52002059684837],[13.571684430407842,45.519076468555234],[13.571585615726587,45.51905129158388],[13.571702396713523,45.519044997339286],[13.571801211394778,45.518780638430435],[13.5715227336567,45.51861069276172],[13.571127474931687,45.51750918061216],[13.571325104294193,45.51665942793494],[13.572178503814106,45.51565859165818],[13.57279834136015,45.51557676148988],[13.572861223430037,45.515469752628704],[13.572861223430037,45.51512984077874],[13.57258274569196,45.51490952644603],[13.572861223430037,45.514500368968356],[13.57303190333402,45.51447518994949],[13.573615808268698,45.51249860181536],[13.574882432819306,45.51151028171519],[13.574918365430673,45.51135290430124],[13.575178876863065,45.51153546206059],[13.575448371448301,45.51135919940625],[13.576310754121057,45.51057860101581],[13.576310754121057,45.51036456408205],[13.576679063387546,45.51006868815689],[13.577819923798378,45.50943915973672],[13.578107384689297,45.509508408207594],[13.578628407554083,45.50965320018958],[13.57881705376375,45.509823172910565],[13.578313997204644,45.510282726215806],[13.578143317300661,45.51008127865347],[13.57768517650576,45.50995537356089],[13.577505513448935,45.51017570728809],[13.5778468732569,45.51044640182931],[13.57827806459328,45.51047787785425],[13.57888891898648,45.510163116812635],[13.578942817903528,45.51032679277396],[13.579616554366616,45.51084929361934],[13.579823166881964,45.51073598059488],[13.580478937039372,45.511101099523565],[13.58062266748483,45.51105073843285],[13.580577751720623,45.51133401898199],[13.58130538710076,45.51141585531963],[13.581574881685995,45.51154805222907],[13.58205098878658,45.51147251117598],[13.582589977957053,45.51166136361859],[13.582832523083763,45.51162359318077],[13.582616927415575,45.51139067492072],[13.583012186140587,45.51147251117598],[13.584620170499162,45.51077375162839],[13.586380868456036,45.509709857820276],[13.586398834761718,45.509590247199704],[13.588662589277702,45.50879073810289],[13.588869201793047,45.50890405504356],[13.589435140422044,45.5086774209341],[13.591097023697664,45.508652239310045],[13.591609063409614,45.50845078591211],[13.593351795060805,45.508658534717114],[13.593684171715928,45.50873407954701],[13.594016548371052,45.50902996248786],[13.595265206615977,45.50917475570061],[13.594573503847206,45.50821785452196],[13.59467231852846,45.508161195389405],[13.59542690336712,45.50913698359406],[13.597798455717196,45.508891464283636],[13.598256596512096,45.508488558479144],[13.59888541721098,45.507500167962355],[13.59880456883541,45.506581012162464],[13.598337444887667,45.50555481364038],[13.598319478581985,45.50490005143331],[13.59844524272176,45.50461044264333],[13.5988674509053,45.50471747215232],[13.599181861254738,45.50462933021853],[13.599747799883735,45.504131955291314],[13.599702884119528,45.503086824037645],[13.599837631412148,45.50306163991262],[13.599891530329195,45.50278461379379],[13.599675934661004,45.50252647459253],[13.599505254757021,45.50120427963908],[13.6000891596917,45.50115390969355],[13.599909496634876,45.50121057587911],[13.599945429246242,45.502507586311815],[13.600331704818412,45.50252647459253],[13.600322721665572,45.501468721113866],[13.600430519499666,45.501468721113866],[13.600421536346824,45.50249499412116],[13.60084374453036,45.50252017849966],[13.600870693988883,45.501468721113866],[13.600960525517296,45.50255165895695],[13.601535447299133,45.50252017849966],[13.601535447299133,45.50110353970294],[13.601715110355958,45.50101539211095],[13.601373750547992,45.50096502199643],[13.601526464146293,45.50074465221553],[13.600403570041143,45.50085798535344],[13.599127962337691,45.498383493292],[13.598642872084268,45.498780174911126],[13.597771506258672,45.49897536642798],[13.595301139227344,45.49875498885966],[13.59521130769893,45.49888091900432],[13.594932829960854,45.49862905843336],[13.593513491811946,45.498119037326695],[13.592902637418744,45.497615308242445],[13.59248941238805,45.49702342081026],[13.592282799872702,45.496097797140884],[13.592471446082365,45.49597186077191],[13.589327342587948,45.49373014627956],[13.593576373881834,45.49063189959253],[13.592866704807378,45.488685962402194],[13.59443875655459,45.487476802516035],[13.59513045932336,45.48791764506442],[13.596567763777951,45.48582676121167],[13.59722353393536,45.484604943757994],[13.597187601323993,45.48092673538292],[13.597609809507532,45.480775570997416],[13.597618792660372,45.479200917865704],[13.597295399158087,45.479049748849924],[13.594708251139824,45.47494913459378],[13.594510621777317,45.4748420485031],[13.593342811907963,45.47571762880379],[13.590584983985716,45.47418692916506],[13.590288539941957,45.474073542352656],[13.589929213828308,45.47440740286943],[13.58768342561801,45.472826272359406],[13.58754867832539,45.4729333622805],[13.58656053151286,45.472164830101626],[13.58678511033389,45.47196954566503],[13.588402077845306,45.47167976751214],[13.588716488194748,45.47128289501559],[13.589983112745355,45.47173016381967],[13.59100719216925,45.47089231935402],[13.591258720448806,45.46993476757061],[13.592282799872702,45.4697898734495],[13.592705008056237,45.46951898344133],[13.592830772196015,45.46935518885129],[13.59279483958465,45.468945700293794],[13.59303738471136,45.46869370585668],[13.594241127192081,45.468637006953074],[13.594914863655172,45.46794401574494],[13.595301139227344,45.46796291561817],[13.596046740913161,45.46826531272806],[13.596262336581352,45.468032215099136],[13.59617250505294,45.467843216314],[13.59663962900068,45.467534516935444],[13.596927089891599,45.467534516935444],[13.597106752948424,45.467301416284435],[13.597061837184219,45.46681001175406],[13.597232517088198,45.4666084086562],[13.598364394346191,45.466261901647144],[13.599532204215546,45.46635640376994],[13.59964000204964,45.4661610992082],[13.600223906984318,45.46594059324459],[13.600646115167853,45.46560668257195],[13.60114917172696,45.464730945185686],[13.602900886530996,45.46432772339789],[13.603278178950324,45.463974901967724],[13.60438310674979,45.463363759622666],[13.606341434069172,45.462891222340055],[13.607491277632846,45.462191859893125],[13.608838750559025,45.461933534633104],[13.60979096476019,45.461360174339205],[13.610177240332362,45.46081201124356],[13.610662330585788,45.46099473286761],[13.613132697617115,45.46036465580228],[13.614552035766025,45.459318712328205],[13.615755778246745,45.458732723468025],[13.61648341362688,45.458707519509474],[13.616734941906435,45.45845547930442],[13.61706731856156,45.458342060844586],[13.619492769828682,45.45804591156836],[13.622079917846946,45.458090019005965],[13.624451470197021,45.45868861653319],[13.624900627839082,45.458644509563825],[13.624685032170893,45.45815933062389],[13.624155026153263,45.45810262112465],[13.624011295707804,45.45773715853919],[13.62443350389134,45.457661545294755],[13.62420892507031,45.45711964740902],[13.6245772343368,45.457081840385456],[13.625080290895905,45.45773715853919],[13.625745044206154,45.45727087524984],[13.626221151306739,45.458090019005965],[13.626364881752195,45.45814042746382],[13.626337932293673,45.458260147370616],[13.626553527961862,45.45824754528713],[13.626760140477208,45.45760483529487],[13.627739304136899,45.45687390130269],[13.628080663944864,45.456981021532],[13.629023894993189,45.45658404554429],[13.629652715692073,45.45652103322574],[13.63126968320349,45.4554435116819],[13.632365627850113,45.454397476920875],[13.633587336636518,45.45427144732674],[13.634647348671777,45.45368540601418],[13.635806175388293,45.45362239045665],[13.636479911851382,45.45392486449062],[13.63744110920539,45.4537358184095],[13.638078913057116,45.45348375598225],[13.639417402830453,45.45410130692788],[13.64203150030724,45.45391226143825],[13.644798311382328,45.453130866691396],[13.64653205988068,45.45285989663005],[13.647196813190927,45.452563718562146],[13.647735802361398,45.45265194197906],[13.648795814396662,45.4515932518674],[13.649936674807494,45.4516499679129],[13.650466680825122,45.451252954396686],[13.651975850502444,45.450761409980814],[13.655191819219592,45.449998877473696],[13.656099117656552,45.44963966437352],[13.656197932337804,45.44972789236447],[13.657383708512842,45.44902836664567],[13.659279153762336,45.44814606958378],[13.659638479875984,45.447862471168655],[13.660680525605562,45.44788137777403],[13.662279526811295,45.4482910193342],[13.662872414898814,45.44815867392469],[13.66397734269828,45.44712510861634],[13.66479480960683,45.44707469031197],[13.66628601297847,45.44748433773051],[13.666519574952337,45.44730787459188],[13.666546524410862,45.44691713282041],[13.66759755329328,45.44661462120294],[13.667498738612029,45.44621126985606],[13.667678401668853,45.44499489598787],[13.668945026219463,45.44319234554828],[13.669367234402998,45.44282678633683],[13.670247583381435,45.442555766771726],[13.67209811286672,45.44283939186631],[13.672385573757639,45.44273224477593],[13.67299642815084,45.44219020343548],[13.674074406491783,45.4420074208791],[13.674523564133843,45.441805729095165],[13.674640345120778,45.4412636788531],[13.675817138142977,45.44120064941719],[13.675817138142977,45.4406018662643],[13.676419009383336,45.440255199429146],[13.677173594221998,45.43942319033436],[13.679051073165807,45.43840207149531],[13.679805658004465,45.43819406354034],[13.680820754275521,45.43825709633494],[13.681871783157941,45.438496620312264],[13.682662300607968,45.43892523962875],[13.682635351149441,45.43908281944125],[13.68209636197897,45.43915215441935],[13.681728052712481,45.4393601588424],[13.681503473891452,45.43963749688034],[13.681449574974405,45.4398454995142],[13.681728052712481,45.440129138233715],[13.682338907105684,45.440091319820155],[13.68366841372618,45.4404001694557],[13.684081638756876,45.44021107804278],[13.684440964870523,45.43956185936882],[13.686713702539347,45.43990853046398],[13.687989310242795,45.440582957219135],[13.688510333107585,45.44103677255433],[13.690028485937747,45.441553613351296],[13.690010519632063,45.442580977948985],[13.690217132147412,45.44283308910191],[13.691870032270192,45.44329949176481],[13.692426987746346,45.44357681043917],[13.694322432995836,45.44389824628775],[13.695499226018036,45.44481842506158],[13.695840585826002,45.44488145045576],[13.69689161470842,45.445467583249304],[13.697331789197637,45.445858335061665],[13.697161109293654,45.4460978267701],[13.697232974516385,45.446412945890025],[13.698427733844264,45.44648227186017],[13.698814009416434,45.446683946925226],[13.699236217599973,45.44720703826481],[13.69922723444713,45.44755366238394],[13.699370964892589,45.447723822535664],[13.700520808456263,45.447862471168655],[13.701050814473893,45.448152371754574],[13.701994045522218,45.44963966437352],[13.702245573801772,45.44962075835752],[13.70260489991542,45.44924893875475],[13.702937276570545,45.44921742850626],[13.70419491796831,45.449374979572674],[13.704751873444467,45.449608154343316],[13.706090363217804,45.44962706036356],[13.707069526877495,45.450030387285636],[13.70727613939284,45.45043371132361],[13.707141392100224,45.450893749283416],[13.70763546550649,45.451946150779435],[13.708659544930386,45.45223603037672],[13.710114815690659,45.452097392494345],[13.711111945656032,45.45279688015012],[13.712046193551515,45.45315607314255],[13.712423485970845,45.45311196184564],[13.712567216416305,45.45297962774793],[13.712944508835635,45.45210369422366],[13.712881626765746,45.45187683152456],[13.712612132180512,45.45182641746748],[13.71258518272199,45.45170038212769],[13.711534153839567,45.451145823286524],[13.712405519665165,45.450647976045694],[13.712513317499258,45.45046522089261],[13.712594165874828,45.44904097078942],[13.713052306669729,45.44814606958378],[13.715540640006742,45.44878888737919],[13.71793914181534,45.44900946042476],[13.722619364445604,45.45040220173699],[13.725916181538322,45.45118363428982],[13.727470266979848,45.45176970159944],[13.728638076849204,45.45183271922709],[13.730066398150955,45.45134117986403],[13.729805886718559,45.45329470842247],[13.729949617164019,45.45386815073281],[13.729266897548088,45.45465583670834],[13.73138692161861,45.455588442678625],[13.732195405374316,45.45539310081313],[13.733129653269803,45.45544981303733],[13.73401898540108,45.4549330995538],[13.734459159890298,45.4545298076916],[13.735087980589181,45.454649535264195],[13.735941380109095,45.454378572499714],[13.73657918396082,45.45459912368566],[13.736911560615944,45.45500241505216],[13.737225970965385,45.45487008539043],[13.737746993830175,45.45503392206871],[13.738429713446106,45.454970908018005],[13.73860937650293,45.45512214162138],[13.739489725481366,45.455065429067645],[13.740235327167186,45.455437210325776],[13.740729400573453,45.45519775827098],[13.741510934870638,45.4555128265529],[13.742103822958155,45.45554433328427],[13.742238570250773,45.455777482549344],[13.74267874473999,45.45597912437961],[13.742885357255341,45.456250079453646],[13.743406380120128,45.45644541835055],[13.743927402984918,45.45688650369317],[13.745382673745192,45.457107045070664],[13.746604382531594,45.457081840385456],[13.747260152689002,45.45727717640107],[13.749092715868604,45.456999925080744],[13.74964967134476,45.456684865107505],[13.749847300707266,45.456684865107505],[13.750574936087402,45.45616186166551],[13.750907312742527,45.4561051501574],[13.75355734283068,45.456596647999554],[13.755803131040977,45.456250079453646],[13.757276368106934,45.45671006997015],[13.75906401552233,45.45693691322693],[13.761327770038314,45.45769305082558],[13.7636364403185,45.45784427712859],[13.765388155122533,45.45902886913701],[13.766430200852113,45.46019453378742],[13.767822589542497,45.460736402122464],[13.767885471612386,45.461101845268466],[13.768397511324334,45.46129716735793],[13.768559208075475,45.461908332105345],[13.768765820590824,45.46188312956632],[13.769250910844248,45.46207214833443],[13.770194141892572,45.46270220631801],[13.770858895202823,45.46297312908613],[13.772098570294906,45.46294792702309],[13.772736374146632,45.46273370903237],[13.773194514941531,45.462374577045296],[13.773392144304038,45.46163110355638],[13.77362570627791,45.46130346805923],[13.774470122644981,45.460761605174085],[13.775080977038183,45.46071749982634],[13.776886590759263,45.461429481937294],[13.777416596776893,45.461479887409666],[13.778458642506473,45.46135387364424],[13.78024628992187,45.46071119905957],[13.78063256549404,45.45995510193396],[13.781360200874179,45.45963375758525],[13.781701560682144,45.45973457169571],[13.785609232168065,45.462235964087526],[13.78604042350444,45.46217295808498],[13.78692077248288,45.461492488770716],[13.788322144326106,45.4613160694597],[13.789606735182396,45.46152399216102],[13.791259635305176,45.46210365140084],[13.79130455106938,45.461908332105345],[13.792068119060884,45.46142318125007],[13.793298811000126,45.461152251033745],[13.795499683446218,45.46032685095445],[13.79753885914117,45.46000550872444],[13.802847902470317,45.45839877010303],[13.803045531832822,45.45807741688446],[13.803773167212961,45.45762373863451],[13.804168425937974,45.457554426358215],[13.804931993929474,45.45691170846569],[13.80640523099543,45.45597912437961],[13.807096933764203,45.4553426898993],[13.808911530638124,45.45482597543419],[13.809585267101214,45.45482597543419],[13.81007035735464,45.454302954751675],[13.81008832366032,45.453994181228225],[13.810663245442157,45.452910309763304],[13.812343095023461,45.452670846979025],[13.812145465660954,45.45259522694117],[13.812900050499616,45.45134748167785],[13.81060934652511,45.45030137094155],[13.809477469267119,45.449986273544006],[13.80902831162506,45.449601852335164],[13.808156945799462,45.44916701207207],[13.80797728274264,45.448908627139524],[13.80820186156367,45.44851789645666],[13.80954933448985,45.44868805369964],[13.809944593214862,45.44863763679226],[13.810654262289315,45.44879518947818],[13.811381897669452,45.44925524080233],[13.812909033652456,45.44938758363897],[13.813457005975769,45.44917961618484],[13.812432926551873,45.448297321488816],[13.811399863975135,45.44769861365668],[13.811678341713211,45.44759147579535],[13.81166935856037,45.44716292231503],[13.811911903687083,45.44701166736816],[13.811866987922878,45.446891923580914],[13.811399863975135,45.44661462120294],[13.810914773721711,45.44596547621481],[13.810061374201798,45.445366743632555],[13.809522385031325,45.4451335513284],[13.809558317642692,45.44477430724374],[13.810330868787034,45.444314219373176],[13.810214087800098,45.44294023600075],[13.809414587197232,45.442442316334656],[13.808570170830158,45.44166706557545],[13.808327625703445,45.44130779941632],[13.808381524620494,45.44082877431212],[13.808112030035257,45.44044429069419],[13.808067114271052,45.43990853046398],[13.808228811022193,45.439713134290464],[13.80954933448985,45.43903869713811],[13.810986638944438,45.43884960116243],[13.812145465660954,45.43889372361345],[13.812675471678586,45.43852813654937],[13.813555820657022,45.438238186503945],[13.815262619696849,45.438244489781646],[13.817472475295784,45.437456574612085],[13.817849767715112,45.43726116994745],[13.818451638955473,45.43663713116476],[13.819188257488452,45.436737986385054],[13.819080459654357,45.436057210149876],[13.820050640161208,45.43373116271142],[13.819906909715746,45.43364290970132],[13.819960808632793,45.433308807770004],[13.820113522231095,45.43320164258061],[13.819583516213465,45.432401049138996],[13.819520634143576,45.431505883968605],[13.81992487602143,45.429961375469404],[13.821856253882286,45.4298668123515],[13.823176777349943,45.429961375469404],[13.82398526110565,45.43014419704813],[13.824991374223865,45.43094482250394],[13.8285756522075,45.430453101128656],[13.82977939468822,45.43061070460004],[13.831558058950778,45.431102424602265],[13.840110020455594,45.43031440970979],[13.84021781828969,45.43045940527596],[13.843721247897756,45.42987311656429],[13.843882944648898,45.430358538834575],[13.844412950666527,45.4299928964735],[13.844691428404603,45.430011809067516],[13.844511765347782,45.42973442372025],[13.848374521069497,45.429337255963404],[13.855659858023703,45.428353780918364],[13.855758672704956,45.42805116976475],[13.856109015665764,45.42805747418033],[13.85616291458281,45.42797551672286],[13.855650874870863,45.427231589743535],[13.858220056583445,45.425800448405994],[13.858651247919822,45.42581936240476],[13.858821927823804,45.425731097023004],[13.85894769196358,45.42556087053986],[13.858750062601075,45.425453690638975],[13.858839894129487,45.42532129165693],[13.858956675116422,45.425352815252246],[13.859872956706225,45.42471603521318],[13.859639394732353,45.42430622247832],[13.859459731675528,45.42332265977674],[13.859226169701659,45.423133511138815],[13.858875826740851,45.42181575804175],[13.863097908576213,45.42223189392154],[13.863178756951786,45.42238321529918],[13.864265718445568,45.42272368691595],[13.865199966341054,45.423612686457396],[13.866322860446202,45.42396576040543],[13.867095411590547,45.42360638154539],[13.868290170918426,45.42229494454485],[13.86864051387923,45.42254714633395],[13.868164406778648,45.4230578515062],[13.868433901363883,45.42311459624017],[13.868406951905362,45.42325961030119],[13.868918991617306,45.42339201411853],[13.868990856840037,45.42313981610362],[13.869565778621874,45.42336048942828],[13.8700508688753,45.423001106715205],[13.871209695591812,45.423045241557574],[13.871793600526491,45.42278043198579],[13.872296657085597,45.42292544690515],[13.873078191382781,45.42279304199358],[13.873419551190747,45.42257236645088],[13.876913997645973,45.42269216185251],[13.881585237123392,45.422578671478355],[13.882447619796148,45.420945645836184],[13.88329203616322,45.42116632773725],[13.88275304699275,45.421979690724186],[13.882672198617177,45.42256606142271],[13.884244250364386,45.42249040102962],[13.891915862890768,45.42170226590585],[13.89201467757202,45.42292544690515],[13.891852980820879,45.42329743999497],[13.89193382919645,45.423927931159476],[13.89177213244531,45.42434405147078],[13.891951795502134,45.42568696428036],[13.894224533170956,45.428694216526985],[13.894907252786885,45.42983529127699],[13.895347427276105,45.43020723883451],[13.895823534376687,45.43127893842992],[13.89742253558242,45.43367442864934],[13.897736945931863,45.4335546565532],[13.898069322586988,45.433951794632904],[13.898527463381889,45.433781592940946],[13.898949671565424,45.434203944344105],[13.899982734142162,45.43404635090663],[13.899928835225115,45.43447500402711],[13.900243245574554,45.434210248072446],[13.902399202256442,45.43422915925326],[13.90199496037859,45.43478388440436],[13.901734448946193,45.43549619393145],[13.90178834786324,45.437185529250435],[13.90192309515586,45.43759524847971],[13.902920225121232,45.43814994054221],[13.90404311922638,45.43828230943306],[13.904914485051977,45.438742446494906],[13.906163143296903,45.439769862281516],[13.906378738965092,45.44053253306767],[13.909406061472575,45.440765744390376],[13.909756404433383,45.4410178636549],[13.910484039813518,45.4410998021733],[13.910672686023185,45.44126998179281],[13.911166759429449,45.44138343458731],[13.912666945953928,45.44233516849017],[13.913017288914734,45.44293393324764],[13.913313732958494,45.443141923728895],[13.913349665569859,45.44340033507685],[13.91365509276646,45.4436524425683],[13.913924587351696,45.44371546926513],[13.914625273273309,45.44445917897015],[13.914625273273309,45.44462934845652],[13.915182228749464,45.444975988415024],[13.914742054260245,45.44544237336202],[13.914373744993755,45.44679108651029],[13.914526458592057,45.446961248962396],[13.914894767858545,45.44683520275087],[13.915936813588123,45.44767970699006],[13.916826145719401,45.447900284373056],[13.917068690846115,45.44813976741227],[13.91974567039279,45.44909138733627],[13.919952282908138,45.44932456327929],[13.922036374367295,45.44899685627396],[13.924641488691242,45.44912289765518],[13.925782349102073,45.4490157624991],[13.926617782316306,45.44870065791944],[13.927578979670313,45.448007421647866],[13.928495261260116,45.447919190965756],[13.929088149347633,45.448089350014826],[13.929213913487411,45.44828471717889],[13.929734936352201,45.448486385799775],[13.930588335872114,45.448183882598066],[13.930444605426654,45.4486250325584],[13.9298876499505,45.44888341879005],[13.930049346701642,45.44900946042476],[13.930363757051085,45.44900946042476],[13.930193077147102,45.44925524080233],[13.92987866679766,45.449173314128814],[13.930516470649383,45.449790912273485],[13.930812914693144,45.44969638238353],[13.934379226371098,45.44982872418511],[13.949138546489182,45.44980981823247],[13.95168077874324,45.45214150458479],[13.96174190992538,45.45126555804333],[13.975602914759342,45.443211253718914],[13.977552258925883,45.44571337905999],[13.989706464720019,45.4516940803533],[13.99016460551492,45.45401308577825],[13.99092817350642,45.454126512945294],[13.991260550161545,45.45405719637032],[13.991637842580877,45.45441007986479],[13.991440213218368,45.455040223469894],[13.990658678921186,45.45633829710378],[13.989913077235366,45.45722046601464],[13.991179701785976,45.459476235176744],[13.991260550161545,45.45998660618329],[13.991386314301321,45.45998030533484],[13.991646825733719,45.4606229882507],[13.991188684938818,45.46164370488363],[13.991628859428035,45.46203434463149],[13.990568847392774,45.46370398401369],[13.989850195165477,45.46427732047163],[13.990595796851297,45.464976657048396],[13.992931416590007,45.46606659675799],[13.995329918398609,45.46554998056318],[14.001645074845966,45.46776131664363],[13.997261296259465,45.472177429074286],[13.995572463525319,45.47445149750679],[13.994772962922454,45.47526409250464],[13.991790556179176,45.47669397928284],[13.991637842580877,45.47760732409388],[13.991035971340516,45.47807343918852],[13.991754623567813,45.47809863448921],[13.992760736686025,45.47792226714787],[13.99669535763047,45.47792226714787],[13.997045700591274,45.477953761356446],[13.997333161482192,45.4781364274191],[13.995967722250331,45.479383579885315],[13.994198041140617,45.480473241009676],[13.99122461755018,45.48255172691288],[13.990281386501856,45.48340199450014],[13.989472902746147,45.4848001844084],[13.986831855810836,45.48685961715204],[13.985690995400006,45.4872500821477],[13.983481139801071,45.48856000945845],[13.98234027939024,45.48900714113392],[13.981855189136814,45.48939759124325],[13.978603287808301,45.49044927404177],[13.976941404532681,45.49115458324096],[13.974830363615,45.49165207281035],[13.97257559225186,45.492042504584624],[13.970662180696683,45.4917024512559],[13.966970104878953,45.501556867996115],[13.97114727095011,45.50435860770185],[13.97332119393768,45.50730500599964],[13.973976964095087,45.50751275903348],[13.973473907535979,45.50774569334144],[13.973464924383139,45.507877898871214],[13.973878149413833,45.50767644270193],[13.97393204833088,45.50782753489649],[13.974075778776339,45.50783383039579],[13.974120694540543,45.50769532924843],[13.978621254113984,45.50992389724374],[13.979268041118551,45.51064784808482],[13.979708215607769,45.510610076966834],[13.980498733057793,45.510786341967254],[13.982259431014668,45.51061637215493],[13.98323859467436,45.509823172910565],[13.984900477949978,45.50891664580065],[13.98527777036931,45.50838783157739],[13.986158119347746,45.50783383039579],[13.987927800457461,45.50692097564567],[13.989544767968878,45.50656842088292],[13.99038020118311,45.50624734230285],[13.991655808886557,45.50534075760288],[13.992931416590007,45.50524632085699],[13.99474601346393,45.50476783890968],[13.998456055587344,45.50414454711584],[14.002552373282928,45.504125659378],[14.004465784838104,45.50357161624865],[14.006513943685896,45.503716423501956],[14.002300845003376,45.50962801900208],[14.002255929239169,45.51015682157385],[14.002426609143152,45.510421220996676],[14.002291861850534,45.5107548661148],[14.002327794461898,45.5117369044182],[14.006729539354085,45.51565859165818],[14.016063035156085,45.51552640440408],[14.022090730712527,45.51217755706181],[14.02938505081958,45.507890489857864],[14.031235580304864,45.50693356684636],[14.03300526141458,45.504843388961206],[14.035251049624879,45.50263980414372],[14.040533143495502,45.49873609931367],[14.04622846239682,45.494844717729066],[14.047998143506536,45.49381200821006],[14.051312926904936,45.49381200821006],[14.05427736734253,45.49416464285796],[14.05691841427784,45.492590363962236],[14.05870606169324,45.490877498537486],[14.061472872768327,45.48929053261161],[14.064140869162163,45.489466864367024],[14.073591145951099,45.48356574826548],[14.073564196492576,45.48304299419521],[14.073995387828953,45.48256432356337],[14.074902686265913,45.48242576025301],[14.075504557506274,45.481096794831835],[14.07713050817053,45.48064330182739],[14.077777295175098,45.48025279103755],[14.078154587594426,45.48019610376245],[14.078828324057516,45.48037246398659],[14.079511043673447,45.48009532624367],[14.085143480504877,45.47958513728872],[14.096147842735341,45.47751284083442],[14.09719887161776,45.477689209457246],[14.104807602074253,45.47782148556211],[14.105705917358375,45.47830019648906],[14.109299178494851,45.47834428808042],[14.112595995587569,45.47796635903494],[14.116027559972908,45.477745899254494],[14.122486446865725,45.4765302055446],[14.131550448082491,45.479704811655836],[14.131487566012602,45.48042915108426],[14.130966543147814,45.48080706361117],[14.131307902955779,45.48124795835552],[14.13168519537511,45.481399121473615],[14.131810959514885,45.481732938589346],[14.131550448082491,45.48271548314963],[14.132233167698422,45.48353425719371],[14.132466729672293,45.484264845525225],[14.130472469741548,45.48545518035721],[14.13003229525233,45.48743271807144],[14.136437283228101,45.48558743823041],[14.131397734484192,45.49519104899799],[14.130535351811437,45.49726269520223],[14.127966170098855,45.50234388761355],[14.129511272387541,45.50957765659328],[14.123537475748144,45.50730500599964],[14.122333733267425,45.50483709312745],[14.120168793432699,45.5025453628669],[14.116854010034295,45.50357791222393],[14.116638414366108,45.50378567901318],[14.115578402330847,45.5039115979062],[14.114599238671156,45.50493153055984],[14.114599238671156,45.505120404949366],[14.109559689927247,45.512448241975136],[14.109236296424962,45.51257414149122],[14.098169052124609,45.513889774584946],[14.09538427474384,45.51213349195271],[14.096255640569435,45.51918347055778],[14.10101671157527,45.52065630097427],[14.104672854781636,45.52357037746179],[14.105867614109515,45.52552140262769],[14.106568300031126,45.52720174748603],[14.107385766939677,45.52818349877908],[14.106101176083387,45.52998962466753],[14.107224070188536,45.53179569256047],[14.108131368625497,45.53287804691897],[14.108679340948807,45.534212082934005],[14.105975411943609,45.538125911638055],[14.105427439620295,45.53938431958304],[14.105571170065755,45.539541618595926],[14.105481338537341,45.53961083002217],[14.10576879942826,45.539642289733216],[14.106325754904416,45.540038680584196],[14.105858630956673,45.54048540343197],[14.106029310860656,45.54093212273043],[14.106487451655557,45.54119637754605],[14.10643355273851,45.541643091195624],[14.106801862004998,45.54249875813473],[14.107286952258423,45.54337957814553],[14.109514774163038,45.545329916202206],[14.11123953950855,45.54624214787361],[14.111850393901749,45.54635538939303],[14.112533113517681,45.5461918182362],[14.1131260016052,45.5457828882618],[14.114221946251824,45.5461918182362],[14.114689070199567,45.54688384680067],[14.114823817492187,45.54736826172674],[14.116970791021231,45.548764863210586],[14.117060622549642,45.549230389327406],[14.116898925798502,45.549444278412686],[14.11755469595591,45.5500356145892],[14.117743342165573,45.550991804604664],[14.117042656243962,45.55323752902562],[14.116620448060425,45.553967212883],[14.116548582837694,45.55492962624041],[14.117069605702484,45.556590222297665],[14.117788257929782,45.557382762207524],[14.117824190541146,45.55860300021406],[14.118470977545712,45.559546465043525],[14.11847996069855,45.56004335015161],[14.118174533501952,45.560684891513326],[14.118758438436629,45.56181700545859],[14.119018949869025,45.562024557207415],[14.120815580437263,45.562596892905965],[14.121291687537846,45.56335790167242],[14.123070351800402,45.56551508537113],[14.122621194158341,45.565590553855074],[14.121210839162275,45.566150275279846],[14.120689816297485,45.56656534599349],[14.11845301124003,45.56617543116798],[14.118102668279223,45.56600562870447],[14.116916892104184,45.5662194539451],[14.114805851186503,45.56717536859747],[14.113467361413166,45.56828848555425],[14.112676843963142,45.56820044320847],[14.11132937103696,45.56828848555425],[14.111023943840362,45.56802435810293],[14.110466988364207,45.56694896922886],[14.109874100276688,45.56633265521358],[14.106191007611798,45.563420794497745],[14.104547090641859,45.56288620323833],[14.104088949846957,45.56260318227686],[14.103819455261723,45.564056008086695],[14.103406230231027,45.5646220339461],[14.102921139977603,45.56489246651005],[14.101034677880952,45.56558426481862],[14.098196001583133,45.56643956731323],[14.098968552727476,45.567275990246166],[14.09907635056157,45.56787342757312],[14.099273979924078,45.56806837943106],[14.099345845146807,45.56925065362384],[14.09966923864909,45.569671990007755],[14.099408727216694,45.57019393965274],[14.099884834317278,45.570640422849266],[14.09989381747012,45.570803922850295],[14.099399744063854,45.571344727155186],[14.098977535880318,45.57224395999447],[14.099121266325778,45.57264012094233],[14.098941603268953,45.57278475043332],[14.098815839129177,45.5736902483459],[14.098375664639958,45.57407382292053],[14.098366681487116,45.57428761744801],[14.097827692316644,45.57464603585923],[14.097441416744473,45.57518051520583],[14.097441416744473,45.57543203313817],[14.096983275949572,45.575771580559895],[14.097288703146173,45.57628718568178],[14.09750429881436,45.57724921672737],[14.097989389067784,45.57786541095994],[14.098636176072352,45.579934013571396],[14.098950586421795,45.5804873046951],[14.099166182089983,45.581191485512406],[14.098959569574633,45.58159387058553],[14.09907635056157,45.581883083075546],[14.09952550820363,45.58256209784925],[14.10125027354914,45.583417141808305],[14.096875478115477,45.58408356409895],[14.098591260308147,45.58535351675066],[14.09878888967065,45.58576844554871],[14.098806855976335,45.586334252603486],[14.10019026151388,45.58702578681459],[14.100720267531509,45.587679593142965],[14.100684334920144,45.588352251321425],[14.101115526256521,45.58894317802315],[14.101349088230393,45.58899975578528],[14.103765556344676,45.58839625671572],[14.104996248283918,45.58794991468815],[14.106460502197033,45.58893060517937],[14.107026440826028,45.58960324836616],[14.107322884869788,45.59057762373321],[14.107951705568672,45.59053362004908],[14.109236296424962,45.591237674855236],[14.110089695944875,45.592205735793065],[14.111823444443228,45.59340635960321],[14.112398366225065,45.59395323209151],[14.113745839151242,45.59592695743619],[14.114141097876255,45.597127501636564],[14.115335857204135,45.599094830054405],[14.1159826442087,45.599553653919244],[14.117357066593403,45.6001381775179],[14.118381146017299,45.60110608492515],[14.119036916174707,45.60130092141031],[14.11920759607869,45.60164659738018],[14.119477090663926,45.60172201730876],[14.120078961904285,45.60163402738223],[14.120465237476456,45.602237384107255],[14.120402355406569,45.602432216663765],[14.11996218091735,45.602740176421534],[14.11854284276844,45.603217824946434],[14.118192499807632,45.603689184635606],[14.117428931816132,45.604198248651656],[14.115452638191071,45.603884012150345],[14.115174160452993,45.60397199854815],[14.114033300042161,45.60391543587969],[14.112003107500051,45.60433651215462],[14.111212590050025,45.60483300101549],[14.11095207861763,45.60559343746053],[14.110736482949443,45.60575683568178],[14.109406976328945,45.60628473437461],[14.109056633368137,45.60629101885294],[14.108311031682321,45.60603963917075],[14.1077181435948,45.60606477718966],[14.107367800633993,45.606360148068056],[14.107367800633993,45.606517259603756],[14.107727126747642,45.606831481355066],[14.107691194136278,45.60706400431785],[14.106945592450458,45.607139416963655],[14.105777782581102,45.60764844967099],[14.103630809052056,45.60812605640588],[14.103172668257155,45.60835857400235],[14.102786392684985,45.60883617469081],[14.102894190519079,45.60936404440467],[14.10275046007362,45.61057058509605],[14.101915026859388,45.611645138547914],[14.1015467175929,45.61273852268255],[14.100855014824127,45.61326007197331],[14.100603486544573,45.613756481853265],[14.100720267531509,45.614699020166135],[14.100603486544573,45.61544047250645],[14.10117840832641,45.615836328640086],[14.101304172466186,45.616112797933226],[14.101241290396299,45.61745742460474],[14.101456886064486,45.61826167187649],[14.100971795811063,45.619750755513664],[14.101411970300282,45.62036648318218],[14.10206774045769,45.62079371881526],[14.100405857182068,45.622119385129835],[14.09973212071898,45.62213823324007],[14.099103300020095,45.62245236747765],[14.097728877635392,45.62260315128649],[14.096704798211494,45.62294869598554],[14.095042914935872,45.623137174014644],[14.09424341433301,45.62333821654727],[14.091593384244854,45.62468266995223],[14.089877602052185,45.62516013162716],[14.089024202532272,45.62621555879426],[14.088009106261218,45.62709506625426],[14.090093197720376,45.62849596749823],[14.090344725999929,45.62855250537844],[14.09041659122266,45.628320071506224],[14.090704052113576,45.62823840532232],[14.09171016523179,45.62823840532232],[14.0929767897824,45.62863417110472],[14.093839172455155,45.62934402971338],[14.094162565957436,45.629375439178645],[14.09442307738983,45.62955133185882],[14.095653769329076,45.6312222847909],[14.097360568368904,45.63134163666557],[14.09755819773141,45.632566549110415],[14.096623949835925,45.633401986857244],[14.096552084613196,45.634124347801695],[14.095572920953504,45.6348090117541],[14.094638673058022,45.63511051249316],[14.093542728411395,45.634997449906116],[14.09320136860343,45.635085387493525],[14.092482716376134,45.635455980095806],[14.092015592428393,45.63586425724407],[14.091961693511346,45.636486089031415],[14.09259051421023,45.63798725046497],[14.092491699528974,45.638910538987425],[14.091602367397696,45.63969563630658],[14.091755080995995,45.640857560150586],[14.091961693511346,45.641253236824554],[14.091701182078948,45.64223299560989],[14.092330002777832,45.64301176601203],[14.091880845135773,45.643463950310114],[14.09118015921416,45.64377168475919],[14.090407608069818,45.64375284392313],[14.09003929880333,45.64398521379168],[14.088116904095312,45.64618325946199],[14.087479100243588,45.64722573097033],[14.08689519530891,45.647583683580024],[14.084370929360533,45.64829330216683],[14.08395770432984,45.648732884392665],[14.083400748853686,45.64994485751875],[14.08291565860026,45.650321631385324],[14.0820083601633,45.650685843713795],[14.080391392651885,45.65023371770982],[14.079645790966065,45.65052885593159],[14.078927138738768,45.650365588171326],[14.07862171154217,45.65040326538901],[14.078594762083645,45.65071096171812],[14.078837307210359,45.65109400988824],[14.078037806607492,45.65193545076869],[14.077777295175098,45.65278315827524],[14.07847798109671,45.652977815224524],[14.078388149568298,45.6538003903462],[14.07846899794387,45.65393853154816],[14.079016970267181,45.65400132289095],[14.078963071350135,45.654208533822654],[14.079340363769465,45.65475481351302],[14.079888336092777,45.65511271800701],[14.081478354145668,45.65516922903381],[14.082448534652517,45.65538899359592],[14.081514286757034,45.655928982856885],[14.081460387839988,45.65623036994769],[14.081747848730906,45.65683941807592],[14.08223293898433,45.65759914923911],[14.083032439587196,45.65812655985268],[14.083032439587196,45.6588360448657],[14.084137367386663,45.65984688851481],[14.084802120696912,45.66110884782995],[14.086365189291278,45.66176806899782],[14.086383155596963,45.66215104154038],[14.086589768112308,45.66225149292115],[14.086607734417992,45.6624272824038],[14.085565688688412,45.66252145511389],[14.084972800600895,45.662803972293716],[14.084523642958835,45.66237705689365],[14.08419126630371,45.6625967931679],[14.084056519011092,45.66295464754001],[14.083221085796861,45.66320577204937],[14.082852776530371,45.66360756892136],[14.0820083601633,45.66353851028921],[14.081945478093411,45.66402191892531],[14.082403618888312,45.6641914248612],[14.082727012390594,45.664109810956134],[14.082906675447418,45.6643295404295],[14.08192751178773,45.66454926904043],[14.082223955831488,45.664894555115154],[14.082727012390594,45.66508289207646],[14.083239052102542,45.66553489819843],[14.084200249456552,45.66604967850323],[14.084784154391228,45.66679672930626],[14.084074485316776,45.66647028816496],[14.083706176050285,45.66641378854341],[14.082331753665581,45.66655817635181],[14.082475484111042,45.66670884149395],[14.08336481624232,45.66682811777722],[14.082664130320708,45.6670478365811],[14.082861759683214,45.66771954300448],[14.08329295101959,45.667920425602745],[14.08396668748268,45.66947724129553],[14.084541609264516,45.66945840910637],[14.0848650027668,45.67028074213086],[14.084227198915075,45.67029329673991],[14.083984653788361,45.67050672466253],[14.08472127232134,45.672622128002544],[14.083903805412792,45.67265351320684],[14.083005490128674,45.67783183087667],[14.08171191611954,45.677794172114304],[14.080777668224057,45.67803267718128],[14.079744605647319,45.67813937648738],[14.075657271104575,45.677951083456975],[14.072638931749932,45.67968335543666],[14.071300441976595,45.68019172942559],[14.071947228981161,45.681892552032025],[14.072270622483444,45.68204945188164],[14.072072993120937,45.68216869547307],[14.074264882414191,45.688130551004505],[14.074219966649983,45.68829998392877],[14.073025207322104,45.68820585458976],[14.072144858343668,45.68828115807364],[14.071587902867513,45.68845059054171],[14.07833425065125,45.69497021305256],[14.078226452817157,45.69827052140066],[14.078370183262615,45.69836463380123],[14.078208486511475,45.69836463380123],[14.077983907690443,45.70376642010138],[14.078307301192726,45.703521751170165],[14.078639677847853,45.703465288957034],[14.078756458834786,45.70326453395969],[14.079169683865482,45.70303868372599],[14.07937629638083,45.703126514480836],[14.079466127909242,45.70306377824145],[14.079618841507541,45.70321434509772],[14.07982545402289,45.70317042980653],[14.080112914913808,45.70350920401662],[14.080247662206425,45.70327080756427],[14.080166813830855,45.702819106235154],[14.08050817363882,45.702699906664684],[14.080615971472916,45.70230466416523],[14.0800679991496,45.702329759010176],[14.079852403481413,45.70204116761328],[14.080103931760966,45.70138869461603],[14.080229695900742,45.701256944336805],[14.080544106250185,45.70127576582427],[14.081307674241685,45.70214154739856],[14.081460387839988,45.70283165354357],[14.081604118285446,45.70250542260939],[14.082143107455918,45.702612075239614],[14.081918528634889,45.70289439004345],[14.082484467263884,45.7031139672386],[14.08239463573547,45.703446468206664],[14.082682096626389,45.703590760464294],[14.082556332486611,45.70379778783563],[14.082852776530371,45.70390443800044],[14.083104304809925,45.703741325901305],[14.083337866783797,45.703810334924405],[14.084155333692344,45.70460706929472],[14.083804990731538,45.70487055375332],[14.082996506975832,45.704732538239405],[14.082718029237755,45.705033662557746],[14.082789894460483,45.70534733199787],[14.08328396786675,45.70559826628277],[14.083634310827556,45.70596839229697],[14.084011603246887,45.70586174606963],[14.08449669350031,45.70529087162853],[14.084712289168499,45.70567354634859],[14.085781284356603,45.70569863968134],[14.085754334898079,45.70598093889856],[14.085987896871949,45.70645143442595],[14.085242295186129,45.70679646196257],[14.0850177163651,45.70711012151149],[14.08531416040886,45.70720421903297],[14.085359076173065,45.70732968214853],[14.085619587605459,45.70732340899944],[14.08570043598103,45.707467691250415],[14.08539500878443,45.707473964383304],[14.085565688688412,45.70771234291179],[14.0856285707583,45.70763079247696],[14.085655520216825,45.70773743532933],[14.086535869195261,45.707925628101876],[14.086634683876516,45.708069908798414],[14.08734435295097,45.7077562546351],[14.087964190497011,45.7076621580429],[14.087218588811192,45.70609385818629],[14.09049743959823,45.7053034183822],[14.09141372118803,45.70693447238092],[14.092554581598863,45.706852920811265],[14.092994756088082,45.70677136912261],[14.09372239146822,45.706426341431126],[14.09650716884899,45.70601230539026],[14.097252770534807,45.70568609301637],[14.097603113495614,45.705253231350625],[14.097890574386533,45.70512776357458],[14.09959737342636,45.70467607724913],[14.10019924466672,45.70469489758556],[14.10335233131398,45.70910495505019],[14.104502174877654,45.71103071737314],[14.103208600868522,45.71412308937621],[14.102723510615096,45.715703708372764],[14.10027110988945,45.72131705338185],[14.100325008806497,45.72155537286905],[14.100477722404799,45.721411126985075],[14.100585520238893,45.72142994168673],[14.100531621321846,45.72156164442077],[14.100765183295717,45.72156164442077],[14.101070610492316,45.72125433755837],[14.10132213877187,45.721248065972155],[14.101411970300282,45.721580459071724],[14.101690448038358,45.721191621664495],[14.102355201348608,45.721191621664495],[14.102795375837825,45.72156791597179],[14.102696561156574,45.721699618380605],[14.102822325296348,45.721843863519744],[14.103118769340108,45.721881492625236],[14.102822325296348,45.72218252455676],[14.103415213383869,45.722464740519456],[14.103361314466822,45.722841026252155],[14.102400117112813,45.72259016937862],[14.101932993165072,45.72280339779293],[14.102022824693481,45.72223896786333],[14.101744346955405,45.722307954049505],[14.101663498579835,45.722452197618054],[14.101456886064486,45.72236439722937],[14.101034677880952,45.72255881219023],[14.100585520238893,45.7223769401505],[14.10050467186332,45.722169981592],[14.1009358631997,45.722019465795185],[14.100837048518445,45.72195675076018],[14.100980778963905,45.721699618380605],[14.100702301225828,45.721881492625236],[14.100010598457056,45.72189403565476],[14.099543474509312,45.722997811226115],[14.0959861459842,45.72298526844439],[14.095285460062586,45.723292565786025],[14.093452896882981,45.72343680681245],[14.092958823476716,45.72338036471603],[14.092653396280117,45.723116967512055],[14.092213221790896,45.72307933923869],[14.091835929371568,45.72319222398277],[14.09283305933694,45.724703603307304],[14.093300183284683,45.724346143839284],[14.093650526245488,45.7244339411135],[14.094467993154039,45.724966993030684],[14.095321392673952,45.72489173895072],[14.09643530362626,45.72497953536749],[14.096794629739907,45.725148856638725],[14.09674073082286,45.724954450691065],[14.096947343338208,45.72491055248022],[14.097135989547875,45.72500462003264],[14.097010225408097,45.72416427761803],[14.097468366202998,45.72435868631548],[14.097890574386533,45.72432733011971],[14.097800742858121,45.72408902245674],[14.097279719993331,45.72370020250847],[14.09755819773141,45.72367511725759],[14.097845658622328,45.72378800079785],[14.098187018430293,45.72412665005005],[14.09846549616837,45.72414546383722],[14.09862719291951,45.72437122878886],[14.098339732028592,45.72467224730514],[14.098429563557005,45.72505478932918],[14.098995502186,45.724954450691065],[14.098797872823493,45.72478512883058],[14.101115526256521,45.72363748936015],[14.101789262719613,45.724277160169876],[14.101834178483818,45.72460326403842],[14.10147485237017,45.724885467772815],[14.100253143583767,45.725424786499644],[14.099875851164436,45.72604562370351],[14.100522638169004,45.726095792065145],[14.10109755995084,45.72665391204954],[14.10132213877187,45.726622557142086],[14.101367054536075,45.726948647319446],[14.1009358631997,45.72695491826574],[14.100316025653655,45.72669780889043],[14.09975008702466,45.72713050447615],[14.099642289190566,45.72748794612763],[14.099345845146807,45.72773251015026],[14.09929194622976,45.728146385287694],[14.099956699540009,45.72821536417913],[14.100253143583767,45.72834705091715],[14.101385020841759,45.72812130203332],[14.101816212178136,45.72824044739125],[14.101717397496882,45.728579069652554],[14.101941976317912,45.72862296498057],[14.1015467175929,45.72887379476463],[14.101151458867887,45.72866686027408],[14.10041484033491,45.72857279888859],[14.09996568269285,45.72872329702936],[14.099399744063854,45.72872329702936],[14.098887704351906,45.72855398659248],[14.097764810246755,45.728811087424205],[14.09704615801946,45.72975796077021],[14.09553698834214,45.7278328437985],[14.095339358979633,45.72806486466981],[14.094746470892115,45.72788928139644],[14.09455782468245,45.72817773933982],[14.093911037677882,45.72779521870152],[14.09268034573864,45.728190280955744],[14.091728131537474,45.72796453143832],[14.090847782559035,45.72795826060537],[14.089922517816394,45.72856025735856],[14.092222204943738,45.731432194223295],[14.090955580393128,45.73224734590303],[14.088368432374866,45.729607465417224],[14.08786537581576,45.72870448478395],[14.087452150785063,45.72891768986103],[14.087964190497011,45.73009030323822],[14.08750604970211,45.73103088441062],[14.089509292785698,45.73338853826714],[14.089185899283416,45.73359545526436],[14.085951964260586,45.734040637719836],[14.089635056925475,45.736116018950305],[14.091512535869285,45.73549529367588],[14.092249154402264,45.736460863343616],[14.087137740435622,45.73918819397304],[14.08734435295097,45.73942643721859],[14.087227571964034,45.73952674985997],[14.08734435295097,45.73993426811233],[14.087245538269716,45.74002831036356],[14.087020959448687,45.73998442399937],[14.086697565946402,45.74054240520392],[14.086401121902645,45.74034178339038],[14.085520772924207,45.74054240520392],[14.085188396269082,45.74085587534442],[14.08449669350031,45.741087842115334],[14.084739238627023,45.74154550345851],[14.08434397990201,45.74190285285795],[14.084083468469617,45.74244827647895],[14.083598378216191,45.74241066122788],[14.082547349333773,45.7431128084024],[14.082188023220123,45.74300623306044],[14.081738865578064,45.743626874841446],[14.08178378134227,45.74386509914716],[14.0812447921718,45.744203626675024],[14.081020213350769,45.74449826933394],[14.080076982302442,45.744761565713404],[14.077561699506907,45.74512516343398],[14.07540574282502,45.74506247434078],[14.074965568335802,45.74548248992108],[14.072872493723803,45.745952652866784],[14.068551597207188,45.74634131791211],[14.067320905267946,45.746617143076804],[14.06389832403545,45.74684281719782],[14.061014731973426,45.74731923734609],[14.060592523789891,45.74784580225292],[14.06015234930067,45.747996248456815],[14.060026585160896,45.74723147604535],[14.059379798156328,45.74688669817096],[14.05886775844438,45.747162520640835],[14.058292836662543,45.74722520737572],[14.058005375771625,45.74660460559888],[14.056586037622717,45.74672998025135],[14.056415357718734,45.74731923734609],[14.055948233770991,45.748015054203776],[14.054843305971525,45.747632669436626],[14.054295333648215,45.747958636943864],[14.054061771674343,45.74859802921747],[14.053684479255011,45.748836232309586],[14.053289220529997,45.74888011171568],[14.05253463569134,45.749174729691816],[14.052992776486239,45.74939412504681],[14.05255260199702,45.74962605634156],[14.05224717480042,45.750522430393524],[14.052354972634514,45.75066033281611],[14.051986663368025,45.75079196662892],[14.051591404643013,45.751149256841614],[14.050486476843547,45.75115552507054],[14.050845802957193,45.75170085829269],[14.050989533402653,45.751656981104105],[14.051106314389589,45.75177607624999],[14.051609370948695,45.751851294105926],[14.051887848686773,45.75210201956025],[14.050459527385023,45.752829117008254],[14.049848672991821,45.75368783196648],[14.04931866697419,45.7539072095814],[14.047836446755392,45.75509183380023],[14.047611867934362,45.75543656099212],[14.047225592362192,45.757022278646794],[14.047548985864474,45.75699094078967],[14.048878492484972,45.76035652608706],[14.049570195253745,45.76114618708803],[14.04923781859862,45.76123392650937],[14.052292090564627,45.769029649969866],[14.056127896827816,45.76717481775451],[14.057394521378425,45.767036956140906],[14.058876741597222,45.766347642962145],[14.05946962968474,45.7682275679322],[14.059730141117136,45.770220219227845],[14.059209118252346,45.77316520241873],[14.059685225352931,45.773133873628666],[14.059550478060313,45.77424916771602],[14.059173185640983,45.774374480264584],[14.058804876374493,45.77606617211028],[14.059280983475077,45.77646715820908],[14.058571314400622,45.77713755040287],[14.058391651343797,45.77807107377026],[14.059586410671676,45.78659736587621],[14.06096083305638,45.79495324498555],[14.068982788543568,45.79970689292671],[14.071803498535703,45.79390726274814],[14.075136248239785,45.80846782434693],[14.070006867967464,45.81466665030862],[14.054367198870942,45.8329961100074],[14.107628312066389,45.84478687483899],[14.104753703157206,45.84678930429033],[14.11568620016494,45.857782609120825],[14.116413835545078,45.85740723329462],[14.117042656243962,45.8574697961083],[14.117060622549642,45.85765748412698],[14.117967920986603,45.85793275874177],[14.118857253117882,45.85869601304601],[14.119593871650862,45.85895251418961],[14.120528119546345,45.860572823335744],[14.122764924603803,45.8603976570558],[14.123097301258927,45.86061661481949],[14.123528492595304,45.86054779961525],[14.123474593678257,45.86036012135259],[14.124381892115217,45.859978506931526],[14.12544190415048,45.860141162578806],[14.125953943862427,45.86000353090823],[14.126394118351646,45.86004106685217],[14.126753444465294,45.85986589889697],[14.127193618954513,45.859965994938946],[14.127265484177242,45.860535287750785],[14.127948203793173,45.861016992500296],[14.128217698378409,45.86144239062707],[14.12837939512955,45.86218057376956],[14.128334479365344,45.862681031342134],[14.128541091880692,45.8629250027754],[14.129035165286956,45.86316271750106],[14.129340592483558,45.86361937714857],[14.130454503435864,45.86418237703035],[14.131397734484192,45.86492677923189],[14.134182511864962,45.864933034670344],[14.134730484188275,45.865746235675395],[14.13566473208376,45.866334235145395],[14.136257620171278,45.86729753998448],[14.137739840390076,45.86889884095858],[14.137901537141216,45.86894262588416],[14.138548324145784,45.86873621093303],[14.140524617770845,45.868454734764356],[14.141162421622571,45.86811696148043],[14.141575646653264,45.868029390294],[14.142779389133985,45.868254573066096],[14.143300411998775,45.868141981794075],[14.143758552793676,45.86823580786992],[14.144980261580077,45.86877374098117],[14.14528568877668,45.869092745367155],[14.14544738552782,45.869518081700534],[14.146309768200576,45.86951182677804],[14.146929605746617,45.86989337576235],[14.14770215689096,45.870118550983115],[14.147971651476198,45.87070650420324],[14.148474708035303,45.87081283550445],[14.148860983607475,45.87117561135415],[14.151088805512092,45.87164471454567],[14.151654744141087,45.87165722390992],[14.15198712079621,45.87178857206445],[14.152283564839971,45.872163850795566],[14.15492461177528,45.8725829090506],[14.15558038193269,45.872876873403506],[14.155786994448036,45.87285810976786],[14.156361916229873,45.87241403520853],[14.156290051007144,45.87124441340334],[14.15640683199408,45.870944185654544],[14.157053618998646,45.87070650420324],[14.15762854078048,45.870318705969076],[14.158841266414042,45.86890509595007],[14.159667716475434,45.86881752600529],[14.161644010100495,45.86786050261625],[14.162569274843138,45.867722890055],[14.17934082119765,45.869787042702114],[14.188494653942827,45.87275178237956],[14.195663209910101,45.874759459308805],[14.196705255639682,45.8734022526295],[14.196588474652746,45.87288312794731],[14.196238131691938,45.87230145236206],[14.197486789936864,45.87108179024071],[14.198034762260177,45.87085036415044],[14.199067824836915,45.87062519189446],[14.199148673212486,45.871012987990206],[14.20002003903808,45.871012987990206],[14.200936320627882,45.87082534505594],[14.201385478269943,45.87091291183743],[14.20166395600802,45.871100554476065],[14.202463456610886,45.87123815867511],[14.202822782724533,45.87054387946673],[14.203487536034782,45.87006225726345],[14.205248233991657,45.87001221835366],[14.20511348669904,45.86913653013999],[14.20828453965198,45.866252916440345],[14.2097937093293,45.865746235675395],[14.210745923530467,45.86530835968931],[14.212156278526535,45.86443885286397],[14.213440869382827,45.86408228857919],[14.213952909094775,45.86349426528944],[14.214698510780595,45.86396343330937],[14.216234629916439,45.86414484388228],[14.217555153384094,45.86513946374436],[14.220555526433053,45.86505188786718],[14.22097773461659,45.8645264297069],[14.222963011394494,45.863907133356044],[14.22383437722009,45.86318148440981],[14.224741675657052,45.8629250027754],[14.225379479508774,45.861805227633745],[14.226376609474148,45.86081054811867],[14.228128324278181,45.85959063385237],[14.229727325483914,45.858902465278895],[14.229951904304944,45.85853960932894],[14.225397445814458,45.85604960290121],[14.226196946417325,45.85546149465386],[14.226708986129273,45.85469819595187],[14.226816783963367,45.85417889658421],[14.22722102584122,45.853934886773],[14.228074425361134,45.85404125015567],[14.229062572173667,45.85437910896299],[14.231227512008392,45.85467316958753],[14.231730568567501,45.85523000353145],[14.231910231624324,45.85526754269785],[14.233167873022092,45.85499225488916],[14.234380598655653,45.85446044503597],[14.236150279765369,45.8539536567965],[14.237614533678483,45.85490466302788],[14.238054708167702,45.85499225488916],[14.239231501189897,45.85561790702889],[14.240363378447888,45.85517369473435],[14.241082030675186,45.85436033908309],[14.241225761120644,45.85434156919687],[14.241369491566104,45.85437285233706],[14.24118982850928,45.854529267774055],[14.24135152526042,45.854629373422846],[14.241692885068385,45.85448547149604],[14.242142042710446,45.85473573547725],[14.242402554142839,45.854541780990004],[14.242654082422394,45.85467316958753],[14.242645099269552,45.85491091959398],[14.242402554142839,45.855098616249514],[14.24277984656217,45.85520497740645],[14.242663065575236,45.85539892958067],[14.242833745479219,45.85547400766006],[14.243246970509913,45.85551154666174],[14.243408667261054,45.855348877471435],[14.243579347165038,45.85543021212606],[14.244315965698016,45.85474824864674],[14.244792072798598,45.854641886616264],[14.245366994580435,45.854704452541185],[14.247603799637893,45.85564293296807],[14.248636862214632,45.855755549555],[14.24955314380443,45.85532385139992],[14.249957385682285,45.85481707102864],[14.250361627560139,45.853534458096114],[14.250119082433425,45.85316531035549],[14.248933306258388,45.85245829174056],[14.247046844161739,45.85279616016459],[14.245645472318511,45.85276487613749],[14.245151398912245,45.852552144286456],[14.244702241270186,45.8521829900256],[14.244522578213362,45.851757521058346],[14.244998685313947,45.851056741546394],[14.245340045121912,45.85085651720689],[14.247855327917446,45.850737633664274],[14.24895127256407,45.850499865816715],[14.249400430206132,45.85027461112878],[14.249526194345908,45.849924213134315],[14.249068053551007,45.84909200905041],[14.248987205175435,45.848528856366045],[14.250163998197634,45.84722732612448],[14.250451459088552,45.84713346459324],[14.251035364023227,45.84730867265679],[14.251619268957906,45.848172190050256],[14.252266055962474,45.84854137093208],[14.253245219622162,45.84872908908482],[14.25373929302843,45.84873534634566],[14.254269299046058,45.84859142916809],[14.254844220827895,45.84784680825854],[14.25466455777107,45.84737750424504],[14.254035737072186,45.84675801688449],[14.25405370337787,45.84657029207983],[14.254835237675053,45.845725522619134],[14.255302361622796,45.84496834797816],[14.255598805666557,45.8447931325433],[14.256335424199534,45.84493080186001],[14.256865430217166,45.84526871601114],[14.257485267763208,45.84588821995715],[14.258311717824597,45.84708340504515],[14.261500737083221,45.85036846735962],[14.26231820399177,45.850818975063],[14.26419568293558,45.851181881392556],[14.26599231350382,45.85212042126395],[14.267726062002168,45.85150724367485],[14.267878775600469,45.851188138377466],[14.267510466333981,45.85073137662869],[14.267043342386238,45.8504247810221],[14.264833486787305,45.84973024186673],[14.263944154656027,45.84925469654219],[14.26359381169522,45.84830985100455],[14.263836356821933,45.8476403149804],[14.264078901948643,45.84747762276683],[14.264986200385604,45.84724609841173],[14.265632987390171,45.84760902805321],[14.267914708211835,45.84851634179718],[14.26869624250902,45.84871031729806],[14.269630490404504,45.84859768644443],[14.270825249732383,45.84822850593637],[14.271669666099456,45.84788435240857],[14.27254103192505,45.84725861326637],[14.272882391733015,45.84713972203359],[14.273259684152347,45.847145979473225],[14.27419393204783,45.84766534450948],[14.275271910388772,45.84889177763808],[14.27704159149849,45.84856014277587],[14.277688378503056,45.84825979251512],[14.278029738311021,45.8474963949696],[14.278802289455363,45.846745501917226],[14.28200029186683,45.84533129248054],[14.282215887535019,45.84511227452967],[14.282126056006605,45.84384195341032],[14.282323685369112,45.843491514893344],[14.283464545779944,45.84265295662408],[14.284255063229969,45.842846952571364],[14.284290995841333,45.84303468994078],[14.284919816540217,45.843466483486225],[14.285368974182276,45.84648894446774],[14.30516784304427,45.875059666447775],[14.306901591542623,45.87804288675613],[14.30681176001421,45.87849317024957],[14.306227855079534,45.879024750232695],[14.30552716915792,45.88036931219567],[14.305401405018142,45.88143243117835],[14.305473270240872,45.88242048822917],[14.306299720302261,45.882758174584616],[14.306829726319892,45.88312087245797],[14.307359732337524,45.883814994544586],[14.307530412241507,45.883852514410314],[14.308338895997212,45.88347731461275],[14.308940767237575,45.88394006066514],[14.309749250993281,45.883990087034526],[14.31004569503704,45.884165178972616],[14.311707578312662,45.885572147726734],[14.31260589359678,45.885941080302935],[14.313261663754188,45.88666017912952],[14.313549124645107,45.886703950061886],[14.31395336652296,45.8872667161199],[14.316082373746324,45.888773650489654],[14.316324918873036,45.88883617800337],[14.316765093362255,45.888742386706404],[14.317304082532726,45.88824216378112],[14.31792392007877,45.88801080915465],[14.318570707083333,45.88804207334967],[14.318939016349825,45.88824216378112],[14.320358354498733,45.88832345031303],[14.321301585547058,45.88881116700634],[14.322190917678336,45.88964277661978],[14.322873637294267,45.88988037707959],[14.324283992290333,45.88921759431283],[14.3250834928932,45.88913005637502],[14.326269269068238,45.88856105641651],[14.327446062090436,45.88880491425531],[14.328712686641044,45.88874863946446],[14.329772698676306,45.88854855085746],[14.330697963418947,45.8877044191122],[14.332278998319,45.88699783971456],[14.334434955000887,45.88657889016363],[14.334911062101469,45.88629125132913],[14.338845683045912,45.885234478475546],[14.340381802181756,45.88502812403386],[14.341396898452812,45.88467169182911],[14.34213351698579,45.88464042573714],[14.34273538822615,45.88432151059388],[14.345475249842714,45.88475923679302],[14.347406627703572,45.884665438612124],[14.349077494132032,45.88476548999947],[14.34920325827181,45.88323343338549],[14.350155472472975,45.88313963262839],[14.35106277090994,45.883583621479325],[14.352239563932136,45.88333974071874],[14.351853288359964,45.88305208511222],[14.352329395460545,45.88258307821209],[14.3528863509367,45.88279569516408],[14.35340737380149,45.882808202018275],[14.353380424342967,45.882708147105916],[14.353730767303771,45.882495529818875],[14.353820598832185,45.88224539079238],[14.353470255871377,45.88178888416584],[14.355275869592457,45.881313613007656],[14.355311802203824,45.880525654498314],[14.355545364177695,45.88035680479244],[14.355599263094742,45.88000659635928],[14.356425713156131,45.8792186193139],[14.357108432772062,45.87816796587032],[14.3575306409556,45.877917807360355],[14.358339124711305,45.87714230882239],[14.358491838309607,45.8766107108304],[14.358725400283475,45.87627924127305],[14.359003878021555,45.87619168294665],[14.358985911715871,45.87599780330437],[14.359965075375563,45.87567258432092],[14.359740496554533,45.874427978708894],[14.360872373812525,45.872195123908774],[14.361070003175028,45.870237393092964],[14.361465261900042,45.869574375971354],[14.361626958651183,45.868679915813324],[14.361447295594358,45.867854247507225],[14.361105935786394,45.86740387780725],[14.359623715567597,45.86712239489176],[14.360504064546033,45.86700980132647],[14.361114918939235,45.86671580594187],[14.361887470083579,45.86657819054675],[14.362453408712573,45.866296703450146],[14.364708180075713,45.8655773410608],[14.365813107875182,45.86558359642604],[14.365777175263815,45.865170740809916],[14.366432945421224,45.8651644853982],[14.36708871557863,45.86538967977609],[14.367097698731472,45.86570870358316],[14.367717536277514,45.86578376774229],[14.367555839526373,45.866521893241455],[14.36769956997183,45.866540659016216],[14.367969064557068,45.86630921401805],[14.368247542295144,45.86572121428338],[14.368436188504809,45.86569619288012],[14.36881348092414,45.86575249102164],[14.36881348092414,45.86589636379091],[14.368993143980964,45.865908874448905],[14.369433318470183,45.86645934061316],[14.370672993562268,45.866184108212416],[14.37138266263672,45.86555857496084],[14.372074365405492,45.86431999835648],[14.373448787790196,45.86277486663548],[14.374131507406126,45.861436134795845],[14.37634136300506,45.86317522877426],[14.376592891284616,45.86321276257696],[14.376592891284616,45.863400431210316],[14.383429070596764,45.86856107037338],[14.384111790212694,45.86812947163866],[14.384318402728042,45.86747268452534],[14.384551964701913,45.867203712324866],[14.384426200562137,45.86656568003939],[14.385243667470686,45.865758746367185],[14.386079100684915,45.86528333810021],[14.387336742082683,45.86529584889618],[14.387444539916778,45.864983078152605],[14.38805539430998,45.864676561116646],[14.38851353510488,45.864269954277304],[14.38880997914864,45.86424493222083],[14.388917776982733,45.86382581110056],[14.38919625472081,45.86383832222454],[14.389402867236159,45.86359435479926],[14.389852024878218,45.86259345159213],[14.39062457602256,45.861661344276484],[14.391495941848158,45.8616300652365],[14.391990015254423,45.86174266969808],[14.392466122355007,45.86162380942638],[14.39362494907152,45.861748925494815],[14.394487331744275,45.86158001873592],[14.39499038830338,45.86130476217752],[14.39557429323806,45.86127973878646],[14.3957359899892,45.86067291810507],[14.396418709605133,45.860491496202975],[14.396445659063657,45.86034760944589],[14.396760069413098,45.860172442456424],[14.396787018871622,45.85969698641751],[14.396445659063657,45.85921527023177],[14.396364810688084,45.85852084085332],[14.39693074931708,45.85808290795727],[14.397029563998332,45.85775132789875],[14.396921766164239,45.856944266285716],[14.39655345689775,45.85673155042169],[14.396122265561372,45.855830627152905],[14.396149215019896,45.855605394055075],[14.396849900941511,45.85491091959398],[14.39804466026939,45.85441039208206],[14.399769425614897,45.854078790124504],[14.400506044147876,45.854191409878986],[14.401925382296785,45.854116330068],[14.402464371467257,45.85365959236735],[14.403075225860459,45.8533655263833],[14.40339861936274,45.85296509360688],[14.404494564009367,45.85275861932995],[14.405770171712815,45.85527379922312],[14.40759375173958,45.85726959485677],[14.40798002731175,45.85873980600795],[14.408860376290187,45.85953432947083],[14.40924665186236,45.86031632966681],[14.409974287242495,45.86118590096966],[14.41105226558344,45.8640197332057],[14.413899925034098,45.8684484797222],[14.417636916616035,45.86753523601334],[14.419532361865528,45.86736009166956],[14.42278426319404,45.86742264328426],[14.423790376312255,45.867216222688626],[14.424104786661696,45.86662823254803],[14.42519174815548,45.865702448232],[14.426018198216871,45.86475162666947],[14.426808715666898,45.86348800968909],[14.426754816749849,45.863250296354316],[14.427392620601573,45.8632002513122],[14.427922626619203,45.86294376976437],[14.428605346235134,45.86159878617892],[14.429368914226636,45.861129598203554],[14.429710274034601,45.860585335191764],[14.429737223493126,45.86027253794655],[14.430087566453933,45.860147418555734],[14.430563673554515,45.8597345225684],[14.431228426864765,45.85964068214366],[14.432647765013673,45.85876483054213],[14.43299810797448,45.85753861512204],[14.434013204245534,45.857350926702146],[14.435720003285363,45.85616221866457],[14.436169160927422,45.855054820419895],[14.436878830001875,45.85489840646108],[14.4376693474519,45.855117385880234],[14.441325490658269,45.855029794216044],[14.441891429287264,45.8551361555046],[14.442807710877066,45.85558036809901],[14.443957554440736,45.85638119310713],[14.445062482240205,45.85645626986036],[14.445421808353853,45.85675657585969],[14.446526736153318,45.85683165210612],[14.447308270450502,45.85730713264633],[14.448637777071001,45.857350926702146],[14.44893422111476,45.857244569649644],[14.450721868530158,45.85754487139179],[14.450623053848904,45.857888965144205],[14.451018312573916,45.85815798241298],[14.451386621840404,45.85877108667393],[14.451602217508595,45.859584377812794],[14.452374768652938,45.86016618648231],[14.452671212696696,45.86072296542216],[14.452599347473967,45.86094192190476],[14.452042391997812,45.861329785557324],[14.45223103820748,45.86167385588755],[14.452814943142155,45.86174266969808],[14.453335966006945,45.86224938695292],[14.45533022593769,45.86274358822197],[14.455572771064404,45.86315646186341],[14.455581754217246,45.86362563273413],[14.45683939561501,45.8637569998684],[14.458025171790048,45.86458272903306],[14.458959419685533,45.86570870358316],[14.460019431720793,45.866259171729574],[14.460693168183884,45.86704107733971],[14.460899780699233,45.86761029770602],[14.461438769869703,45.86780420660965],[14.461834028594716,45.86811070640026],[14.46262454604474,45.868367164110055],[14.46328929935499,45.86828584837896],[14.46367557492716,45.868035645383316],[14.464097783110695,45.867285029639014],[14.46443914291866,45.86717869158889],[14.466163908264171,45.86786050261625],[14.467628162177286,45.868029390294],[14.468589359531293,45.867428898441865],[14.468993601409148,45.866909717965854],[14.469676321025078,45.86655316952921],[14.470179377584186,45.86563989468159],[14.470924979270006,45.865202017857875],[14.471383120064907,45.864689072049146],[14.471742446178554,45.864476385813546],[14.471993974458107,45.86448889679111],[14.47260482885131,45.864876735698935],[14.473098902257576,45.86538342438902],[14.473377379995652,45.86592138510409],[14.473116868563258,45.866865931438916],[14.473377379995652,45.86732881583582],[14.47397026808317,45.867491449979134],[14.474374509961024,45.86747268452534],[14.47554231983038,45.867103629313384],[14.476548432948594,45.86729753998448],[14.478380996128198,45.86736634683421],[14.479423041857775,45.868229552803136],[14.481210689273174,45.86918656983814],[14.482333583378324,45.87027492212749],[14.483393595413583,45.87066272066714],[14.483672073151661,45.87150085665453],[14.484821916715333,45.87263294564601],[14.484875815632382,45.873158327177954],[14.485351922732965,45.873758757132876],[14.4856214173182,45.873871337027225],[14.486492783143797,45.87372748489951],[14.487400081580757,45.873821301546776],[14.488046868585322,45.87444048744667],[14.489250611066042,45.874346671844684],[14.489708751860944,45.87459059208044],[14.490750797590524,45.87476571364074],[14.491478432970661,45.875359871964996],[14.492116236822385,45.87672328494727],[14.49261031022865,45.877192341312735],[14.493463709748564,45.87702973555441],[14.493679305416753,45.87707976814612],[14.494110496753132,45.877849013572686],[14.495143559329867,45.8776989177403],[14.495619666430452,45.87793031531261],[14.49621255451797,45.877254881862314],[14.496374251269112,45.87686712932027],[14.497344431775963,45.87648562821086],[14.497631892666877,45.87621669962542],[14.497407313845848,45.875047157849366],[14.497739690500975,45.87443423307813],[14.498494275339633,45.87428412802204],[14.499042247662947,45.87373999379497],[14.499392590623753,45.8736086502523],[14.499724967278878,45.87375250268761],[14.50020107437946,45.874221584128996],[14.500560400493109,45.874234092913234],[14.501548547305639,45.873358471217045],[14.501862957655081,45.87209504988456],[14.50200668810054,45.87196995710089],[14.503443992555132,45.87133197952459],[14.504468071979028,45.87170100666258],[14.505519100861447,45.87150085665453],[14.505869443822254,45.87118186608941],[14.50574367968248,45.87056889868793],[14.50434230783925,45.870156080097885],[14.503336194721038,45.869086490396796],[14.503363144179561,45.868786250991576],[14.503758402904573,45.86832337873116],[14.503848234432986,45.86800436992967],[14.503408059943768,45.86661572205194],[14.503839251280144,45.8663530009835],[14.504575869813122,45.86697227008735],[14.505572999778497,45.8669472492472],[14.506453348756933,45.86647810640904],[14.506713860189326,45.86599019365723],[14.507657091237654,45.865527298113484],[14.507136068372864,45.86465153924318],[14.507001321080244,45.86366316623274],[14.507360647193893,45.86293125843908],[14.50777387222459,45.86260596299344],[14.508205063560965,45.86184276236136],[14.507073186302975,45.860510264013406],[14.507091152608657,45.86000978690065],[14.507495394486511,45.85933413565247],[14.507504377639352,45.85904009967495],[14.50702827053877,45.858946258078234],[14.506722843342168,45.85865847619402],[14.506085039490442,45.85868350076482],[14.50596825850351,45.858458279222205],[14.506094022643284,45.85716323764872],[14.506704877036487,45.8567127813358],[14.506767759106372,45.85644375707521],[14.506417416145569,45.85612468010212],[14.505321471498942,45.856068372210935],[14.504827398092678,45.85524877311782],[14.504288408922204,45.85480455787464],[14.503821284974462,45.854785788138344],[14.50313856535853,45.85498599833222],[14.502518727812488,45.855536572648774],[14.501800075585193,45.85540518609116],[14.501270069567562,45.85499851144541],[14.50049751842322,45.8537471861897],[14.50042565320049,45.85325916170827],[14.500542434187425,45.85267102395057],[14.500901760301074,45.85207036620396],[14.501377867401656,45.851726236447014],[14.502842121314773,45.85114433946826],[14.503165514817056,45.85083148911377],[14.503219413734103,45.850643778056394],[14.503030767524436,45.85028086821577],[14.501818041890877,45.8497552704554],[14.501566513611323,45.84942989792426],[14.501800075585193,45.84819721934002],[14.502581609882377,45.846645382077725],[14.503605689306273,45.84647017192498],[14.50492621277393,45.84568171940837],[14.506183854171697,45.84586318962843],[14.506803691717739,45.84574429541319],[14.50689352324615,45.84555656718755],[14.506534197132504,45.84517485117504],[14.506615045508074,45.84489325571651],[14.507315731429689,45.844436442274265],[14.508034383656982,45.84347274133906],[14.509040496775196,45.843166105722425],[14.509777115308173,45.84260289304401],[14.509947795212156,45.84222115676457],[14.509839997378062,45.84173928919653],[14.509992710976364,45.84155780552406],[14.510882043107642,45.841013350954725],[14.512858336732704,45.84066289462037],[14.513253595457718,45.84004959072353],[14.513370376444653,45.83924853055446],[14.5132715617634,45.8385914022739],[14.512202566575299,45.83771521916104],[14.511744425780398,45.83745236153683],[14.511519846959366,45.83745236153683],[14.510819161037753,45.83787793992521],[14.510477801229788,45.837915490803205],[14.510010677282045,45.83764637561759],[14.510163390880347,45.83537449090081],[14.510316104478648,45.83520550403394],[14.511807307850285,45.83529312691785],[14.513693769946935,45.834354303124584],[14.51387343300376,45.833603232686535],[14.514753781982197,45.83328402468093],[14.51567904672484,45.83325898868149],[14.515921591851551,45.832295094139255],[14.515741928794728,45.83165666129106],[14.515831760323142,45.831531477520876],[14.517421778376033,45.83140629346912],[14.518742301843686,45.82880866085773],[14.519191459485748,45.828326677135955],[14.520889275372735,45.8272688021272],[14.521527079224457,45.82645503843976],[14.522119967311976,45.82617960803555],[14.522649973329608,45.82636114186416],[14.523844732657487,45.82610449041608],[14.524195075618293,45.82589165661041],[14.525641363225725,45.824320417161616],[14.526234251313243,45.82423277700213],[14.52726731388998,45.82365059244026],[14.528255460702514,45.823475309874354],[14.528812416178667,45.823131003227466],[14.529144792833792,45.82269905187726],[14.529153775986632,45.822448643762876],[14.528480039523544,45.82162228899445],[14.529234624362205,45.820482900942224],[14.529764630379834,45.81993824017478],[14.52981852929688,45.81970660122209],[14.529584967323009,45.819143151098025],[14.529710731462787,45.81898663616278],[14.530474299454289,45.81875499325121],[14.530770743498048,45.818492046075676],[14.53153431148955,45.81856717396682],[14.531956519673086,45.81839813606919],[14.532450593079352,45.817615546522504],[14.533456706197565,45.81732755080077],[14.533384840974835,45.81673903317234],[14.533771116547008,45.81640720666098],[14.534058577437927,45.815248928812984],[14.534660448678286,45.81497970402468],[14.535100623167503,45.81457899495277],[14.534139425813496,45.81395288125568],[14.5337262007828,45.81302622006545],[14.533851964922578,45.812857165347445],[14.534202307883385,45.81280081366073],[14.534480785621462,45.81182404203155],[14.534858078040791,45.81155480068609],[14.534849094887951,45.81098500657012],[14.53463349921976,45.81052165321126],[14.534813162276585,45.81025240556985],[14.535334185141375,45.810033249552],[14.53590012377037,45.809964371768295],[14.536672674914712,45.809432131476726],[14.537058950486886,45.80936951463747],[14.538460322330112,45.81036511404324],[14.540328818121079,45.81088482238672],[14.540966621972805,45.81059679185565],[14.541586459518847,45.81009586564508],[14.541945785632496,45.80998315662685],[14.544146658078589,45.809989418244946],[14.544353270593934,45.80969512143292],[14.544883276611566,45.809501009918606],[14.546850587083787,45.80986418574905],[14.548692133416234,45.809801569395496],[14.5504079156089,45.80941960811451],[14.55077622487539,45.809632504889315],[14.551431995032797,45.80960745825216],[14.552105731495885,45.808636892388265],[14.552914215251594,45.80822361404792],[14.553480153880589,45.80751602431565],[14.553920328369808,45.807202928645225],[14.553884395758443,45.80676459175012],[14.554396435470391,45.80625736903799],[14.554171856649361,45.805311793380326],[14.553596934867524,45.804610428882555],[14.553013029932846,45.80337675740307],[14.553300490823764,45.80295091521997],[14.553614901173209,45.80196770833448],[14.553704732701618,45.80034569217406],[14.553983210439695,45.79919334312323],[14.555124070850528,45.797358303323385],[14.555959504064761,45.79566099428526],[14.557253078073892,45.79439580779343],[14.55814241020517,45.79383210159181],[14.559471916825668,45.793243335693525],[14.56083735605753,45.79280488896266],[14.562319576276325,45.792936423344095],[14.564250954137181,45.79270467208272],[14.565463679770744,45.79218479412588],[14.565903854259961,45.79186534863858],[14.5673950576316,45.790167872296166],[14.568338288679925,45.79026182990285],[14.568320322374245,45.78996742887251],[14.56813167616458,45.78986720689038],[14.568113709858896,45.789322246708466],[14.569622879536217,45.78711103176156],[14.57069187472432,45.788219782232204],[14.571913583510721,45.791220188443994],[14.572973595545983,45.79129535312286],[14.575470912035836,45.790531174164215],[14.588541399419773,45.78965423457997],[14.594838589561451,45.78942246967049],[14.599563727955921,45.78965423457997],[14.599312199676369,45.79164612028394],[14.600048818209347,45.79210336701868],[14.600291363336057,45.79327465318516],[14.599366098593416,45.79451481170707],[14.599518812191715,45.79499708812369],[14.599366098593416,45.79589899645493],[14.599707458401381,45.796926152053395],[14.601117813397448,45.79728940986722],[14.601836465624743,45.796782100885295],[14.602465286323627,45.79663804934481],[14.603848691861172,45.79552946633435],[14.606516688255008,45.79527893604523],[14.607352121469237,45.79529772585599],[14.607909076945392,45.79589899645493],[14.609238583565888,45.795617151669454],[14.61129572556652,45.79570483686658],[14.611628102221644,45.796456418610816],[14.61293964253646,45.79715162269935],[14.614628475270607,45.797502353001946],[14.614880003550159,45.797777925262444],[14.615742386222914,45.79816622931635],[14.615769335681437,45.7982852251783],[14.616829347716699,45.798598370969096],[14.61706290969057,45.798554530664326],[14.617395286345694,45.79880504622698],[14.618293601629812,45.79896788073872],[14.61843733207527,45.79911192625629],[14.619272765289503,45.79910566341544],[14.6204495583117,45.79940627898202],[14.623710442793055,45.79861715966059],[14.625623854348229,45.79769024332739],[14.626629967466442,45.79772155832003],[14.626962344121566,45.79751487904335],[14.627168956636915,45.79717041187867],[14.627249805012484,45.79727062072803],[14.627645063737496,45.797182937994705],[14.628803890454012,45.797683980326745],[14.629738138349495,45.79774661030147],[14.630546622105204,45.7980472332003],[14.630950863983058,45.798072285035325],[14.632028842324,45.797765399280166],[14.632882241843914,45.797201727163454],[14.63307987120642,45.79609315536679],[14.63360089407121,45.79608689218664],[14.635514305626385,45.79655036561611],[14.636439570369026,45.79656289187152],[14.63608922740822,45.7959303124542],[14.635505322473543,45.79554199281923],[14.635361592028083,45.795122354042576],[14.635684985530368,45.794821715364186],[14.63683482909404,45.795260146228145],[14.638954853164563,45.79646268174944],[14.638083487338966,45.797007572114126],[14.637894841129302,45.79764013930255],[14.638083487338966,45.797997129496466],[14.64021249456233,45.799068086355575],[14.641065894082244,45.799136977612626],[14.64134437182032,45.79936870212489],[14.643832705157331,45.79868605147516],[14.643635075794824,45.79810359981327],[14.64367100840619,45.79779045124191],[14.644901700345432,45.79700130903676],[14.646725280372197,45.797126570450416],[14.647830208171662,45.79738335546814],[14.649276495779095,45.79790944790633],[14.651207873639953,45.79814117752357],[14.652133138382597,45.79764640230812],[14.652456531884878,45.79762135028162],[14.653345864016156,45.797032624416566],[14.653588409142868,45.79730193595649],[14.65486401684632,45.79806602207763],[14.655573685920773,45.79885514920436],[14.656498950663417,45.79918708029154],[14.656615731650353,45.79909940057389],[14.658645924192463,45.79983214825833],[14.658951351389062,45.800314378656175],[14.660442554760701,45.80059619968364],[14.660496453677748,45.80160448101959],[14.661852909756767,45.801842457803744],[14.663056652237488,45.80186124540129],[14.664008866438655,45.80141660389301],[14.664529889303445,45.801341452864996],[14.664520906150603,45.802055383538466],[14.665050912168233,45.80283192932229],[14.665005996404028,45.80369613690431],[14.66616482312054,45.80494858786778],[14.667727891714911,45.80458537998718],[14.668159083051288,45.80462921554669],[14.669434690754738,45.804121973391155],[14.669506555977465,45.80399046541172],[14.66998266307805,45.803915317855534],[14.670216225051922,45.80372744852157],[14.670791146833759,45.803577152598244],[14.67103369196047,45.803877744039426],[14.670710298458186,45.804685575501104],[14.671590647436625,45.805668734421715],[14.672183535524143,45.80607576966027],[14.67298303612701,45.807202928645225],[14.673800503035558,45.808023235567006],[14.673836435646923,45.808618107075674],[14.67441135742876,45.80893119479164],[14.675498318922545,45.809269327548236],[14.67583967873051,45.80951979493342],[14.675731880896416,45.8096575515152],[14.677923770189667,45.811310603921605],[14.680618716042027,45.812537838368854],[14.681130755753975,45.81334554424379],[14.68065464865339,45.81359599329859],[14.68034023830395,45.814053059920255],[14.68096905900283,45.814935876610384],[14.680843294863056,45.81588754984945],[14.681786525911381,45.816513641795126],[14.68259500966709,45.81667642454796],[14.68313399883756,45.81663259846902],[14.684804865266022,45.81614424839858],[14.688137614970106,45.81630703223124],[14.692988517504352,45.814679172491054],[14.694821080683955,45.81469795575942],[14.695620581286821,45.81488578809464],[14.696177536762974,45.81488578809464],[14.696447031348212,45.81459777825493],[14.696402115584004,45.814409944948274],[14.698782651086923,45.81355842601218],[14.699079095130681,45.81324536430652],[14.698971297296586,45.81270063274358],[14.699959444109119,45.8110851905733],[14.700327753375607,45.81080342260501],[14.702537608974541,45.809707644733194],[14.702456760598972,45.809450916514784],[14.701747091524515,45.80879969816529],[14.701809973594404,45.8084866097102],[14.703256261201838,45.80791678420584],[14.70411864387459,45.80786668937724],[14.70439712161267,45.807741452108665],[14.704567801516653,45.80742835770532],[14.7055379820235,45.806777115709274],[14.706256634250797,45.806689447936044],[14.706822572879792,45.806194748629785],[14.707909534373577,45.80569378282996],[14.708574287683826,45.80595679043662],[14.709607350260562,45.80509888009121],[14.709948710068529,45.804121973391155],[14.710595497073093,45.80313878717259],[14.7110985536322,45.80020791256371],[14.712257380348715,45.80038953106954],[14.712697554837932,45.800195387127694],[14.712131616208938,45.79863594834573],[14.72062967879671,45.793036639807305],[14.729531983262333,45.78904663263366],[14.737491056679632,45.78413546245246],[14.741919751030341,45.782469074262956],[14.743204341886633,45.78212451409985],[14.74746235633336,45.7804518008655],[14.747633036237342,45.77996939858712],[14.749214071137393,45.777482141385065],[14.749699161390817,45.776135091801216],[14.750956802788584,45.773754180396374],[14.752483938771586,45.77129797579834],[14.754738710134726,45.769612405466084],[14.755601092807481,45.76875393557034],[14.762006080783253,45.7638409777806],[14.76694681484591,45.76028131969456],[14.769444131335764,45.758576614274524],[14.769983120506236,45.75885237897652],[14.770665840122167,45.75762396209046],[14.77099821677729,45.757542484503915],[14.77137550919662,45.75544282873954],[14.777816429783758,45.751594299346294],[14.781616303435584,45.74896787042438],[14.785946183105038,45.74622847995192],[14.795171881072948,45.74067406287729],[14.80993120119103,45.73286183699668],[14.82564273551028,45.72427088892299],[14.826334438279053,45.72354969083425],[14.8286341254064,45.72222015343415],[14.831796195206499,45.725449870964866],[14.833395196412232,45.72742523723141],[14.835155894369105,45.72833450933643],[14.835721832998102,45.72923749595078],[14.83985408330505,45.7338776135705],[14.84353717596994,45.73594673092337],[14.84277360797844,45.73663641967128],[14.845279907621133,45.73770855526588],[14.846896875132549,45.738040850423396],[14.845585334817732,45.73918819397304],[14.845809913638764,45.739332393953624],[14.844273794502918,45.74067406287729],[14.84441752494838,45.740786912064515],[14.841210539384072,45.743050117049414],[14.8400606958204,45.74357045314647],[14.83894678486809,45.743858830099505],[14.838677290282854,45.74380867769294],[14.836638114587904,45.74399674898525],[14.836278788474255,45.74411586047602],[14.835883529749243,45.743902713418294],[14.835730816150942,45.74418481964399],[14.835775731915149,45.744429310553144],[14.836530316753809,45.745589060535835],[14.836781845033364,45.74642281185261],[14.837239985828262,45.747162520640835],[14.837338800509517,45.74767028116923],[14.837231002675423,45.748127888552595],[14.836575232518015,45.74911204514627],[14.834985214465123,45.75028423449742],[14.83126618918887,45.75185756225602],[14.830502621197367,45.75223991808002],[14.830197194000768,45.75257212675123],[14.827771742733644,45.75302342592915],[14.826433252960307,45.75344964957962],[14.81382988952411,45.75644565925869],[14.809311363644989,45.76509432445064],[14.806346923207395,45.77127917789707],[14.80580793403692,45.77151101823654],[14.806284041137506,45.77191203708908],[14.80587081610681,45.77216893827621],[14.805089281809627,45.772275457933574],[14.804532326333472,45.772150140668494],[14.804271814901076,45.77229425549905],[14.804810804071549,45.77270780033661],[14.805466574228955,45.77272659775635],[14.806239125373299,45.773340643317844],[14.806337940054553,45.77361006933832],[14.806832013460816,45.7737604460861],[14.806876929225025,45.774130120534075],[14.80600556339943,45.77444340204627],[14.806068445469316,45.774813071967095],[14.80548454053464,45.77562132478322],[14.804451477957901,45.77632305416174],[14.804649107320408,45.77683054937052],[14.804460461110743,45.77712501978157],[14.804891652447122,45.77745708029452],[14.804873686141438,45.7777202211834],[14.80452334318063,45.77811493018839],[14.804927585058484,45.77811493018839],[14.804128084455618,45.77865999993532],[14.804792837765866,45.779499522225514],[14.803813674106177,45.78010096325878],[14.8038406235647,45.780238792581855],[14.804352663276648,45.780407946285386],[14.804631141014726,45.78030144216151],[14.804990467128373,45.78101564239418],[14.804756905154502,45.78144165221199],[14.805224029102245,45.78184886443618],[14.805736068814193,45.78184886443618],[14.806095394927839,45.78227486788743],[14.806068445469316,45.782462809551724],[14.805655220438622,45.782732191498994],[14.805026399739738,45.782657015272555],[14.804199949678349,45.78233125045325],[14.8038406235647,45.782312456270986],[14.803696893119241,45.782362574076274],[14.803625027896512,45.7827133974519],[14.80398435401016,45.78308301254875],[14.803813674106177,45.78325842224578],[14.804155033914142,45.78389741004634],[14.804963517669849,45.784204372169796],[14.806023529705111,45.78427328180193],[14.806176243303412,45.784599035273544],[14.806499636805693,45.78479323355291],[14.80722727218583,45.784937315710124],[14.807469817312542,45.78552616935121],[14.807164390115942,45.78590203012518],[14.80722727218583,45.7862528312278],[14.807712362439256,45.786660008310776],[14.80744286785402,45.786904313132936],[14.807631514063683,45.78723631540581],[14.808404065208029,45.78756205156309],[14.808709492404628,45.7878188806527],[14.808835256544404,45.788138349332236],[14.809149666893845,45.788269894726916],[14.81014679685922,45.78768733419366],[14.810703752335373,45.787962954989744],[14.811027145837656,45.78798801135818],[14.811179859435958,45.788213518167204],[14.809383228867716,45.78991105402974],[14.808610677723374,45.79120766098766],[14.808224402151204,45.791539637629114],[14.807793210814825,45.79150831916251],[14.8074608341597,45.79246039268289],[14.807793210814825,45.79265456357517],[14.80902390275407,45.79286752442111],[14.809535942466018,45.793312234151905],[14.809437127784763,45.793437503858016],[14.809760521287048,45.794627552022405],[14.814449727070151,45.79478413541534],[14.817000942477051,45.79545430736588],[14.817279420215128,45.7951035641727],[14.81759383056457,45.794051321347766],[14.818150786040725,45.793744413447975],[14.820585220460687,45.795310252392966],[14.821016411797064,45.79552320309084],[14.821240990618094,45.79552320309084],[14.821914727081186,45.7959303124542],[14.823064570644856,45.79688857352371],[14.823334065230094,45.7967507853647],[14.82346881252271,45.79689483661375],[14.82421441420853,45.79653157622773],[14.824313228889784,45.79626852412508],[14.824726453920478,45.79623094515191],[14.82503188111708,45.79641257662082],[14.82511272949265,45.79631236622842],[14.82533730831368,45.796343681995396],[14.82572358388585,45.79612447125696],[14.825885280636994,45.79576120584902],[14.8263883371961,45.79567352074058],[14.827026141047824,45.79534783198702],[14.827556147065454,45.795366621774534],[14.82871497378197,45.79569231041828],[14.82986481734564,45.79567352074058],[14.830870930463858,45.795241356404716],[14.831167374507615,45.795228829852256],[14.831553650079789,45.79495324498555],[14.832200437084353,45.794834242008164],[14.833619775233261,45.79389473589579],[14.833637741538945,45.793781994097934],[14.834095882333846,45.79358156367194],[14.834230629626463,45.793280916681375],[14.835101995452058,45.79284247024618],[14.836566249365173,45.792742253433815],[14.837374733120882,45.79297400453892],[14.838758138658427,45.79213468515091],[14.839045599549346,45.791815239376405],[14.839126447924915,45.791376781410584],[14.839638487636863,45.791232715897515],[14.84035713986416,45.79128282568343],[14.84104884263293,45.79156469238973],[14.841911225305685,45.791314144276754],[14.844228878738713,45.791602274509536],[14.845010413035897,45.79155842870063],[14.846860942521184,45.791051067545915],[14.847804173569509,45.79125150707251],[14.84930436009399,45.79133919913873],[14.849924197640032,45.79133919913873],[14.850588950950279,45.79106985878215],[14.852717958173644,45.79162732924199],[14.85465831918734,45.79160853819371],[14.856589697048197,45.79143315477085],[14.857236484052764,45.792241166668866],[14.858673788507357,45.79323707219308],[14.86210535289269,45.79633741884341],[14.863515707888759,45.79800339246191],[14.86374926986263,45.79854200485663],[14.863102482858066,45.799694367378066],[14.862276032796675,45.80177983243277],[14.861377717512555,45.80266910610314],[14.86133280174835,45.80313252478437],[14.861925689835868,45.804384988418704],[14.86194365614155,45.80535562836824],[14.861323818595508,45.805806500527716],[14.862006538211439,45.808330064822705],[14.862132302351217,45.810152220068694],[14.862644342063165,45.811485924784],[14.863039600788177,45.81176142788133],[14.863650455181379,45.813445724000864],[14.862904853495559,45.814679172491054],[14.863102482858066,45.81565589404544],[14.86300366817681,45.81666390281464],[14.86262637575748,45.81653242444474],[14.862698240980212,45.820407775635886],[14.862518577923387,45.82521559088885],[14.862859937731352,45.82517177153097],[14.86261739260464,45.82646755797121],[14.862895870342717,45.82889003432105],[14.862581459993276,45.82906529983797],[14.862931802954083,45.82917171077544],[14.863102482858066,45.830492441361216],[14.861898740377345,45.83093685076732],[14.859841598376711,45.83062388676639],[14.858431243380643,45.82961613072695],[14.856499865519787,45.83061762746841],[14.855341038803271,45.83180062227869],[14.855008662148148,45.83382855488227],[14.854945780078259,45.835418302226955],[14.853364745178208,45.8353807496638],[14.853993565877092,45.83596281154524],[14.855637482847031,45.83700800415787],[14.856616646506723,45.837909232325295],[14.857434113415271,45.83896690509879],[14.858089883572678,45.84028740324109],[14.856248337240231,45.84069418545426],[14.85516137574645,45.840681669122816],[14.853346778872528,45.8404376000969],[14.850930310758246,45.840800574157846],[14.848927067674659,45.84634502147801],[14.848397061657028,45.84634502147801],[14.848720455159311,45.84702083054669],[14.8486306236309,45.84744007834228],[14.848954017133183,45.84784680825854],[14.849205545412737,45.84853511364941],[14.849034865508754,45.8486164582692],[14.848963000286023,45.849736499014945],[14.848397061657028,45.85019952603009],[14.848352145892823,45.850743890699164],[14.84803773554338,45.85123819423146],[14.848253331211568,45.851676181032246],[14.849484023150813,45.85192020075368],[14.851514215692923,45.853027661418245],[14.853194065274225,45.85338429659895],[14.853912717501522,45.85312151300332],[14.854487639283358,45.85202656798952],[14.854712218104389,45.85192020075368],[14.855484769248731,45.85226432931048],[14.856805292716388,45.852570914776635],[14.860964492481859,45.85295258003617],[14.862051453975644,45.85260219891285],[14.86285095457851,45.852164219404486],[14.864584703076863,45.85183886096551],[14.866039973837136,45.85121942329149],[14.866812524981478,45.851213166310096],[14.868007284309357,45.851901430043895],[14.868465425104258,45.85202656798952],[14.872013770476531,45.852301870478776],[14.873738535822039,45.85165115330798],[14.876954504539189,45.85136333366936],[14.878652320426175,45.85131953489812],[14.880377085771682,45.85106299854539],[14.882083884811511,45.85141964632454],[14.88291931802574,45.85139461848484],[14.884132043659303,45.85100042852377],[14.88456323499568,45.850725119592376],[14.884904594803645,45.850675063276626],[14.88538968505707,45.85201405420762],[14.885165106236041,45.85203282487941],[14.8853088366815,45.85284621457135],[14.885156123083199,45.85315279682982],[14.88531781983434,45.8534718908549],[14.884832729580918,45.853816009810465],[14.884500352925793,45.85390986006517],[14.88449136977295,45.85403499349173],[14.885147139930357,45.8544541884192],[14.886090370978685,45.854704452541185],[14.885290870375819,45.85512364242239],[14.884653066524093,45.855098616249514],[14.884096111047938,45.85527379922312],[14.883413391432008,45.855129898963845],[14.88251507614789,45.85534262095461],[14.882434227772317,45.855486520663426],[14.882685756051872,45.85562416351474],[14.882910334872902,45.8561872443588],[14.88312593054109,45.856362423902986],[14.883880515379747,45.856650217670406],[14.885605280725258,45.856668986777414],[14.887374961834974,45.85641873149642],[14.88786903524124,45.85846453538848],[14.887339029223611,45.85935915991918],[14.887365978682134,45.86002855487368],[14.887312079765087,45.86028504987014],[14.887132416708262,45.86040391300387],[14.887222248236675,45.86122343611538],[14.88710546724974,45.861529972190304],[14.886970719957121,45.86166760008238],[14.886503596009378,45.8617301581025],[14.886350882411078,45.8616488326626],[14.885524432349689,45.86197413370844],[14.884994426332058,45.8620554586725],[14.883898481685431,45.86197413370844],[14.883161863152454,45.86226815416995],[14.882245581562652,45.86302509331009],[14.881302350514327,45.8635630768468],[14.881050822234773,45.86415109940872],[14.880610647745554,45.86440757538665],[14.880448950994413,45.86488299114302],[14.880448950994413,45.86553980885455],[14.88088014233079,45.865758746367185],[14.880484883605776,45.86750396027813],[14.876253818617576,45.86903019563185],[14.875517200084596,45.86919907975564],[14.87592144196245,45.87038125425437],[14.876253818617576,45.870831599830616],[14.87644246482724,45.872051267442295],[14.877502476862501,45.87300821867562],[14.877448577945454,45.873189599731575],[14.875903475656768,45.87355861453534],[14.8752566886522,45.87390260917964],[14.874654817411841,45.874058969677684],[14.874088878782846,45.8744467418145],[14.87253479334132,45.87602282007042],[14.872031736782212,45.87686712932027],[14.872103602004943,45.877223611596314],[14.86907627949746,45.878730818400015],[14.868591189244036,45.87917484248372],[14.868555256632671,45.87950629476847],[14.868330677811642,45.87975644612697],[14.86735151415195,45.880344297386415],[14.866587946160449,45.88055692290605],[14.865231490081428,45.88158251692551],[14.86674964291159,45.881970236562445],[14.867764739182643,45.88240172781592],[14.871007657358316,45.884233964940165],[14.872274281908926,45.886109913037565],[14.872849203690762,45.8866039021658],[14.873100731970315,45.88806083185824],[14.874178710311257,45.890017934775976],[14.875571099001643,45.89070571814778],[14.87614602078348,45.89116215150207],[14.876864673010775,45.891355978230216],[14.87824807854832,45.89151228961504],[14.880098608033606,45.89266898018997],[14.880053692269401,45.89488225608453],[14.88036810261884,45.895413679254425],[14.880817260260901,45.89543243527339],[14.881059805387613,45.89573253071532],[14.880475900452936,45.896413991425405],[14.880296237396113,45.897089191954414],[14.881419131501262,45.89879591224144],[14.881904221754686,45.899033473543476],[14.88230846363254,45.89946483225674],[14.882721688663235,45.89957110852665],[14.884374588786017,45.90039630558287],[14.885560364961053,45.90024627066668],[14.886476646550856,45.89978991197121],[14.886853938970185,45.900046223481084],[14.886907837887232,45.900902670431826],[14.88749174282191,45.90257176630782],[14.887455810210543,45.90359695388],[14.886593427537791,45.90522846335619],[14.886350882411078,45.90619109396515],[14.885757994323559,45.90689117846875],[14.885569348113895,45.90752874774543],[14.885731044865036,45.90801004519188],[14.885506466044006,45.90844758470365],[14.885102224166152,45.90881636532788],[14.884778830663869,45.90940390905759],[14.884141026812145,45.90974768176004],[14.883943397449636,45.91049772390216],[14.88314389684677,45.91117275316415],[14.883098981082565,45.91156651644231],[14.882524059300728,45.91226653315013],[14.882371345702428,45.912829040177996],[14.882622873981983,45.912985291118375],[14.8830630484712,45.91472277193118],[14.882577958217775,45.91504151250623],[14.883575088183148,45.9167039336734],[14.88358407133599,45.91753512558127],[14.884060178436572,45.91836005561554],[14.885075274707628,45.91935995436657],[14.884599167607046,45.91945369395068],[14.883413391432008,45.92018485727156],[14.882083884811511,45.92149717752691],[14.882281514174018,45.922015847926495],[14.881841339684797,45.922228313919156],[14.88253304245357,45.923146907523716],[14.883458307196214,45.92397800291741],[14.882946267484265,45.924590381030114],[14.884239841493397,45.92520275238308],[14.885039342096263,45.92533397393638],[14.885039342096263,45.92567764796214],[14.885524432349689,45.92592134279934],[14.886970719957121,45.926258764652694],[14.887168349319628,45.92718978838128],[14.889270407084465,45.92760218315989],[14.88823734450773,45.9292267388224],[14.888075647756589,45.930088983652766],[14.890384318036775,45.930595077636546],[14.890312452814046,45.93096371108824],[14.890078890840174,45.930938719067235],[14.890105840298698,45.93142606144538],[14.890294486508362,45.931419813493264],[14.890303469661204,45.93193214322876],[14.891040088194181,45.932019613686215],[14.888902097817978,45.93377524155289],[14.887617506961687,45.93447497809503],[14.887312079765087,45.93501226980454],[14.887374961834974,45.936143064418495],[14.888147512979316,45.93744251262745],[14.888138529826476,45.93813595570094],[14.887967849922493,45.93840458447107],[14.887294113459403,45.93876067176508],[14.887374961834974,45.938854378567655],[14.888677518996948,45.93904803879112],[14.888318192883299,45.94096586319669],[14.888363108647505,45.9417029897821],[14.892863668220944,45.94146561110408],[14.894839961846007,45.94106581313853],[14.896250316842075,45.94091588815821],[14.897714570755191,45.941784198043884],[14.90005917364674,45.942633754266744],[14.902125298800216,45.94356450312558],[14.90297869832013,45.94383935214911],[14.903400906503666,45.94385809180564],[14.903769215770156,45.94379562625924],[14.903706333700267,45.943458311092456],[14.904164474495168,45.94355825654103],[14.904290238634946,45.94336461207078],[14.904631598442911,45.94334587224745],[14.905044823473604,45.94306477413724],[14.905727543089535,45.94355200995577],[14.906221616495802,45.94355200995577],[14.90756010626914,45.943208446682746],[14.908170960662341,45.942771181256],[14.908269775343594,45.942633754266744],[14.906607892067974,45.94202782211556],[14.905592795796919,45.940884653736276],[14.906877386653209,45.94091588815821],[14.908260792190754,45.94054732085822],[14.908880629736796,45.94069099992757],[14.908925545501,45.94102833193146],[14.909266905308966,45.94141563651605],[14.909239955850445,45.941965354506934],[14.909725046103867,45.94216525060679],[14.90988674285501,45.942040315628844],[14.909473517824313,45.9426649877033],[14.909994540689103,45.94272745452364],[14.910425732025482,45.9429086079046],[14.910596411929465,45.94272120784477],[14.910210136357291,45.94237763942321],[14.910524546706734,45.94234015910297],[14.910695226610716,45.94202157535786],[14.911297097851076,45.94175296411112],[14.911737272340297,45.940865913074674],[14.911934901702802,45.94100959131842],[14.912168463676673,45.94091588815821],[14.912240328899404,45.94104707253817],[14.912024733231213,45.94115951604536],[14.912141514218149,45.94122198456195],[14.912330160427814,45.94115326918985],[14.912554739248844,45.94137190871457],[14.91281525068124,45.94122198456195],[14.9132644083233,45.94147185792442],[14.913587801825582,45.94147185792442],[14.913444071380122,45.941709236575676],[14.913471020838646,45.94207154939973],[14.913947127939231,45.94225895165551],[14.914144757301736,45.94206530264695],[14.914279504594354,45.94214026363374],[14.91462086440232,45.942084042903154],[14.914746628542098,45.94227769184625],[14.914629847555162,45.94250257364103],[14.915070022044379,45.942521313749424],[14.915105954655743,45.942602520812585],[14.91499815682165,45.9427149611652],[14.91514188726711,45.94281490795387],[14.914953241057445,45.942889867927114],[14.91493527475176,45.943102253967616],[14.914531032873906,45.94320220005808],[14.914486117109702,45.94349579065678],[14.915070022044379,45.94357074970942],[14.915016123127332,45.944151678930936],[14.914818493764825,45.94436406013752],[14.914989173668808,45.945563374033696],[14.914692729625047,45.94601311005555],[14.91425255513583,45.94624422298084],[14.914315437205719,45.94640037981733],[14.914459167651179,45.94640662608164],[14.914692729625047,45.9462004989878],[14.914890358987556,45.94625046926275],[14.915096971502901,45.94663149112803],[14.915321550323931,45.946337917135516],[14.915537145992122,45.94639413355231],[14.915564095450645,45.94670644594079],[14.915734775354627,45.94682512418705],[14.915689859590422,45.947093710858816],[14.91560002806201,45.947206142102445],[14.915348499782457,45.94712494178269],[14.915240701948363,45.94721238827596],[14.91538443239382,45.947455988494085],[14.915213752489837,45.947593403529474],[14.915321550323931,45.94803687700179],[14.915671893284738,45.948049369160906],[14.91552816283928,45.948280473596604],[14.91552816283928,45.948417886588075],[14.915707825896105,45.94842413262504],[14.915546129144962,45.9485490532167],[14.915591044909169,45.948898829375565],[14.91583359003588,45.94909245451441],[14.916004269939863,45.94898627307042],[14.916480377040447,45.94917365195198],[14.916471393887605,45.9490237488974],[14.916857669459777,45.94886759945112],[14.916902585223983,45.949017502927994],[14.917154113503535,45.94911119239518],[14.917091231433648,45.949336046470286],[14.91787276573083,45.94928607897687],[14.918312940220051,45.949542161904496],[14.918654300028017,45.94948594868026],[14.919310070185423,45.949623358683276],[14.919462783783723,45.949791997766845],[14.919956857189991,45.94984196480418],[14.920235334928067,45.950060570062895],[14.920540762124666,45.9508225587956],[14.92094500400252,45.950997439977534],[14.921079751295139,45.951209794956604],[14.922094847566195,45.95143464051824],[14.922490106291207,45.95140341202254],[14.922705701959394,45.95154081727192],[14.922993162850313,45.95219661036022],[14.922247561164493,45.952596328055385],[14.921906201356528,45.952596328055385],[14.92175348775823,45.95274622144783],[14.922310443234382,45.9538079547049],[14.92356808463215,45.9554317426955],[14.923837579217384,45.9555129308461],[14.924780810265712,45.95543798794207],[14.925454546728801,45.95578772062704],[14.925670142396989,45.95639350237652],[14.926289979943032,45.95690560137053],[14.926514558764062,45.95738647050767],[14.927942880065812,45.95796100997924],[14.92899390894823,45.95813586863599],[14.92972154432837,45.95849182919654],[14.92965866225848,45.95878533881579],[14.930152735664747,45.958835297745075],[14.930161718817587,45.959153784860376],[14.930997152031818,45.95952222845497],[14.931661905342066,45.95909133655068],[14.932479372250615,45.95904762269201],[14.932928529892674,45.959409822194296],[14.933916676705207,45.95934737417317],[14.934590413168296,45.95945978056052],[14.935174318102975,45.95969708218499],[14.935587543133668,45.960084256337794],[14.935713307273446,45.95984695637153],[14.937078746505307,45.95967834788318],[14.937977061789427,45.95984695637153],[14.938255539527503,45.960140458812525],[14.939117922200259,45.96054636388179],[14.939243686340037,45.960802394780686],[14.939504197772429,45.960789905496],[14.9418308343583,45.959409822194296],[14.94176795228841,45.959222477919745],[14.94212727840206,45.95894146032024],[14.942477621362865,45.95923496755776],[14.94334000403562,45.95935361897844],[14.94355559970381,45.95952222845497],[14.944444931835088,45.96046518310582],[14.944750359031689,45.961732838572686],[14.945334263966364,45.96251964461927],[14.945388162883415,45.962844354968524],[14.94522646613227,45.96358119062487],[14.94476832533737,45.964037024725954],[14.944220353014057,45.96531708673541],[14.943366953494143,45.966341115046944],[14.94334000403562,45.966628339100765],[14.944049673110074,45.967527465641055],[14.944426965529404,45.968526478013544],[14.945028836769765,45.96940684273155],[14.94490307262999,45.96961912716546],[14.945082735686812,45.97023724485418],[14.947903445678946,45.97213526009886],[14.949915671915376,45.97276583629536],[14.950894835575065,45.97345259428227],[14.952682482990463,45.97381469961004],[14.953365202606395,45.974245477002455],[14.953437067829125,45.974020723998386],[14.956176929445688,45.974101884910624],[14.957506436066186,45.973839672303995],[14.958539498642924,45.97381469961004],[14.95890780790941,45.97367110640128],[14.959994769403195,45.973583701657134],[14.961845298888482,45.97299683765962],[14.962734631019762,45.97305927029539],[14.964270750155606,45.9725410772864],[14.965429576872118,45.97232256070876],[14.966175178557938,45.971935472083445],[14.967208241134676,45.971766900384864],[14.967872994444924,45.97136107752463],[14.969633692401798,45.97105514755655],[14.970244546795,45.9704807438679],[14.970343361476255,45.96988760337259],[14.971331508288785,45.96928196915508],[14.971286592524578,45.96896978398222],[14.97165490179107,45.96843282136902],[14.972517284463821,45.96799575493406],[14.972759829590535,45.967527465641055],[14.973253902996799,45.967146587429994],[14.973433566053624,45.966647071052535],[14.97362221226329,45.96650345926036],[14.97355034704056,45.96633487102923],[14.973783909014431,45.96564178068857],[14.974053403599665,45.96518595979177],[14.974322898184903,45.965036100047556],[14.9756524048054,45.96523591294975],[14.97618241082303,45.965541875059536],[14.977368186998069,45.96567924525302],[14.978904306133913,45.96532957499956],[14.980521273645326,45.965129762435204],[14.9818238308073,45.9646864257345],[14.983836057043728,45.96453656463896],[14.985524889777873,45.96502985588274],[14.986387272450628,45.96508605334067],[14.986513036590406,45.965204692231296],[14.98775271168249,45.96551689862411],[14.988094071490455,45.96543572513124],[14.988579161743878,45.96557933969154],[14.988938487857528,45.96539826040212],[14.989755954766077,45.965379528028045],[14.990995629858162,45.96562304839685],[14.991705298932615,45.96489872825922],[14.992774294120716,45.964305527989076],[14.99301683924743,45.963599923607035],[14.993268367526984,45.963500014295626],[14.993421081125284,45.963556213305466],[14.993591761029267,45.96323150712843],[14.993771424086091,45.96325024022883],[14.994642789911685,45.962657022306985],[14.996951460191873,45.96194515241619],[14.997616213502122,45.96165790408073],[14.997921640698724,45.961370654256],[14.99917029894365,45.96147056740743],[14.999511658751615,45.96103969065495],[15.00007759738061,45.96081488406257],[15.000203361520384,45.9609397767265],[15.001434053459631,45.959878180109364],[15.001685581739183,45.95933488456049],[15.003095936735253,45.95866668617819],[15.003814588962546,45.9592537020095],[15.004111033006307,45.959166274513876],[15.004623072718255,45.95920374345746],[15.005674101600674,45.95887901177125],[15.006796995705823,45.95873537984145],[15.00744378271039,45.95875411446209],[15.007794125671197,45.95902888817059],[15.008252266466098,45.95886027719282],[15.008539727357016,45.959166274513876],[15.008692440955317,45.959784508843065],[15.007910906658132,45.960415225646116],[15.007174288125155,45.96079615013869],[15.008387013758714,45.96098348909237],[15.009096682833171,45.961414366281915],[15.009950082353084,45.96079615013869],[15.010848397637202,45.961008467571666],[15.011917392825305,45.96082112870245],[15.01277977549806,45.960277842399634],[15.014073349507191,45.95994687227068],[15.014756069123122,45.95957218671986],[15.015286075140754,45.95949100451654],[15.016229306189079,45.959615900164685],[15.016426935551586,45.95950349409402],[15.01752288019821,45.96000931961614],[15.017918138923223,45.95989066959958],[15.01795407153459,45.959690837418414],[15.018259498731188,45.96000931961614],[15.01910391509826,45.96037775752177],[15.020658000539788,45.96133943135922],[15.022310900662568,45.96288806583174],[15.02231988381541,45.9632689733229],[15.02254446263644,45.96345630391523],[15.023236165405212,45.963200285280344],[15.023290064322259,45.963375127403],[15.023119384418276,45.96352499164038],[15.02269717623474,45.96362490090673],[15.022292934356885,45.96431801648128],[15.020990377194911,45.9655606073787],[15.02066698369263,45.96649097126083],[15.020253758661934,45.96667829095809],[15.020397489107394,45.966778194537625],[15.019418325447703,45.967171563130634],[15.019660870574416,45.96769605024261],[15.019526123281798,45.96769605024261],[15.019436291753387,45.96794580426476],[15.01902306672269,45.96790834123323],[15.018951201499961,45.9681518504853],[15.019184763473831,45.96845779648971],[15.019184763473831,45.96870754707725],[15.022661243623375,45.97082413809354],[15.02488008237515,45.9713735644262],[15.027305533642272,45.97178563059894],[15.027844522812742,45.97229134398442],[15.027386382017841,45.972678430122485],[15.027548078768985,45.97288445873791],[15.028024185869567,45.972871972176975],[15.028760804402545,45.973084243329986],[15.028644023415609,45.97337143241847],[15.027781640742855,45.97397077876251],[15.027862489118426,45.97432039446778],[15.02878775386107,45.97448271529497],[15.029605220769618,45.97495094578467],[15.029641153380984,45.97456387553016],[15.030314889844073,45.97354624243883],[15.030799980097497,45.97413310061443],[15.030979643154321,45.974076912334915],[15.031294053503764,45.97440155494085],[15.03442917384534,45.975175695013526],[15.034689685277735,45.97456387553016],[15.035956309828343,45.97419553196927],[15.036360551706196,45.97440155494085],[15.035498169033442,45.97499464709505],[15.035345455435142,45.97526309724507],[15.035605966867537,45.97570634929564],[15.035318505976619,45.976742671231285],[15.035426303810713,45.977217125404316],[15.035345455435142,45.97834081644059],[15.035390371199346,45.97863422090117],[15.035848511994248,45.979064960803285],[15.035866478299932,45.97923351028763],[15.035596983714695,45.97988897562718],[15.035668848937425,45.9801137048145],[15.036953439793717,45.98023231151783],[15.03714208600338,45.9804320696018],[15.036881574570986,45.980787886903656],[15.037025305016446,45.980962673512664],[15.037851755077835,45.98138091065864],[15.038965666030142,45.981437091527106],[15.038875834501733,45.98191150547639],[15.038166165427276,45.98254197035491],[15.03742056374146,45.98296019557076],[15.037537344728396,45.9834283543781],[15.035740714160154,45.98372173187955],[15.035417320657873,45.98385905698435],[15.036279703330626,45.98433345017999],[15.036324619094833,45.98489522633848],[15.03623478756642,45.98528846625748],[15.036046141356756,45.985413303742845],[15.035650882631742,45.9854445130702],[15.035004095627176,45.985875199990915],[15.035147826072636,45.986268432948634],[15.035138842919794,45.98795368541402],[15.034357308622612,45.98876508496902],[15.033360178657237,45.98937674753999],[15.032282200316294,45.99052515696503],[15.031177272516828,45.992316378445516],[15.030647266499196,45.99363947346256],[15.028617073957088,45.99421987780455],[15.026595864567817,45.994388381150785],[15.027036039057037,45.99494381447396],[15.026775527624642,45.99621692150711],[15.027332483100794,45.9976085687268],[15.029039282140623,45.99858831730003],[15.030755064333292,46.00031687598203],[15.031698295381615,46.00056648288206],[15.032084570953788,46.00036055727083],[15.032973903085066,46.00030439560748],[15.033351195504396,46.00046040008713],[15.03360272378395,46.00026071427435],[15.035866478299932,46.00001110599491],[15.036333602247675,46.000379277812605],[15.03660309683291,46.00044791974495],[15.038175148580118,46.000585203354156],[15.039962795995518,46.00030439560748],[15.041543830895566,46.00028567504035],[15.04254994401378,45.99999862555138],[15.043196731018346,46.00002358643563],[15.043313512005282,45.99985510024843],[15.043583006590518,45.999780217333885],[15.044310641970654,45.99988006119742],[15.046798975307665,45.999886301432916],[15.047760172661672,46.00019207210976],[15.048397976513398,45.99999862555138],[15.049215443421948,46.000110949441805],[15.049431039090136,45.99982389904635],[15.049961045107768,45.999742775838605],[15.050688680487903,46.00037303763272],[15.051838524051576,46.0003106357951],[15.052880569781154,46.00047912059514],[15.056842140184122,45.99994870374909],[15.0575787587171,46.00002982665493],[15.058809450656344,46.00046664025718],[15.059186743075674,46.00027943484991],[15.05939335559102,45.99999862555138],[15.059582001800687,46.00003606687352],[15.060255738263775,46.00054152224272],[15.060201839346728,46.00094713123657],[15.059779631163194,46.001103133903996],[15.059779631163194,46.0012029753803],[15.060336586639348,46.00135897732633],[15.060399468709237,46.00185194058467],[15.060929474726866,46.00232617957396],[15.060866592656977,46.002488418294995],[15.061522362814385,46.00262569684117],[15.062115250901902,46.00311864881293],[15.061989486762128,46.00356791767028],[15.062249998194522,46.004379088310955],[15.062205082430316,46.00529008115837],[15.062393728639979,46.0056020615617],[15.061890672080873,46.00613242420942],[15.061980503609286,46.00686244447853],[15.061755924788256,46.00737407687372],[15.062097284596222,46.007773396430686],[15.062205082430316,46.00918347055341],[15.066894288213419,46.01104271688215],[15.069966526485109,46.01121116899861],[15.071538578232317,46.0115293549299],[15.073272326730669,46.011691566660964],[15.075203704591527,46.01208461619016],[15.076946436242716,46.011760194557816],[15.075967272583027,46.00978866833326],[15.076182868251214,46.0094455157658],[15.076533211212022,46.009570298763926],[15.077233897133635,46.01056231358395],[15.077494408566029,46.009532863894044],[15.07974019677633,46.00955782047677],[15.083620918803724,46.008484677251],[15.086899769590762,46.008060405581695],[15.087250112551567,46.008172713104976],[15.086324847808925,46.009832342143675],[15.08600145430664,46.011155018350124],[15.085588229275947,46.011760194557816],[15.08561517873447,46.01257748387454],[15.086028403765166,46.01388137846632],[15.08530975153787,46.0156593670039],[15.086064336376529,46.01633935452546],[15.08636078042029,46.01690704412539],[15.087330960927138,46.01769930448409],[15.090843373688045,46.017992500321796],[15.091382362858518,46.01776792492588],[15.09140931231704,46.01754334861787],[15.092684920020492,46.016944474004106],[15.093008313522773,46.017169052744336],[15.094212056003494,46.01608981879151],[15.09574817513934,46.01685713758103],[15.09599072026605,46.017169052744336],[15.097014799689946,46.01632063938448],[15.09855091882579,46.0158901893936],[15.100096021114476,46.014904508677795],[15.10418335565722,46.01459258074103],[15.104345052408362,46.015478451484405],[15.103329956137307,46.01592761996061],[15.102898764800932,46.01642045339655],[15.102063331586697,46.01673860935765],[15.103482669735607,46.017268865225006],[15.103383855054354,46.01780535422188],[15.102458590311711,46.01831064723803],[15.10110213423269,46.01862879232377],[15.10117399945542,46.01953955048751],[15.10056314506222,46.02027563174014],[15.099170756371834,46.020999227487785],[15.09853295252011,46.021523204703755],[15.098362272616127,46.022153218352784],[15.09575715829218,46.02416796628678],[15.096448861060951,46.02442370303311],[15.096933951314377,46.024766762664136],[15.096179366475715,46.02588948839017],[15.095038506064883,46.026513215051956],[15.094679179951237,46.027242966312336],[15.09432883699043,46.02730533776804],[15.09343950485915,46.02827832336477],[15.092586105339237,46.0285215670879],[15.093268824955167,46.02915150098504],[15.094337820143272,46.031228360900414],[15.09327780810801,46.03637963451578]]]},"properties":{"FID":1,"ID":"02","IME":"Zahodna Slovenija","PREB_S":966546,"PREB_M":476251,"PREB_Z":490295,"S_14":140829,"M_14":72774,"Z_14":68055,"S_15_64":667984,"M_15_64":340520,"Z_15_64":327464,"S_65":157733,"M_65":62957,"Z_65":94776,"DEL_S_14":14.6,"DEL_M_14":15.3,"DEL_Z_14":13.9,"DEL_S15_64":69.1,"DEL_M15_64":71.5,"DEL_Z15_64":66.8,"DEL_S_65":16.3,"DEL_M_65":13.2,"DEL_Z_65":19.3,"IND_FEM":102.9,"STAR_S":41.3,"STAR_M":39.7,"STAR_Z":42.9,"IND_STAR_S":112,"IND_STAR_M":86.5,"IND_STAR_Z":139.3,"GOST_PREB":119.9,"DEL_TUJCI":5.1,"DEL_EXYU":87.3,"DEL_EU":6.8,"DEL_OSTALO":6,"S0_4":53484,"M_0_4":27555,"Z_0_4":25929,"S5_9":43528,"M_5_9":22465,"Z_5_9":21063,"S10_14":43817,"M_10_14":22754,"Z_10_14":21063,"S15_19":47677,"M_15_19":24249,"Z_15_19":23428,"S20_24":63289,"M_20_24":32371,"Z_20_24":30918,"S25_29":68488,"M_25_29":35872,"Z_25_29":32616,"S30_34":76380,"M_30_34":39903,"Z_30_34":36477,"S35_39":72155,"M_35_39":37648,"Z_35_39":34507,"S40_44":70558,"M_40_44":36001,"Z_40_44":34557,"S45_49":71903,"M_45_49":36494,"Z_45_49":35409,"S50_54":69128,"M_50_54":34737,"Z_50_54":34391,"S55_59":69893,"M_55_59":34839,"Z_55_59":35054,"S60_64":58513,"M_60_64":28406,"Z_60_64":30107,"S65_69":41445,"M_65_69":19107,"Z_65_69":22338,"S70_74":41643,"M_70_74":18359,"Z_70_74":23284,"S75_79":33735,"M_75_79":13314,"Z_75_79":20421,"S80_84":24188,"M_80_84":8066,"Z_80_84":16122,"S85_89":12499,"M_85_89":3197,"Z_85_89":9302,"S90_94":3226,"M_90_94":731,"Z_90_99":2495,"S95_99":879,"M_95_99":167,"Z_95_99":712,"S100":118,"M_100":16,"Z_100":102,"__id":1},"id":1}]}
