{"type":"FeatureCollection","features":[{"type":"Feature","geometry":{"type":"LineString","coordinates":[[14.811785323937453,46.436449164136924],[14.817076400960918,46.43607276109752],[14.82667849303287,46.43543324141965],[14.838582068862738,46.433861340734026],[14.851295925078881,46.4321017982783],[14.863604641101889,46.429873499552194],[14.875369876378002,46.42839121871392],[14.888755672426665,46.42765687417752],[14.899573185078033,46.426451314098195],[14.910795837922539,46.424965224923],[14.914311843944583,46.42421968826032]]},"properties":{"FID":170,"FAULT_NAME":"Periadriatic segment 5","FAULT_DESI":"MAF.SI-056/5","FAULT_TYPE":"dextral transpressive","MINDEPTH_g":0,"MAXDEPTH_g":40,"MAXDEPTH":20,"STRIKEMIN":270,"STRIKEMAX":285,"STRIKE_BES":280,"DIPMIN":70,"DIPMAX":110,"DIP_BEST_E":90,"RAKEMIN":130,"RAKEMAX":170,"RAKE_BEST":150,"FAULT_WIDT":20,"TOTAL_FAUL":239,"TOTAL_FA_1":249,"SEGMENTATI":"geometric","TOTAL_SEGM":8,"TOTAL_SE_1":8,"MIN_TOTAL":5086.76975243,"MAX_TOTAL":5086.76975243,"BEST_ESTIM":4780,"MIN_TOTA_1":170.268443596,"MAX_TOTA_1":170.268443596,"BEST_EST_1":160,"SLIPRATEMI":0.2,"SLIPRATEMA":1,"BEST_EST_2":0.6,"ACTIVITY":"probably","FAULT_WE_1":" ","__id":0},"id":0},{"type":"Feature","geometry":{"type":"LineString","coordinates":[[14.840137950934835,46.435592967269834],[14.82560590458363,46.438383141385714],[14.816306544762426,46.43970729428581],[14.80913709047987,46.44090079957313],[14.79547551163898,46.44342081743779],[14.78566950199753,46.445893676698965],[14.774194422558187,46.44776418552942],[14.766028736625541,46.44952260332363],[14.75939288162175,46.45097088791265],[14.750869666206023,46.4514202196627],[14.737813551866632,46.45248349958971],[14.734362224545043,46.45287897501125],[14.723806121641356,46.45406971621668],[14.712165752189735,46.455723342730835],[14.693754780441706,46.4585737501941],[14.68035820460963,46.45842399302939],[14.67345824491231,46.458837990137184],[14.669973679925208,46.458948141303836],[14.66687089893386,46.45939678841647],[14.662899447062768,46.45936089678351],[14.659449916371749,46.45954344880879],[14.65578658664311,46.460375135713385],[14.65243766726391,46.46111151455629],[14.649438192530237,46.46200010635334],[14.646053340539673,46.4624883306312],[14.641245557139069,46.46249761241916],[14.63885603848331,46.46296355614161],[14.636808777950801,46.46340660118834],[14.634579159415615,46.46346352850278],[14.630401993344458,46.46290477196086],[14.6270566672264,46.463022340258895],[14.62287231463297,46.46358604578192],[14.618961049885915,46.46468992640868],[14.614685069133504,46.4651960704671],[14.611523897648686,46.465634766094496],[14.608915190063604,46.466556696018245],[14.605505185245086,46.46705972905034],[14.60124447585251,46.46733320877276],[14.596225588360133,46.46757203835671],[14.588278193041527,46.46805773777554],[14.581459081719776,46.46863685906139],[14.577603512520334,46.468686975036846],[14.573438024547873,46.46892023026601],[14.566257790481904,46.46915843417664],[14.560784355455766,46.469571112250506],[14.555554363871622,46.47005617513168],[14.550533679748677,46.47047008378938],[14.546907180946688,46.470772006206],[14.543912197789432,46.47079056695564],[14.541088792851447,46.470799228636665],[14.53684694807983,46.47081222115559],[14.531752602103591,46.47049111942188],[14.52701398897986,46.47049606898128],[14.521785794026284,46.47066682850506],[14.516774093056181,46.469996161208506],[14.51423545406326,46.46940715506953],[14.51037180002626,46.468981482799734],[14.505945800621404,46.46908295149183],[14.499742933584558,46.469176995476545],[14.490195638744938,46.46930506827339],[14.482593196495433,46.46972764449451],[14.475682457014702,46.468705536497524],[14.467659603212232,46.46817529494524],[14.461551957595502,46.467804679638206],[14.454608878764542,46.46834234943385],[14.452898486463578,46.468659132833956]]},"properties":{"FID":202,"FAULT_NAME":"Periadriatic segment 4","FAULT_DESI":"MAF.SI-056/4","FAULT_TYPE":"dextral transpressive","MINDEPTH_g":0,"MAXDEPTH_g":40,"MAXDEPTH":20,"STRIKEMIN":250,"STRIKEMAX":290,"STRIKE_BES":270,"DIPMIN":70,"DIPMAX":110,"DIP_BEST_E":90,"RAKEMIN":130,"RAKEMAX":170,"RAKE_BEST":150,"FAULT_WIDT":20,"TOTAL_FAUL":239,"TOTAL_FA_1":249,"SEGMENTATI":"geometric","TOTAL_SEGM":30,"TOTAL_SE_1":30,"MIN_TOTAL":5086.76975243,"MAX_TOTAL":5086.76975243,"BEST_ESTIM":4780,"MIN_TOTA_1":638.506663486,"MAX_TOTA_1":638.506663486,"BEST_EST_1":600,"SLIPRATEMI":0.2,"SLIPRATEMA":1,"BEST_EST_2":0.6,"ACTIVITY":"probably","FAULT_WE_1":" ","__id":1},"id":1},{"type":"Feature","geometry":{"type":"LineString","coordinates":[[14.1614966863939,46.478064037440795],[14.160478895176993,46.47881502342022],[14.158996674958196,46.48000519743251],[14.157145247157624,46.48138215421647],[14.154655117190046,46.48262856078854],[14.150882192996743,46.48399122472819],[14.145446487212535,46.48628967630111],[14.140489583474766,46.48726382924467],[14.1323418638478,46.488340634515595],[14.12561887226145,46.48904818478838],[14.1213339083562,46.48994250526829]]},"properties":{"FID":203,"FAULT_NAME":"Periadriatic segment 2","FAULT_DESI":"MAF.SI-056/2","FAULT_TYPE":"dextral transpressive","MINDEPTH_g":0,"MAXDEPTH_g":40,"MAXDEPTH":20,"STRIKEMIN":280,"STRIKEMAX":320,"STRIKE_BES":295,"DIPMIN":70,"DIPMAX":110,"DIP_BEST_E":90,"RAKEMIN":130,"RAKEMAX":170,"RAKE_BEST":150,"FAULT_WIDT":20,"TOTAL_FAUL":239,"TOTAL_FA_1":249,"SEGMENTATI":"structural","TOTAL_SEGM":3,"TOTAL_SE_1":3,"MIN_TOTAL":5086.76975243,"MAX_TOTAL":5086.76975243,"BEST_ESTIM":4780,"MIN_TOTA_1":63.8506663486,"MAX_TOTA_1":63.8506663486,"BEST_EST_1":60,"SLIPRATEMI":0.2,"SLIPRATEMA":1,"BEST_EST_2":0.6,"ACTIVITY":"probably","FAULT_WE_1":" ","__id":2},"id":2},{"type":"Feature","geometry":{"type":"LineString","coordinates":[[14.429147030351459,46.47347067275865],[14.425561854052537,46.47393219196989],[14.419946485211508,46.474472894485196],[14.41598311817797,46.47452362373614],[14.412840811314123,46.47475685395214],[14.409495485196059,46.47477541334284],[14.40733413862247,46.474728396207446],[14.404402935850387,46.47446423338884],[14.401368426820632,46.47430647746409],[14.397972795046659,46.47421739156337],[14.395350612732315,46.473919200195766],[14.389959822712314,46.47271713834245],[14.3839473985157,46.47193822768011],[14.381477031484373,46.47192523542998],[14.379209683707256,46.47219745335581],[14.376017071187494,46.47232242567484],[14.372776847957674,46.47216218883764],[14.36799331906974,46.47188749601917],[14.361774282357779,46.471212512956924],[14.357557590414121,46.47094029010473],[14.351484080778189,46.470941527484406],[14.344741326255587,46.47101020201262],[14.338206980878903,46.470901312630374],[14.334300207708267,46.47055855713003],[14.332630239595089,46.47053814021803],[14.325530853904693,46.47028323752049],[14.317713714302284,46.469881701480894],[14.314161775668875,46.46993119760886],[14.311070672776221,46.470197238525536],[14.307878958571743,46.47028447491511],[14.305970936908274,46.470593203993474],[14.304008118012472,46.471114760362134],[14.301995891776045,46.47152927965278],[14.300709504289184,46.4715212367712],[14.299166198631069,46.47147669155941],[14.297727995861194,46.471289848746146],[14.296292488037171,46.47085429214797],[14.294499450730067,46.47020342550813],[14.292909432677176,46.46980250758252],[14.29136612701906,46.46975734226076],[14.289303595126722,46.47002895232937],[14.284923409801353,46.47049978115054],[14.2817757130458,46.47108444464833],[14.277127829765766,46.47229953472697],[14.274906296068137,46.4729615123053],[14.272895866462278,46.47319722387284],[14.271198050575292,46.47315082403866],[14.2695514386595,46.47314030673742],[14.267749418199557,46.47320031719371],[14.265789294249608,46.47354305605727],[14.261091105313662,46.474615183727906],[14.256396509638854,46.47540271702592],[14.253300016854496,46.47605847054193],[14.251032669077377,46.47625705094408],[14.249695077619325,46.47621250960851],[14.247124997591458,46.475947116728285],[14.24383087544459,46.4759254645714],[14.239861220204066,46.47639686101057],[14.237177054135117,46.47694805560494],[14.231412564956923,46.47799227876517],[14.227009921749453,46.478829251225875],[14.223556797797299,46.4790711233529],[14.2173512358146,46.47906617457334],[14.206616368169373,46.477562961953225],[14.202318827850142,46.47734397195786],[14.200487162985823,46.47745717876042],[14.198557581755535,46.478012692880796],[14.195433241197366,46.478876264818126],[14.193325793540824,46.47905070963435],[14.19167918162503,46.47903895627779],[14.188482975844133,46.4785743873609],[14.186110525178776,46.47817786135287],[14.18299965934987,46.47815559147577],[14.179149480042133,46.47857067574241],[14.175579575103043,46.47867150795508],[14.172382471006859,46.478332513025784],[14.167997794105073,46.47779494191923],[14.166212841635527,46.47778195106728]]},"properties":{"FID":204,"FAULT_NAME":"Periadriatic segment 3","FAULT_DESI":"MAF.SI-056/3","FAULT_TYPE":"dextral transpressive","MINDEPTH_g":0,"MAXDEPTH_g":40,"MAXDEPTH":20,"STRIKEMIN":245,"STRIKEMAX":290,"STRIKE_BES":270,"DIPMIN":70,"DIPMAX":110,"DIP_BEST_E":90,"RAKEMIN":130,"RAKEMAX":170,"RAKE_BEST":150,"FAULT_WIDT":20,"TOTAL_FAUL":239,"TOTAL_FA_1":249,"SEGMENTATI":"geometric","TOTAL_SEGM":21,"TOTAL_SE_1":20,"MIN_TOTAL":5086.76975243,"MAX_TOTAL":5086.76975243,"BEST_ESTIM":4780,"MIN_TOTA_1":446.95466444,"MAX_TOTA_1":446.95466444,"BEST_EST_1":420,"SLIPRATEMI":0.2,"SLIPRATEMA":1,"BEST_EST_2":0.6,"ACTIVITY":"probably","FAULT_WE_1":" ","__id":3},"id":3},{"type":"Feature","geometry":{"type":"LineString","coordinates":[[11.723834619614157,46.843826904424866],[11.86169547300684,46.81698339073045],[12.055612098443872,46.784451086213515],[12.167123567922763,46.76981854460944],[12.320370765501849,46.75187449058163],[12.370509334769697,46.74396487730104],[12.473080770541031,46.73712104820862],[12.503350402354721,46.726006671058784],[12.566107606418596,46.71371975952718],[12.616861521656066,46.707348875979434],[12.654999497043361,46.70069692785866],[12.688231772664077,46.7032332414672],[12.712488980281156,46.704959985786125],[12.749560655426201,46.70197526452423],[12.784878819136642,46.697704577621124],[12.823066201864563,46.68913815842233],[12.85389458578498,46.6841411206577],[12.902694665279485,46.680085964237335],[12.945117604572031,46.677755652308065],[12.994966916318393,46.669340793404935],[13.171121153642526,46.63894960999949],[13.316656314507444,46.61502878212807],[13.403997712951817,46.604771823081286],[13.485668047007543,46.59716285584245],[13.567464145203049,46.58391806301972],[13.688665741651738,46.57037545887799],[13.808661798989139,46.5629685728771],[13.934685551882984,46.55584050522618],[13.994432501429774,46.550452448349176]]},"properties":{"FID":218,"FAULT_NAME":"Periadriatic segment 1","FAULT_DESI":"MAF.SI-056/1","FAULT_TYPE":"dextral transpressive","MINDEPTH_g":0,"MAXDEPTH_g":40,"MAXDEPTH":20,"STRIKEMIN":265,"STRIKEMAX":300,"STRIKE_BES":280,"DIPMIN":70,"DIPMAX":110,"DIP_BEST_E":90,"RAKEMIN":130,"RAKEMAX":170,"RAKE_BEST":150,"FAULT_WIDT":20,"TOTAL_FAUL":239,"TOTAL_FA_1":249,"SEGMENTATI":"structural","TOTAL_SEGM":177,"TOTAL_SE_1":177,"MIN_TOTAL":5086.76975243,"MAX_TOTAL":5086.76975243,"BEST_ESTIM":4780,"MIN_TOTA_1":3767.18931456,"MAX_TOTA_1":3767.18931456,"BEST_EST_1":3540,"SLIPRATEMI":0.2,"SLIPRATEMA":1,"BEST_EST_2":0.6,"ACTIVITY":"probably","FAULT_WE_1":" ","__id":4},"id":4},{"type":"Feature","geometry":{"type":"LineString","coordinates":[[15.637487088695742,46.265674867316456],[15.627257074240188,46.26541838578841],[15.613649394316347,46.26627601060231],[15.587890203544218,46.27212190946141],[15.565965920719997,46.27954730146855],[15.524534721501123,46.29094514248278],[15.486452441661442,46.30671383165566],[15.457479078802734,46.3186470275793],[15.42952440547622,46.33108625172364],[15.41275555406756,46.337784221215095],[15.388979843442769,46.3464886808562]]},"properties":{"FID":124,"FAULT_NAME":"Labot segment 8","FAULT_DESI":"MAF.SI-080/8","FAULT_TYPE":"dextral strike-slip","MINDEPTH_g":0,"MAXDEPTH_g":0,"MAXDEPTH":15,"STRIKEMIN":265,"STRIKEMAX":295,"STRIKE_BES":300,"DIPMIN":80,"DIPMAX":90,"DIP_BEST_E":85,"RAKEMIN":160,"RAKEMAX":180,"RAKE_BEST":170,"FAULT_WIDT":15.0572975632,"TOTAL_FAUL":201,"TOTAL_FA_1":157,"SEGMENTATI":"geometric","TOTAL_SEGM":21,"TOTAL_SE_1":21,"MIN_TOTAL":3015,"MAX_TOTAL":3061.51123484,"BEST_ESTIM":3026.51681019,"MIN_TOTA_1":315,"MAX_TOTA_1":319.859382744,"BEST_EST_1":316.203248826,"SLIPRATEMI":0.5,"SLIPRATEMA":1,"BEST_EST_2":0.75,"ACTIVITY":"active","FAULT_WE_1":" ","__id":5},"id":5},{"type":"Feature","geometry":{"type":"LineString","coordinates":[[15.114528354469142,46.5025331744123],[15.107020235324471,46.5087427142399],[15.082907656468135,46.528797222495065],[15.057888677490121,46.546706068336796],[15.042382857370933,46.558641811613285],[15.031525818847067,46.56919776183793],[15.011572439756202,46.586330208297404],[14.990979460183045,46.606553554480115],[14.971204845833721,46.62413629103855],[14.952316868669827,46.64022940790624],[14.942061701386319,46.64703619050726],[14.933961592469412,46.653348211749346]]},"properties":{"FID":184,"FAULT_NAME":"Labot segment 5","FAULT_DESI":"MAF.SI-080/5","FAULT_TYPE":"dextral strike-slip","MINDEPTH_g":0,"MAXDEPTH_g":0,"MAXDEPTH":15,"STRIKEMIN":320,"STRIKEMAX":320,"STRIKE_BES":320,"DIPMIN":80,"DIPMAX":90,"DIP_BEST_E":85,"RAKEMIN":160,"RAKEMAX":180,"RAKE_BEST":170,"FAULT_WIDT":15.0572975632,"TOTAL_FAUL":201,"TOTAL_FA_1":157,"SEGMENTATI":"geometric","TOTAL_SEGM":22,"TOTAL_SE_1":22,"MIN_TOTAL":3015,"MAX_TOTAL":3061.51123484,"BEST_ESTIM":3026.51681019,"MIN_TOTA_1":330,"MAX_TOTA_1":335.090781922,"BEST_EST_1":331.260546389,"SLIPRATEMI":0.5,"SLIPRATEMA":1,"BEST_EST_2":0.75,"ACTIVITY":"active","FAULT_WE_1":" ","__id":6},"id":6},{"type":"Feature","geometry":{"type":"LineString","coordinates":[[15.30595035836217,46.39505588342962],[15.288298463029221,46.400913432333965],[15.272185381777968,46.406565324402344],[15.252385614600692,46.4151795546007],[15.213583784218432,46.43490453313406],[15.18058866383272,46.45098450408074],[15.161777043467977,46.46306503605166],[15.136219075319492,46.482116393206496],[15.114071111989524,46.49976607444483]]},"properties":{"FID":185,"FAULT_NAME":"Labot segment 6","FAULT_DESI":"MAF.SI-080/6","FAULT_TYPE":"dextral strike-slip","MINDEPTH_g":0,"MAXDEPTH_g":0,"MAXDEPTH":15,"STRIKEMIN":295,"STRIKEMAX":320,"STRIKE_BES":310,"DIPMIN":80,"DIPMAX":90,"DIP_BEST_E":85,"RAKEMIN":160,"RAKEMAX":180,"RAKE_BEST":170,"FAULT_WIDT":15.0572975632,"TOTAL_FAUL":201,"TOTAL_FA_1":157,"SEGMENTATI":"geometric","TOTAL_SEGM":19,"TOTAL_SE_1":19,"MIN_TOTAL":3015,"MAX_TOTAL":3061.51123484,"BEST_ESTIM":3026.51681019,"MIN_TOTA_1":285,"MAX_TOTA_1":289.396584387,"BEST_EST_1":286.0886537,"SLIPRATEMI":0.5,"SLIPRATEMA":1,"BEST_EST_2":0.75,"ACTIVITY":"active","FAULT_WE_1":" ","__id":7},"id":7},{"type":"Feature","geometry":{"type":"LineString","coordinates":[[15.442600282751863,46.33434509404958],[15.414193756837435,46.34183646966173],[15.394230496278446,46.34929209495596],[15.378493809131243,46.357635757109556],[15.351596452894135,46.36817186359947],[15.331731108701117,46.378123381823606],[15.31477091613694,46.386810263763415],[15.300217310218919,46.3948607242292]]},"properties":{"FID":186,"FAULT_NAME":"Labot segment 7","FAULT_DESI":"MAF.SI-080/7","FAULT_TYPE":"dextral strike-slip","MINDEPTH_g":0,"MAXDEPTH_g":0,"MAXDEPTH":15,"STRIKEMIN":300,"STRIKEMAX":305,"STRIKE_BES":300,"DIPMIN":80,"DIPMAX":90,"DIP_BEST_E":85,"RAKEMIN":160,"RAKEMAX":180,"RAKE_BEST":170,"FAULT_WIDT":15.0572975632,"TOTAL_FAUL":201,"TOTAL_FA_1":157,"SEGMENTATI":"geometric","TOTAL_SEGM":13,"TOTAL_SE_1":13,"MIN_TOTAL":3015,"MAX_TOTAL":3061.51123484,"BEST_ESTIM":3026.51681019,"MIN_TOTA_1":195,"MAX_TOTA_1":198.008189318,"BEST_EST_1":195.744868321,"SLIPRATEMI":0.5,"SLIPRATEMA":1,"BEST_EST_2":0.75,"ACTIVITY":"active","FAULT_WE_1":" ","__id":8},"id":8},{"type":"Feature","geometry":{"type":"LineString","coordinates":[[14.349011917116293,47.367775679008666],[14.408046502642774,47.338944522324],[14.479656603831646,47.286360512933044],[14.562549544989063,47.2138301145346],[14.61014139042643,47.17180959651201]]},"properties":{"FID":211,"FAULT_NAME":"Labot segment 1","FAULT_DESI":"MAF.SI-080/1","FAULT_TYPE":"dextral strike-slip","MINDEPTH_g":0,"MAXDEPTH_g":0,"MAXDEPTH":15,"STRIKEMIN":305,"STRIKEMAX":320,"STRIKE_BES":330,"DIPMIN":80,"DIPMAX":90,"DIP_BEST_E":85,"RAKEMIN":160,"RAKEMAX":180,"RAKE_BEST":170,"FAULT_WIDT":15.0572975632,"TOTAL_FAUL":201,"TOTAL_FA_1":157,"SEGMENTATI":"geometric","TOTAL_SEGM":30,"TOTAL_SE_1":29,"MIN_TOTAL":3015,"MAX_TOTAL":3061.51123484,"BEST_ESTIM":3026.51681019,"MIN_TOTA_1":450,"MAX_TOTA_1":456.941975349,"BEST_EST_1":451.718926895,"SLIPRATEMI":0.5,"SLIPRATEMA":1,"BEST_EST_2":0.75,"ACTIVITY":"active","FAULT_WE_1":" ","__id":9},"id":9},{"type":"Feature","geometry":{"type":"LineString","coordinates":[[14.829388710245059,46.93090933562021],[14.792679056159516,46.97615910867535],[14.742590792547578,47.03517610911433],[14.689906397764537,47.08682833114711],[14.663866034308482,47.10876259118061],[14.629563865184378,47.13368480823007],[14.616208611855372,47.14442895733142]]},"properties":{"FID":212,"FAULT_NAME":"Labot segment 2","FAULT_DESI":"MAF.SI-080/2","FAULT_TYPE":"dextral strike-slip","MINDEPTH_g":0,"MAXDEPTH_g":0,"MAXDEPTH":15,"STRIKEMIN":315,"STRIKEMAX":330,"STRIKE_BES":325,"DIPMIN":80,"DIPMAX":90,"DIP_BEST_E":85,"RAKEMIN":160,"RAKEMAX":180,"RAKE_BEST":170,"FAULT_WIDT":15.0572975632,"TOTAL_FAUL":201,"TOTAL_FA_1":157,"SEGMENTATI":"geometric","TOTAL_SEGM":29,"TOTAL_SE_1":29,"MIN_TOTAL":3015,"MAX_TOTAL":3061.51123484,"BEST_ESTIM":3026.51681019,"MIN_TOTA_1":435,"MAX_TOTA_1":441.71057617,"BEST_EST_1":436.661629331,"SLIPRATEMI":0.5,"SLIPRATEMA":1,"BEST_EST_2":0.75,"ACTIVITY":"active","FAULT_WE_1":" ","__id":10},"id":10},{"type":"Feature","geometry":{"type":"LineString","coordinates":[[14.732283522977593,47.01364886976007],[14.771187761302242,46.964251756447695],[14.79821896651668,46.92747886180181],[14.823547864267713,46.88666870552408],[14.835380473190137,46.859068335163464],[14.861485515346649,46.818826364640984],[14.89596555089701,46.757872096607905],[14.928701058165608,46.69287777731925],[14.950480712229087,46.64915939592861]]},"properties":{"FID":213,"FAULT_NAME":"Labot segment 3","FAULT_DESI":"MAF.SI-080/3","FAULT_TYPE":"dextral strike-slip","MINDEPTH_g":0,"MAXDEPTH_g":0,"MAXDEPTH":15,"STRIKEMIN":330,"STRIKEMAX":345,"STRIKE_BES":340,"DIPMIN":80,"DIPMAX":90,"DIP_BEST_E":85,"RAKEMIN":160,"RAKEMAX":180,"RAKE_BEST":170,"FAULT_WIDT":15.0572975632,"TOTAL_FAUL":201,"TOTAL_FA_1":157,"SEGMENTATI":"structural","TOTAL_SEGM":44,"TOTAL_SE_1":44,"MIN_TOTAL":3015,"MAX_TOTAL":3061.51123484,"BEST_ESTIM":3026.51681019,"MIN_TOTA_1":660,"MAX_TOTA_1":670.181563845,"BEST_EST_1":662.521092779,"SLIPRATEMI":0.5,"SLIPRATEMA":1,"BEST_EST_2":0.75,"ACTIVITY":"active","FAULT_WE_1":" ","__id":11},"id":11},{"type":"Feature","geometry":{"type":"LineString","coordinates":[[14.733900490489006,46.85600245751711],[14.77593086600239,46.83365207594362],[14.825532242730333,46.791159747270584],[14.875901679026201,46.74461861852101],[14.91531436380166,46.69747168855957]]},"properties":{"FID":214,"FAULT_NAME":"Labot segment 4","FAULT_DESI":"MAF.SI-080/4","FAULT_TYPE":"dextral strike-slip","MINDEPTH_g":0,"MAXDEPTH_g":0,"MAXDEPTH":15,"STRIKEMIN":310,"STRIKEMAX":330,"STRIKE_BES":320,"DIPMIN":80,"DIPMAX":90,"DIP_BEST_E":85,"RAKEMIN":160,"RAKEMAX":180,"RAKE_BEST":170,"FAULT_WIDT":15.0572975632,"TOTAL_FAUL":201,"TOTAL_FA_1":157,"SEGMENTATI":"structural","TOTAL_SEGM":23,"TOTAL_SE_1":22,"MIN_TOTAL":3015,"MAX_TOTAL":3061.51123484,"BEST_ESTIM":3026.51681019,"MIN_TOTA_1":345,"MAX_TOTA_1":350.322181101,"BEST_EST_1":346.317843952,"SLIPRATEMI":0.5,"SLIPRATEMA":1,"BEST_EST_2":0.75,"ACTIVITY":"active","FAULT_WE_1":" ","__id":12},"id":12},{"type":"Feature","geometry":{"type":"LineString","coordinates":[[16.301044741301023,46.2333680075701],[16.278983914553617,46.23329157715098],[16.21883002818312,46.229715384474886],[16.173654650860033,46.22400044940282],[16.136408702549872,46.215583571197314],[16.095950378783698,46.21011706814034],[16.052278781246226,46.207922605819434],[16.00628234375345,46.206708464773556],[15.950091824416493,46.205327059171374],[15.942974472420413,46.204916112276955],[15.888453921196634,46.2042956450293],[15.842796148565974,46.20746318745332],[15.787477893369893,46.21032656321651],[15.757553214625304,46.213350165765625],[15.713449527436172,46.21998174058408],[15.658405258401748,46.226130879706865],[15.631717209625842,46.23222029731053],[15.584926661421909,46.243809390533805],[15.569043548883391,46.24747474253188]]},"properties":{"FID":112,"FAULT_NAME":"Šoštanj segment 8","FAULT_DESI":"MAF.SI-076/8","FAULT_TYPE":"dextral strike-slip","MINDEPTH_g":0,"MAXDEPTH_g":0,"MAXDEPTH":15,"STRIKEMIN":250,"STRIKEMAX":290,"STRIKE_BES":270,"DIPMIN":80,"DIPMAX":90,"DIP_BEST_E":85,"RAKEMIN":-160,"RAKEMAX":-180,"RAKE_BEST":-170,"FAULT_WIDT":15.0572975632,"TOTAL_FAUL":184,"TOTAL_FA_1":133,"SEGMENTATI":"geometric","TOTAL_SEGM":57,"TOTAL_SE_1":56,"MIN_TOTAL":2760,"MAX_TOTAL":2802.5774488,"BEST_ESTIM":2770.54275162,"MIN_TOTA_1":855,"MAX_TOTA_1":868.189753162,"BEST_EST_1":858.2659611,"SLIPRATEMI":0.1,"SLIPRATEMA":0.9,"BEST_EST_2":0.5,"ACTIVITY":"active","FAULT_WE_1":" ","__id":13},"id":13},{"type":"Feature","geometry":{"type":"LineString","coordinates":[[15.044369930779407,46.37767406548964],[15.041949869403988,46.37841342130039],[15.008130095587457,46.38900128633404],[14.995390188228074,46.392880593322374],[14.983799226117078,46.39632533052669],[14.979928385557809,46.39762944137484],[14.975956933686716,46.39961993147528],[14.969007566648768,46.40305185404476],[14.954100024508806,46.4094443183013],[14.94020847695518,46.415950606790574],[14.924016343958925,46.42232731686205],[14.909468127932609,46.42704821517924],[14.888820351127121,46.43762602594599],[14.872254518972674,46.44734515256879],[14.864315208491625,46.45083348820767]]},"properties":{"FID":113,"FAULT_NAME":"Šoštanj segment 1","FAULT_DESI":"MAF.SI-076/1","FAULT_TYPE":"dextral strike-slip","MINDEPTH_g":0,"MAXDEPTH_g":0,"MAXDEPTH":15,"STRIKEMIN":295,"STRIKEMAX":305,"STRIKE_BES":300,"DIPMIN":80,"DIPMAX":90,"DIP_BEST_E":85,"RAKEMIN":-160,"RAKEMAX":-180,"RAKE_BEST":-170,"FAULT_WIDT":15.0572975632,"TOTAL_FAUL":184,"TOTAL_FA_1":133,"SEGMENTATI":"geometric","TOTAL_SEGM":16,"TOTAL_SE_1":16,"MIN_TOTAL":2760,"MAX_TOTAL":2802.5774488,"BEST_ESTIM":2770.54275162,"MIN_TOTA_1":240,"MAX_TOTA_1":243.702386853,"BEST_EST_1":240.91676101,"SLIPRATEMI":0.1,"SLIPRATEMA":0.9,"BEST_EST_2":0.5,"ACTIVITY":"active","FAULT_WE_1":" ","__id":14},"id":14},{"type":"Feature","geometry":{"type":"LineString","coordinates":[[15.04785090250537,46.37298360197724],[15.05525661370765,46.37124068967492],[15.063058481950229,46.36958821861028],[15.069935085450165,46.36857724861014],[15.07353912637005,46.368311331259136],[15.078075618554855,46.36738154013499],[15.09175785864728,46.363096238224735]]},"properties":{"FID":114,"FAULT_NAME":"Šoštanj segment 2","FAULT_DESI":"MAF.SI-076/2","FAULT_TYPE":"dextral strike-slip","MINDEPTH_g":0,"MAXDEPTH_g":0,"MAXDEPTH":15,"STRIKEMIN":285,"STRIKEMAX":295,"STRIKE_BES":290,"DIPMIN":80,"DIPMAX":90,"DIP_BEST_E":85,"RAKEMIN":-160,"RAKEMAX":-180,"RAKE_BEST":-170,"FAULT_WIDT":15.0572975632,"TOTAL_FAUL":184,"TOTAL_FA_1":133,"SEGMENTATI":"geometric","TOTAL_SEGM":4,"TOTAL_SE_1":4,"MIN_TOTAL":2760,"MAX_TOTAL":2802.5774488,"BEST_ESTIM":2770.54275162,"MIN_TOTA_1":60,"MAX_TOTA_1":60.9255967131,"BEST_EST_1":60.2291902526,"SLIPRATEMI":0.1,"SLIPRATEMA":0.9,"BEST_EST_2":0.5,"ACTIVITY":"active","FAULT_WE_1":" ","__id":15},"id":15},{"type":"Feature","geometry":{"type":"LineString","coordinates":[[15.075482182329603,46.36280549747927],[15.085531635413046,46.36206531043154],[15.092143235904167,46.36151109346371],[15.099679202822648,46.360222858253756],[15.104842719075764,46.359119340995235],[15.118628265425862,46.354559966588575],[15.132623119237161,46.35066553556254],[15.147635764265367,46.34729728928152],[15.15933991410216,46.345165364883236],[15.172378960451153,46.3411480923412],[15.176760044091804,46.339287569729244],[15.182258631945903,46.33783693834329],[15.202466234262172,46.332504188331775],[15.20729018733789,46.33084062117405],[15.216423358831534,46.327990978056725],[15.224071615160527,46.32571004005934],[15.229269267394445,46.32420631828309]]},"properties":{"FID":115,"FAULT_NAME":"Šoštanj segment 3","FAULT_DESI":"MAF.SI-076/3","FAULT_TYPE":"dextral strike-slip","MINDEPTH_g":0,"MAXDEPTH_g":0,"MAXDEPTH":15,"STRIKEMIN":275,"STRIKEMAX":300,"STRIKE_BES":290,"DIPMIN":80,"DIPMAX":90,"DIP_BEST_E":85,"RAKEMIN":-160,"RAKEMAX":-180,"RAKE_BEST":-170,"FAULT_WIDT":15.0572975632,"TOTAL_FAUL":184,"TOTAL_FA_1":133,"SEGMENTATI":"geometric","TOTAL_SEGM":13,"TOTAL_SE_1":13,"MIN_TOTAL":2760,"MAX_TOTAL":2802.5774488,"BEST_ESTIM":2770.54275162,"MIN_TOTA_1":195,"MAX_TOTA_1":198.008189318,"BEST_EST_1":195.744868321,"SLIPRATEMI":0.1,"SLIPRATEMA":0.9,"BEST_EST_2":0.5,"ACTIVITY":"active","FAULT_WE_1":" ","__id":16},"id":16},{"type":"Feature","geometry":{"type":"LineString","coordinates":[[15.28027560922675,46.31063807525999],[15.26537974518548,46.315773172088264],[15.244612492447205,46.322089002988584],[15.238733917227927,46.32428324234739],[15.236334517104044,46.32506736534807],[15.232769103741374,46.325641182415694],[15.229203690378702,46.32626648108039],[15.223706899155175,46.32741036212397]]},"properties":{"FID":116,"FAULT_NAME":"Šoštanj segment 4","FAULT_DESI":"MAF.SI-076/4","FAULT_TYPE":"dextral strike-slip","MINDEPTH_g":0,"MAXDEPTH_g":0,"MAXDEPTH":15,"STRIKEMIN":285,"STRIKEMAX":300,"STRIKE_BES":295,"DIPMIN":80,"DIPMAX":90,"DIP_BEST_E":85,"RAKEMIN":-160,"RAKEMAX":-180,"RAKE_BEST":-170,"FAULT_WIDT":15.0572975632,"TOTAL_FAUL":184,"TOTAL_FA_1":133,"SEGMENTATI":"geometric","TOTAL_SEGM":5,"TOTAL_SE_1":5,"MIN_TOTAL":2760,"MAX_TOTAL":2802.5774488,"BEST_ESTIM":2770.54275162,"MIN_TOTA_1":75,"MAX_TOTA_1":76.1569958914,"BEST_EST_1":75.2864878158,"SLIPRATEMI":0.1,"SLIPRATEMA":0.9,"BEST_EST_2":0.5,"ACTIVITY":"active","FAULT_WE_1":" ","__id":17},"id":17},{"type":"Feature","geometry":{"type":"LineString","coordinates":[[15.301107540665482,46.299967992727645],[15.294325260270378,46.30264346583995],[15.271702088155115,46.310845945593044]]},"properties":{"FID":117,"FAULT_NAME":"Šoštanj segment 5","FAULT_DESI":"MAF.SI-076/5","FAULT_TYPE":"dextral strike-slip","MINDEPTH_g":0,"MAXDEPTH_g":0,"MAXDEPTH":15,"STRIKEMIN":295,"STRIKEMAX":300,"STRIKE_BES":300,"DIPMIN":80,"DIPMAX":90,"DIP_BEST_E":85,"RAKEMIN":-160,"RAKEMAX":-180,"RAKE_BEST":-170,"FAULT_WIDT":15.0572975632,"TOTAL_FAUL":184,"TOTAL_FA_1":133,"SEGMENTATI":"geometric","TOTAL_SEGM":3,"TOTAL_SE_1":3,"MIN_TOTAL":2760,"MAX_TOTAL":2802.5774488,"BEST_ESTIM":2770.54275162,"MIN_TOTA_1":45,"MAX_TOTA_1":45.6941975349,"BEST_EST_1":45.1718926895,"SLIPRATEMI":0.1,"SLIPRATEMA":0.9,"BEST_EST_2":0.5,"ACTIVITY":"active","FAULT_WE_1":" ","__id":18},"id":18},{"type":"Feature","geometry":{"type":"LineString","coordinates":[[15.568953717354978,46.24532277572053],[15.549651616845104,46.24839290590987],[15.515505754580436,46.255214664219935],[15.507696699815584,46.256793573485396],[15.476192782801512,46.263791904775694],[15.439072598631126,46.2706775696704],[15.406858114227317,46.277035236140954],[15.390206043805591,46.28000487486878],[15.34229709307293,46.29134178934354],[15.30932802383046,46.29972036056137],[15.30019125907568,46.302192287588355]]},"properties":{"FID":118,"FAULT_NAME":"Šoštanj segment 6","FAULT_DESI":"MAF.SI-076/6","FAULT_TYPE":"dextral strike-slip","MINDEPTH_g":0,"MAXDEPTH_g":0,"MAXDEPTH":15,"STRIKEMIN":285,"STRIKEMAX":290,"STRIKE_BES":285,"DIPMIN":80,"DIPMAX":90,"DIP_BEST_E":85,"RAKEMIN":-160,"RAKEMAX":-180,"RAKE_BEST":-170,"FAULT_WIDT":15.0572975632,"TOTAL_FAUL":184,"TOTAL_FA_1":133,"SEGMENTATI":"geometric","TOTAL_SEGM":22,"TOTAL_SE_1":22,"MIN_TOTAL":2760,"MAX_TOTAL":2802.5774488,"BEST_ESTIM":2770.54275162,"MIN_TOTA_1":330,"MAX_TOTA_1":335.090781922,"BEST_EST_1":331.260546389,"SLIPRATEMI":0.1,"SLIPRATEMA":0.9,"BEST_EST_2":0.5,"ACTIVITY":"active","FAULT_WE_1":" ","__id":19},"id":19},{"type":"Feature","geometry":{"type":"LineString","coordinates":[[15.565304760670886,46.25114233436057],[15.577207438185468,46.24790152268479],[15.587165263109934,46.2457452239019],[15.603517296226762,46.24266562632909],[15.609643806464456,46.24179085738494],[15.617442081445898,46.2396902366481],[15.628861465337623,46.23597838424425],[15.63780329567575,46.23382348095008]]},"properties":{"FID":119,"FAULT_NAME":"Šoštanj segment 7","FAULT_DESI":"MAF.SI-076/7","FAULT_TYPE":"dextral strike-slip","MINDEPTH_g":0,"MAXDEPTH_g":0,"MAXDEPTH":15,"STRIKEMIN":280,"STRIKEMAX":295,"STRIKE_BES":290,"DIPMIN":80,"DIPMAX":90,"DIP_BEST_E":85,"RAKEMIN":-160,"RAKEMAX":-180,"RAKE_BEST":-170,"FAULT_WIDT":15.0572975632,"TOTAL_FAUL":184,"TOTAL_FA_1":133,"SEGMENTATI":"geometric","TOTAL_SEGM":6,"TOTAL_SE_1":6,"MIN_TOTAL":2760,"MAX_TOTAL":2802.5774488,"BEST_ESTIM":2770.54275162,"MIN_TOTA_1":90,"MAX_TOTA_1":91.3883950697,"BEST_EST_1":90.3437853789,"SLIPRATEMI":0.1,"SLIPRATEMA":0.9,"BEST_EST_2":0.5,"ACTIVITY":"active","FAULT_WE_1":" ","__id":20},"id":20},{"type":"Feature","geometry":{"type":"LineString","coordinates":[[15.674899225333467,46.228380544241766],[15.687583437145234,46.22689092861792],[15.706363616475036,46.22419746174208],[15.726237943820898,46.2228251970693],[15.738209791612357,46.22199983295702],[15.752167814497009,46.22087985367984],[15.760703606326711,46.21952304462962],[15.782098781448585,46.21580174759828],[15.81283553721002,46.21201057620968],[15.844425692491365,46.20945252209194],[15.866318534280644,46.2075415188673],[15.874088961488278,46.20648403535374]]},"properties":{"FID":120,"FAULT_NAME":"Šoštanj segment 9","FAULT_DESI":"MAF.SI-076/9","FAULT_TYPE":"dextral strike-slip","MINDEPTH_g":0,"MAXDEPTH_g":0,"MAXDEPTH":15,"STRIKEMIN":275,"STRIKEMAX":285,"STRIKE_BES":280,"DIPMIN":80,"DIPMAX":90,"DIP_BEST_E":85,"RAKEMIN":-160,"RAKEMAX":-180,"RAKE_BEST":-170,"FAULT_WIDT":15.0572975632,"TOTAL_FAUL":184,"TOTAL_FA_1":133,"SEGMENTATI":"geometric","TOTAL_SEGM":16,"TOTAL_SE_1":16,"MIN_TOTAL":2760,"MAX_TOTAL":2802.5774488,"BEST_ESTIM":2770.54275162,"MIN_TOTA_1":240,"MAX_TOTA_1":243.702386853,"BEST_EST_1":240.91676101,"SLIPRATEMI":0.1,"SLIPRATEMA":0.9,"BEST_EST_2":0.5,"ACTIVITY":"potentially","FAULT_WE_1":" ","__id":21},"id":21},{"type":"Feature","geometry":{"type":"LineString","coordinates":[[16.02538591658554,46.22022724700701],[16.075116650714396,46.23180893023757],[16.122948346332624,46.23786975788848],[16.186736816342666,46.245752057595745],[16.22591683745954,46.25185917579202],[16.270107661231233,46.25538920363174],[16.331669207651945,46.25920222317299],[16.37908228834777,46.260896537384276],[16.494105272272286,46.26195732036285],[16.567755447471395,46.257709096429785]]},"properties":{"FID":224,"FAULT_NAME":"Šoštanj segment 10","FAULT_DESI":"MAF.SI-076/10","FAULT_TYPE":"sinistral transpressive","MINDEPTH_g":0,"MAXDEPTH_g":0,"MAXDEPTH":15,"STRIKEMIN":70,"STRIKEMAX":90,"STRIKE_BES":80,"DIPMIN":60,"DIPMAX":70,"DIP_BEST_E":65,"RAKEMIN":50,"RAKEMAX":80,"RAKE_BEST":65,"FAULT_WIDT":16.5506687844,"TOTAL_FAUL":184,"TOTAL_FA_1":133,"SEGMENTATI":"geometric","TOTAL_SEGM":42,"TOTAL_SE_1":42,"MIN_TOTAL":2937.13065203,"MAX_TOTAL":3186.97348593,"BEST_ESTIM":3045.32305634,"MIN_TOTA_1":670.43199666,"MAX_TOTA_1":727.461339179,"BEST_EST_1":695.128088946,"SLIPRATEMI":0.05,"SLIPRATEMA":0.2,"BEST_EST_2":0.1,"ACTIVITY":"active","FAULT_WE_1":" ","__id":22},"id":22},{"type":"Feature","geometry":{"type":"LineString","coordinates":[[14.493061264501277,45.69796747839462],[14.495498393867095,45.69542762482895],[14.497940014809334,45.69289079328713],[14.500387923958558,45.6903563566905],[14.502841222999487,45.687824942913764],[14.503861709162248,45.68676942122443],[14.506314109887892,45.68422466605932],[14.507575344546797,45.68292431737599],[14.508294895089378,45.682189406176185],[14.508971326498319,45.68150469371553],[14.509616316872318,45.680857629601036],[14.51023884936421,45.68024068371403],[14.510652074394907,45.67982896426107],[14.511107520243955,45.679367031512356],[14.511544999787322,45.67891890289168],[14.512626571389402,45.677802331514975],[14.513206883062944,45.6772110857094],[14.513508716998407,45.676907300933934],[14.513794381258757,45.67662422727241],[14.51406746910513,45.676356216078084],[14.514332472113946,45.676100756906415],[14.5146630521385,45.67578880641008],[14.5149855473255,45.675491290634504],[14.51530175430551,45.675206954459384],[14.515613469709098,45.67493391505069],[14.515922490166837,45.674670917211245],[14.516228815678721,45.674417961082625],[14.516533344560036,45.67417316374047],[14.516837873441354,45.673937152981374],[14.5170615539471,45.673768931939144],[14.517294217605688,45.673599455004684],[14.517534067786547,45.67342872216658],[14.517783799435533,45.673256105716185],[14.518043412552641,45.673081605636085],[14.518312907137878,45.67290459420757],[14.518595876452375,45.672723188297454],[14.518891422180852,45.67253738786303],[14.519151035297961,45.672376695097995],[14.519424123144333,45.672210980200795],[14.520024197754125,45.671853184999385],[14.52062067910278,45.6715048032633],[14.522163086445616,45.670612182865064],[14.522608650826538,45.670350420175424],[14.523007502812687,45.67011313783059],[14.523448575617188,45.66984509545329],[14.523857309071463,45.66959023429749],[14.5242399913825,45.669344788097284],[14.524601114126716,45.669106246001824],[14.525132916774913,45.66874466446612],[14.525682685728794,45.66836236478127],[14.526255810880063,45.66795557998331],[14.526863072012127,45.66751677640078],[14.527396671290894,45.667125051841666],[14.527987762747845,45.666687497290134],[14.529984717624442,45.66519275501128],[14.530751878877082,45.66462146539579],[14.531530718228414,45.664050169950265],[14.531890942657345,45.66378900437626],[14.532238590672296,45.66354039370757],[14.533114448074315,45.66291886220574],[14.534031627979402,45.66227283881634],[14.534999113540398,45.661596044412946],[14.536033972747704,45.66087654899751],[14.537023916190805,45.66019157574822],[14.538131538936124,45.65942874049794],[14.542109279014204,45.65669814461563],[14.542728218244964,45.65626867110764],[14.543414531122032,45.65578519552745],[14.54406221644188,45.65532432011435],[14.545567792858064,45.65424683636547],[14.546299021499339,45.65372818003683],[14.546961079863735,45.65326414808809],[14.547568340995797,45.65284532298742],[14.547970786243084,45.65257343035334],[14.548358858445823,45.65231346710858],[14.548737049180438,45.65206543341924],[14.549107155077495,45.65182618975661],[14.54947007445228,45.65159573623336],[14.549827603935357,45.65137344501546],[14.550180641842019,45.65115868825519],[14.550529188172256,45.6509508380919],[14.551696099726328,45.65026323160199],[14.552526143048857,45.64977782029367],[14.553285219463936,45.649341386095124],[14.553982312124411,45.648947650454254],[14.554667726686196,45.648568983423225],[14.554997408395465,45.648390010552504],[14.555321700213035,45.64821668891159],[14.555639703823612,45.64804901855295],[14.55595321585777,45.64788637154574],[14.556261338000223,45.64772811995026],[14.55656586688154,45.64757489178895],[14.556879378915696,45.64742040723476],[14.55718929768872,45.64726969018595],[14.557495623200602,45.64712399665329],[14.557799253766637,45.646982698684226],[14.558100189386815,45.64684454032542],[14.55839932837643,45.64671140558451],[14.558695772420187,45.64658141050861],[14.558991318148662,45.64645581111492],[14.559284168931287,45.64633335143492],[14.559576121398626,45.64621528748996],[14.559866277235395,45.646100363304555],[14.560154636441599,45.64598857889801],[14.5604429956478,45.64588119029738],[14.560729558223432,45.64577694151737],[14.561015222483784,45.645675832575556],[14.561299988428848,45.64557849149639],[14.561725789873522,45.64543781763799],[14.562162371101603,45.645300283479564],[14.562610630428379,45.64516463301994],[14.563070567853849,45.64503149428647],[14.563543081693295,45.64490086729704],[14.564029070262006,45.64477149603615],[14.564528533559974,45.64464400853046],[14.56504416653306,45.64451777677347],[14.565568782658985,45.64439405681522],[14.566112263405877,45.64427096460595],[14.566674608773736,45.6441478721262],[14.567261208654267,45.64402415135105],[14.567871164732185,45.643899802276344],[14.568514358475614,45.6437729408147],[14.56920067135268,45.64364105483218],[14.569949866299636,45.64350037610862],[14.570159173760837,45.64346269424768],[14.570373871113743,45.64342626842467],[14.570593958358351,45.64339109864206],[14.570819435494665,45.643357184902214],[14.571052099153253,45.643323899174604],[14.571292847649394,45.64329186949353],[14.571801294100206,45.643229066144144],[14.57225314668812,45.64317819537952],[14.572757101562509,45.64312606849873],[14.573246683392355,45.643078965853896],[14.57446479891762,45.642964035234286],[14.575112484237472,45.642899347404786],[14.575446657523166,45.6428629212155],[14.575759271242038,45.642827751079246],[14.57605661360108,45.642791324843415],[14.57633958291558,45.64275489858389],[14.57665578989559,45.64271030778569],[14.576960318776905,45.642664460871664],[14.577253169559528,45.642616729798014],[14.577537037189309,45.64256648651866],[14.577811921666253,45.64251373102687],[14.578079619620919,45.642458463315485],[14.57833923273803,45.64240068337712],[14.578592557648152,45.64233976316018],[14.578870137070943,45.642270050253344],[14.57914591986317,45.64219782507818],[14.579421702655395,45.64212371567124],[14.579696587132332,45.642047722025026],[14.579969674978706,45.641969844131886],[14.580242762825078,45.64189008198395],[14.580514054040883,45.6418078075234],[14.580785345256686,45.64172364878992],[14.581054839841922,45.641637605774974],[14.58132433442716,45.64154967846992],[14.581592032381826,45.64145986686586],[14.581859730336495,45.641367542899026],[14.582126529975875,45.641273334612784],[14.582391532984692,45.64117724199763],[14.582656535993507,45.641079265043864],[14.582919742371754,45.6409794037416]]},"properties":{"FID":33,"FAULT_NAME":"Idrija segment 13","FAULT_DESI":"MAF.SI-022/13","FAULT_TYPE":"dextral strike-slip","MINDEPTH_g":0,"MAXDEPTH_g":0,"MAXDEPTH":15,"STRIKEMIN":280,"STRIKEMAX":325,"STRIKE_BES":315,"DIPMIN":70,"DIPMAX":90,"DIP_BEST_E":85,"RAKEMIN":150,"RAKEMAX":180,"RAKE_BEST":165,"FAULT_WIDT":15.0572975632,"TOTAL_FAUL":172,"TOTAL_FA_1":124,"SEGMENTATI":"geometric","TOTAL_SEGM":10,"TOTAL_SE_1":10,"MIN_TOTAL":2580,"MAX_TOTAL":2745.57865299,"BEST_ESTIM":2589.85518086,"MIN_TOTA_1":150,"MAX_TOTA_1":159.626665871,"BEST_EST_1":150.572975632,"SLIPRATEMI":0.06,"SLIPRATEMA":2,"BEST_EST_2":1,"ACTIVITY":"active","FAULT_WE_1":" ","__id":23},"id":23},{"type":"Feature","geometry":{"type":"LineString","coordinates":[[14.523224895111444,45.64929742850532],[14.52070332410892,45.65118317810276],[14.50809277415045,45.66033409607894],[14.501673413130131,45.66545265846729],[14.501437156210411,45.665595165405605],[14.501139813851367,45.66577973332396],[14.500849658014594,45.665964300633796],[14.500565790384814,45.66615012288879],[14.500289109277304,45.666336572301724],[14.500018716376784,45.66652427663894],[14.499844443211666,45.66664857548576],[14.499670170046544,45.6667760129058],[14.499497693511994,45.66690596110925],[14.499325216977445,45.6670390478455],[14.499152740442893,45.66717527309219],[14.498981162223625,45.667314636826376],[14.498809584004361,45.66745713902461],[14.498638005785093,45.66760277966295],[14.498466427565827,45.66775218647576],[14.498294849346559,45.66790473167571],[14.498123271127291,45.66806167074798],[14.497950794592741,45.66822174814839],[14.497777419742905,45.66838621935357],[14.497603146577788,45.66855571207466],[14.4974270767821,45.668729598518105],[14.497249210355843,45.668907878642976],[14.496958156203789,45.669208568130436],[14.496659017214176,45.669525577218735],[14.496348200125873,45.66986267204195],[14.496019416731885,45.670226757279956],[14.49573285415625,45.67055003787691],[14.495416647176238,45.67091160774994],[14.494353041879842,45.67214255989179],[14.493944308425567,45.67261145702907],[14.493530185079589,45.67307972253874],[14.49315109602969,45.67349776859766],[14.492940890253207,45.67372624890771],[14.492735176053143,45.67394468525501],[14.4925339534295,45.67415558850547],[14.492336324066995,45.67435895874427],[14.49214138965034,45.67455605141863],[14.49194735354897,45.674746866594916],[14.491756012393452,45.67493203201566],[14.49156556955322,45.67511217541331],[14.490739119491828,45.67587981830397],[14.48990817785402,45.67663991875456],[14.489072744639788,45.67739310472277],[14.488232819849136,45.678138748844994],[14.48738930179735,45.678877479056446],[14.486542190484423,45.67960804037879],[14.485690587595077,45.68033168836722],[14.484835391444596,45.68104654046031],[14.484458099025266,45.68135783403954],[14.484070026822527,45.68167226390061],[14.483670276521094,45.68199234038731],[14.483258848120967,45.68231743580719],[14.482833046676294,45.68264817766455],[14.482392872187075,45.68298707621124],[14.48193562970746,45.68333413129902],[14.481458624291593,45.683693108256655],[14.48058186857429,45.68434264986897],[14.4796027049146,45.68505933340868],[14.47861904967849,45.685770359756205],[14.476026511768518,45.687636054942686],[14.475262045461735,45.688190793880814],[14.474578427530519,45.68869093275494],[14.473807673016744,45.68926072165634],[14.47309351236587,45.689797246648475],[14.47242157253335,45.69031054878277],[14.471783768681624,45.69080564870098],[14.470881860136366,45.691516602008164],[14.469982646536966,45.69222942873104],[14.469086127883413,45.69294475627392],[14.468194100806281,45.69366195707225],[14.467304768675003,45.6943816585138],[14.466419928120148,45.69510323304961],[14.465537782511142,45.695827308050745],[14.464659230163273,45.696553255983964],[14.462664071917242,45.698015162289124],[14.458971097784227,45.70139747795694],[14.456336339055904,45.70413028473668],[14.455959944951859,45.70449226496361],[14.45557816095611,45.704850478790654],[14.45519098706865,45.7052055536289],[14.454797524974207,45.70555623486859],[14.454397774672774,45.70590377725411],[14.45399353279492,45.70624692618993],[14.45358300271008,45.70658693640337],[14.453166184418247,45.706923180632224],[14.452886808364886,45.70714274200353],[14.452596652528115,45.70736418445595],[14.452295716907935,45.70758813527906],[14.451983103189061,45.70781396713327],[14.451658811371495,45.708043561916405],[14.451320146509383,45.70827691958208],[14.450966210287437,45.70851592198787],[14.450593409444528,45.70876182365896],[14.450287982247927,45.708960049728766],[14.449968182006783,45.70916580262729],[14.449628618829385,45.70938033685516],[14.449264801139314,45.70960867062585],[14.448557827010713,45.7100458895562],[14.446691127850315,45.71119129911697],[14.446142257211715,45.7115331610584],[14.44565267538187,45.711841775914195],[14.44529694252936,45.712066336059266],[14.444923243371164,45.71229716789366],[14.444527984646152,45.71253803487832],[14.444103979832049,45.712792700404975],[14.443701534584763,45.7130304289996],[14.443255071888556,45.713293246506424],[14.44160307008106,45.71425355485914],[14.44092484204155,45.71465122180786],[14.440223257804654,45.7150683299989],[14.439599826997473,45.7154478016636],[14.439238704253258,45.715672347319455],[14.438893751184155,45.71589061988545],[14.438564069474886,45.71610324665153],[14.438247862494872,45.71631210932432],[14.43794153698299,45.71651783515778],[14.437646889569798,45.716721051396036],[14.437362123624732,45.716922385273655],[14.43708634083251,45.71712246401596],[14.436942610387048,45.71722908875842],[14.436798879941591,45.71733947651275],[14.436652454550279,45.71745362725662],[14.436505130843681,45.717572168166896],[14.436204195223501,45.71782242037388],[14.435889784874059,45.7180958776444],[14.43561490039712,45.71834173716714],[14.435313964776938,45.71861895502532],[14.43502380894017,45.718889899657235],[14.43430246176702,45.71956913702159],[14.433912592933714,45.71993039009553],[14.433706878733648,45.72011666029912],[14.43351284263228,45.72028975932558],[14.4333250947379,45.720452195967745],[14.433144533365793,45.720606478982084],[14.432935225904592,45.72077894932712],[14.432730410019811,45.72094201170917],[14.432529187396169,45.72109754769166],[14.43232886308781,45.72124555733747],[14.43213033541002,45.72138729502058],[14.431932706047512,45.72152213363315],[14.431735076685007,45.721651327533415],[14.4315374473225,45.721774876760534],[14.43139102193119,45.7218620509239],[14.431241003278739,45.721949224951246],[14.431087391365159,45.72203451739312],[14.430931084505719,45.72211918255591],[14.430770286069864,45.72220322044246],[14.430605894372869,45.7222860039086],[14.430437011099455,45.72236878725208],[14.430265432880187,45.72245031618261],[14.430088464769216,45.722530590705624],[14.429908801712394,45.72261086511331],[14.429723748763863,45.722691139405654],[14.429534204238912,45.72277015929953],[14.42933926982226,45.72284917908164],[14.429139843829187,45.72292819875199],[14.428935027944407,45.723006591171654],[14.428723923852637,45.72308561061935],[14.428356512901434,45.72321856372357],[14.42796754238341,45.72335277078146],[14.427554317352714,45.72349074031798],[14.42710875297179,45.72363372656902],[14.426702714463369,45.72376103419508],[14.426248166929607,45.72390025698114],[14.424641080886314,45.724381889889024],[14.424003277034588,45.72457629782918],[14.423352896768888,45.72478011187874],[14.423056452725127,45.724876061004636],[14.422774381725915,45.72496950149827],[14.422447394962495,45.72508112819182],[14.42213478124362,45.72519087331916],[14.42183564225401,45.72529999111773],[14.421548181363091,45.72540910870316],[14.421269703625013,45.725518226075444],[14.421002005670347,45.7256273432346],[14.420742392553237,45.72573771439714],[14.420490864273681,45.72584871244863],[14.419782093514513,45.72617292583327],[14.419079610962333,45.7265034083332],[14.418381619986569,45.72683953274124],[14.417689018902514,45.72718192604757],[14.417002706025446,45.72753058813685],[14.416321783040086,45.72788489180754],[14.415646249946425,45.72824546403232],[14.414976106744474,45.72861167761381],[14.414312251749509,45.72898415951277],[14.413652888330963,45.72936228253623],[14.412999813119413,45.7297466736328],[14.41235212779956,45.73013733267303],[14.411709832371415,45.73053363247092],[14.411073825150257,45.73093557290637],[14.410442309505523,45.73134378090286],[14.409817082067775,45.73175825632287],[14.406460976166304,45.73433721504805],[14.40440113921982,45.73583763392297]]},"properties":{"FID":34,"FAULT_NAME":"Idrija segment 12","FAULT_DESI":"MAF.SI-022/12","FAULT_TYPE":"dextral strike-slip","MINDEPTH_g":0,"MAXDEPTH_g":0,"MAXDEPTH":15,"STRIKEMIN":295,"STRIKEMAX":330,"STRIKE_BES":315,"DIPMIN":70,"DIPMAX":90,"DIP_BEST_E":85,"RAKEMIN":150,"RAKEMAX":180,"RAKE_BEST":165,"FAULT_WIDT":15.0572975632,"TOTAL_FAUL":172,"TOTAL_FA_1":124,"SEGMENTATI":"geometric","TOTAL_SEGM":13,"TOTAL_SE_1":13,"MIN_TOTAL":2580,"MAX_TOTAL":2745.57865299,"BEST_ESTIM":2589.85518086,"MIN_TOTA_1":195,"MAX_TOTA_1":207.514665633,"BEST_EST_1":195.744868321,"SLIPRATEMI":0.06,"SLIPRATEMA":2,"BEST_EST_2":1,"ACTIVITY":"active","FAULT_WE_1":" ","__id":24},"id":24},{"type":"Feature","geometry":{"type":"LineString","coordinates":[[14.160195925862496,45.91401028637896],[14.164060478214777,45.910228959966474],[14.166881188206911,45.90830069682355],[14.168453239954122,45.906746161689455],[14.173720062464913,45.90381011550391],[14.178985986660422,45.90108020960641],[14.183031100384813,45.89803946027198],[14.188343736975096,45.89455464679653],[14.189576225544906,45.8940163380254],[14.190228402441178,45.89346239347089],[14.190884172598585,45.89291094430671],[14.19154353601713,45.89236136537227],[14.19220649269681,45.891814281964514],[14.192873042637626,45.89126969415735],[14.193544084154865,45.89072760202434],[14.194217820617954,45.89018738037914],[14.19489515034218,45.88964902927649],[14.195603022786067,45.88909191480183],[14.196308200284099,45.888542298076864],[14.197008886205714,45.88800017932433],[14.197706877181473,45.887465558763914],[14.198402173211381,45.88693781131612],[14.198889060095375,45.88657138656078],[14.199094774295439,45.886416937176975],[14.199784680433643,45.885902936539985],[14.200472789941276,45.88539580959606],[14.201159102818346,45.88489493121444],[14.201842720749559,45.88440030156426],[14.20252544036549,45.883911920812565],[14.203206363350853,45.8834291637886],[14.203885489705648,45.88295328132111],[14.204563717745158,45.8824830228943],[14.205240149154102,45.882018388651055],[14.205915682247758,45.88156000408928],[14.206299262874078,45.88130423261493],[14.206703504751932,45.88103970488819],[14.207132899457742,45.88076391932145],[14.207596430144346,45.880471872795844],[14.208007858544471,45.88021547094043],[14.208466897654658,45.879932176782845],[14.210022779726753,45.87898159863549],[14.210612074553136,45.878619499129776],[14.21119777611838,45.87825489568886],[14.211722392244306,45.87792343593922],[14.212279347720461,45.87756320574283],[14.21279587900883,45.87722048456875],[14.21304201739668,45.8770541264485],[14.213280969262254,45.87688964405799],[14.213512734605558,45.87672766282498],[14.213737313426588,45.87656693194558],[14.213965485508751,45.87640119728349],[14.214195454221489,45.87622983337726],[14.214426321249507,45.8760528401748],[14.214660781538662,45.875868966780885],[14.214897936773669,45.87567883855009],[14.215139583585097,45.87548057914291],[14.215386620288232,45.87527418847234],[14.215640843513635,45.87505716472831],[14.216072034850011,45.874681905534295],[14.21654634532003,45.874259735912126],[14.216997299592656,45.87385007195355],[14.218095939185133,45.87284685158343],[14.21867445422811,45.87232647079209],[14.218970898271868,45.8720644021786],[14.219252969271079,45.871819845388835],[14.219522463856316,45.87158904784065],[14.219784771919278,45.87136950782003],[14.220071334494914,45.87113495555777],[14.220352507178841,45.87091103540784],[14.220628289971067,45.87069649654089],[14.22090137781744,45.87049071358427],[14.221172669033244,45.87029306115176],[14.221441265303197,45.87010228835885],[14.221709861573148,45.86991839527638],[14.221977559527815,45.86974200746233],[14.22237102162226,45.86948868355867],[14.22276807697784,45.86923848597736],[14.223168725594556,45.86899141476061],[14.223573865787694,45.86874684444924],[14.22398259924197,45.868504775076296],[14.22439492595738,45.86826583218075],[14.224810845933927,45.868029390294],[14.225231257486895,45.86779544944794],[14.225654363985717,45.86756463518839],[14.226081962060958,45.867336947554286],[14.226514051712618,45.8671111355455],[14.22694883631013,45.8668884502285],[14.227388112484068,45.8666688916409],[14.227830981919137,45.866451208766314],[14.228277444615347,45.8662372782142],[14.228727500572688,45.86602522343338],[14.229751579996584,45.86549727232347],[14.230145940406315,45.86537091361277],[14.274499359244432,45.837841640719056],[14.275060806297006,45.83738289181442],[14.275568354432533,45.836713224276885],[14.275871086683281,45.83623694180633],[14.276130699800392,45.83595655284771],[14.276393007863355,45.83567804009508],[14.276657112556885,45.83540077770064],[14.276923013880987,45.835125391562194],[14.277192508466221,45.834851255825434],[14.27746290136674,45.83457899639412],[14.277735989213113,45.834307987407506],[14.278011772005339,45.8340388547752],[14.27828935142813,45.83377097263013],[14.278569625796777,45.83350434099034],[14.27885169679599,45.83324021167452],[14.279136462741057,45.83297670700844],[14.27942302531669,45.83271507881349],[14.27971138452289,45.83245532711616],[14.280002438674948,45.832196826030675],[14.280296187772855,45.83193957557445],[14.28059173350133,45.83168420168272],[14.280889974175656,45.83143007846061],[14.281190011480552,45.831177831848834],[14.281492743731302,45.83092683594654],[14.281797272612616,45.83067771669986],[14.282103598124504,45.83042984820204],[14.282412618582239,45.83018385640451],[14.28272433398583,45.82993911539473],[14.283037846019987,45.82969625112941],[14.283354052999996,45.82945463769022],[14.283672056610575,45.82921490103907],[14.283991856851722,45.82897641525192],[14.284314352038722,45.82873918034491],[14.284639542171574,45.8285038222876],[14.284966528934993,45.828270341103845],[14.28529531232898,45.82803748489959],[14.28557019680592,45.82784781904563],[14.285854962750987,45.82765690061916],[14.286147813533608,45.82746472960731],[14.286452342414925,45.82727068002965],[14.286766752764368,45.82707412589683],[14.287093739527787,45.82687444121045],[14.287433302705184,45.8266716259368],[14.287789035557694,45.82646317613552],[14.288117818951683,45.82627475687472],[14.288462772020784,45.82607945118705],[14.288827488026136,45.825876007033756],[14.289218255174728,45.82566004242669],[14.28998811137322,45.825241882487006],[14.291463145069743,45.824448747146235],[14.292062321364252,45.8241238526116],[14.292682158910294,45.82378455802928],[14.29323462281003,45.823477187904764],[14.293553524735891,45.823296270683706],[14.293858053617207,45.823120987002234],[14.294150904399832,45.82295071089748],[14.294432975399044,45.82278293834372],[14.294706063245416,45.82261829538341],[14.294970167938947,45.82245615602269],[14.295227086110202,45.82229526823662],[14.295475919443906,45.822136884086476],[14.295835245557555,45.82190337619744],[14.296205351454612,45.82165797274919],[14.296591627026782,45.82139816945052],[14.297000360481057,45.82111958384352],[14.297383941107377,45.82085414367619],[14.297807945921479,45.820559278233084],[14.299363827993574,45.81946494442275],[14.300008818367573,45.81901418282329],[14.300686148091799,45.81854839200354],[14.300999660125957,45.81833615537815],[14.301300595746136,45.81813518720845],[14.301992298514907,45.81767752801566],[14.302686696229534,45.81722174330278],[14.303382890574726,45.816768459201505],[14.304082678181055,45.81631642359169],[14.304784262417954,45.81586688869526],[14.3054885416007,45.815419228472145],[14.306195515729303,45.814973442967606],[14.306905184803759,45.814528906116045],[14.30761665050878,45.81408687017887],[14.30833170947494,45.81364670909507],[14.309048565071668,45.81320904903475],[14.309769013929532,45.81277263779599],[14.310491259417965,45.81233810154363],[14.311216199852248,45.811905440321624],[14.311942936917099,45.81147528031881],[14.31267326724309,45.81104636929346],[14.315873964600408,45.80866256563855],[14.318425180007306,45.80701632278867],[14.320382609011403,45.80583906337573],[14.322177442949076,45.80471751278329],[14.323923767861404,45.80355022453581],[14.325897366540614,45.80250001994883],[14.327342755832763,45.801732237103764],[14.330291026595242,45.800176598968385],[14.331544176416589,45.799512746606254],[14.332856615046689,45.79881068281418],[14.33345668965648,45.798487517560375],[14.334028018177179,45.798176250030316],[14.334687381595723,45.79781487689375],[14.335318897240459,45.79746477486082],[14.335927955003092,45.79712406522489],[14.336515453198906,45.796790242917766],[14.337086781719606,45.79646330806325],[14.337641042249908,45.7961407555129],[14.338180031420379,45.795823211663844],[14.338705545861588,45.795509423952666],[14.339624522397244,45.79495261865475],[14.34053721072591,45.79439079709677],[14.341444509162871,45.7938245854706],[14.342346417708127,45.79325398364266],[14.343242038046391,45.79267836512187],[14.344132268492956,45.79209898247876],[14.345017109047813,45.791513956487805],[14.345895661395682,45.79092516609969],[14.346768823851846,45.790331358429825],[14.347635698101023,45.78973315970755],[14.348497182458493,45.78912994339544],[14.349353276924258,45.78852233573386],[14.350203083183036,45.78791033657939],[14.351047499550107,45.78729394578762],[14.351886526025474,45.78667253678924],[14.352719264293853,45.786046109416624],[14.357303367188715,45.782583718354175],[14.362694157208718,45.77831917533846],[14.36668716864663,45.77512259032106],[14.369840255293887,45.77255052834306],[14.375183434603834,45.76897450719898],[14.380983856393392,45.76508304445618],[14.386937890096535,45.76087356729136],[14.391985523678002,45.756446912785556],[14.396108790832113,45.75328730889654]]},"properties":{"FID":35,"FAULT_NAME":"Idrija segment 8","FAULT_DESI":"MAF.SI-022/8","FAULT_TYPE":"dextral strike-slip","MINDEPTH_g":0,"MAXDEPTH_g":0,"MAXDEPTH":15,"STRIKEMIN":310,"STRIKEMAX":330,"STRIKE_BES":315,"DIPMIN":70,"DIPMAX":90,"DIP_BEST_E":85,"RAKEMIN":150,"RAKEMAX":180,"RAKE_BEST":165,"FAULT_WIDT":15.0572975632,"TOTAL_FAUL":172,"TOTAL_FA_1":124,"SEGMENTATI":"geometric","TOTAL_SEGM":26,"TOTAL_SE_1":26,"MIN_TOTAL":2580,"MAX_TOTAL":2745.57865299,"BEST_ESTIM":2589.85518086,"MIN_TOTA_1":390,"MAX_TOTA_1":415.029331266,"BEST_EST_1":391.489736642,"SLIPRATEMI":0.06,"SLIPRATEMA":2,"BEST_EST_2":1,"ACTIVITY":"active","FAULT_WE_1":" ","__id":25},"id":25},{"type":"Feature","geometry":{"type":"LineString","coordinates":[[14.207313460829848,45.893022860169516],[14.208773223166542,45.89205750028199],[14.210236578764373,45.891095249861465],[14.21170532425391,45.890136734330525],[14.213178561319864,45.88918195388338],[14.214655391646957,45.88823028343188],[14.216137611865754,45.88728234842902],[14.217624323660973,45.8863375237639],[14.219114628717326,45.88539643490958],[14.2208187328113,45.88369055347519],[14.222562362777776,45.88205215762336],[14.223767901889065,45.88111474834289],[14.225341750266844,45.88018045010736],[14.226934463265586,45.87943750294743],[14.228203782762048,45.87891780925649],[14.229565628732773,45.87833369526296],[14.230834948229234,45.87776583551565],[14.23192011309245,45.877259885103236],[14.233255009604651,45.876814594896764],[14.234636618511626,45.8760253217464],[14.236467385060664,45.875223528826936],[14.238498475918055,45.874291633284464],[14.240277140180613,45.8734060053204],[14.241086522251607,45.87296256059242],[14.242795117922,45.87210881007358],[14.245234043918385,45.87095106589193],[14.247986481948928,45.86967132708188],[14.252664009633337,45.867446412879396],[14.25589884297145,45.86567304807207],[14.259510070413612,45.86316459419223],[14.263655795449823,45.86011488746801],[14.267734146839727,45.85690422571465],[14.269846086072691,45.854962849065394],[14.270973471754262,45.8538097531212],[14.27165798800076,45.853211610375986],[14.27385347055515,45.851895173139226],[14.276975116167465,45.84984787613554],[14.278783424834396,45.84836929540221],[14.279871284643466,45.847542699709365],[14.281534066234371,45.84663975033139],[14.282683909798045,45.846342518466194],[14.284293690787187,45.84600023054022],[14.28624842484543,45.845564076328735]]},"properties":{"FID":36,"FAULT_NAME":"Idrija segment 9","FAULT_DESI":"MAF.SI-022/9","FAULT_TYPE":"dextral strike-slip","MINDEPTH_g":0,"MAXDEPTH_g":0,"MAXDEPTH":15,"STRIKEMIN":290,"STRIKEMAX":325,"STRIKE_BES":310,"DIPMIN":70,"DIPMAX":90,"DIP_BEST_E":85,"RAKEMIN":150,"RAKEMAX":180,"RAKE_BEST":165,"FAULT_WIDT":15.0572975632,"TOTAL_FAUL":172,"TOTAL_FA_1":124,"SEGMENTATI":"geometric","TOTAL_SEGM":8,"TOTAL_SE_1":8,"MIN_TOTAL":2580,"MAX_TOTAL":2745.57865299,"BEST_ESTIM":2589.85518086,"MIN_TOTA_1":120,"MAX_TOTA_1":127.701332697,"BEST_EST_1":120.458380505,"SLIPRATEMI":0.06,"SLIPRATEMA":2,"BEST_EST_2":1,"ACTIVITY":"active","FAULT_WE_1":" ","__id":26},"id":26},{"type":"Feature","geometry":{"type":"LineString","coordinates":[[13.77415571229554,46.13818821580455],[13.774857296532437,46.13780104314033],[13.775556185823483,46.13741137787108],[13.776251481853391,46.137019219943944],[13.776943184622164,46.13662456930574],[13.777632192445083,46.136227425902916],[13.778317607006867,46.1358277896816],[13.778999428307513,46.13542566058757],[13.779678554662308,46.135021038566286],[13.780354087755963,46.13461454606518],[13.781026027588487,46.134204938029036],[13.781694374159871,46.13379345941158],[13.782360025785405,46.13337886513839],[13.783022084149799,46.132962400181206],[13.783681447568343,46.13254281944619],[13.78433721772575,46.13212136792319],[13.784989394622022,46.131697423034055],[13.785319076331293,46.131480780333014],[13.785653249616985,46.13125791137776],[13.785992812794381,46.13102943863555],[13.786338664178768,46.13079349440018],[13.78705192651436,46.13029981361406],[13.787807409668304,46.12976690732003],[13.78848024781611,46.12928504602188],[13.78922405287136,46.128746526792355],[13.789948993305645,46.12821796349233],[13.791787844692237,46.12687007299037],[13.792796652756305,46.12613727988027],[13.793330252035073,46.125753758104885],[13.793832410278894,46.125395760531724],[13.794312110640615,46.12505768416585],[13.794774743011937,46.12473579369047],[13.79514664553956,46.124480521376654],[13.79553651437287,46.12421653120309],[13.795949739403566,46.12394133255278],[13.79639171052335,46.12364932162193],[13.797277449393492,46.12307276671038],[13.799002214739001,46.1219626013281],[13.799710985498173,46.121503709831934],[13.800445807400582,46.121021776248966],[13.801098882612136,46.120585915373155],[13.801477971662035,46.120328133175356],[13.801839992721535,46.12007906710437],[13.802186742421204,46.11983622660115],[13.802520017391615,46.119598366403984],[13.802842512578612,46.11936486390276],[13.803153329666916,46.119134473798375],[13.803454265287098,46.11890719612988],[13.803746217754437,46.118682408253434],[13.80403008538422,46.118459487514656],[13.804316647959853,46.118229716312115],[13.804606803796622,46.11799247186996],[13.804900552894532,46.117747754091695],[13.805198793568858,46.11749494018194],[13.80550242413489,46.11723278463182],[13.805815037853764,46.11695941920253],[13.80613663472548,46.11667359831714],[13.806677420526519,46.116184149959274],[13.807274800190457,46.11563491647311],[13.807840738819452,46.115107472814],[13.809188211745633,46.11384395383598],[13.809874524622698,46.11320689015761],[13.810214986115382,46.11289489440879],[13.81053748130238,46.11260282493152],[13.810846501760118,46.112326322763444],[13.811145640749729,46.11206165159591],[13.812316145564937,46.111030356051096],[13.81497515880593,46.10867935355291],[13.816201359168755,46.107600661364],[13.816937079386445,46.10695792018528],[13.817626985524651,46.10636001468596],[13.818283653997343,46.105793866938726],[13.818914271326795,46.105255118083804],[13.819606872410853,46.10466965093065],[13.820277913928088,46.104107845752736],[13.820932785770212,46.103565966154726],[13.821573284567789,46.103042144147075],[13.82220390189724,46.10253451165023],[13.822824637758567,46.10204057762994],[13.823437288782337,46.1015603424545],[13.824043651599117,46.10109256071976],[13.826501442216468,46.099203329923974],[13.827176076994842,46.09868818718279],[13.827783338126908,46.098228478955804],[13.82842743018562,46.09774696473853],[13.829034691317688,46.09729783837328],[13.829616799621794,46.096874248435476],[13.830179144989653,46.09647183498064],[13.830768439816037,46.096057582768466],[13.831343361597874,46.095661392779036],[13.8319075035963,46.095282019508204],[13.832462662441884,46.094916971499636],[13.833009736449915,46.094565626082996],[13.833551420566238,46.0942267376029],[13.834088613106141,46.09390030628905],[13.834621314069626,46.09358508643083],[13.835016572794638,46.09335832636719],[13.835424407933628,46.093130319429065],[13.835846616117163,46.09290168857464],[13.836283197345248,46.092671187843685],[13.836735049933157,46.0924381942339],[13.837205767142036,46.092201461750584],[13.83769534897188,46.09196036736134],[13.838209185314398,46.09171366503485],[13.838642173281345,46.09150870190922],[13.839096720815107,46.09129688511277],[13.839578217807396,46.09107572258957],[13.840094749095766,46.090840853248864],[13.841059539710908,46.09040786868634],[13.843418515647006,46.08935872365032],[13.844060811075153,46.089070267568566],[13.844637529487557,46.08880735379986],[13.845250180511327,46.0885251250658],[13.845821509032028,46.088256601463904],[13.846361396517782,46.087997421991226],[13.846876131175582,46.087745717683866],[13.848030466315677,46.08716878714107],[13.849231513850544,46.08656007526418],[13.850491850194166,46.085912727423235],[13.851835729859207,46.08521428105018],[13.852998149836857,46.08460554760568],[13.854290825530706,46.08392328463624],[13.858478771385272,46.08170135423699],[13.859981652855604,46.0809056496049],[13.861426143832466,46.080146074336575],[13.86273768414728,46.07946250996694],[13.863686305087313,46.07897584685479],[13.86473463902388,46.07844618301994],[13.865915923622497,46.077856692350316],[13.868381799077403,46.076635940590954],[13.869441811112665,46.076108123785204],[13.870555722064973,46.07554789711894],[13.871547462138642,46.07504125787268],[13.87213136707332,46.074738393814094],[13.872689220864757,46.07444549900772],[13.873225515089375,46.07415945768582],[13.87374294469303,46.07387964676649],[13.874244204621569,46.07360481996138],[13.874731091505561,46.073333730955675],[13.875202707029725,46.073065756606795],[13.875662644455193,46.072800896960146],[13.876093835791568,46.072546007299984],[13.876528620389086,46.07228239157206],[13.876968794878305,46.07200880323214],[13.87741525757451,46.07172524213193],[13.877868008477705,46.07142983846934],[13.878330640849027,46.071122592054245],[13.878804951319044,46.070801009795964],[13.87929453314889,46.07046322176276],[13.879698775026744,46.070180275952005],[13.880118288264427,46.06988174785231],[13.880558462753644,46.069566390736505],[13.881027383331954,46.06922672542438],[13.88188976600471,46.06859475540977],[13.883946908005344,46.06707650201647],[13.884497575274507,46.066673871163665],[13.88499703857248,46.06631175019478],[13.885518959752552,46.065937784566664],[13.886013033158818,46.0655881244126],[13.886486445313551,46.065257783908045],[13.886944586108452,46.064943646953054],[13.887407218479773,46.06463200138213],[13.88785996938297,46.06433406657143],[13.888303737133324,46.06404734954501],[13.888740318361405,46.06377122717503],[13.889172408013069,46.06350507631489],[13.889599107773025,46.0632482738003],[13.890023112587128,46.0630001964504],[13.890443524140096,46.062760221068814],[13.89079746036204,46.062562630166404],[13.89115948142154,46.062362545282795],[13.891908676368494,46.06195551678628],[13.892696498872667,46.06153664206115],[13.893532830402183,46.06110155750868],[13.894402399597212,46.06065587278615],[13.89535281716781,46.06017590060005],[13.89640833762665,46.059649796423635],[13.897768386966806,46.05897719859385],[13.898130408026306,46.05879704820106],[13.898531056643023,46.05859570294886],[13.899960276260057,46.05786823581093],[13.90053879130303,46.05757649822516],[13.901138865912822,46.0572791487151],[13.901681448344432,46.057017330210805],[13.901999451955009,46.05686771907956],[13.902307574097463,46.05672683489374],[13.902606713087076,46.056592184185504],[13.902899563869697,46.0564643903856],[13.903186126445332,46.056342830155124],[13.903468197444546,46.05622625675967],[13.903746675182623,46.0561152936199],[13.904021559659563,46.05600931737935],[13.904256918264002,46.05592141928437],[13.904496768444861,46.05583414444171],[13.904740211886859,46.05574811624753],[13.904987248589991,46.05566333470764],[13.90523787855426,46.0555791764327],[13.90549300009495,46.05549564142555],[13.905752613212062,46.05541335308602],[13.906016717905592,46.05533168802175],[13.90628441586026,46.055251269634354],[13.906557503706631,46.05517147452955],[13.906835083129426,46.055091679309456],[13.907118052443924,46.055013130777056],[13.907407309965409,46.05493458213293],[13.907701059063315,46.054856656780345],[13.908309218510663,46.05470142915031],[13.908898513337048,46.05455804581123],[13.909516554252523,46.05441341528335],[13.910169629464077,46.05426629073704],[13.910869417070405,46.05411417850588],[13.911535068695937,46.053973910708294],[13.912279772066473,46.053820550841905],[13.91485434367076,46.053301867162254]]},"properties":{"FID":37,"FAULT_NAME":"Idrija segment 5","FAULT_DESI":"MAF.SI-022/5","FAULT_TYPE":"dextral strike-slip","MINDEPTH_g":0,"MAXDEPTH_g":0,"MAXDEPTH":15,"STRIKEMIN":285,"STRIKEMAX":320,"STRIKE_BES":315,"DIPMIN":70,"DIPMAX":90,"DIP_BEST_E":85,"RAKEMIN":150,"RAKEMAX":180,"RAKE_BEST":165,"FAULT_WIDT":15.0572975632,"TOTAL_FAUL":172,"TOTAL_FA_1":124,"SEGMENTATI":"geometric","TOTAL_SEGM":14,"TOTAL_SE_1":14,"MIN_TOTAL":2580,"MAX_TOTAL":2745.57865299,"BEST_ESTIM":2589.85518086,"MIN_TOTA_1":210,"MAX_TOTA_1":223.47733222,"BEST_EST_1":210.802165884,"SLIPRATEMI":0.06,"SLIPRATEMA":2,"BEST_EST_2":1,"ACTIVITY":"active","FAULT_WE_1":" ","__id":27},"id":27},{"type":"Feature","geometry":{"type":"LineString","coordinates":[[13.64200365253343,46.20538301236854],[13.642782491884766,46.204933520074626],[13.643564026181949,46.20448651095095],[13.644346458794416,46.20404136334121],[13.645131586352736,46.2035980772907],[13.645917612226343,46.203156652844584],[13.646706333045797,46.20271709004782],[13.647496850495823,46.202280010682166],[13.648289164576418,46.20184479306505],[13.64908327528758,46.20141143724082],[13.64987918262931,46.20097994325359],[13.650677784916892,46.20055031114733],[13.651477285519759,46.200122540965786],[13.652279481068476,46.19969725451872],[13.653083473247763,46.1992738300929],[13.653888363742334,46.19885226773144],[13.654695949182758,46.19843256747726],[13.655505331253748,46.19801472937312],[13.656317408270594,46.19759875346156],[13.657130383602722,46.197185261579605],[13.65794515556542,46.19677363198409],[13.658762622473967,46.19636324291298],[13.659581886013083,46.19595533801131],[13.660402047867484,46.19554991733442],[13.661224904667739,46.19514573730194],[13.662049558098559,46.194744041585885],[13.662876906475235,46.19434358658719],[13.663705153167191,46.19394561599565],[13.664535196489721,46.19354950802954],[13.665367934758097,46.193155884569435],[13.66620157134176,46.19276350197943],[13.667037902871275,46.19237360398434],[13.66787603103136,46.19198494693018],[13.670573671829573,46.19073873841692],[13.67207385835405,46.190049082937634],[13.673498586394661,46.18939797554918],[13.674787668827374,46.18881464642924],[13.676074954629517,46.1882387738696],[13.677293070154784,46.18770145321109],[13.678459981708855,46.187195222692836],[13.679027716968418,46.18695205625319],[13.679585570759857,46.186714485956166],[13.6801658824334,46.18647069547402],[13.680737210954097,46.18623312309666],[13.681301352952525,46.18600052506234],[13.68185830842868,46.18577414528172],[13.682408975697845,46.185552118052904],[13.682953354760022,46.18533568728605],[13.683493242245776,46.18512360918507],[13.684026841524544,46.1849165057338],[13.68455774585746,46.184713755052755],[13.685083260298669,46.18451535719007],[13.685605181478742,46.18432131219288],[13.686122611082393,46.18413099816496],[13.686637345740195,46.18394503708954],[13.68714848713686,46.18376342901075],[13.687656035272386,46.18358555202326],[13.688161786777345,46.18341140616326],[13.688563333709347,46.183275820790335],[13.688976558740043,46.18314085703658],[13.689400563554146,46.18300651490656],[13.689838043097513,46.18287155049167],[13.690288099054856,46.18273658574547],[13.690754324687315,46.18260037674863],[13.691238516625454,46.182462923491904],[13.691744268130416,46.18232236007759],[13.692170069575086,46.182206674874095],[13.692615633956011,46.182087257634514],[13.693591204354565,46.18183225120249],[13.694531740457037,46.18159154892422],[13.696831427584385,46.18100875894025],[13.697459349967984,46.18084766648886],[13.698025288596979,46.18070025715259],[13.698628058152623,46.18054102974619],[13.699192200151051,46.1803880217259],[13.6997266977451,46.18023998917094],[13.70023694082648,46.18009506615753],[13.700783116519226,46.179935836998496],[13.701307732645152,46.17977785136156],[13.70181348415011,46.17962048726403],[13.702302167664671,46.17946250072099],[13.70277647813469,46.17930451372398],[13.703237313875439,46.17914528227556],[13.703684674886931,46.17898418436433],[13.704120357799729,46.17882184197632],[13.704706059364973,46.1785960546398],[13.705298049137213,46.17836093626263],[13.705898123747003,46.17811648672512],[13.70650628319435,46.17786208388961],[13.707124324109826,46.17759772761794],[13.707754043123993,46.177321551708474],[13.708396338552138,46.177034178005776],[13.709054803655398,46.176733118230246],[13.709708777182238,46.17642894665915],[13.71038341196061,46.176109844613606],[13.711084996197508,46.1757727016493],[13.711821614730486,46.175414407229816],[13.712577996199714,46.17504118139381],[13.713399954684684,46.17463187414815],[13.71430635480636,46.17417715386387],[13.715514588863503,46.17356753663976],[13.715811032907261,46.17341575334142],[13.716112866842725,46.17325961516707],[13.71641919235461,46.17309787794535],[13.716730907758201,46.17293116369591],[13.717048911368778,46.172757606160516],[13.717374999816913,46.172577827347425],[13.717710969733174,46.17239058304533],[13.71805861774813,46.172194006945894],[13.718651505835647,46.171853729568724],[13.719309072623622,46.171471148284965],[13.719939689953073,46.1710997619566],[13.721481198980623,46.170188392918476],[13.7222914793669,46.169714350629484],[13.722706501028163,46.16947421741228],[13.723097268176755,46.16925025802655],[13.723470967334947,46.1690387399916],[13.723830293448597,46.168837797104985],[13.724223755543042,46.16862130054186],[13.724605539538793,46.16841475704944],[13.724978340381702,46.16821692249517],[13.725343954702337,46.168026552724015],[13.725703280815985,46.16784302568688],[13.726057217037928,46.16766634145229],[13.726406661683452,46.16749587795568],[13.726751614752553,46.16733163525487],[13.727013922815516,46.16720969717494],[13.727281620770185,46.167087136689574],[13.727556505247126,46.166963331658096],[13.727839474561623,46.16683890421001],[13.728431464333855,46.16658382706156],[13.729066573239729,46.16631817228616],[13.729676529317647,46.16606931418989],[13.73035565567244,46.16579805758261],[13.731044663495359,46.16552617748497],[13.732896091295931,46.16480136470895],[13.733450351826232,46.16458174144181],[13.73394712017835,46.16438264877059],[13.734510363861494,46.164153069139616],[13.73503318335685,46.163934687625925],[13.735527256763115,46.163724393497134],[13.735995279026142,46.163519075968615],[13.736636676139003,46.16323163014139],[13.737280768197719,46.162937338809954],[13.737927555202285,46.16263620186451],[13.738577935467987,46.162327597003674],[13.73923101067954,46.16201276848691],[13.739888577467514,46.16168984961886],[13.740550635831914,46.16136008465697],[13.741217185772731,46.1610222290707],[13.741888227289966,46.160676282711066],[13.742565557014192,46.16032224542546],[13.743249174945408,46.15995949484204],[13.743940877714179,46.15958803078847],[13.744640665320508,46.15920660863984],[13.745350334394962,46.158814605960416],[13.74607078325283,46.15841140029086],[13.746803808524668,46.157996991384955],[13.74736705220781,46.15767467118928],[13.74794017735908,46.157344882162334],[13.748522285663189,46.15700637967161],[13.749116970381275,46.15665854130326],[13.749723333198057,46.15630136688027],[13.750345865689951,46.15593174491454],[13.751646626221358,46.15515204599282],[13.752880013106456,46.154405316796975],[13.754241859077178,46.15357394637223],[13.755613586516027,46.15273136203468],[13.759281407821089,46.150472375823924],[13.760383640674702,46.14979652887256],[13.761376279063656,46.14919099780599],[13.762510851267498,46.148503932906664],[13.763574456563896,46.14786540294741],[13.764588654519667,46.147262962432784],[13.765562428287652,46.14669038889046],[13.766852409035648,46.1459335868963],[13.768197187015975,46.145139431511154],[13.769610236957895,46.144299830012926],[13.7711203049505,46.14339797544421],[13.772429150319464,46.142612497247306],[13.773886217710304,46.14173613433683],[13.780328036612726,46.13784959548867],[13.781972851897947,46.13686111103731],[13.783464055269587,46.13596909440904],[13.78493010581327,46.135096360736995],[13.786317104611951,46.13427590377325],[13.78764481460188,46.13349527555728],[13.788924913881749,46.132748252549675],[13.79358088199934,46.13003771898995],[13.795499683446218,46.12892333599855],[13.797504723160372,46.12776534989801],[13.798426394641881,46.12723615459704],[13.799310336881454,46.12673061269076],[13.800252669614498,46.126195181474756],[13.801163561312594,46.12568029096656],[13.802050198498018,46.12518282869783],[13.802913479486058,46.12470092729785],[13.803759692483698,46.124232719316176],[13.804589735806225,46.12377633722769],[13.805404507768923,46.12333240395622],[13.80620670331764,46.12289842926394],[13.807151730996534,46.12239222490907],[13.80820635314009,46.12183495889403],[13.809254687076656,46.12128515907832],[13.81198556554038,46.119859265361505],[13.812785066143247,46.119438962137],[13.813501921739974,46.119059129798444],[13.815464740635777,46.11801426602143],[13.817424864585723,46.11696564622057],[13.819380496959251,46.1159138928962],[13.821332536071646,46.114858383144444]]},"properties":{"FID":38,"FAULT_NAME":"Idrija segment 4","FAULT_DESI":"MAF.SI-022/4","FAULT_TYPE":"dextral strike-slip","MINDEPTH_g":0,"MAXDEPTH_g":0,"MAXDEPTH":15,"STRIKEMIN":290,"STRIKEMAX":310,"STRIKE_BES":305,"DIPMIN":70,"DIPMAX":90,"DIP_BEST_E":85,"RAKEMIN":150,"RAKEMAX":180,"RAKE_BEST":165,"FAULT_WIDT":15.0572975632,"TOTAL_FAUL":172,"TOTAL_FA_1":124,"SEGMENTATI":"geometric","TOTAL_SEGM":17,"TOTAL_SE_1":17,"MIN_TOTAL":2580,"MAX_TOTAL":2745.57865299,"BEST_ESTIM":2589.85518086,"MIN_TOTA_1":255,"MAX_TOTA_1":271.365331981,"BEST_EST_1":255.974058574,"SLIPRATEMI":0.06,"SLIPRATEMA":2,"BEST_EST_2":1,"ACTIVITY":"active","FAULT_WE_1":" ","__id":28},"id":28},{"type":"Feature","geometry":{"type":"LineString","coordinates":[[13.915857761843121,46.05052508106247],[13.916983350894123,46.05004751464612],[13.91810355005342,46.04956557985978],[13.919219257636296,46.049078653120745],[13.920329575327468,46.04858735777113],[13.92143540144222,46.04809169369448],[13.92253673598055,46.04759166077328],[13.924047702288439,46.0470461084703],[13.925632330449627,46.04663647308513],[13.92683697124563,46.04628232619423],[13.928213190260903,46.04572429083445],[13.929361237194005,46.04504715879431],[13.930232603019602,46.04455769814603],[13.931162359338664,46.04427399603977],[13.93209840386472,46.04368289334492],[13.933268010364642,46.04294712377091],[13.934162732387625,46.04232607674162],[13.93480233286992,46.04183472133406],[13.935293711330331,46.04127664104683],[13.93627467162059,46.04075098038063],[13.93721251277721,46.03998399321232],[13.938235693885822,46.03923258488946],[13.939130415908805,46.03861149610548],[13.939978425537015,46.03819493867241],[13.940888418919828,46.03788189494193],[13.941820870184744,46.037658647532844],[13.942998561522225,46.03738925281039],[13.944160083184592,46.03710676110046],[13.94487963372717,46.03679184038374],[13.945604574161456,46.03625678285296],[13.946481329878756,46.035460423065],[13.947163151179405,46.034939696089836],[13.947950973683575,46.03440524425966],[13.948463911710805,46.03394188218876],[13.948901391254175,46.03357892291367],[13.949280480304074,46.03319912276945],[13.9496748407138,46.03287856692202],[13.950003624107788,46.03260166504348],[13.95032252603365,46.03231104130942],[13.950855226997136,46.03203288926569],[13.951455301606925,46.03176783276454],[13.952615026638723,46.03133687936321],[13.9531764736913,46.03107181952412],[13.953827752272286,46.030875986261776],[13.954333503777246,46.03038640007019],[13.954516760095203,46.029993480626736],[13.954988375619367,46.029478939036444],[13.955360278146994,46.02919890166111],[13.955844470085134,46.028905765249476],[13.956287339520204,46.028711795407524],[13.956836210158801,46.02844609927808],[13.957320402096942,46.0281623144429],[13.957883645780086,46.02777998224037],[13.958394787176747,46.02744193101021],[13.958906826888695,46.027058970107966],[13.959261661425924,46.026782662793025],[13.959628174061844,46.02651570994447],[13.960000974904755,46.026294911520864],[13.96032706335289,46.0261495832636],[13.960787899093644,46.02592379353946],[13.961392465279857,46.025780335500805],[13.961979065160385,46.0256911418369],[13.962678852766716,46.025625026161],[13.963495421359978,46.025533337309774],[13.964119750482443,46.0253499591511],[13.964822233034623,46.02514849196937],[13.965628920159764,46.024912718297976],[13.966632338332124,46.02453410609215],[13.967323142785613,46.024288349829376],[13.967934895494096,46.02407752252015],[13.968495444231388,46.02385671435796],[13.968847583822763,46.023697657084504],[13.969342555544316,46.02350429272398],[13.969981257711323,46.02323919532406],[13.970619959878332,46.02300154222144],[13.971271238459318,46.022773244578126],[13.97168805675115,46.02263289719833],[13.972143502600197,46.02247446017259],[13.97254684616277,46.02234284481775],[13.972859459881644,46.022255516921255],[13.97324932871495,46.02213325763441],[13.973572722217233,46.022040939218265],[13.973857488162299,46.02197793804848],[13.974249153626175,46.02187439141544],[13.97460578479397,46.02176211171468],[13.97521214761075,46.02158683017044],[13.975628067587298,46.02143400417129],[13.975884087443273,46.021332327864364],[13.976187718009305,46.02124375080654],[13.976382652425958,46.021183243861515],[13.976566807059204,46.02112148928234],[13.976741080224322,46.02105848706483],[13.976907268551884,46.02099486099012],[13.977066270357172,46.020929363483795],[13.977227068793031,46.02080959641444],[13.977409426795708,46.02067423436227],[13.977548665664745,46.020553842949866],[13.97767622643509,46.020429708524766],[13.977815465304129,46.02028623622895],[13.977960094064873,46.020135278020106],[13.97811011271732,46.01995437714431],[13.978315826917385,46.019758504494185],[13.97853321921614,46.01951709361728],[13.97877756097342,46.01931373376611],[13.978959918976098,46.01915591103485],[13.979127005618944,46.0190012068927],[13.979293193946507,46.01885461184247],[13.97952316265924,46.01864688287167],[13.97980433534317,46.01848219628617],[13.980095389495224,46.018363047731015],[13.98045830887001,46.01824826563403],[13.980693667474448,46.01817839815398],[13.980919144610763,46.01809293513425],[13.981292843768955,46.01797815247656],[13.981501252914873,46.017912027576436],[13.98170427216908,46.01784153585058],[13.981995326321139,46.01774484351405],[13.98238609346973,46.01755457745494],[13.983179305865606,46.01718901525489],[13.983656311281473,46.017056139658386],[13.98409379082484,46.01701060006124],[13.984636373256448,46.016872733380985],[13.984997496000664,46.01672550885421],[13.98536939852829,46.016577036264984],[13.985752080839324,46.01642793944019],[13.986147339564338,46.01627697069753],[13.986556073018612,46.0161241300217],[13.986980976148,46.01596816971293],[13.987424743898355,46.01580784205701],[13.988182023682867,46.01554021236622],[13.989030033311076,46.0152476273761],[13.989842110327922,46.014971261027725],[13.991777081449914,46.014318082701266],[13.992746363641478,46.01398618779721],[13.99321708085036,46.01382273506356],[13.99365995028543,46.01366739213233],[13.994079463523112,46.01351703972309],[13.9944819087704,46.013371677876584],[13.994869082657853,46.0132288111401],[13.99524278181605,46.013088439533036],[13.99560480287555,46.012949939198194],[13.995956942466922,46.01281268627196],[13.99629920059017,46.01267668076359],[13.996632475560581,46.012541298801544],[13.996958564008718,46.01240654039038],[13.997276567619295,46.01227178165087],[13.997621520688396,46.01212204933298],[13.997980846802044,46.01196358218833],[13.998356342590805,46.01179513236351],[13.998755194576956,46.011613580311185],[13.99951696593789,46.011261704533496],[14.00092372767282,46.01060349117301],[14.001485174725394,46.01034269925786],[14.00206458808365,46.01007629093612],[14.002587407579009,46.009840452990375],[14.004976027919483,46.00877417840452],[14.006465434660555,46.00811156792614],[14.007843450306392,46.00750323210832],[14.009094803497172,46.006956036123974],[14.010332681958687,46.0064213137242],[14.011504983404464,46.00592215162684],[14.013103984610197,46.00543796008889],[14.014445169329386,46.00501740884498],[14.015046142254464,46.00483021883578],[14.01564082697255,46.004519482022104],[14.01627952913956,46.00422746270272],[14.016722398574629,46.00403340627685],[14.017295523725897,46.00381314204905],[14.017674612775796,46.00360910046632],[14.018025854051889,46.00347681622466],[14.018364518914,46.00333517189824],[14.018819964763049,46.00317667957886],[14.019379615185054,46.00299260328368],[14.01988716332058,46.002825374118466],[14.02032284623338,46.00270182388815],[14.021024430470277,46.00252024198829],[14.0215436567045,46.00237797121738],[14.022010780652243,46.00227001990585],[14.022609956946749,46.00214334844511],[14.023165115792334,46.00201168469823],[14.023713088115649,46.00188438864506],[14.024231416034585,46.001777060372646],[14.024785676564887,46.00166536386804],[14.025101883544895,46.001617939585614]]},"properties":{"FID":40,"FAULT_NAME":"Idrija segment 6","FAULT_DESI":"MAF.SI-022/6","FAULT_TYPE":"dextral strike-slip","MINDEPTH_g":0,"MAXDEPTH_g":0,"MAXDEPTH":15,"STRIKEMIN":280,"STRIKEMAX":330,"STRIKE_BES":305,"DIPMIN":70,"DIPMAX":90,"DIP_BEST_E":85,"RAKEMIN":150,"RAKEMAX":180,"RAKE_BEST":165,"FAULT_WIDT":15.0572975632,"TOTAL_FAUL":172,"TOTAL_FA_1":124,"SEGMENTATI":"geometric","TOTAL_SEGM":10,"TOTAL_SE_1":10,"MIN_TOTAL":2580,"MAX_TOTAL":2745.57865299,"BEST_ESTIM":2589.85518086,"MIN_TOTA_1":150,"MAX_TOTA_1":159.626665871,"BEST_EST_1":150.572975632,"SLIPRATEMI":0.06,"SLIPRATEMA":2,"BEST_EST_2":1,"ACTIVITY":"active","FAULT_WE_1":" ","__id":29},"id":29},{"type":"Feature","geometry":{"type":"LineString","coordinates":[[14.36090022158633,45.798072911331055],[14.357291689090022,45.80043838008387],[14.354713524224598,45.802153704853104],[14.35119661988727,45.80392345884568],[14.348194450207743,45.805457074922295],[14.345538131912603,45.806515364377354],[14.343309411692701,45.80751665050522],[14.339439469448715,45.810178518780184],[14.337803637316334,45.81154102551249],[14.336593606628625,45.81284589501467],[14.3355542558449,45.81415198617468],[14.3349434014517,45.81534159192741],[14.334247207106506,45.81653054618006],[14.333470164385743,45.817301255465004],[14.332181980268315,45.8180093469572],[14.331067171000722,45.818539627085165],[14.33012034669126,45.81919010549281],[14.328141358120343,45.820670087722874],[14.32598809638431,45.822327195421806],[14.323403643311897,45.824459389131675],[14.320286489276004,45.82819835609096],[14.31812693933298,45.830392292272734]]},"properties":{"FID":41,"FAULT_NAME":"Idrija segment 10","FAULT_DESI":"MAF.SI-022/10","FAULT_TYPE":"dextral strike-slip","MINDEPTH_g":0,"MAXDEPTH_g":0,"MAXDEPTH":15,"STRIKEMIN":300,"STRIKEMAX":340,"STRIKE_BES":320,"DIPMIN":70,"DIPMAX":90,"DIP_BEST_E":85,"RAKEMIN":150,"RAKEMAX":180,"RAKE_BEST":165,"FAULT_WIDT":15.0572975632,"TOTAL_FAUL":172,"TOTAL_FA_1":124,"SEGMENTATI":"geometric","TOTAL_SEGM":5,"TOTAL_SE_1":5,"MIN_TOTAL":2580,"MAX_TOTAL":2745.57865299,"BEST_ESTIM":2589.85518086,"MIN_TOTA_1":75,"MAX_TOTA_1":79.8133329357,"BEST_EST_1":75.2864878158,"SLIPRATEMI":0.06,"SLIPRATEMA":2,"BEST_EST_2":1,"ACTIVITY":"active","FAULT_WE_1":" ","__id":30},"id":30},{"type":"Feature","geometry":{"type":"LineString","coordinates":[[14.416079237913374,45.76073004966778],[14.421565249353492,45.75757695580505],[14.426248166929607,45.75513508151022],[14.43093288113629,45.752533891514304],[14.435504407617172,45.74977336355534],[14.442121397999998,45.74694248964414],[14.445780236152215,45.74449513484575],[14.448759947949641,45.741805679124866],[14.45485681378296,45.73786843337152],[14.455887181413845,45.73706778430362],[14.456919345675297,45.735954254846575],[14.457825745796976,45.73470589671887],[14.459113929914402,45.73359420122425],[14.460655438941952,45.73279599898862],[14.462643410665708,45.732000293496576],[14.4659698721628,45.731478595484404],[14.47038509178425,45.73060448957518],[14.4728824082741,45.729989973644926],[14.474165202499822,45.72945885085824],[14.47551177711072,45.72888382793256],[14.47743507013402,45.72808743962206],[14.479869504553983,45.727337444658424],[14.483583139938535,45.72637046304647],[14.486465833685273,45.725399074911095]]},"properties":{"FID":42,"FAULT_NAME":"Idrija segment 11","FAULT_DESI":"MAF.SI-022/11","FAULT_TYPE":"dextral strike-slip","MINDEPTH_g":0,"MAXDEPTH_g":0,"MAXDEPTH":15,"STRIKEMIN":285,"STRIKEMAX":335,"STRIKE_BES":310,"DIPMIN":70,"DIPMAX":90,"DIP_BEST_E":85,"RAKEMIN":150,"RAKEMAX":180,"RAKE_BEST":165,"FAULT_WIDT":15.0572975632,"TOTAL_FAUL":172,"TOTAL_FA_1":124,"SEGMENTATI":"geometric","TOTAL_SEGM":7,"TOTAL_SE_1":7,"MIN_TOTAL":2580,"MAX_TOTAL":2745.57865299,"BEST_ESTIM":2589.85518086,"MIN_TOTA_1":105,"MAX_TOTA_1":111.73866611,"BEST_EST_1":105.401082942,"SLIPRATEMI":0.06,"SLIPRATEMA":2,"BEST_EST_2":1,"ACTIVITY":"active","FAULT_WE_1":" ","__id":31},"id":31},{"type":"Feature","geometry":{"type":"LineString","coordinates":[[13.768529563671098,46.15914998620316],[13.757023043196813,46.16703238877033],[13.748237519718124,46.171186232364235],[13.737698484804834,46.17594624966952],[13.728182631000156,46.180940341354464],[13.719883096090175,46.186170309286],[13.710260342766686,46.19281698059557],[13.700326772354893,46.198921906574625],[13.691368772341653,46.20450081032556],[13.682085582195564,46.210164935038264],[13.675562914917569,46.21348878500032],[13.67066979156497,46.21598200664882],[13.665897940775729,46.21878899882192],[13.662622683249829,46.220987377654005],[13.658247887816167,46.2233516088138],[13.653889262057618,46.225000419546845],[13.64850565855989,46.22641302501159],[13.641557189837226,46.228592455403586],[13.635457629058052,46.23175113975221],[13.629588036991617,46.23438955514828],[13.623413916043864,46.23716267510896],[13.623378881747785,46.23718255805328]]},"properties":{"FID":43,"FAULT_NAME":"Idrija segment 3","FAULT_DESI":"MAF.SI-022/3","FAULT_TYPE":"dextral strike-slip","MINDEPTH_g":0,"MAXDEPTH_g":0,"MAXDEPTH":15,"STRIKEMIN":290,"STRIKEMAX":315,"STRIKE_BES":310,"DIPMIN":70,"DIPMAX":90,"DIP_BEST_E":85,"RAKEMIN":150,"RAKEMAX":180,"RAKE_BEST":165,"FAULT_WIDT":15.0572975632,"TOTAL_FAUL":172,"TOTAL_FA_1":124,"SEGMENTATI":"structural","TOTAL_SEGM":15,"TOTAL_SE_1":15,"MIN_TOTAL":2580,"MAX_TOTAL":2745.57865299,"BEST_ESTIM":2589.85518086,"MIN_TOTA_1":225,"MAX_TOTA_1":239.439998807,"BEST_EST_1":225.859463447,"SLIPRATEMI":0.06,"SLIPRATEMA":2,"BEST_EST_2":1,"ACTIVITY":"active","FAULT_WE_1":" ","__id":32},"id":32},{"type":"Feature","geometry":{"type":"LineString","coordinates":[[13.623378881747785,46.23718255805328],[13.613766908207705,46.24267183912682],[13.608198251761447,46.24517367558569],[13.59920791239798,46.24839787562923],[13.590417897342867,46.25155417767992],[13.584343489391653,46.2541879140144],[13.581774307679071,46.255574922894034],[13.581186809483258,46.25603083306475],[13.580594819711022,46.25648301270531],[13.579997440047082,46.25693146190793],[13.579396467122008,46.257376180764034],[13.578790104305227,46.25781779047252],[13.57817835159674,46.25825504890191],[13.577563005627118,46.258688577254574],[13.576942269765794,46.25911837561893],[13.576317042328046,46.25954444408257],[13.575687323313877,46.25996740381624],[13.575052214408004,46.26038601273361],[13.574413512240996,46.260800892008675],[13.573769420182282,46.261212041726026],[13.573120836547146,46.261620083034614],[13.57246686302031,46.2620237738827],[13.571809296232331,46.262423735422345],[13.571236171081067,46.26276655727685],[13.570655859407525,46.26310813489113],[13.57006836121171,46.263449089332816],[13.569473676493622,46.26378942061353],[13.56887090693798,46.26412850770809],[13.568260052544778,46.26446697167244],[13.567642909944588,46.2648048125181],[13.56701768250684,46.265141409231276],[13.56638526854682,46.2654767618349],[13.565744769749243,46.26581211238702],[13.565097084429391,46.266146218859966],[13.56444221258727,46.26647908127643],[13.563779255907589,46.26681132066537],[13.563109112705636,46.26714293703809],[13.56243178298141,46.267473309407016],[13.56174726673491,46.267803058789745],[13.561257684905065,46.26803468946757],[13.560753730030674,46.26826694015642],[13.560236300427023,46.26850105282278],[13.559702701148254,46.268737648427276],[13.559152033879087,46.26897610595594],[13.558581603673673,46.26921890930073],[13.557988715586154,46.26946667938009],[13.557368878040112,46.26972190002012],[13.55684695686004,46.26993303055164],[13.55629988285201,46.27015223286061],[13.555722266124322,46.270380748781974],[13.555102428578278,46.27062416686765],[13.553945398492333,46.271073121368495],[13.55111211208622,46.27216599662078],[13.550335967680741,46.27246839632142],[13.549637078389695,46.272742231161075],[13.548891476703876,46.27303903926067],[13.548193485728117,46.273320322440554],[13.547532325679002,46.27359166930559],[13.546901708349552,46.273854321856426],[13.545495844929905,46.27444854532234],[13.54410794781594,46.275037795040376],[13.542738915322941,46.27562269207724],[13.54138695082034,46.276203236572144],[13.540052054308141,46.27678004955659],[13.538731530840485,46.27735375203509],[13.537427177047942,46.277923723224774],[13.536137196299947,46.27849120498987],[13.534860690281214,46.279055576539974],[13.53359765899174,46.27961807969344],[13.532348102431532,46.280178093652786],[13.5311111222853,46.280735618494155],[13.529885820237759,46.28129189597789],[13.5286730946042,46.28184568446987],[13.52747204706933,46.28239822570486],[13.526281779317872,46.28294951972044],[13.524903763672032,46.28359268906055],[13.523528442972045,46.28423833408546],[13.522155817217913,46.284887075508884],[13.520786784724914,46.28553953401471],[13.492788093949477,46.29563830254093],[13.432223677494138,46.322589026824495],[13.406619895266164,46.33563642017681],[13.372610576924682,46.355042953417666]]},"properties":{"FID":48,"FAULT_NAME":"Idrija segment 1","FAULT_DESI":"MAF.SI-022/1","FAULT_TYPE":"dextral strike-slip","MINDEPTH_g":0,"MAXDEPTH_g":0,"MAXDEPTH":15,"STRIKEMIN":300,"STRIKEMAX":315,"STRIKE_BES":305,"DIPMIN":70,"DIPMAX":90,"DIP_BEST_E":85,"RAKEMIN":150,"RAKEMAX":180,"RAKE_BEST":165,"FAULT_WIDT":15.0572975632,"TOTAL_FAUL":172,"TOTAL_FA_1":124,"SEGMENTATI":"structural","TOTAL_SEGM":23,"TOTAL_SE_1":23,"MIN_TOTAL":2580,"MAX_TOTAL":2745.57865299,"BEST_ESTIM":2589.85518086,"MIN_TOTA_1":345,"MAX_TOTA_1":367.141331504,"BEST_EST_1":346.317843952,"SLIPRATEMI":0.06,"SLIPRATEMA":2,"BEST_EST_2":1,"ACTIVITY":"active","FAULT_WE_1":" ","__id":33},"id":33},{"type":"Feature","geometry":{"type":"LineString","coordinates":[[13.623413916043864,46.23716267510896],[13.619129850453898,46.24282156733939],[13.61604054419181,46.24537682441934],[13.610956079683694,46.2493899468401],[13.602462508672344,46.25447177851659],[13.594551944280388,46.257585495513666],[13.585906557986021,46.26155300795958],[13.57361401163813,46.268808440614364],[13.564042462285837,46.27399775569674],[13.553048879838782,46.27904502178984],[13.542419115081795,46.28372554356244],[13.531991471263735,46.287419887132124],[13.521602455002892,46.28963165600323]]},"properties":{"FID":49,"FAULT_NAME":"Idrija segment 2","FAULT_DESI":"MAF.SI-022/2","FAULT_TYPE":"dextral strike-slip","MINDEPTH_g":0,"MAXDEPTH_g":0,"MAXDEPTH":15,"STRIKEMIN":290,"STRIKEMAX":335,"STRIKE_BES":305,"DIPMIN":70,"DIPMAX":90,"DIP_BEST_E":85,"RAKEMIN":150,"RAKEMAX":180,"RAKE_BEST":165,"FAULT_WIDT":15.0572975632,"TOTAL_FAUL":172,"TOTAL_FA_1":124,"SEGMENTATI":"structural","TOTAL_SEGM":10,"TOTAL_SE_1":10,"MIN_TOTAL":2580,"MAX_TOTAL":2745.57865299,"BEST_ESTIM":2589.85518086,"MIN_TOTA_1":150,"MAX_TOTA_1":159.626665871,"BEST_EST_1":150.572975632,"SLIPRATEMI":0.06,"SLIPRATEMA":2,"BEST_EST_2":1,"ACTIVITY":"active","FAULT_WE_1":" ","__id":34},"id":34},{"type":"Feature","geometry":{"type":"LineString","coordinates":[[14.02964286730612,46.000499089130024],[14.029886310748116,46.00040548656046],[14.030419910026884,46.00021266476807],[14.030816067067182,46.000063523826995],[14.03138020906561,45.99983513148112],[14.03180601051028,45.99961048235236],[14.03209167477063,45.9994607157598],[14.032466272244108,45.99927662710107],[14.03282649667304,45.99907194475465],[14.033164263219868,45.998876622175395],[14.033569403413006,45.99856585192199],[14.033981730128417,45.99828565796833],[14.034342852872634,45.99804040908946],[14.034769552632591,45.99775459604738],[14.035269914245847,45.99743945113464],[14.035719071887906,45.99713428930078],[14.036255366112524,45.996809155924666],[14.036842864308339,45.99651459966205],[14.037451023755686,45.996241260032726],[14.038251422673838,45.995831872126395],[14.038779632060901,45.99557288278624],[14.039586319186041,45.99517409923945],[14.041103573700918,45.99438151620968],[14.042548064677781,45.99361263741564],[14.044322237363918,45.992702076391424],[14.045800864321578,45.99192131611235],[14.047071082133323,45.991258503778205],[14.048601811377463,45.9904664888002],[14.049454312582093,45.98999277229749],[14.05032567840769,45.98947099290658],[14.051041635689131,45.98894796030317],[14.051705490684096,45.98840120494724],[14.052599314391795,45.98756733021507],[14.05314369345397,45.986994970303094],[14.053652139904782,45.98649438459083],[14.054299825224632,45.98592263776572],[14.055119088763748,45.98537647671394],[14.055658077934222,45.98508061121976],[14.056719886600051,45.98447639154327],[14.057727796348834,45.984028216077014],[14.058596467228577,45.98361436837854],[14.059520833655936,45.98299702420707],[14.060150552670104,45.982437725667445],[14.06028260501687,45.982319123688505],[14.060426335462328,45.98219053388744],[14.060597913681598,45.98203635057687],[14.06085393353757,45.981772302857415],[14.06117014051758,45.98150076310912],[14.062050489496016,45.98063369968693],[14.06240442571796,45.980340305821464],[14.062632597800127,45.98009497741705],[14.063075467235198,45.97972167663992],[14.063358436549695,45.979435144737465],[14.063557862542769,45.97925411074498],[14.063706982879932,45.97911490144474],[14.063928866755111,45.978911393048634],[14.064089665190966,45.97876406748533],[14.06424507373512,45.97860612905203],[14.064422041846093,45.9784550570856],[14.064593620065358,45.97830835457496],[14.064809215733547,45.97811982567145],[14.065031099608724,45.97792817477056],[14.065240407069926,45.97776211840476],[14.065579071932039,45.97747058215192],[14.065747955205453,45.977350096699816],[14.066873544256453,45.976460493926886],[14.069060941973285,45.97473868178657],[14.070645570134474,45.97352563985799],[14.071548376995015,45.97288445873791],[14.07288237519193,45.97192173663092],[14.07453078373829,45.97074484543412],[14.076545704920568,45.96927447673153],[14.078417793972674,45.96783841017323],[14.079493077367765,45.966900576177025],[14.080881872797015,45.96575792075586],[14.083065677252709,45.964269935770886],[14.084855121298673,45.9631128640121],[14.088759199523457,45.960656269973555],[14.091905997963728,45.95868042491765],[14.09374664598089,45.95755008996386],[14.096109215178123,45.95612683431924],[14.09681259604559,45.95578085089913],[14.097969626131535,45.95532994507706],[14.099659357180963,45.95475787645483],[14.101167628543001,45.954147705051255],[14.102379455861279,45.953553140578265],[14.104124882458322,45.95270187802812],[14.106130820487763,45.95169883288755],[14.107708262126675,45.95081881133567],[14.109468061768267,45.949840715628795],[14.111111978738204,45.94887134704299],[14.112273500400573,45.94812307284234],[14.114571390897348,45.9466539775825],[14.115956593065462,45.945673309842626],[14.118595843370203,45.9438274836967],[14.121029379474884,45.94225395427026],[14.12266610992255,45.941185128145676],[14.123144911968986,45.94087840684978],[14.123370389105299,45.940738476407766],[14.123614730862581,45.94055794062826],[14.124045922198956,45.940256838124185],[14.12451753772312,45.93994886229462],[14.124975678518021,45.939579039159725],[14.126878310289785,45.938223416373624],[14.127808964924133,45.93754746673064],[14.12857343123092,45.936998954402306],[14.128947130389111,45.936677841022465],[14.129348677321115,45.936369845313756],[14.129789750125617,45.93605560046451],[14.130171534121367,45.93578758506076],[14.130534453496152,45.9355339375882],[14.130906356023779,45.93524592759823],[14.131230647841345,45.934991652893125],[14.13157380427988,45.934689895403515],[14.131937621969946,45.934395008651364],[14.132349948685357,45.9340401428538],[14.132648189359685,45.933763995714955],[14.133381214631527,45.93328979413959],[14.13421664784576,45.93258254525809],[14.135089810301924,45.93188590878836],[14.135677308497735,45.93145792599018],[14.1363806893652,45.93107742464158],[14.137093951700793,45.930684424613354],[14.13780901066695,45.930216444794866],[14.138844768189541,45.929602254341795],[14.13999371343793,45.92888746055138],[14.141501086484682,45.927905228883795],[14.143101884320982,45.926843624336605],[14.143724416812878,45.92649933268377],[14.144620935466431,45.92614129209219],[14.145565963145323,45.925790122635405],[14.146590940884506,45.925324600978584],[14.147303304904813,45.92494468242272],[14.148261807312966,45.9243566783439],[14.148819661104405,45.92396175605911],[14.151352910205622,45.92194398424484],[14.154013720077185,45.92006237246401],[14.155745671944967,45.918878755341794],[14.157421928265133,45.91735263940202],[14.157664473391847,45.91706266012923]]},"properties":{"FID":65,"FAULT_NAME":"Idrija segment 7","FAULT_DESI":"MAF.SI-022/7","FAULT_TYPE":"dextral strike-slip","MINDEPTH_g":0,"MAXDEPTH_g":0,"MAXDEPTH":15,"STRIKEMIN":285,"STRIKEMAX":360,"STRIKE_BES":315,"DIPMIN":70,"DIPMAX":90,"DIP_BEST_E":85,"RAKEMIN":150,"RAKEMAX":180,"RAKE_BEST":165,"FAULT_WIDT":15.0572975632,"TOTAL_FAUL":172,"TOTAL_FA_1":124,"SEGMENTATI":"geometric","TOTAL_SEGM":14,"TOTAL_SE_1":14,"MIN_TOTAL":2580,"MAX_TOTAL":2745.57865299,"BEST_ESTIM":2589.85518086,"MIN_TOTA_1":210,"MAX_TOTA_1":223.47733222,"BEST_EST_1":210.802165884,"SLIPRATEMI":0.06,"SLIPRATEMA":2,"BEST_EST_2":1,"ACTIVITY":"active","FAULT_WE_1":" ","__id":35},"id":35},{"type":"Feature","geometry":{"type":"LineString","coordinates":[[14.107242036494217,46.421320419705395],[14.095113881843318,46.424632706923596],[14.082492552101439,46.42794045865333],[14.067885945581656,46.43191172466962],[14.055246649534094,46.43606780840863],[14.043837147110493,46.44023286077956],[14.028899062250868,46.4445511044597],[14.01509554959509,46.448818252711895],[13.999527745721297,46.452780570597284],[13.990437693361292,46.45507291404132],[13.972208181300655,46.4583850065925],[13.951603523628805,46.46251122570533],[13.932664342493714,46.4664576975801],[13.914556102996434,46.47031293498358],[13.896302336423123,46.47435596956814],[13.879175955531384,46.47744789952316],[13.858711435043858,46.480792034147555],[13.838670021055151,46.483753704282485],[13.81432298190966,46.48676283848116],[13.792175018579693,46.4890475663044],[13.778410133481131,46.49026720304874],[13.762456952350451,46.491605555914816],[13.744633478798237,46.492705776050094],[13.72419950103037,46.494204859735646],[13.70501687645328,46.49549920856907],[13.690525254289865,46.49648432776532],[13.668421308408819,46.498026594043026]]},"properties":{"FID":128,"FAULT_NAME":"Sava segment 1","FAULT_DESI":"MAF.SI-047/1","FAULT_TYPE":"dextral transpressive","MINDEPTH_g":0,"MAXDEPTH_g":0,"MAXDEPTH":15,"STRIKEMIN":275,"STRIKEMAX":295,"STRIKE_BES":285,"DIPMIN":70,"DIPMAX":90,"DIP_BEST_E":80,"RAKEMIN":140,"RAKEMAX":160,"RAKE_BEST":150,"FAULT_WIDT":15.2313991783,"TOTAL_FAUL":164,"TOTAL_FA_1":141,"SEGMENTATI":"geologic","TOTAL_SEGM":35,"TOTAL_SE_1":35,"MIN_TOTAL":2460,"MAX_TOTAL":2617.87732029,"BEST_ESTIM":2497.94946524,"MIN_TOTA_1":525,"MAX_TOTA_1":558.69333055,"BEST_EST_1":533.09897124,"SLIPRATEMI":0.05,"SLIPRATEMA":1.5,"BEST_EST_2":1,"ACTIVITY":"active","FAULT_WE_1":" ","__id":36},"id":36},{"type":"Feature","geometry":{"type":"LineString","coordinates":[[14.294511128828763,46.354985292826775],[14.285765131222574,46.35694385883305],[14.277578784038393,46.35842622156901],[14.269435555987851,46.35914165954263],[14.265271864645955,46.35997735858901],[14.257251705789336,46.361866313710806],[14.250156811675359,46.364407961880985],[14.239830677484406,46.36771874621178],[14.2317871624304,46.371115485440804],[14.225717246055606,46.37445313381687],[14.221106193702218,46.37736914802337],[14.217023350735895,46.379641733801215],[14.208671713539438,46.38260332825805],[14.202087960822123,46.38536151332289],[14.196125842281424,46.38812327681983],[14.18963551435366,46.391528040833585]]},"properties":{"FID":129,"FAULT_NAME":"Sava segment 4","FAULT_DESI":"MAF.SI-047/4","FAULT_TYPE":"dextral transpressive","MINDEPTH_g":0,"MAXDEPTH_g":0,"MAXDEPTH":15,"STRIKEMIN":290,"STRIKEMAX":310,"STRIKE_BES":295,"DIPMIN":70,"DIPMAX":90,"DIP_BEST_E":80,"RAKEMIN":140,"RAKEMAX":160,"RAKE_BEST":150,"FAULT_WIDT":15.2313991783,"TOTAL_FAUL":164,"TOTAL_FA_1":141,"SEGMENTATI":"geometric","TOTAL_SEGM":9,"TOTAL_SE_1":9,"MIN_TOTAL":2460,"MAX_TOTAL":2617.87732029,"BEST_ESTIM":2497.94946524,"MIN_TOTA_1":135,"MAX_TOTA_1":143.663999284,"BEST_EST_1":137.082592605,"SLIPRATEMI":0.05,"SLIPRATEMA":1.5,"BEST_EST_2":1,"ACTIVITY":"active","FAULT_WE_1":" ","__id":37},"id":37},{"type":"Feature","geometry":{"type":"LineString","coordinates":[[14.196605542643141,46.383741692925184],[14.184798984863962,46.388402729510055],[14.175912850073448,46.39214886844647],[14.165571444522666,46.39588359850332],[14.156893718878072,46.3994142570572],[14.149163715858222,46.40208858349183],[14.143095596113994,46.40470331240736],[14.138183608140428,46.40653559217522],[14.1336938283504,46.4078673322886],[14.129307354818046,46.4092715086256]]},"properties":{"FID":130,"FAULT_NAME":"Sava segment 3","FAULT_DESI":"MAF.SI-047/3","FAULT_TYPE":"dextral transpressive","MINDEPTH_g":0,"MAXDEPTH_g":0,"MAXDEPTH":15,"STRIKEMIN":295,"STRIKEMAX":305,"STRIKE_BES":300,"DIPMIN":70,"DIPMAX":90,"DIP_BEST_E":80,"RAKEMIN":140,"RAKEMAX":160,"RAKE_BEST":150,"FAULT_WIDT":15.2313991783,"TOTAL_FAUL":164,"TOTAL_FA_1":141,"SEGMENTATI":"geometric","TOTAL_SEGM":6,"TOTAL_SE_1":6,"MIN_TOTAL":2460,"MAX_TOTAL":2617.87732029,"BEST_ESTIM":2497.94946524,"MIN_TOTA_1":90,"MAX_TOTA_1":95.7759995228,"BEST_EST_1":91.3883950697,"SLIPRATEMI":0.05,"SLIPRATEMA":1.5,"BEST_EST_2":1,"ACTIVITY":"active","FAULT_WE_1":" ","__id":38},"id":38},{"type":"Feature","geometry":{"type":"LineString","coordinates":[[14.183318561275732,46.397161699738355],[14.171099676781138,46.40131485739979],[14.15919610095127,46.40511028452838],[14.146673585890644,46.40854000354021],[14.13509160693249,46.411472158675906],[14.127471198377304,46.41364299158238],[14.120466135791743,46.416249115634656],[14.113562582833282,46.41892695176768]]},"properties":{"FID":131,"FAULT_NAME":"Sava segment 2","FAULT_DESI":"MAF.SI-047/2","FAULT_TYPE":"dextral transpressive","MINDEPTH_g":0,"MAXDEPTH_g":0,"MAXDEPTH":15,"STRIKEMIN":290,"STRIKEMAX":300,"STRIKE_BES":295,"DIPMIN":70,"DIPMAX":90,"DIP_BEST_E":80,"RAKEMIN":140,"RAKEMAX":160,"RAKE_BEST":150,"FAULT_WIDT":15.2313991783,"TOTAL_FAUL":164,"TOTAL_FA_1":141,"SEGMENTATI":"geometric","TOTAL_SEGM":6,"TOTAL_SE_1":6,"MIN_TOTAL":2460,"MAX_TOTAL":2617.87732029,"BEST_ESTIM":2497.94946524,"MIN_TOTA_1":90,"MAX_TOTA_1":95.7759995228,"BEST_EST_1":91.3883950697,"SLIPRATEMI":0.05,"SLIPRATEMA":1.5,"BEST_EST_2":1,"ACTIVITY":"active","FAULT_WE_1":" ","__id":39},"id":39},{"type":"Feature","geometry":{"type":"LineString","coordinates":[[14.489406917925479,46.29327966901091],[14.484545235607825,46.29565444020991],[14.47927122657476,46.29773926291251],[14.473450143533666,46.299149995496876],[14.46735417601563,46.30036829799627],[14.462647003926843,46.30092127301858],[14.460153280698128,46.301388597723474],[14.454740032796025,46.303375769254785],[14.450431712693387,46.30555958881748],[14.44668394132804,46.30688386322137],[14.439748049019352,46.3089583299025],[14.43087179569697,46.31131070357146],[14.423245997250076,46.313093997293734],[14.414233200004507,46.31515706036422],[14.403546841384621,46.3184565586667],[14.395076626570658,46.32138300621814],[14.3882691933476,46.323935222129684],[14.384377691536796,46.325543789023996],[14.380754785995942,46.32782411363875],[14.37602695265562,46.32990709096679],[14.371441053130187,46.33170342462542],[14.365744835913587,46.33368453359394]]},"properties":{"FID":132,"FAULT_NAME":"Sava segment 6","FAULT_DESI":"MAF.SI-047/6","FAULT_TYPE":"dextral transpressive","MINDEPTH_g":0,"MAXDEPTH_g":0,"MAXDEPTH":15,"STRIKEMIN":280,"STRIKEMAX":315,"STRIKE_BES":295,"DIPMIN":70,"DIPMAX":90,"DIP_BEST_E":80,"RAKEMIN":140,"RAKEMAX":160,"RAKE_BEST":150,"FAULT_WIDT":15.2313991783,"TOTAL_FAUL":164,"TOTAL_FA_1":141,"SEGMENTATI":"geometric","TOTAL_SEGM":11,"TOTAL_SE_1":11,"MIN_TOTAL":2460,"MAX_TOTAL":2617.87732029,"BEST_ESTIM":2497.94946524,"MIN_TOTA_1":165,"MAX_TOTA_1":175.589332459,"BEST_EST_1":167.545390961,"SLIPRATEMI":0.05,"SLIPRATEMA":1.5,"BEST_EST_2":1,"ACTIVITY":"active","FAULT_WE_1":" ","__id":40},"id":40},{"type":"Feature","geometry":{"type":"LineString","coordinates":[[14.368768565159932,46.335522298442896],[14.36246778175712,46.33589505387708],[14.359031725795361,46.33688244035161],[14.353719987520362,46.33843356865159],[14.348303146357123,46.34012853379067],[14.344245456218756,46.340967624420536],[14.339879643937936,46.34151770862861],[14.335828242006555,46.34185383402261],[14.329803241395965,46.342250112045],[14.325126612026839,46.34272576590958],[14.321165041623873,46.34414030008089],[14.316368038006676,46.34590888140897],[14.309891184808173,46.3491767615781],[14.3053924218653,46.35195275601424],[14.300364551220087,46.35551663596908],[14.296061621009152,46.35915653856917],[14.289143695006146,46.36421703241886]]},"properties":{"FID":133,"FAULT_NAME":"Sava segment 5","FAULT_DESI":"MAF.SI-047/5","FAULT_TYPE":"dextral transpressive","MINDEPTH_g":0,"MAXDEPTH_g":0,"MAXDEPTH":15,"STRIKEMIN":275,"STRIKEMAX":315,"STRIKE_BES":300,"DIPMIN":70,"DIPMAX":90,"DIP_BEST_E":80,"RAKEMIN":140,"RAKEMAX":160,"RAKE_BEST":150,"FAULT_WIDT":15.2313991783,"TOTAL_FAUL":164,"TOTAL_FA_1":141,"SEGMENTATI":"geometric","TOTAL_SEGM":7,"TOTAL_SE_1":7,"MIN_TOTAL":2460,"MAX_TOTAL":2617.87732029,"BEST_ESTIM":2497.94946524,"MIN_TOTA_1":105,"MAX_TOTA_1":111.73866611,"BEST_EST_1":106.619794248,"SLIPRATEMI":0.05,"SLIPRATEMA":1.5,"BEST_EST_2":1,"ACTIVITY":"active","FAULT_WE_1":" ","__id":41},"id":41},{"type":"Feature","geometry":{"type":"LineString","coordinates":[[14.495106728403218,46.289950719414996],[14.500661910120215,46.28719516691357],[14.506076056337603,46.28472690848412],[14.512738860799917,46.28159238280493],[14.518434179701233,46.27845333166343],[14.522598769358414,46.27645780494565],[14.525511107509528,46.27531968887145],[14.527828760942556,46.275065736123615],[14.530521011849062,46.27536439436783],[14.533725302467516,46.27652796626509],[14.536514571424707,46.2776890299235],[14.539614657470207,46.27892333158271],[14.54303274712628,46.27922507313117],[14.547076962535387,46.27916919519201],[14.552051832578838,46.27933248278751],[14.55795735725664,46.27978633282597],[14.56831493248254,46.2810479044287]]},"properties":{"FID":134,"FAULT_NAME":"Sava segment 8","FAULT_DESI":"MAF.SI-047/8","FAULT_TYPE":"dextral transpressive","MINDEPTH_g":0,"MAXDEPTH_g":0,"MAXDEPTH":15,"STRIKEMIN":240,"STRIKEMAX":305,"STRIKE_BES":280,"DIPMIN":60,"DIPMAX":80,"DIP_BEST_E":70,"RAKEMIN":130,"RAKEMAX":160,"RAKE_BEST":140,"FAULT_WIDT":15.9626665871,"TOTAL_FAUL":164,"TOTAL_FA_1":141,"SEGMENTATI":"geometric","TOTAL_SEGM":6,"TOTAL_SE_1":6,"MIN_TOTAL":2497.94946524,"MAX_TOTAL":2840.56332441,"BEST_ESTIM":2617.87732029,"MIN_TOTA_1":91.3883950697,"MAX_TOTA_1":103.923048454,"BEST_EST_1":95.7759995228,"SLIPRATEMI":0.05,"SLIPRATEMA":1.5,"BEST_EST_2":1,"ACTIVITY":"active","FAULT_WE_1":" ","__id":42},"id":42},{"type":"Feature","geometry":{"type":"LineString","coordinates":[[14.443431141684243,46.296900129767565],[14.449675331224158,46.29470168891263],[14.455190088753366,46.292858828454335],[14.46247183244644,46.290521180299066],[14.4687079371488,46.28896869339911],[14.477855481686987,46.28663832858744],[14.483363951009206,46.28522541128926],[14.4873183348899,46.28373361415266],[14.492006642357723,46.28123850351801],[14.49742528015153,46.27824347570801],[14.505550541896392,46.27389406113982],[14.509511213984075,46.271538837919],[14.512742454061053,46.26946792133256],[14.516916026871073,46.266394002828676],[14.52201845768487,46.26368384361746],[14.526803783203375,46.261619461969474],[14.530960288022998,46.260342537178765],[14.53635377298885,46.25978915246135],[14.541634968544189,46.260313346429726],[14.546187630404106,46.261194030700246],[14.550329762179182,46.26164182030984],[14.555510346422698,46.261805781193914],[14.561316158103965,46.26154058664038],[14.566496742347482,46.261775970160556],[14.5717734463264,46.26287399919221],[14.578186519139727,46.26462285070367]]},"properties":{"FID":135,"FAULT_NAME":"Sava segment 7","FAULT_DESI":"MAF.SI-047/7","FAULT_TYPE":"dextral transpressive","MINDEPTH_g":0,"MAXDEPTH_g":0,"MAXDEPTH":15,"STRIKEMIN":280,"STRIKEMAX":310,"STRIKE_BES":290,"DIPMIN":60,"DIPMAX":80,"DIP_BEST_E":70,"RAKEMIN":130,"RAKEMAX":160,"RAKE_BEST":140,"FAULT_WIDT":15.9626665871,"TOTAL_FAUL":164,"TOTAL_FA_1":141,"SEGMENTATI":"geometric","TOTAL_SEGM":12,"TOTAL_SE_1":11,"MIN_TOTAL":2497.94946524,"MAX_TOTAL":2840.56332441,"BEST_ESTIM":2617.87732029,"MIN_TOTA_1":182.776790139,"MAX_TOTA_1":207.846096908,"BEST_EST_1":191.551999046,"SLIPRATEMI":0.05,"SLIPRATEMA":1.5,"BEST_EST_2":1,"ACTIVITY":"active","FAULT_WE_1":" ","__id":43},"id":43},{"type":"Feature","geometry":{"type":"LineString","coordinates":[[14.57681748664673,46.275835662590175],[14.590471878965346,46.27358483908061],[14.600069479460881,46.27157361126267],[14.611145706914076,46.26892829033674],[14.622408783946366,46.265643195328295],[14.632193234020995,46.262863441325464],[14.644002486746029,46.260217078955755],[14.65746823285498,46.2577016431161]]},"properties":{"FID":136,"FAULT_NAME":"Sava segment 9","FAULT_DESI":"MAF.SI-047/9","FAULT_TYPE":"dextral transpressive","MINDEPTH_g":0,"MAXDEPTH_g":0,"MAXDEPTH":15,"STRIKEMIN":285,"STRIKEMAX":295,"STRIKE_BES":290,"DIPMIN":70,"DIPMAX":90,"DIP_BEST_E":80,"RAKEMIN":140,"RAKEMAX":160,"RAKE_BEST":150,"FAULT_WIDT":15.2313991783,"TOTAL_FAUL":164,"TOTAL_FA_1":141,"SEGMENTATI":"geometric","TOTAL_SEGM":6,"TOTAL_SE_1":6,"MIN_TOTAL":2460,"MAX_TOTAL":2617.87732029,"BEST_ESTIM":2497.94946524,"MIN_TOTA_1":90,"MAX_TOTA_1":95.7759995228,"BEST_EST_1":91.3883950697,"SLIPRATEMI":0.05,"SLIPRATEMA":1.5,"BEST_EST_2":1,"ACTIVITY":"active","FAULT_WE_1":" ","__id":44},"id":44},{"type":"Feature","geometry":{"type":"LineString","coordinates":[[14.582760740566465,46.2697231419668],[14.595126948767655,46.267083941762685],[14.601956839872814,46.26544633177586],[14.607684498124362,46.26329320696413],[14.614342811010255,46.259737602309926],[14.621914710540098,46.25707928784967],[14.627638775530508,46.25518112277467],[14.63466539768289,46.251241723680025],[14.643725805638521,46.246030995826935],[14.656295931409204,46.23878497540848]]},"properties":{"FID":137,"FAULT_NAME":"Sava segment 10","FAULT_DESI":"MAF.SI-047/10","FAULT_TYPE":"dextral transpressive","MINDEPTH_g":0,"MAXDEPTH_g":0,"MAXDEPTH":15,"STRIKEMIN":285,"STRIKEMAX":310,"STRIKE_BES":300,"DIPMIN":70,"DIPMAX":90,"DIP_BEST_E":80,"RAKEMIN":140,"RAKEMAX":160,"RAKE_BEST":150,"FAULT_WIDT":15.2313991783,"TOTAL_FAUL":164,"TOTAL_FA_1":141,"SEGMENTATI":"geometric","TOTAL_SEGM":7,"TOTAL_SE_1":7,"MIN_TOTAL":2460,"MAX_TOTAL":2617.87732029,"BEST_ESTIM":2497.94946524,"MIN_TOTA_1":105,"MAX_TOTA_1":111.73866611,"BEST_EST_1":106.619794248,"SLIPRATEMI":0.05,"SLIPRATEMA":1.5,"BEST_EST_2":1,"ACTIVITY":"active","FAULT_WE_1":" ","__id":45},"id":45},{"type":"Feature","geometry":{"type":"LineString","coordinates":[[14.66912746692757,46.23785546720196],[14.679351193176132,46.237404998001615],[14.686542207025509,46.235987083221],[14.697602264803589,46.234004302212284],[14.705898206452433,46.23239615268642],[14.718888743776086,46.230799141493996],[14.730910897223456,46.229581777626755],[14.742933050670828,46.22807603703428],[14.755921791363912,46.2263788444902],[14.767945741441851,46.2241993262088],[14.781491437611091,46.22106258215819],[14.791719655436074,46.21839804239258],[14.799044518262788,46.216589910394674],[14.80691735341281,46.21583655628862],[14.81810407364595,46.214991817734614],[14.83204952011662,46.21491722650946],[14.84640819161799,46.21512918964249],[14.86035363808866,46.21505086904935],[14.875818135704778,46.21478109726239],[14.89459382345816,46.21594968437985],[14.910883872820383,46.217113274077334],[14.92248202145365,46.217792644909295],[14.934080170086915,46.217895202447394],[14.939879693561192,46.217802589891065],[14.948994000433869,46.21684848499909],[14.965149302503475,46.214649940454024],[14.974401051614622,46.21311830411119],[14.987241570285827,46.2114908936922],[14.996629863320159,46.210629303947506],[15.000909437333705,46.21034148271668]]},"properties":{"FID":142,"FAULT_NAME":"Sava segment 11","FAULT_DESI":"MAF.SI-047/11","FAULT_TYPE":"dextral transpressive","MINDEPTH_g":0,"MAXDEPTH_g":0,"MAXDEPTH":15,"STRIKEMIN":275,"STRIKEMAX":290,"STRIKE_BES":275,"DIPMIN":70,"DIPMAX":90,"DIP_BEST_E":80,"RAKEMIN":140,"RAKEMAX":160,"RAKE_BEST":150,"FAULT_WIDT":15.2313991783,"TOTAL_FAUL":164,"TOTAL_FA_1":141,"SEGMENTATI":"geometric","TOTAL_SEGM":26,"TOTAL_SE_1":26,"MIN_TOTAL":2460,"MAX_TOTAL":2617.87732029,"BEST_ESTIM":2497.94946524,"MIN_TOTA_1":390,"MAX_TOTA_1":415.029331266,"BEST_EST_1":396.016378635,"SLIPRATEMI":0.05,"SLIPRATEMA":1.5,"BEST_EST_2":1,"ACTIVITY":"active","FAULT_WE_1":" ","__id":46},"id":46},{"type":"Feature","geometry":{"type":"LineString","coordinates":[[15.00077558835637,46.21812331458774],[15.026304810415764,46.21789271620631],[15.041032689498904,46.217887743723814],[15.053468067976969,46.21583779945573],[15.071137031300317,46.21264711843024],[15.096661761783288,46.21171903243636],[15.108444065049799,46.211935980935266],[15.126443608397704,46.21214422582297],[15.148693979670057,46.21075363230645],[15.175850050708991,46.208897380641844],[15.207591122958071,46.20861638865382],[15.23278796836234,46.208340368575804],[15.249472378134293,46.20739604615243],[15.271434390200445,46.206799852667956],[15.293334418511995,46.20597859953529],[15.3078718547549,46.205300947659865],[15.334364969114155,46.20343705103749],[15.3538611057254,46.201333097085694],[15.367110357850878,46.20090782000875],[15.3768669601517,46.20125910905884],[15.392168862701393,46.20491362544826],[15.406004714707404,46.2090826356353],[15.418914403655483,46.21235806452772]]},"properties":{"FID":144,"FAULT_NAME":"Sava segment 12","FAULT_DESI":"MAF.SI-047/12","FAULT_TYPE":"dextral transpressive","MINDEPTH_g":0,"MAXDEPTH_g":0,"MAXDEPTH":15,"STRIKEMIN":245,"STRIKEMAX":285,"STRIKE_BES":270,"DIPMIN":70,"DIPMAX":90,"DIP_BEST_E":80,"RAKEMIN":140,"RAKEMAX":160,"RAKE_BEST":150,"FAULT_WIDT":15.2313991783,"TOTAL_FAUL":164,"TOTAL_FA_1":141,"SEGMENTATI":"geometric","TOTAL_SEGM":33,"TOTAL_SE_1":32,"MIN_TOTAL":2460,"MAX_TOTAL":2617.87732029,"BEST_ESTIM":2497.94946524,"MIN_TOTA_1":495,"MAX_TOTA_1":526.767997376,"BEST_EST_1":502.636172883,"SLIPRATEMI":0.05,"SLIPRATEMA":1.5,"BEST_EST_2":1,"ACTIVITY":"active","FAULT_WE_1":" ","__id":47},"id":47},{"type":"Feature","geometry":{"type":"LineString","coordinates":[[13.855574518071714,45.95679631234829],[13.851526709401469,45.96316594122713],[13.847497765352193,45.9707735656231],[13.845182806865017,45.97576316021745],[13.8443240174534,45.9771684316106],[13.843955708186913,45.97793691456548],[13.842938815285287,45.979486333552146],[13.840415447652196,45.98245645227247],[13.838043895302121,45.98458500176467],[13.836089161243876,45.98650437138246],[13.834606042709796,45.987476202424546],[13.832053928987612,45.98923693954825],[13.830498046915517,45.990410317094764],[13.827359333312803,45.993226945815536],[13.825789976511444,45.99493570144307],[13.823934057134455,45.99718109337229],[13.82230630983963,45.99926664261394],[13.820162031256437,46.001977364712744],[13.819402056526073,46.0028865251405],[13.818438164226212,46.003980368228504],[13.81665231344138,46.00587722681715],[13.813253986721556,46.00928017785965],[13.811064792374157,46.01143951438181],[13.80847225446419,46.0140810151159],[13.806190533642527,46.01660323733911],[13.804854738815038,46.018253256164925],[13.804019305600809,46.01934492397589],[13.802589187668492,46.02126371184603],[13.801660329664712,46.022511886282615],[13.800585046269621,46.02391472336734],[13.798362614256707,46.02655438076406],[13.796364761064828,46.02856023650424],[13.794957101014612,46.02986375422889],[13.793147894032394,46.03146286029988],[13.791383602814383,46.032932200909286],[13.78878118343629,46.034925976270856],[13.786361122060871,46.03658604963886],[13.783173899432814,46.03848490787638],[13.78047536031932,46.0398368302293],[13.777906178606738,46.040949272891986],[13.774581513740213,46.04222568595391],[13.771965619632857,46.04315226728984],[13.769862663552733,46.0438736930073],[13.765106982438603,46.0454848638793],[13.761928742963388,46.04651364422698],[13.75876487653272,46.04744763548876],[13.754983867501862,46.048393457007904],[13.748936409009168,46.049948384807195],[13.745150908401888,46.05087421316654],[13.742474827170495,46.051125462225855]]},"properties":{"FID":18,"FAULT_NAME":"Predjama-Avče segment 3","FAULT_DESI":"MAF.SI-019/3","FAULT_TYPE":"dextral strike-slip","MINDEPTH_g":0,"MAXDEPTH_g":0,"MAXDEPTH":15,"STRIKEMIN":280,"STRIKEMAX":335,"STRIKE_BES":320,"DIPMIN":70,"DIPMAX":90,"DIP_BEST_E":80,"RAKEMIN":160,"RAKEMAX":180,"RAKE_BEST":170,"FAULT_WIDT":15.2313991783,"TOTAL_FAUL":158,"TOTAL_FA_1":90,"SEGMENTATI":"structural","TOTAL_SEGM":14,"TOTAL_SE_1":14,"MIN_TOTAL":75,"MAX_TOTAL":79.8133329357,"BEST_ESTIM":76.1569958914,"MIN_TOTA_1":210,"MAX_TOTA_1":223.47733222,"BEST_EST_1":213.239588496,"SLIPRATEMI":0.05,"SLIPRATEMA":1.45,"BEST_EST_2":0.7,"ACTIVITY":"active","FAULT_WE_1":" ","__id":48},"id":48},{"type":"Feature","geometry":{"type":"LineString","coordinates":[[14.03614756827843,45.85977393549957],[14.029321270434407,45.86519263474534],[14.014674239726837,45.87364492611892],[14.012574876907848,45.87531421581382],[14.004425360650316,45.87953381147303],[14.001071051379416,45.88186642802167],[13.996187809494943,45.884764239358226],[13.991326127177288,45.886408808250145],[13.983321239680498,45.89009734292743],[13.978451472525286,45.892175044999675],[13.975317250498993,45.89368997406944],[13.971702429795696,45.895055438076135],[13.967951963484497,45.89627457399727],[13.961734723403104,45.89755182461407],[13.957957307633382,45.89831766074807],[13.948426182468875,45.90040130673975],[13.93757004226029,45.90327189645555],[13.930262247423977,45.90621859745155],[13.926589036227215,45.907891908932385],[13.922096561491331,45.909700803789626],[13.918573368947014,45.91113150161144],[13.913294868337527,45.912891540606935],[13.91106255485649,45.91382591362784],[13.90739293692086,45.91676018013511],[13.902343506708828,45.92190649011312],[13.894498519332613,45.929486663312986],[13.884531711255304,45.936587878963934],[13.871253713040733,45.94409858350216]]},"properties":{"FID":19,"FAULT_NAME":"Predjama-Avče segment 6a","FAULT_DESI":"MAF.SI-019/6a","FAULT_TYPE":"dextral transpressive","MINDEPTH_g":0,"MAXDEPTH_g":0,"MAXDEPTH":15,"STRIKEMIN":115,"STRIKEMAX":145,"STRIKE_BES":130,"DIPMIN":70,"DIPMAX":80,"DIP_BEST_E":75,"RAKEMIN":140,"RAKEMAX":170,"RAKE_BEST":155,"FAULT_WIDT":15.5291427062,"TOTAL_FAUL":158,"TOTAL_FA_1":90,"SEGMENTATI":"structural","TOTAL_SEGM":27,"TOTAL_SE_1":26,"MIN_TOTAL":152.313991783,"MAX_TOTAL":159.626665871,"BEST_ESTIM":155.291427062,"MIN_TOTA_1":411.247777814,"MAX_TOTA_1":430.991997853,"BEST_EST_1":419.286853066,"SLIPRATEMI":0.05,"SLIPRATEMA":1.45,"BEST_EST_2":0.7,"ACTIVITY":"active","FAULT_WE_1":" ","__id":49},"id":49},{"type":"Feature","geometry":{"type":"LineString","coordinates":[[13.742474827170495,46.051125462225855],[13.749833825978003,46.044959866767144],[13.761172361494161,46.036856695489966],[13.771000829017714,46.027669585663766],[13.777176746596034,46.0252981890166],[13.782480400033474,46.0227651356281],[13.788715606420547,46.01765127012417],[13.795206832663595,46.01071205012449],[13.799273505954806,46.004661123316296],[13.804007627502118,45.99800733472999],[13.810915672036996,45.99183331606169],[13.820017402495694,45.98522479903154],[13.827355740051665,45.979206042999245],[13.834306903720181,45.970746094138306],[13.838113065578998,45.966366715512194],[13.843880249703044,45.96215933879271],[13.851378487379588,45.958731008429055],[13.855574518071714,45.95679631234829]]},"properties":{"FID":20,"FAULT_NAME":"Predjama-Avče segment 4","FAULT_DESI":"MAF.SI-019/4","FAULT_TYPE":"dextral strike-slip","MINDEPTH_g":0,"MAXDEPTH_g":0,"MAXDEPTH":15,"STRIKEMIN":300,"STRIKEMAX":330,"STRIKE_BES":320,"DIPMIN":70,"DIPMAX":90,"DIP_BEST_E":80,"RAKEMIN":160,"RAKEMAX":180,"RAKE_BEST":170,"FAULT_WIDT":15.2313991783,"TOTAL_FAUL":158,"TOTAL_FA_1":90,"SEGMENTATI":"structural","TOTAL_SEGM":14,"TOTAL_SE_1":14,"MIN_TOTAL":105,"MAX_TOTAL":111.73866611,"BEST_ESTIM":106.619794248,"MIN_TOTA_1":210,"MAX_TOTA_1":223.47733222,"BEST_EST_1":213.239588496,"SLIPRATEMI":0.05,"SLIPRATEMA":1.45,"BEST_EST_2":0.7,"ACTIVITY":"active","FAULT_WE_1":" ","__id":50},"id":50},{"type":"Feature","geometry":{"type":"LineString","coordinates":[[13.51635090385193,46.1992738300929],[13.512766625868295,46.19948398829214],[13.50535372814374,46.19981601173799],[13.491296890577837,46.19937455690408],[13.4763821619156,46.19874843107811],[13.466255453717721,46.199041909016984],[13.45845717873628,46.199879431718514],[13.442251571010765,46.201288331232625],[13.42255061851474,46.20401773808795],[13.410737772528567,46.207110073025774],[13.401012611262686,46.21048819091913],[13.38951866720238,46.215211239667894],[13.381357472846153,46.21989472538588],[13.375965784510868,46.22273197132279],[13.370349517354553,46.224794709339704],[13.365596531186277,46.226869177568865],[13.360194961382867,46.2299620902188],[13.355264108788333,46.23383342302808],[13.350362900598178,46.23667616207047],[13.344478935487196,46.23933298022159],[13.336235994440115,46.24238418585398],[13.330217282036513,46.24538117316291],[13.324944171318732,46.24821772301471]]},"properties":{"FID":21,"FAULT_NAME":"Predjama-Avče segment 1","FAULT_DESI":"MAF.SI-019/1","FAULT_TYPE":"dextral strike-slip","MINDEPTH_g":0,"MAXDEPTH_g":0,"MAXDEPTH":15,"STRIKEMIN":270,"STRIKEMAX":320,"STRIKE_BES":295,"DIPMIN":70,"DIPMAX":80,"DIP_BEST_E":75,"RAKEMIN":140,"RAKEMAX":170,"RAKE_BEST":155,"FAULT_WIDT":15.5291427062,"TOTAL_FAUL":158,"TOTAL_FA_1":90,"SEGMENTATI":"geometric","TOTAL_SEGM":17,"TOTAL_SE_1":16,"MIN_TOTAL":152.313991783,"MAX_TOTAL":159.626665871,"BEST_ESTIM":155.291427062,"MIN_TOTA_1":258.933786031,"MAX_TOTA_1":271.365331981,"BEST_EST_1":263.995426005,"SLIPRATEMI":0.05,"SLIPRATEMA":1.45,"BEST_EST_2":0.7,"ACTIVITY":"active","FAULT_WE_1":" ","__id":51},"id":51},{"type":"Feature","geometry":{"type":"LineString","coordinates":[[13.855574518071714,45.95679631234829],[13.856229389913835,45.95649467352852],[13.861548314711106,45.952738726787835],[13.867337956717257,45.947311702340286],[13.879994320755216,45.93692461119769],[13.88932152835023,45.92909365201318],[13.895790296711175,45.92214832681743],[13.898481649302395,45.9185175408643],[13.901142459173961,45.9164108261892],[13.904905501899135,45.91370466477291],[13.916881841267019,45.90391575835144],[13.925089748018015,45.896985411666336],[13.930843457412802,45.89277339377533],[13.93636629977957,45.88916882319308],[13.940789604238576,45.886010489378165],[13.944755666217963,45.883914422133365],[13.949370311832483,45.88212845041115],[13.956392442408447,45.87990778715208],[13.967536941823235,45.87878960489095],[13.991338703591262,45.87732617800298],[14.00274910433015,45.87346542289242],[14.012621589302624,45.87019923854856],[14.023391491243935,45.865416577932464],[14.032846259609292,45.86092628218461],[14.03614756827843,45.85977393549957]]},"properties":{"FID":45,"FAULT_NAME":"Predjama-Avče segment 5","FAULT_DESI":"MAF.SI-019/5","FAULT_TYPE":"dextral transpressive","MINDEPTH_g":0,"MAXDEPTH_g":0,"MAXDEPTH":15,"STRIKEMIN":275,"STRIKEMAX":335,"STRIKE_BES":315,"DIPMIN":70,"DIPMAX":90,"DIP_BEST_E":80,"RAKEMIN":140,"RAKEMAX":170,"RAKE_BEST":155,"FAULT_WIDT":15.2313991783,"TOTAL_FAUL":158,"TOTAL_FA_1":90,"SEGMENTATI":"structural","TOTAL_SEGM":19,"TOTAL_SE_1":18,"MIN_TOTAL":2370,"MAX_TOTAL":2522.10132077,"BEST_ESTIM":2406.56107017,"MIN_TOTA_1":285,"MAX_TOTA_1":303.290665156,"BEST_EST_1":289.396584387,"SLIPRATEMI":0.05,"SLIPRATEMA":1.45,"BEST_EST_2":0.7,"ACTIVITY":"active","FAULT_WE_1":" ","__id":52},"id":52},{"type":"Feature","geometry":{"type":"LineString","coordinates":[[13.742474827170495,46.051125462225855],[13.734533720058879,46.05393214200639],[13.725686212825588,46.05809950532321],[13.717303134594184,46.06503340055117],[13.712777422192788,46.06982690326594],[13.695514497377864,46.08828588368353],[13.68163822118407,46.10153854179604],[13.669824476882614,46.11304310817837],[13.6598298210315,46.12102613484032],[13.649863012954196,46.12802870048854],[13.644482104402318,46.13117449092233],[13.639806373348478,46.133368282360856],[13.637058426894352,46.13492641883397],[13.63273303880132,46.13740577563465],[13.624609573687026,46.142249007505896],[13.616551685588474,46.14652172750494],[13.606919949112145,46.150775446301246],[13.594208787841854,46.1560829542006],[13.579234770370867,46.16296720354115],[13.566500252903186,46.16897839499132],[13.561137310656992,46.17244594770601],[13.549374770326732,46.18000985373524],[13.541843294984677,46.18492707860157],[13.536842373797981,46.188590765805394],[13.529963973667476,46.19319381681077],[13.526109302783322,46.19545788891148],[13.523389204103006,46.19683705547618],[13.520024115048695,46.1980787732173],[13.51635090385193,46.1992738300929]]},"properties":{"FID":46,"FAULT_NAME":"Predjama-Avče segment 2","FAULT_DESI":"MAF.SI-019/2","FAULT_TYPE":"dextral strike-slip","MINDEPTH_g":0,"MAXDEPTH_g":0,"MAXDEPTH":15,"STRIKEMIN":295,"STRIKEMAX":330,"STRIKE_BES":315,"DIPMIN":70,"DIPMAX":90,"DIP_BEST_E":80,"RAKEMIN":160,"RAKEMAX":180,"RAKE_BEST":170,"FAULT_WIDT":15.2313991783,"TOTAL_FAUL":158,"TOTAL_FA_1":90,"SEGMENTATI":"structural","TOTAL_SEGM":24,"TOTAL_SE_1":24,"MIN_TOTAL":345,"MAX_TOTAL":367.141331504,"BEST_ESTIM":350.322181101,"MIN_TOTA_1":360,"MAX_TOTA_1":383.103998091,"BEST_EST_1":365.553580279,"SLIPRATEMI":0.05,"SLIPRATEMA":1.45,"BEST_EST_2":0.7,"ACTIVITY":"active","FAULT_WE_1":" ","__id":53},"id":53},{"type":"Feature","geometry":{"type":"LineString","coordinates":[[14.192284646126529,45.819075536699984],[14.194170209907895,45.818306104109176],[14.196570508347062,45.817477183546444],[14.198699515570427,45.81664637238325],[14.200282347101043,45.81587502793873],[14.202050231580193,45.81493650271653],[14.204604141932943,45.81319527427029],[14.20589232605037,45.81231180385184],[14.20695862629262,45.81147528031881],[14.207631464440427,45.810813441046115],[14.207993485499927,45.81043586980167],[14.208496542059034,45.809761494892285],[14.208847783335123,45.80899068125873],[14.209510740014803,45.80775835915636],[14.210275206321592,45.806645613997695],[14.211144775516615,45.805259817564234],[14.211490626901002,45.804846514168155],[14.212316178647109,45.80420964520497],[14.21295128755298,45.80374999287508],[14.21351632786669,45.80346881403537],[14.214321218361263,45.80306990086352],[14.215006632923048,45.80268225722698],[14.215677674440283,45.8021511998536],[14.216400818244,45.80150240119274],[14.21669277071134,45.80127820067119],[14.216884111866857,45.80100577703561],[14.217128453624138,45.80056739137735],[14.217371897066135,45.80012900226979],[14.217993531242744,45.799503352412295],[14.218855015600216,45.79865285815694],[14.219494616082507,45.7979075690136],[14.220220454832077,45.797056424093455],[14.220671409104703,45.7964056871621],[14.220827715964141,45.79616893979077],[14.221205906698756,45.795885843729984],[14.221858083595029,45.79548562361506],[14.222526430166411,45.795074126697145],[14.223077995750863,45.79455427084337],[14.224182923550329,45.793313486850366],[14.225216884442348,45.79230944000569],[14.225890620905437,45.791552791379836],[14.22664969732052,45.7907729565088],[14.22725156856088,45.79024178562671],[14.227834575180275,45.78988913046437],[14.228981723798094,45.7892783991059],[14.230146838721598,45.788643857796046],[14.231055035473844,45.78809074235099],[14.23236028758167,45.78717179436419],[14.233684404310461,45.78606302304815],[14.23491868951084,45.784857757347616],[14.235886175071837,45.784115415973254],[14.236986611294885,45.78324276068813],[14.23834216905862,45.78227612083396],[14.24038134475357,45.78111274785965],[14.241664138979294,45.7804668367136],[14.242843626947344,45.78001074751738],[14.244419271955689,45.77922010053831],[14.246737823704002,45.7775441675357],[14.250429001206449,45.77492522557721],[14.25391895608525,45.771522923525254],[14.256859142010176,45.76849764528128],[14.25887945308416,45.76654441141096],[14.261692078238738,45.76402522150652]]},"properties":{"FID":73,"FAULT_NAME":"Predjama-Avče segment 7","FAULT_DESI":"MAF.SI-019/7","FAULT_TYPE":"dextral strike-slip","MINDEPTH_g":0,"MAXDEPTH_g":0,"MAXDEPTH":15,"STRIKEMIN":295,"STRIKEMAX":340,"STRIKE_BES":320,"DIPMIN":75,"DIPMAX":85,"DIP_BEST_E":80,"RAKEMIN":160,"RAKEMAX":180,"RAKE_BEST":170,"FAULT_WIDT":15.2313991783,"TOTAL_FAUL":158,"TOTAL_FA_1":90,"SEGMENTATI":"geometric","TOTAL_SEGM":8,"TOTAL_SE_1":8,"MIN_TOTAL":150.572975632,"MAX_TOTAL":155.291427062,"BEST_ESTIM":152.313991783,"MIN_TOTA_1":120.458380505,"MAX_TOTA_1":124.233141649,"BEST_EST_1":121.851193426,"SLIPRATEMI":0.05,"SLIPRATEMA":1.45,"BEST_EST_2":0.7,"ACTIVITY":"active","FAULT_WE_1":" ","__id":54},"id":54},{"type":"Feature","geometry":{"type":"LineString","coordinates":[[14.155716925855875,45.808865446517274],[14.15665566532778,45.80856488198895],[14.157136264004784,45.80838141159429],[14.157898035365717,45.807971888465254],[14.15883407989177,45.80747720054811],[14.15962549565708,45.806988143997614],[14.160573218281826,45.80631247493899],[14.161327803120486,45.80574951549792],[14.161987166539028,45.80514584632788],[14.162625868706039,45.804628589324665],[14.163303198430263,45.804111327518655],[14.164105393978982,45.803575900130504],[14.164625518528487,45.80330536644066],[14.165501375930505,45.80294340032869],[14.166916222502993,45.80235159945711],[14.168079540795926,45.801965203326624],[14.16937760638148,45.80150678499283],[14.170743943928626,45.80093438303495],[14.17385211481168,45.799706266649345],[14.176258701457835,45.79866601022879],[14.177731040208508,45.79804159653586],[14.17890513828485,45.797501100397646],[14.179754046228346,45.79703199810914],[14.180884126855767,45.796257876751916],[14.182016004113757,45.795416101518036],[14.18330957812289,45.79453548078195],[14.185194243588974,45.793210765483536],[14.185841030593538,45.79279424092772],[14.186825584144932,45.792172266886354],[14.187634966215926,45.7917432072331],[14.189024659960458,45.79088319888773],[14.19052933806136,45.78995740668241],[14.191842675006741,45.789076699689865],[14.192954789328482,45.78826175144958],[14.194039055876413,45.78727953819776],[14.19552936093277,45.78605926446381],[14.196834613040592,45.78505821914601],[14.197927862741366,45.784209383782276],[14.19967508596898,45.78299718688877],[14.201103407270729,45.78210446689754],[14.203426450595463,45.780795744876244],[14.205112588383752,45.77983720710436],[14.20707181401842,45.77855349247258],[14.208905275513308,45.777395054047],[14.210782754457119,45.77643144550162],[14.2123053988637,45.77557245401546],[14.214443389239904,45.77448976756058],[14.216446632323493,45.773392648906885],[14.218480418126738,45.772235983025446],[14.219761415721894,45.771549240470236],[14.220578882630441,45.771206492619235],[14.222240765906063,45.77060934188019],[14.22357476410298,45.770217086184196],[14.224985119099049,45.76985866482958],[14.226499678668072,45.76952091952226],[14.227200364589686,45.76931852200373],[14.228497531859956,45.76885168901339],[14.23009293980455,45.76823383424283],[14.232071928375467,45.767544535854306],[14.233552351963695,45.766892201079926],[14.23629221358026,45.76574668024978],[14.238427509010613,45.76481107056602],[14.240869129952848,45.76376326936003],[14.243169715395478,45.76255438813606]]},"properties":{"FID":74,"FAULT_NAME":"Predjama-Avče segment 8","FAULT_DESI":"MAF.SI-019/8","FAULT_TYPE":"dextral strike-slip","MINDEPTH_g":0,"MAXDEPTH_g":0,"MAXDEPTH":15,"STRIKEMIN":290,"STRIKEMAX":300,"STRIKE_BES":310,"DIPMIN":75,"DIPMAX":85,"DIP_BEST_E":80,"RAKEMIN":160,"RAKEMAX":180,"RAKE_BEST":170,"FAULT_WIDT":15.2313991783,"TOTAL_FAUL":158,"TOTAL_FA_1":90,"SEGMENTATI":"geometric","TOTAL_SEGM":8,"TOTAL_SE_1":8,"MIN_TOTAL":225.859463447,"MAX_TOTAL":232.937140592,"BEST_ESTIM":228.470987674,"MIN_TOTA_1":120.458380505,"MAX_TOTA_1":124.233141649,"BEST_EST_1":121.851193426,"SLIPRATEMI":0.05,"SLIPRATEMA":1.45,"BEST_EST_2":0.7,"ACTIVITY":"active","FAULT_WE_1":" ","__id":55},"id":55},{"type":"Feature","geometry":{"type":"LineString","coordinates":[[14.142018516088337,45.80329346793803],[14.132737122572813,45.807504126712345],[14.125095154450808,45.8104884669444],[14.11833353530724,45.813788212184214],[14.109062921575127,45.81999208044197],[14.101819805439272,45.82606755754932],[14.094178735632552,45.833662692799],[14.086908670038172,45.83840364991118],[14.078821137535243,45.843137945223916],[14.064683451593769,45.84778423461884],[14.04776188658681,45.855719262013],[14.03614756827843,45.85977393549957]]},"properties":{"FID":111,"FAULT_NAME":"Predjama-Avče segment 6b","FAULT_DESI":"MAF.SI-019/6b","FAULT_TYPE":"dextral strike-slip","MINDEPTH_g":0,"MAXDEPTH_g":0,"MAXDEPTH":15,"STRIKEMIN":295,"STRIKEMAX":325,"STRIKE_BES":310,"DIPMIN":70,"DIPMAX":80,"DIP_BEST_E":75,"RAKEMIN":160,"RAKEMAX":180,"RAKE_BEST":170,"FAULT_WIDT":15.5291427062,"TOTAL_FAUL":158,"TOTAL_FA_1":90,"SEGMENTATI":"structural","TOTAL_SEGM":27,"TOTAL_SE_1":26,"MIN_TOTAL":152.313991783,"MAX_TOTAL":159.626665871,"BEST_ESTIM":155.291427062,"MIN_TOTA_1":411.247777814,"MAX_TOTA_1":430.991997853,"BEST_EST_1":419.286853066,"SLIPRATEMI":0.05,"SLIPRATEMA":1.45,"BEST_EST_2":0.7,"ACTIVITY":"active","FAULT_WE_1":" ","__id":56},"id":56},{"type":"Feature","geometry":{"type":"LineString","coordinates":[[13.86516852530611,45.803428734976045],[13.858296413382595,45.80671950547384],[13.851737813493237,45.809873578196],[13.847489680514636,45.8125334554368],[13.84065799277891,45.81689117183625],[13.83499950480424,45.82011102968492],[13.82700539709086,45.82491636658723],[13.825003052322558,45.82627538285338],[13.821910152799333,45.82865843261293],[13.817289218977825,45.83326775128258],[13.813357292979232,45.83638902719067],[13.8084264403847,45.84007462366799],[13.805180827263175,45.84182314696936],[13.798783025809678,45.844803144868735],[13.794464824238913,45.84665539406978],[13.790450253234182,45.849717727568176],[13.783791940348289,45.85700620398728],[13.778721848884722,45.86310391447933],[13.776626079326869,45.864863599264076]]},"properties":{"FID":0,"FAULT_NAME":"Raša segment 4","FAULT_DESI":"MAF.SI-014/4","FAULT_TYPE":"dextral strike-slip","MINDEPTH_g":0,"MAXDEPTH_g":0,"MAXDEPTH":15,"STRIKEMIN":305,"STRIKEMAX":330,"STRIKE_BES":315,"DIPMIN":75,"DIPMAX":95,"DIP_BEST_E":85,"RAKEMIN":160,"RAKEMAX":180,"RAKE_BEST":170,"FAULT_WIDT":15.0572975632,"TOTAL_FAUL":106,"TOTAL_FA_1":87,"SEGMENTATI":"geometric","TOTAL_SEGM":10,"TOTAL_SE_1":10,"MIN_TOTAL":1596.07354169,"MAX_TOTAL":1646.08912685,"BEST_ESTIM":1596.07354169,"MIN_TOTA_1":150.572975632,"MAX_TOTA_1":155.291427062,"BEST_EST_1":150.572975632,"SLIPRATEMI":0.23,"SLIPRATEMA":1.3,"BEST_EST_2":0.7,"ACTIVITY":"active","FAULT_WE_1":" ","__id":57},"id":57},{"type":"Feature","geometry":{"type":"LineString","coordinates":[[13.798964485497068,45.85549903366398],[13.80089227009679,45.85385167292591],[13.804563684662986,45.85141776923697],[13.81304737420621,45.84713721905754],[13.817363779146405,45.84528436013508],[13.821200483724878,45.842794385994395],[13.827460842939907,45.83848939023541],[13.838110370633144,45.82870913469087],[13.844388696153857,45.82336826203588],[13.850004963310171,45.81819278563653],[13.856061404955707,45.81152662419099],[13.8615941287906,45.80626363107494],[13.866031806294147,45.80328971051562],[13.872399065027986,45.79938561171373],[13.87845281172767,45.795693563063246],[13.886120830992912,45.791413110915954],[13.88955688695467,45.78907482049933],[13.893743934493951,45.786183297613235],[13.899952191422503,45.78076692633383],[13.905013299733229,45.77719331163349],[13.910450802148006,45.77327798591722],[13.915495740783621,45.77052349701959],[13.91680817941372,45.76954410433044],[13.922136985679117,45.76476469700542],[13.926639341883122,45.76131414528814],[13.93000532925272,45.759232806680714],[13.933678540449485,45.75724101639927],[13.937170291958857,45.7549877884476],[13.941541494131382,45.75188075440521],[13.946219920131076,45.74873280214446],[13.95276055371475,45.744825508932436],[13.961472415340141,45.73994618013958],[13.973543976128141,45.73315591248516],[13.976778809466254,45.73133061294953],[13.991032378079382,45.722832873421474],[14.004604125391856,45.714284916708664],[14.007710499644341,45.7126728948461],[14.00969218316111,45.71200047354039],[14.014588899774845,45.710059062526845],[14.019613177158925,45.707817103680384],[14.03189135046227,45.70202234638348],[14.041826717504634,45.69713112137035],[14.059886447976572,45.69002377787771],[14.071034540652494,45.68612806597569],[14.082038902882958,45.68202623073164],[14.091161294593194,45.67698889618024],[14.100867591238105,45.671173367815015],[14.104047627343888,45.66897253643527],[14.10823467488317,45.666935466214866],[14.114064741077105,45.66468110579303],[14.119017153238454,45.662649529745394],[14.12276672123437,45.66053186598092],[14.128169189353066,45.65758345241853],[14.133349773596583,45.65486281300482],[14.140304530526237,45.650392590179905],[14.148799898168154,45.64516651705634],[14.161731146683056,45.63673796034739],[14.176577603383697,45.62900669094688],[14.191846268267879,45.61922863828474],[14.207741058905087,45.60872557278793],[14.220715426553626,45.599363211044505],[14.22690661549178,45.595209761446974],[14.247548104090276,45.58098966316319]]},"properties":{"FID":28,"FAULT_NAME":"Raša segment 5","FAULT_DESI":"MAF.SI-014/5","FAULT_TYPE":"dextral strike-slip","MINDEPTH_g":0,"MAXDEPTH_g":0,"MAXDEPTH":15,"STRIKEMIN":295,"STRIKEMAX":330,"STRIKE_BES":315,"DIPMIN":75,"DIPMAX":95,"DIP_BEST_E":85,"RAKEMIN":160,"RAKEMAX":180,"RAKE_BEST":170,"FAULT_WIDT":15.0572975632,"TOTAL_FAUL":106,"TOTAL_FA_1":87,"SEGMENTATI":"geometric","TOTAL_SEGM":46,"TOTAL_SE_1":46,"MIN_TOTAL":1596.07354169,"MAX_TOTAL":1646.08912685,"BEST_ESTIM":1596.07354169,"MIN_TOTA_1":692.635687905,"MAX_TOTA_1":714.340564483,"BEST_EST_1":692.635687905,"SLIPRATEMI":0.23,"SLIPRATEMA":1.3,"BEST_EST_2":0.7,"ACTIVITY":"active","FAULT_WE_1":" ","__id":58},"id":58},{"type":"Feature","geometry":{"type":"LineString","coordinates":[[14.0223638185589,45.7033322888519],[14.027561470792817,45.700196656977454],[14.034482990056958,45.69643968998877],[14.040676873940962,45.693948081858245],[14.049715722329772,45.69006644847748],[14.05725348587882,45.68546536633093],[14.064183089980517,45.68100009731814],[14.068463562309345,45.67820841710644],[14.072632643542946,45.67598150038277],[14.078205791565622,45.67418948359661],[14.082554535856044,45.67330569376917],[14.090146198322138,45.67131711562735],[14.096128079799092,45.66910310728326],[14.099971072584555,45.668285778980376]]},"properties":{"FID":29,"FAULT_NAME":"Raša segment 6","FAULT_DESI":"MAF.SI-014/6","FAULT_TYPE":"dextral strike-slip","MINDEPTH_g":0,"MAXDEPTH_g":0,"MAXDEPTH":15,"STRIKEMIN":285,"STRIKEMAX":310,"STRIKE_BES":305,"DIPMIN":75,"DIPMAX":95,"DIP_BEST_E":85,"RAKEMIN":160,"RAKEMAX":180,"RAKE_BEST":170,"FAULT_WIDT":15.0572975632,"TOTAL_FAUL":106,"TOTAL_FA_1":87,"SEGMENTATI":"structural","TOTAL_SEGM":7.3,"TOTAL_SE_1":7,"MIN_TOTAL":1596.07354169,"MAX_TOTAL":1646.08912685,"BEST_ESTIM":1596.07354169,"MIN_TOTA_1":109.918272211,"MAX_TOTA_1":113.362741755,"BEST_EST_1":109.918272211,"SLIPRATEMI":0.23,"SLIPRATEMA":1.3,"BEST_EST_2":0.7,"ACTIVITY":"active","FAULT_WE_1":" ","__id":59},"id":59},{"type":"Feature","geometry":{"type":"LineString","coordinates":[[13.649198259643946,46.02247633147868],[13.655837707908875,46.01302667591306],[13.667736792162321,45.99798112484619],[13.680931247055469,45.98205570154224],[13.697856405323563,45.96298298073027]]},"properties":{"FID":30,"FAULT_NAME":"Raša segment 2","FAULT_DESI":"MAF.SI-014/2","FAULT_TYPE":"dextral strike-slip","MINDEPTH_g":0,"MAXDEPTH_g":0,"MAXDEPTH":15,"STRIKEMIN":330,"STRIKEMAX":335,"STRIKE_BES":330,"DIPMIN":75,"DIPMAX":95,"DIP_BEST_E":85,"RAKEMIN":160,"RAKEMAX":180,"RAKE_BEST":170,"FAULT_WIDT":15.0572975632,"TOTAL_FAUL":106,"TOTAL_FA_1":87,"SEGMENTATI":"geometric","TOTAL_SEGM":8,"TOTAL_SE_1":8,"MIN_TOTAL":1596.07354169,"MAX_TOTAL":1646.08912685,"BEST_ESTIM":1596.07354169,"MIN_TOTA_1":120.458380505,"MAX_TOTA_1":124.233141649,"BEST_EST_1":120.458380505,"SLIPRATEMI":0.23,"SLIPRATEMA":1.3,"BEST_EST_2":0.7,"ACTIVITY":"active","FAULT_WE_1":" ","__id":60},"id":60},{"type":"Feature","geometry":{"type":"LineString","coordinates":[[13.66886148289804,45.994746605078404],[13.654193790938935,46.00536370869217],[13.64171529332723,46.01352452615978],[13.633817305349252,46.01987889763838],[13.626616410031751,46.02673650748615],[13.61033624213765,46.04061442002974],[13.599126165707125,46.050894163505816],[13.58729265846942,46.06097938415246],[13.57807145207793,46.06979324860643]]},"properties":{"FID":31,"FAULT_NAME":"Raša segment 1","FAULT_DESI":"MAF.SI-014/1","FAULT_TYPE":"dextral strike-slip","MINDEPTH_g":0,"MAXDEPTH_g":0,"MAXDEPTH":15,"STRIKEMIN":315,"STRIKEMAX":325,"STRIKE_BES":320,"DIPMIN":75,"DIPMAX":95,"DIP_BEST_E":85,"RAKEMIN":160,"RAKEMAX":180,"RAKE_BEST":170,"FAULT_WIDT":15.0572975632,"TOTAL_FAUL":106,"TOTAL_FA_1":87,"SEGMENTATI":"structural","TOTAL_SEGM":11,"TOTAL_SE_1":11,"MIN_TOTAL":1596.07354169,"MAX_TOTAL":1646.08912685,"BEST_ESTIM":1596.07354169,"MIN_TOTA_1":165.630273195,"MAX_TOTA_1":170.820569768,"BEST_EST_1":165.630273195,"SLIPRATEMI":0.23,"SLIPRATEMA":1.3,"BEST_EST_2":0.7,"ACTIVITY":"active","FAULT_WE_1":" ","__id":61},"id":61},{"type":"Feature","geometry":{"type":"LineString","coordinates":[[14.224676996956592,45.57374684148067],[14.235357965684775,45.56779230224577],[14.246809688926731,45.5606006110073],[14.254944832139717,45.55604550187814],[14.273471686559398,45.547656392261224],[14.289476969976555,45.538716737675585],[14.308509575901194,45.52926151748011],[14.334631686048107,45.51683063839552],[14.349844655384672,45.50947315445125]]},"properties":{"FID":32,"FAULT_NAME":"Raša segment 7","FAULT_DESI":"MAF.SI-014/7","FAULT_TYPE":"dextral strike-slip","MINDEPTH_g":0,"MAXDEPTH_g":0,"MAXDEPTH":15,"STRIKEMIN":305,"STRIKEMAX":310,"STRIKE_BES":305,"DIPMIN":75,"DIPMAX":95,"DIP_BEST_E":85,"RAKEMIN":160,"RAKEMAX":180,"RAKE_BEST":170,"FAULT_WIDT":15.0572975632,"TOTAL_FAUL":106,"TOTAL_FA_1":87,"SEGMENTATI":"geometric","TOTAL_SEGM":12,"TOTAL_SE_1":12,"MIN_TOTAL":1596.07354169,"MAX_TOTAL":1646.08912685,"BEST_ESTIM":1596.07354169,"MIN_TOTA_1":180.687570758,"MAX_TOTA_1":186.349712474,"BEST_EST_1":180.687570758,"SLIPRATEMI":0.23,"SLIPRATEMA":1.3,"BEST_EST_2":0.7,"ACTIVITY":"active","FAULT_WE_1":" ","__id":62},"id":62},{"type":"Feature","geometry":{"type":"LineString","coordinates":[[13.700952898107925,45.95556039463287],[13.720654748919234,45.93667409260628],[13.742509861466578,45.91507838629774],[13.764426957768526,45.88990913917155],[13.775535524571948,45.87700909709721],[13.782617842271945,45.86931542185352],[13.786606362133437,45.86557796659736]]},"properties":{"FID":64,"FAULT_NAME":"Raša segment 3","FAULT_DESI":"MAF.SI-014/3","FAULT_TYPE":"dextral strike-slip","MINDEPTH_g":0,"MAXDEPTH_g":0,"MAXDEPTH":15,"STRIKEMIN":325,"STRIKEMAX":325,"STRIKE_BES":325,"DIPMIN":75,"DIPMAX":95,"DIP_BEST_E":85,"RAKEMIN":160,"RAKEMAX":180,"RAKE_BEST":170,"FAULT_WIDT":15.0572975632,"TOTAL_FAUL":106,"TOTAL_FA_1":87,"SEGMENTATI":"geologic","TOTAL_SEGM":12,"TOTAL_SE_1":12,"MIN_TOTAL":1596.07354169,"MAX_TOTAL":1646.08912685,"BEST_ESTIM":1596.07354169,"MIN_TOTA_1":180.687570758,"MAX_TOTA_1":186.349712474,"BEST_EST_1":180.687570758,"SLIPRATEMI":0.23,"SLIPRATEMA":1.3,"BEST_EST_2":0.7,"ACTIVITY":"active","FAULT_WE_1":"inferred","__id":63},"id":63},{"type":"Feature","geometry":{"type":"LineString","coordinates":[[15.044010604665761,46.473385916124236],[15.04232087361633,46.477906291951626],[15.041091978307653,46.48056501560287],[15.039554062541242,46.4829050550516],[15.03693906674917,46.48577692466466],[15.033939592015495,46.48907477959293],[15.031555463251442,46.492105883626074],[15.030402026426632,46.494604979458806],[15.029864833886728,46.49758259404114],[15.028788652176354,46.50072019878828],[15.026941715952203,46.503006813608856],[15.026076638333596,46.50445553034199],[15.024633045672017,46.50561237372744],[15.023131960832252,46.506490346396056],[15.021342516786286,46.50748763195068],[15.018686198491146,46.50844533036655],[15.01602898188072,46.508884295595436],[15.013199288735743,46.50908399268834],[15.010888821824988,46.509124179321134],[15.0086367454077,46.509124179321134],[15.006210395825294,46.50868583429017],[15.003784944558172,46.50732997178179],[15.00199460219692,46.50689161228157],[14.99783630074673,46.50509733104884],[14.995872583535647,46.5041401919586],[14.994198123846047,46.503342563177114],[14.992697039006284,46.50314346331504],[14.984380436105905,46.50362080710443],[14.980684767027038,46.50405919298054],[14.977334949332556,46.504218099258736],[14.974101014309726,46.50417729068687],[14.971444696014583,46.5038978129775],[14.96815326881357,46.50337842580768],[14.964110850035032,46.503537334075766],[14.961396141246421,46.50393491187117],[14.959489916213522,46.50481167502253],[14.958045425236657,46.50608722267792],[14.956368270601207,46.50824006653607],[14.954230280225001,46.510073193475385],[14.952207274205165,46.51130905091189],[14.950011791650775,46.512344577650794],[14.946602685147543,46.51365889541418],[14.94411794507167,46.51473455986514],[14.941806579845629,46.51581020302511],[14.94018871401893,46.51660703069514],[14.938050723642723,46.516964950259855],[14.936491248309492,46.516924151257534],[14.934527531098409,46.51656375874001],[14.931987095474918,46.5156055851903],[14.928985824110676,46.51412811028412],[14.926849630365039,46.51321007739994],[14.925463529881643,46.51269077920446],[14.92425080424808,46.512729726741235],[14.923326437820721,46.512808858158586],[14.922112813871877,46.51360572983744],[14.92072491675791,46.51480070635201],[14.918874387272625,46.51603583811287],[14.917255623130643,46.51703171219757],[14.915232617110805,46.51786746581066],[14.912805369213114,46.51854372448808],[14.909858895081202,46.51878047485137],[14.905732932981243,46.51936647392496],[14.901075168233083,46.520591611906596],[14.895597241630522,46.52124867503335],[14.89094127351293,46.52133892014788],[14.88642095100324,46.52180683248212],[14.881760491309228,46.523976360128835],[14.877648003938528,46.52605185563006],[14.874498510552407,46.52604073049331],[14.87189788780488,46.52528174356223],[14.866700235570963,46.52281805329905],[14.862598527983671,46.520072384247975],[14.861098341459194,46.51761278485834],[14.85987214109637,46.51553202149039],[14.857272416664129,46.51486747094869],[14.854396909439663,46.51486376180658],[14.851521402215196,46.51486005266422],[14.848918982837104,46.51514009220051],[14.844945734335441,46.516363470955994],[14.84138481254919,46.51654768629075],[14.836185363684708,46.51531194797845],[14.832768172343917,46.513511144438574],[14.830036395564912,46.51133316190807],[14.827986440086548,46.51019560582101],[14.82525017173112,46.5097189380127]]},"properties":{"FID":196,"FAULT_NAME":"Northern Karavanke segment 4","FAULT_DESI":"MAF.SI-078/4","FAULT_TYPE":"thrust","MINDEPTH_g":0,"MAXDEPTH_g":0,"MAXDEPTH":10,"STRIKEMIN":20,"STRIKEMAX":170,"STRIKE_BES":105,"DIPMIN":20,"DIPMAX":50,"DIP_BEST_E":30,"RAKEMIN":80,"RAKEMAX":100,"RAKE_BEST":90,"FAULT_WIDT":20,"TOTAL_FAUL":92,"TOTAL_FA_1":72,"SEGMENTATI":"geometric","TOTAL_SEGM":22,"TOTAL_SE_1":17,"MIN_TOTAL":1200.97470619,"MAX_TOTAL":2689.90004815,"BEST_ESTIM":1840,"MIN_TOTA_1":287.189603653,"MAX_TOTA_1":643.236968036,"BEST_EST_1":440,"SLIPRATEMI":0.19,"SLIPRATEMA":0.36,"BEST_EST_2":0.3,"ACTIVITY":"potentially","FAULT_WE_1":" ","__id":64},"id":64},{"type":"Feature","geometry":{"type":"LineString","coordinates":[[14.103941626140363,46.50860978817743],[14.106464993773454,46.507372632813805],[14.10886529221262,46.506684487733644],[14.111270082228208,46.50576014617611],[14.112997542519569,46.504438217693874],[14.114492339152347,46.50350703642624],[14.116662668878778,46.50297404236128],[14.119052187534537,46.50291344641752],[14.121668979957176,46.502933851181645],[14.123823140008497,46.50334318149852],[14.12585872244231,46.504143901832556],[14.127439757342358,46.50486299428938],[14.12947893303731,46.505428739622666],[14.131411209213452,46.5055221024942],[14.133118008253279,46.5055350867219],[14.13563508767938,46.50461134392682],[14.139066652064718,46.503458807479944],[14.1426257772204,46.50136451696828],[14.145144653277072,46.50036155388303],[14.148225874701604,46.49975618065039],[14.151752660507055,46.499703619837206],[14.15413319600997,46.49958180222778],[14.155538161114336,46.499768547893176],[14.156109489635034,46.50003815308661],[14.156621529346982,46.50004186324048],[14.15714165389649,46.499515018854],[14.15785311960151,46.499034547163575],[14.15850260155193,46.498376597060116],[14.158831384945916,46.49780459449526],[14.158839469783475,46.4972740180883],[14.158783774235859,46.49674343650424],[14.158724485427106,46.4964336189894],[14.15937486569281,46.4957756374141],[14.160088128028402,46.49516217373618],[14.160540878931597,46.494856057719986],[14.161246954744914,46.494684755682215],[14.161818283265612,46.49495376766591],[14.162387815155746,46.49540026277969],[14.163145993255544,46.496024236651806],[14.163768525747438,46.49713364327775],[14.164438668949392,46.49939196408934],[14.16416378447245,46.50062744602233],[14.164025443918698,46.50128907895799],[14.16426798904541,46.5021306396844],[14.165088150899809,46.5029319962034],[14.165911007700062,46.50351198298242],[14.167564806138127,46.504187183676805],[14.170115123229742,46.50478014147309],[14.174653412045114,46.505166580768545],[14.178171214697727,46.50527972967434],[14.181369217109193,46.50539102345028],[14.183735379567564,46.50549675232639],[14.186226407850425,46.50582321211977],[14.188521603401352,46.50641429721177],[14.190048739384354,46.50704370920823],[14.191386330842407,46.50745053548148],[14.192408613635736,46.50754636797511],[14.193091333251667,46.507391181078134],[14.193677034816913,46.50673209553541],[14.19397258054539,46.50623746698981],[14.194504383193589,46.505942542577685],[14.19488437055877,46.506210262289244],[14.195167339873267,46.50657690631376],[14.195694650945047,46.50661400337915],[14.196133028803695,46.50615276140002],[14.196377370560977,46.50588936945263],[14.196617220741837,46.50589122432996],[14.197191244208389,46.506027866785956],[14.197722148541303,46.50579971697285],[14.198255747820072,46.505438632384866],[14.198498292946782,46.505241395098764],[14.198839652754748,46.50491245859712],[14.199321149747036,46.504783232998356],[14.199800850108756,46.50478694282844],[14.200846489099472,46.50548995105985],[14.202637729776004,46.50775596232392],[14.205340760465921,46.509995294566444],[14.207808432551397,46.51200084678361],[14.210762991520866,46.513446232795104],[14.21334385133214,46.51425916825915],[14.215836676245573,46.51450830117989],[14.217994429558027,46.51465543125174],[14.219434428958472,46.51466532233471],[14.22025189586702,46.51460473942322],[14.221067566145,46.514610303162804],[14.22202427192259,46.514881689324426],[14.222694415124543,46.51501892736855],[14.22331784593172,46.51502325468862],[14.22479826951995,46.51556354880253],[14.22642871176063,46.51570696693285],[14.227342298404578,46.51558085790732],[14.228493040283535,46.51568780332528],[14.229596171452432,46.51579474853276],[14.230316620310298,46.51576631225537],[14.23190214678677,46.51567791242841],[14.233961983733252,46.51598947481515],[14.235635545107566,46.51643146997777],[14.236640759910498,46.5166707022236],[14.237019848960397,46.51703727568868],[14.23734953066967,46.51743722739037],[14.23773131466542,46.517638747534335],[14.23883085257318,46.51794411712572],[14.240220546317715,46.518152435072814],[14.241224862805359,46.518457183627866],[14.241895904322599,46.51852827077315],[14.242712472915862,46.5185004540752],[14.24337273464969,46.51930033299571],[14.244086895300565,46.519735501743966],[14.245808965700222,46.52021084544211],[14.247724173885965,46.52058790315521],[14.249450735862043,46.520731926148436],[14.251420741280114,46.520579249400974],[14.25387314200576,46.520330144313],[14.256374950072034,46.51994875788361],[14.258779740087624,46.51959951188453],[14.259793039728109,46.5192416096733],[14.260995883893546,46.51908336545698],[14.262340661873873,46.51902587818614],[14.26378335622017,46.51880334624176],[14.265809057185859,46.518153671378705],[14.267161021688459,46.51753242411593],[14.26842405297793,46.516479687414396],[14.269499336373022,46.51499543619639],[14.271724463331786,46.51375038954076],[14.274970974768593,46.51145062558262],[14.278403437469215,46.509649694092275],[14.280430935065473,46.50873467685931],[14.28222037911144,46.5077182477662],[14.283337883324883,46.50673147725254],[14.28494227442232,46.505150504948624],[14.28649456323328,46.50390090455293],[14.287904918229346,46.50248432627087],[14.288541823765787,46.50146097853386],[14.289125728700464,46.5008352119983],[14.289849770819465,46.500574267698504],[14.290664542782162,46.50064537823609],[14.291906014504812,46.50111717883862],[14.295192950129408,46.50305998955345],[14.297388432683796,46.504001071502074],[14.299779747970122,46.504645350800644],[14.301498225108643,46.505352070654624],[14.302692086121237,46.50588936945263],[14.303985660130369,46.50602972165855],[14.305521779266213,46.506038996020635],[14.306862065670122,46.50627951059122],[14.308436812363183,46.507051128559624],[14.31005647482045,46.507988431806794],[14.311677933908285,46.50882679753482],[14.313207764837141,46.50933314933275],[14.314644170976447,46.50963980209646],[14.31618029011229,46.509649075842596],[14.3190647804896,46.509235465226126],[14.322189121047769,46.508922627602054],[14.324784353903588,46.50867285081504],[14.326902581343543,46.50812197765584],[14.328879773283893,46.50740416485941],[14.331622329846306,46.50685698853148],[14.335632409274616,46.504692960388255],[14.338533967642324,46.50288685838008],[14.342159568129027,46.50072081713952],[14.343656161392373,46.500033206214354],[14.34437750856552,46.499871814260544],[14.345336909288962,46.49987676114746],[14.34638793817138,46.500346713353224],[14.347366203515787,46.50280523920712],[14.348614861760712,46.50675620856195],[14.348686726983441,46.50881134105654],[14.348279790159735,46.51073100203217],[14.348016583781487,46.512651831639765],[14.348574437572926,46.51417942075539],[14.350423170427645,46.516145255338664],[14.352086850333833,46.51751326115212],[14.353706512791101,46.51858266783022],[14.354944391252618,46.5195179178055],[14.356041234214526,46.52008721939279],[14.35790613674436,46.52076097795058],[14.359581494749243,46.521201079946806],[14.361972810035569,46.52197619473795],[14.364361430376043,46.52169866288185],[14.36516093097891,46.521030479034316],[14.366440131943495,46.51978062557667],[14.369496200540071,46.51787735630901],[14.374772006203704,46.516475360210286],[14.380743107897246,46.5160883831358],[14.388527009834142,46.51640983393462],[14.393926783006986,46.517485443934554],[14.399568202991256,46.51954017074831],[14.403435450289392,46.521065711875345],[14.405473727669058,46.52201946238288],[14.406824793856373,46.52336197847188],[14.407947687961522,46.52470322522908],[14.408625916001032,46.525177907392],[14.409420925027478,46.52533922421398],[14.410786364259339,46.525346022996736],[14.413291765586749,46.52520201223492],[14.41716260614602,46.52506418183495],[14.42046211818459,46.52515936519786],[14.423758036962024,46.52564764086588],[14.428293630831545,46.52724161404737],[14.43317327945488,46.52860130604454],[14.439757930487477,46.53028295074813],[14.442601098361717,46.53053262821292],[14.445232263828903,46.529210066203504],[14.449023154327886,46.52577187232915],[14.450408356496,46.52381442117125],[14.451214145305855,46.52287553655762],[14.45280955325045,46.52272595633865],[14.455302378163882,46.523837908530915],[14.457441266855373,46.52620451699857],[14.460374266258022,46.52881081919413],[14.462626342675309,46.531334802002924],[14.465346441355623,46.532447813962676],[14.470337481074193,46.534277652454904],[14.476004952201702,46.536817447673485],[14.479632349318976,46.538404913844936],[14.481784712739726,46.539514691358576],[14.482577026820321,46.53998924408455],[14.484055653777979,46.5401529885288],[14.486791023818125,46.53985145120732],[14.491010410707633,46.539006149133066],[14.495341188692375,46.53847535696711],[14.50125839146887,46.53873673722697],[14.505698763918272,46.53867741699468],[14.516299782586168,46.53715113456693],[14.523255437831104,46.53576632055632],[14.527472129774761,46.535233642844226],[14.536925999824833,46.53456562547458],[14.547405745929375,46.53366462325899],[14.55321425255649,46.533294454093316],[14.556863209240586,46.53252320872863],[14.5598321412546,46.53135581410014],[14.562455221884228,46.530659320546924],[14.565982906004963,46.530750786048266]]},"properties":{"FID":215,"FAULT_NAME":"Northern Karavanke segment 1","FAULT_DESI":"MAF.SI-078/1","FAULT_TYPE":"thrust","MINDEPTH_g":0,"MAXDEPTH_g":0,"MAXDEPTH":10,"STRIKEMIN":10,"STRIKEMAX":180,"STRIKE_BES":85,"DIPMIN":20,"DIPMAX":50,"DIP_BEST_E":30,"RAKEMIN":80,"RAKEMAX":100,"RAKE_BEST":90,"FAULT_WIDT":20,"TOTAL_FAUL":92,"TOTAL_FA_1":72,"SEGMENTATI":"geometric","TOTAL_SEGM":43,"TOTAL_SE_1":35,"MIN_TOTAL":1200.97470619,"MAX_TOTAL":2689.90004815,"BEST_ESTIM":1840,"MIN_TOTA_1":561.325134413,"MAX_TOTA_1":1257.23589207,"BEST_EST_1":860,"SLIPRATEMI":0.19,"SLIPRATEMA":0.36,"BEST_EST_2":0.3,"ACTIVITY":"potentially","FAULT_WE_1":" ","__id":65},"id":65},{"type":"Feature","geometry":{"type":"LineString","coordinates":[[14.651780998791219,46.522520128339295],[14.65012989529901,46.52412470073507],[14.647048673874478,46.526529616297],[14.644578306843151,46.527893034369384],[14.643586566769482,46.52815199340891],[14.642902050522983,46.52817486085427],[14.642253466887848,46.52832133588407],[14.641732444023058,46.528707607802545],[14.641127877836846,46.52870575370391],[14.639661827293164,46.5284622481982],[14.63819577674948,46.52810007809182],[14.63720313836053,46.52791837409123],[14.635562814651728,46.527853479658],[14.634094967477477,46.527849153359696],[14.63297117505704,46.527904777168786],[14.631936315849735,46.5277224544708],[14.631248206342102,46.527213801810404],[14.630907744849418,46.52649747728952],[14.630695742442368,46.52593009706504],[14.630352586003832,46.52557161848704],[14.629619560731992,46.52542019148048],[14.62897097709686,46.52562662656042],[14.627972050500915,46.52636892106946],[14.625806212350904,46.52734544627291],[14.625025576369003,46.527849153359696],[14.624412925345236,46.52903949044091],[14.623497542070718,46.53031817758869],[14.622151865775106,46.531297721811555],[14.621455671429914,46.532040556818956],[14.620672340502162,46.53290203494385],[14.619976146156969,46.533585522213535],[14.618894574554888,46.5339099593625],[14.617598305599904,46.533935296277285],[14.616906602831135,46.53408175577266],[14.61582682785962,46.53407866591397],[14.614835087785952,46.53377709485964],[14.613976298374334,46.533088666137026],[14.612817471657818,46.53216044770651],[14.61126697947743,46.53149980854754],[14.606606519783417,46.53100664142992],[14.600949828439317,46.53083854334397],[14.597233498108915,46.53115310882332],[14.59511527066896,46.531354578094636],[14.593643830233573,46.53179644826593],[14.592776057669115,46.53238972284211],[14.592082558269773,46.53271478512206],[14.591209395813609,46.53270551531213],[14.590771916270244,46.53275371830649],[14.589577156942365,46.533235745896995],[14.586631581125737,46.534130575516684],[14.583906092553718,46.534724442559586],[14.5811806039817,46.535217575917905],[14.57892134104214,46.535276281971804],[14.576589314564565,46.53526763055733],[14.573791960769816,46.53560936038136],[14.569823203844576,46.53670127471827],[14.565583155703534,46.53837896109269],[14.563610455339605,46.538974635424104],[14.562125540174955,46.53927123431393],[14.560352265804104,46.539213768405574],[14.558266377714377,46.53882015619398],[14.55683625978206,46.53837896109269],[14.555383683967639,46.537719633440474],[14.55426977301533,46.53732971800643],[14.552206342807708,46.53705288252797],[14.54972968756939,46.53685884967725],[14.548539419817931,46.53682053737636]]},"properties":{"FID":216,"FAULT_NAME":"Northern Karavanke segment 2","FAULT_DESI":"MAF.SI-078/2","FAULT_TYPE":"thrust","MINDEPTH_g":0,"MAXDEPTH_g":0,"MAXDEPTH":10,"STRIKEMIN":20,"STRIKEMAX":160,"STRIKE_BES":100,"DIPMIN":20,"DIPMAX":50,"DIP_BEST_E":30,"RAKEMIN":80,"RAKEMAX":100,"RAKE_BEST":90,"FAULT_WIDT":20,"TOTAL_FAUL":92,"TOTAL_FA_1":72,"SEGMENTATI":"geometric","TOTAL_SEGM":9,"TOTAL_SE_1":8,"MIN_TOTAL":1200.97470619,"MAX_TOTAL":2689.90004815,"BEST_ESTIM":1840,"MIN_TOTA_1":117.48665604,"MAX_TOTA_1":263.142396015,"BEST_EST_1":180,"SLIPRATEMI":0.19,"SLIPRATEMA":0.36,"BEST_EST_2":0.3,"ACTIVITY":"potentially","FAULT_WE_1":" ","__id":66},"id":66},{"type":"Feature","geometry":{"type":"LineString","coordinates":[[14.819533293262982,46.52322723387967],[14.81776361215327,46.524602478351035],[14.815228566421483,46.52512846152689],[14.81338522345847,46.52538990602851],[14.812079073035362,46.525653203474796],[14.812383601916675,46.52628919133782],[14.812995354625164,46.52703209484509],[14.813004337778004,46.52774346796549],[14.81234497435946,46.528965944928736],[14.811636203600289,46.53005490275386],[14.81088161876163,46.53070752535737],[14.810199797460982,46.531058553968975],[14.809081394932253,46.531274237677266],[14.807842618155453,46.53127238366623],[14.80711408446003,46.531120354546],[14.806361296251941,46.53113580467927],[14.80599478361602,46.53162155462799],[14.80533631851276,46.532341519524685],[14.804557479161428,46.53292675434404],[14.803801996007483,46.533596027827755],[14.803217192757522,46.53391366720442],[14.802609931625456,46.533912431257136],[14.80178437987935,46.533810465509525],[14.800959726448529,46.53349097159395],[14.80042612716976,46.53323821782234],[14.800062309479692,46.53296939528291],[14.799528710200926,46.53281737091297],[14.798703158454822,46.532748774411594],[14.797828199368087,46.532730852788845],[14.796517557368558,46.532510230948496],[14.794673316090261,46.531903979763726],[14.79341297974664,46.53126434961768],[14.79273475170713,46.53062594796078],[14.792007116326992,46.53023907166916],[14.791206717408844,46.530069735172845],[14.790355114519498,46.53023598159183],[14.789284322700828,46.530737189834845],[14.787899120532714,46.5310529919136],[14.786464511023976,46.53140278228802],[14.78527244664195,46.53175257040969],[14.784104636772595,46.53216971760948],[14.782717637973914,46.532720347007256],[14.781040483338462,46.53310226176181],[14.779630128342395,46.5333513082861],[14.778438962275652,46.53351692668238],[14.777029505594866,46.53358119637178],[14.775693710767383,46.533477994045086],[14.77467232628934,46.53371035349835],[14.773795570572037,46.534262203215405],[14.773089494758722,46.5346465789884],[14.77206900859596,46.53471146530547],[14.771071878630588,46.5349778073757],[14.770462820867953,46.53529482071247],[14.770145715572662,46.53564643762898],[14.769489047099968,46.535795982270706],[14.768589833500565,46.53582811577633],[14.767714874413834,46.53594367264905],[14.766936933377785,46.536109283139474],[14.766061974291054,46.53617478565677],[14.764943571762325,46.53637376451713],[14.764286903289632,46.53645595122496],[14.763242162614205,46.53650415089047],[14.762368101842753,46.536402190009106],[14.761737484513302,46.53608209339213],[14.761131121696522,46.535829351680015],[14.760499606051784,46.535794746366264],[14.759577036254996,46.53579289250955],[14.758142426746254,46.536057993377405],[14.756537137333533,46.53649055611735],[14.755539109052878,46.53684031147051],[14.754493470062162,46.537005919226424],[14.753521492924746,46.53707080272444],[14.752817213741995,46.53710293547569],[14.752474955618744,46.53738718590876],[14.75222971554618,46.537973602209505],[14.751958424330375,46.53877751984907],[14.751591013379173,46.5394473391382],[14.751151737205237,46.53999974845994],[14.750760970056646,46.5403847015212],[14.750274083172652,46.54066831687792],[14.749251800379326,46.540901263459304],[14.745822930939841,46.541580942732345],[14.743100137313673,46.5419269580029],[14.741689782317605,46.542158663424516],[14.741155284723556,46.54222415864441],[14.740402496515465,46.54212220850373],[14.739432316008614,46.5417341783385],[14.738097419496414,46.541312161491454],[14.736763421299495,46.54094019077465],[14.735816596990034,46.54066955267144],[14.73513747063524,46.54040014901885],[14.734798805773126,46.540080693872774],[14.73441163188567,46.539845272146344],[14.733902287119577,46.5396759656018],[14.733440553063538,46.53967534769375],[14.732758731762889,46.53994166541758],[14.730639606007653,46.540993329604504],[14.728399207689057,46.54206103832742],[14.727328415870389,46.542477488468144],[14.726184860513701,46.54265914376037],[14.725188628863615,46.54267335486302],[14.724022615624827,46.54263751816221],[14.72266256628467,46.542466366695805],[14.721472298533213,46.542446594650485],[14.720621593959153,46.5426121853077],[14.719914619830549,46.542979201605874],[14.719159136676605,46.54341356280681],[14.717651763629853,46.543611279414435],[14.71648664870635,46.54334003675968],[14.715274821388071,46.542834001851865],[14.714572338835891,46.54234588068285],[14.713700973010294,46.541673007724995],[14.712733487449299,46.5407986929392],[14.711789358085687,46.54012580080621],[14.711476744366816,46.539521488367],[14.71133391223664,46.53901850744532],[14.711141672765837,46.538598941171145],[14.710851516929068,46.538413564759615],[14.710268510309675,46.53837834316988],[14.709298329802825,46.5380242722354],[14.708063146287161,46.5373167413749],[14.706854013914736,46.53629095973836],[14.705935037379081,46.53534981893926],[14.705451743756225,46.53491230341458],[14.705113078894112,46.534610119023824],[14.704797770229389,46.5345081545862],[14.704361189001304,46.5344908515111],[14.704142000071979,46.534573659034784],[14.704067439903397,46.534841855670116],[14.70359941764037,46.53609816006267],[14.703205955545924,46.53695215855506],[14.702374115592832,46.53803972040462],[14.70139674856371,46.53895918752087],[14.700299905601799,46.53967720141791],[14.69808466011116,46.540359367615494],[14.695920618591717,46.54072207387003],[14.693512235314993,46.54113482693269],[14.691641044578171,46.54124728306154],[14.689502155886682,46.54139248705918],[14.688675705825293,46.54145736531559],[14.688165462743914,46.541372096734015],[14.686855719059666,46.54106685882981],[14.685835232896906,46.54098035384851],[14.68459735443539,46.54075914762667],[14.684137417009921,46.540573160692446],[14.68404129727452,46.54032167568517],[14.684188620981116,46.540036822709816],[14.684775220861646,46.53946834809665],[14.68506807164427,46.539167424886784],[14.685239649863535,46.5388998675316],[14.685316006662687,46.53829615937163],[14.685003392943813,46.53780923326345],[14.684860560813636,46.53735628919464],[14.684885713641592,46.53708810497749],[14.684887510272162,46.53675256387275],[14.684548845410047,46.53653381220183],[14.684088907984579,46.536247703460425],[14.683582258164334,46.53572615362561],[14.683390917008818,46.53512241017991],[14.683080998235797,46.53419917027273],[14.682260836381396,46.533191251221716],[14.681074161891074,46.532399610696814],[14.679402397147328,46.5317414464405],[14.677488985592154,46.53071308744813],[14.675188400149523,46.5294325555236],[14.67295967992962,46.528403534778406],[14.671507104115202,46.52759451919531],[14.670491109528863,46.52690415794365],[14.669909899540036,46.5266680610349],[14.66835581409851,46.5265456857936],[14.667481753327062,46.52654321356367],[14.666705608921582,46.526356559878415],[14.665906108318714,46.52600241056042],[14.665495578233873,46.52559881349657],[14.664865859219704,46.525244659238496],[14.66314199218948,46.525105592799044],[14.662364949468715,46.525103120503566],[14.66168582311392,46.52498383211308],[14.661249241885841,46.5247817211334],[14.660861169683102,46.52471311448311],[14.66066713358173,46.52471311448311],[14.660471300849792,46.52486330730744],[14.66030062094581,46.524980123661514],[14.659960159453128,46.52504625767653],[14.659840683520342,46.52474401839036],[14.659940396516879,46.52439233088753],[14.660583590260307,46.52241566878607],[14.660906085447307,46.52136055422842],[14.660692286409686,46.520555142506886],[14.659534358008456,46.51929415159635],[14.657792524672548,46.518299555278304],[14.657262518654917,46.51751017035086],[14.657072075814684,46.5169562959286],[14.656929243684509,46.51648648730587],[14.656616629965637,46.516049438006036],[14.655526075210714,46.51555983970794],[14.65409416064783,46.51455281115961],[14.652601160645624,46.51391235849526],[14.649956520449173,46.51342706839029],[14.647540950650177,46.51306232520415],[14.644895412138446,46.51277609282006]]},"properties":{"FID":217,"FAULT_NAME":"Northern Karavanke segment 3","FAULT_DESI":"MAF.SI-078/3","FAULT_TYPE":"thrust","MINDEPTH_g":0,"MAXDEPTH_g":0,"MAXDEPTH":10,"STRIKEMIN":10,"STRIKEMAX":180,"STRIKE_BES":85,"DIPMIN":20,"DIPMAX":50,"DIP_BEST_E":30,"RAKEMIN":80,"RAKEMAX":100,"RAKE_BEST":90,"FAULT_WIDT":20,"TOTAL_FAUL":92,"TOTAL_FA_1":72,"SEGMENTATI":"geometric","TOTAL_SEGM":18,"TOTAL_SE_1":13,"MIN_TOTAL":1200.97470619,"MAX_TOTAL":2689.90004815,"BEST_ESTIM":1840,"MIN_TOTA_1":234.97331208,"MAX_TOTA_1":526.284792029,"BEST_EST_1":360,"SLIPRATEMI":0.19,"SLIPRATEMA":0.36,"BEST_EST_2":0.3,"ACTIVITY":"potentially","FAULT_WE_1":" ","__id":67},"id":67},{"type":"Feature","geometry":{"type":"LineString","coordinates":[[14.158616687593012,45.36678631817252],[14.128719856622231,45.392607339788604],[14.126375253730679,45.39602132836369],[14.122307682124186,45.39962433871663],[14.115676318696815,45.40219840761248],[14.10613710869475,45.40737331251158],[14.098042389669548,45.41175127135098],[14.08702814597096,45.419335902904805],[14.08036623982393,45.42352252614887],[14.072270622483444,45.427696860477326],[14.06618992632524,45.431281460052034],[14.05926930537638,45.433647952734184],[14.052296582141047,45.439041218413514],[14.040454990065783,45.44398963457701],[14.029191913033493,45.44853869348056],[14.017052080283902,45.453885795019126],[14.003447095305912,45.46083469396012],[13.992977230669498,45.468349101640214],[13.992254086865783,45.46880962343768],[13.991478840775587,45.469306050381476],[13.990501473746466,45.469728765817194],[13.98891055737829,45.47014580834152],[13.98737533655773,45.470311490542294],[13.986198543535533,45.47044504390094],[13.985278668684595,45.470472762482885],[13.98389975472347,45.470460793096905],[13.982775962303037,45.47048662176874],[13.981750086248574,45.4707291587197],[13.980516699363477,45.47114934364228],[13.97866167830177,45.4720671879679],[13.977631310670885,45.47259697325582],[13.976342228238174,45.47326785948825],[13.975257063374956,45.47397653345429],[13.974169203565886,45.47482945012611],[13.972822628954992,45.475823453415046],[13.971994382263036,45.47646280621405],[13.970961319686298,45.47710026207848],[13.970085462284281,45.47748764527181],[13.96844334194491,45.47793990390684],[13.967312363002206,45.47832539168835],[13.96648950620195,45.4786409606052],[13.965816668054146,45.479137930825075],[13.965395358185893,45.47981692741126],[13.965180660832988,45.48039009997864],[13.964910267932467,45.48117804527623],[13.964691977318427,45.48196660939353],[13.964171852768922,45.48246480994769],[13.963499912936399,45.48292584623224],[13.962466850359661,45.48352732915557],[13.961279277554057,45.48419934488903],[13.960349521234992,45.484802073830735],[13.959211355770014,45.48558177004222],[13.957918680076165,45.48639672369129],[13.956420290182256,45.48735336598423],[13.954706304620155,45.48884655199698],[13.952422787167924,45.49076603453366],[13.95154603145062,45.4912251136751],[13.950617173446844,45.4917194539711],[13.949535601844762,45.492213160203626],[13.949015477295257,45.49267537614663],[13.948340842516883,45.49324400990237],[13.94781712470624,45.49395747026987],[13.94749822278038,45.4946375476428],[13.947076014596842,45.495352249734935],[13.946705908699785,45.49603168058229],[13.946490313031598,45.4966046881778],[13.946480431563474,45.49714368780278],[13.946471448410632,45.49764616177842],[13.946666382827285,45.498151149903016],[13.94670860364564,45.49861898398709],[13.946700518808083,45.499049664956594],[13.94669153565524,45.499516861932385],[13.94663494179234,45.49980397836624],[13.946374430359946,45.500089204426516],[13.946162427952894,45.50048209623629],[13.945644998349241,45.50083657800041],[13.945078161404961,45.50108339169408],[13.943895080175777,45.50150335026264],[13.9429716120637,45.501746383325624],[13.942199959234642,45.50199067457004],[13.941630427344508,45.50238103466761],[13.941211812422113,45.502915571765314],[13.940839909894484,45.5037032019856],[13.94046800736686,45.50445430511233],[13.940097003154518,45.50516951218683],[13.93967659160155,45.505776423739306],[13.939260671625004,45.50616738715594],[13.938435119878896,45.50655520003637],[13.937146037446185,45.50718979716855],[13.93601056692706,45.50779039143625],[13.934615483290822,45.50860376465205],[13.933581522398798,45.50924085682608],[13.932234947787904,45.510162487288795],[13.931146189663552,45.51101485612821],[13.930052939962778,45.51204662063656],[13.928959690262005,45.5131142472195],[13.927611319020542,45.51414408480326],[13.92595572395191,45.51520600639028],[13.924254314803786,45.51598087547153],[13.92301643634227,45.51654423825107],[13.922243885197929,45.51689610108101],[13.921628539228307,45.51699807165093],[13.921015888204535,45.516920649568426],[13.92045623778253,45.51680734876789],[13.919331547046811,45.51679664812494],[13.91774152899392,45.51710507760586],[13.916378784707911,45.51752365776882],[13.915077125861224,45.517894397598624],[13.91397579132289,45.51845900008314],[13.91239026484642,45.51940187989609],[13.91135001574741,45.52035040859835],[13.910658312978637,45.520870928171156],[13.909827371340825,45.52153368675224],[13.909271314179957,45.522103287841496],[13.90864339179636,45.522863586165734],[13.908288557259132,45.52357918869529],[13.907936417667756,45.52419848907787],[13.907513311168936,45.52491281590991],[13.906747946546867,45.52572027752181],[13.905844241371042,45.52662212858219],[13.904945027771635,45.52728419008055],[13.903775421271714,45.527847439688344],[13.902813325602422,45.52826971586262],[13.901577243771474,45.52873667032556],[13.900619639678602,45.5289191716901],[13.899929733540398,45.52934395705576],[13.899372778064246,45.52991347906764],[13.898671193827346,45.53096062935285],[13.898107051828921,45.5319133681424],[13.897481824391173,45.53253005967913],[13.896174775652778,45.53314045178614],[13.895280053629795,45.53356331748498],[13.894589249176308,45.53403526205502],[13.89403409033072,45.5345569135115],[13.893680154108777,45.5352245448058],[13.893530135456329,45.535893426646],[13.893309149896439,45.53675421489826],[13.893293878536607,45.5375206073852],[13.893276810546208,45.53838262914549],[13.89346276181002,45.53934279257024],[13.893369337020474,45.54063514916975],[13.89325075940297,45.543221031562034],[13.893151944721719,45.54475300066945],[13.892516835815842,45.5458489463822],[13.891542163732574,45.546893912607835],[13.890438134248392,45.547553848157314],[13.88864958851771,45.54835091918185],[13.887141317155672,45.54876737957834],[13.885157837008338,45.54908318283701],[13.883441156500385,45.54968962077296],[13.882608418232005,45.55039984941446],[13.881357963356512,45.55158564074149],[13.87983352231936,45.552816069377826],[13.878398014495337,45.553689808325885],[13.877378426647862,45.554821434188526],[13.876622045178634,45.555818428642745],[13.876133361664072,45.55643800303536],[13.875777628811562,45.55686069352333],[13.87538057345598,45.55722236812795],[13.874744566234824,45.55761171610045],[13.874109457328952,45.55795577417975],[13.873409669722621,45.55825328522631],[13.87209902772309,45.55878792056885],[13.871443257565684,45.55907096074957],[13.868695311111564,45.56100440153734],[13.865376036136741,45.56327110945787],[13.862861651656491,45.56618423572617],[13.860647304481136,45.5677596005303],[13.859530698582974,45.569026149215134],[13.858591060795787,45.57048572625625],[13.857466370060068,45.57213517245148],[13.856886956701812,45.573790229512056],[13.857217536726367,45.57545466969682],[13.85746187848365,45.576862519954744],[13.85770622024093,45.578270334916695],[13.857770898941386,45.57954859278271],[13.85775472926627,45.58037853312068],[13.857271435643415,45.58177934398419],[13.856438697375035,45.58247344916434],[13.854196502425873,45.583522763981904],[13.851799797247843,45.58405715883794],[13.84938332913356,45.58556852569251],[13.847755581838738,45.58736715010723],[13.846307497600735,45.59014450025518],[13.846046087853058,45.59321275289332],[13.842742084238067,45.59918219543567],[13.839442572199493,45.604872594241805],[13.832911820083943,45.61290315683795],[13.825203376630917,45.62008312363582],[13.818333061337972,45.62517772224278],[13.803438095611984,45.63325939798786],[13.791375517976826,45.63899595810907],[13.781954885592267,45.64210675842027]]},"properties":{"FID":234,"FAULT_NAME":"Palmanova - Črni Kal segment 3","FAULT_DESI":"MAF.SI-006/3","FAULT_TYPE":"thrust","MINDEPTH_g":0,"MAXDEPTH_g":7,"MAXDEPTH":7,"STRIKEMIN":255,"STRIKEMAX":10,"STRIKE_BES":315,"DIPMIN":10,"DIPMAX":30,"DIP_BEST_E":25,"RAKEMIN":85,"RAKEMAX":120,"RAKE_BEST":90,"FAULT_WIDT":20.4666308011,"TOTAL_FAUL":81,"TOTAL_FA_1":80,"SEGMENTATI":"structural","TOTAL_SEGM":19,"TOTAL_SE_1":18,"MIN_TOTAL":1341.63629765,"MAX_TOTAL":3265.22286394,"BEST_ESTIM":1657.79709489,"MIN_TOTA_1":314.704810559,"MAX_TOTA_1":765.916474258,"BEST_EST_1":388.865985222,"SLIPRATEMI":0.1,"SLIPRATEMA":0.5,"BEST_EST_2":0.2,"ACTIVITY":"active","FAULT_WE_1":" ","__id":68},"id":68},{"type":"Feature","geometry":{"type":"LineString","coordinates":[[13.771386206274599,45.64153460520375],[13.754878764613618,45.649169951299825],[13.745475200219458,45.6545369301834],[13.733753084076978,45.66378460975282],[13.71737410150163,45.681573730182166],[13.702579747087464,45.69469036806347],[13.676086632728213,45.714569681496954],[13.64627693833999,45.73223167002139],[13.62229461519985,45.747015833406074],[13.603502757771354,45.75322024137227]]},"properties":{"FID":235,"FAULT_NAME":"Palmanova - Črni Kal segment 2","FAULT_DESI":"MAF.SI-006/2","FAULT_TYPE":"thrust","MINDEPTH_g":0,"MAXDEPTH_g":7,"MAXDEPTH":7,"STRIKEMIN":295,"STRIKEMAX":330,"STRIKE_BES":315,"DIPMIN":10,"DIPMAX":30,"DIP_BEST_E":25,"RAKEMIN":85,"RAKEMAX":120,"RAKE_BEST":90,"FAULT_WIDT":20.4666308011,"TOTAL_FAUL":81,"TOTAL_FA_1":80,"SEGMENTATI":"structural","TOTAL_SEGM":18,"TOTAL_SE_1":18,"MIN_TOTAL":1341.63629765,"MAX_TOTAL":3265.22286394,"BEST_ESTIM":1657.79709489,"MIN_TOTA_1":298.141399477,"MAX_TOTA_1":725.605080876,"BEST_EST_1":368.399354421,"SLIPRATEMI":0.1,"SLIPRATEMA":0.5,"BEST_EST_2":0.2,"ACTIVITY":"active","FAULT_WE_1":" ","__id":69},"id":69},{"type":"Feature","geometry":{"type":"LineString","coordinates":[[13.58419706400034,45.74838803354317],[13.572068909349445,45.75044282293081],[13.560413268537994,45.75452396945551],[13.542093924948944,45.76237828661173],[13.520031301570969,45.772570578980435],[13.50581456388449,45.781799372647704],[13.493739409835358,45.78789217068808],[13.482643419445914,45.794343195455866],[13.467978422432662,45.80331162880944],[13.453787735889428,45.81286154825402],[13.441849125763477,45.826299170037494],[13.42907059084688,45.84137819868606],[13.410931808629938,45.8596894791843]]},"properties":{"FID":236,"FAULT_NAME":"Palmanova - Črni Kal segment 1","FAULT_DESI":"MAF.SI-006/1","FAULT_TYPE":"thrust","MINDEPTH_g":0,"MAXDEPTH_g":7,"MAXDEPTH":7,"STRIKEMIN":285,"STRIKEMAX":330,"STRIKE_BES":315,"DIPMIN":10,"DIPMAX":30,"DIP_BEST_E":25,"RAKEMIN":85,"RAKEMAX":120,"RAKE_BEST":90,"FAULT_WIDT":20.4666308011,"TOTAL_FAUL":81,"TOTAL_FA_1":80,"SEGMENTATI":"structural","TOTAL_SEGM":44,"TOTAL_SE_1":43,"MIN_TOTAL":1341.63629765,"MAX_TOTAL":3265.22286394,"BEST_ESTIM":1657.79709489,"MIN_TOTA_1":728.790087611,"MAX_TOTA_1":1773.70130881,"BEST_EST_1":900.53175525,"SLIPRATEMI":0.1,"SLIPRATEMA":0.5,"BEST_EST_2":0.2,"ACTIVITY":"active","FAULT_WE_1":" ","__id":70},"id":70},{"type":"Feature","geometry":{"type":"LineString","coordinates":[[14.60158942892161,46.03346479605105],[14.611708052281932,46.02335084826627],[14.619624006565596,46.01661197102773],[14.629721968674382,46.008713033890544],[14.64183664859602,45.999186142620566],[14.652768247288467,45.990704281721754],[14.66370254092677,45.981405255708644],[14.672116161877833,45.97370918985378],[14.672792593286776,45.973199119144084],[14.67744406982795,45.96871129332749],[14.680255796667241,45.96596584833266],[14.683730480186215,45.96248842237],[14.689057489821044,45.956881870058304],[14.693357725086125,45.95253449691289],[14.696895290674988,45.949148668137695],[14.702546592127382,45.943978025457426],[14.709681910429145,45.937802354439924],[14.71546167096717,45.932953039834096],[14.723350675792306,45.92661680448606],[14.73034675522503,45.92112723133955],[14.740736669801157,45.91360341552613],[14.747230590990055,45.909419535135704],[14.751744625292757,45.90674491154316],[14.763438893661425,45.90034566884398],[14.77130813555031,45.896552783315606],[14.772789457453824,45.89589070536853]]},"properties":{"FID":99,"FAULT_NAME":"Žužemberk segment 2","FAULT_DESI":"MAF.SI-046/2","FAULT_TYPE":"dextral strike-slip","MINDEPTH_g":0,"MAXDEPTH_g":0,"MAXDEPTH":15,"STRIKEMIN":305,"STRIKEMAX":325,"STRIKE_BES":320,"DIPMIN":70,"DIPMAX":90,"DIP_BEST_E":80,"RAKEMIN":130,"RAKEMAX":170,"RAKE_BEST":160,"FAULT_WIDT":15.2313991783,"TOTAL_FAUL":79,"TOTAL_FA_1":70,"SEGMENTATI":"geometric","TOTAL_SEGM":20,"TOTAL_SE_1":20,"MIN_TOTAL":1185,"MAX_TOTAL":1261.05066038,"BEST_ESTIM":1203.28053508,"MIN_TOTA_1":300,"MAX_TOTA_1":319.253331743,"BEST_EST_1":304.627983566,"SLIPRATEMI":0.1,"SLIPRATEMA":1,"BEST_EST_2":0.5,"ACTIVITY":"active","FAULT_WE_1":" ","__id":71},"id":71},{"type":"Feature","geometry":{"type":"LineString","coordinates":[[15.050609628742901,45.76918693189184],[15.055474006006408,45.76454410872992],[15.06075160830061,45.759103072977474],[15.066131618537204,45.75329921807468],[15.069335909155658,45.75068916691595],[15.07589001746859,45.74613256750642],[15.086267355630742,45.73942581026401],[15.093402673932502,45.73476232737207],[15.104070167931422,45.72777828739963],[15.112411923659756,45.72221827199088],[15.12676969684584,45.71254368018582],[15.134061322007035,45.70764835719606],[15.14269053862629,45.70169548334874],[15.149129662582856,45.69716751225887]]},"properties":{"FID":100,"FAULT_NAME":"Žužemberk segment 6","FAULT_DESI":"MAF.SI-046/6","FAULT_TYPE":"dextral strike-slip","MINDEPTH_g":0,"MAXDEPTH_g":0,"MAXDEPTH":15,"STRIKEMIN":315,"STRIKEMAX":325,"STRIKE_BES":310,"DIPMIN":65,"DIPMAX":90,"DIP_BEST_E":75,"RAKEMIN":130,"RAKEMAX":170,"RAKE_BEST":160,"FAULT_WIDT":15.5291427062,"TOTAL_FAUL":79,"TOTAL_FA_1":70,"SEGMENTATI":"geometric","TOTAL_SEGM":11,"TOTAL_SE_1":11,"MIN_TOTAL":1185,"MAX_TOTAL":1307.50283397,"BEST_ESTIM":1226.80227379,"MIN_TOTA_1":165,"MAX_TOTA_1":182.057356629,"BEST_EST_1":170.820569768,"SLIPRATEMI":0.1,"SLIPRATEMA":1,"BEST_EST_2":0.5,"ACTIVITY":"active","FAULT_WE_1":" ","__id":72},"id":72},{"type":"Feature","geometry":{"type":"LineString","coordinates":[[15.026544660596624,45.771168270150646],[15.028814703319592,45.76590647805751],[15.033004445804725,45.75680980763074],[15.037136696111673,45.74950758344925],[15.04004633931694,45.744611737687826],[15.043071865193854,45.73991984828647],[15.047318201541888,45.73367759482945],[15.050633883255573,45.72910831959378],[15.055403937414248,45.72335465218653],[15.062499729843507,45.715560701826824],[15.071222371252306,45.70731588121961],[15.080293558991347,45.69976438020732],[15.092386679346163,45.69114826280862]]},"properties":{"FID":101,"FAULT_NAME":"Žužemberk segment 5","FAULT_DESI":"MAF.SI-046/5","FAULT_TYPE":"dextral strike-slip","MINDEPTH_g":0,"MAXDEPTH_g":0,"MAXDEPTH":15,"STRIKEMIN":315,"STRIKEMAX":345,"STRIKE_BES":330,"DIPMIN":65,"DIPMAX":90,"DIP_BEST_E":75,"RAKEMIN":130,"RAKEMAX":170,"RAKE_BEST":160,"FAULT_WIDT":15.5291427062,"TOTAL_FAUL":79,"TOTAL_FA_1":70,"SEGMENTATI":"geometric","TOTAL_SEGM":11,"TOTAL_SE_1":10,"MIN_TOTAL":1185,"MAX_TOTAL":1307.50283397,"BEST_ESTIM":1226.80227379,"MIN_TOTA_1":165,"MAX_TOTA_1":182.057356629,"BEST_EST_1":170.820569768,"SLIPRATEMI":0.1,"SLIPRATEMA":1,"BEST_EST_2":0.5,"ACTIVITY":"active","FAULT_WE_1":" ","__id":73},"id":73},{"type":"Feature","geometry":{"type":"LineString","coordinates":[[14.90287808700831,45.84649395047808],[14.905799408312266,45.844701769990515],[14.908835713972591,45.843194891995054],[14.912455924567592,45.841892611148154],[14.917126265729728,45.840712959946146],[14.921482196542424,45.839396226890294],[14.925028745284127,45.83792988529972],[14.930218312680486,45.835570389848655],[14.93586691918703,45.83288908047726],[14.942926779004926,45.82915293238948],[14.946958418000053,45.82727068002965],[14.951395197188319,45.82462152265828],[14.954372214039893,45.822542546937754],[14.956648544969852,45.82042217466079],[14.958818874696284,45.818215950204944],[14.961477887937278,45.81580803566858],[14.965121454729665,45.81252844637118],[14.971128489034573,45.807253024070754],[14.975558081700568,45.80388150142217],[14.979463058240633,45.80110597898748],[14.985663230331628,45.79686226853785],[14.991337887981413,45.79321514993599],[14.99530664490665,45.79073725296434],[14.999832357308044,45.788213518167204],[15.004259255028186,45.78603358079736],[15.01065346322055,45.78330290104553],[15.01721116479462,45.78082456340376],[15.024292584179335,45.77800090342949],[15.029668102839507,45.77577420229302],[15.03510919851542,45.77320279694357],[15.03787421295994,45.771603127509316]]},"properties":{"FID":102,"FAULT_NAME":"Žužemberk segment 4","FAULT_DESI":"MAF.SI-046/4","FAULT_TYPE":"dextral strike-slip","MINDEPTH_g":0,"MAXDEPTH_g":0,"MAXDEPTH":15,"STRIKEMIN":290,"STRIKEMAX":325,"STRIKE_BES":310,"DIPMIN":65,"DIPMAX":90,"DIP_BEST_E":75,"RAKEMIN":130,"RAKEMAX":170,"RAKE_BEST":160,"FAULT_WIDT":15.5291427062,"TOTAL_FAUL":79,"TOTAL_FA_1":70,"SEGMENTATI":"geometric","TOTAL_SEGM":14,"TOTAL_SE_1":14,"MIN_TOTAL":1185,"MAX_TOTAL":1307.50283397,"BEST_ESTIM":1226.80227379,"MIN_TOTA_1":210,"MAX_TOTA_1":231.709362982,"BEST_EST_1":217.407997886,"SLIPRATEMI":0.1,"SLIPRATEMA":1,"BEST_EST_2":0.5,"ACTIVITY":"active","FAULT_WE_1":" ","__id":74},"id":74},{"type":"Feature","geometry":{"type":"LineString","coordinates":[[14.7881093263092,45.88479300409938],[14.791990048336595,45.883836255804944],[14.796725068199187,45.88253680265],[14.801131304667795,45.881374272842336],[14.807017066409347,45.87964075126365],[14.813198373879374,45.877769587911885],[14.819577310711905,45.87571511306538],[14.824509061621722,45.87404771173653],[14.830915846228063,45.87249159214787],[14.83436717354965,45.87167098420733],[14.838509305324726,45.87036874460294],[14.845072396790501,45.867140534944845],[14.849194765629326,45.864667803462204],[14.851825931096512,45.86304010687475],[14.855391344459184,45.861616928034465],[14.859187624849872,45.86076488001557],[14.863799575518543,45.86068918348806],[14.86969791367407,45.85979833396676],[14.874486832453712,45.85894750930057],[14.87909878312238,45.85789772386647],[14.885998742819705,45.85581686293421],[14.893555370989716,45.85341495460423],[14.899140197111088,45.851515377707514],[14.904560631535466,45.849570058632565]]},"properties":{"FID":103,"FAULT_NAME":"Žužemberk segment 3","FAULT_DESI":"MAF.SI-046/3","FAULT_TYPE":"dextral strike-slip","MINDEPTH_g":0,"MAXDEPTH_g":0,"MAXDEPTH":15,"STRIKEMIN":270,"STRIKEMAX":310,"STRIKE_BES":295,"DIPMIN":65,"DIPMAX":90,"DIP_BEST_E":75,"RAKEMIN":130,"RAKEMAX":170,"RAKE_BEST":160,"FAULT_WIDT":15.5291427062,"TOTAL_FAUL":79,"TOTAL_FA_1":70,"SEGMENTATI":"geometric","TOTAL_SEGM":10,"TOTAL_SE_1":10,"MIN_TOTAL":1185,"MAX_TOTAL":1307.50283397,"BEST_ESTIM":1226.80227379,"MIN_TOTA_1":150,"MAX_TOTA_1":165.506687844,"BEST_EST_1":155.291427062,"SLIPRATEMI":0.1,"SLIPRATEMA":1,"BEST_EST_2":0.5,"ACTIVITY":"active","FAULT_WE_1":" ","__id":75},"id":75},{"type":"Feature","geometry":{"type":"LineString","coordinates":[[14.496146079186946,46.1234108552574],[14.519089051543357,46.09942072245412],[14.578735389778325,46.04658347589558],[14.595853685832505,46.034036051645586]]},"properties":{"FID":110,"FAULT_NAME":"Žužemberk segment 1","FAULT_DESI":"MAF.SI-046/1","FAULT_TYPE":"dextral strike-slip","MINDEPTH_g":0,"MAXDEPTH_g":0,"MAXDEPTH":15,"STRIKEMIN":315,"STRIKEMAX":325,"STRIKE_BES":325,"DIPMIN":70,"DIPMAX":90,"DIP_BEST_E":85,"RAKEMIN":130,"RAKEMAX":170,"RAKE_BEST":160,"FAULT_WIDT":15.0572975632,"TOTAL_FAUL":79,"TOTAL_FA_1":70,"SEGMENTATI":"geologic","TOTAL_SEGM":13,"TOTAL_SE_1":13,"MIN_TOTAL":1185,"MAX_TOTAL":1261.05066038,"BEST_ESTIM":1189.52650749,"MIN_TOTA_1":195,"MAX_TOTA_1":207.514665633,"BEST_EST_1":195.744868321,"SLIPRATEMI":0.1,"SLIPRATEMA":1,"BEST_EST_2":0.5,"ACTIVITY":"active","FAULT_WE_1":"inferred","__id":76},"id":76},{"type":"Feature","geometry":{"type":"LineString","coordinates":[[13.833063635366964,45.500433614542665],[13.83175299336743,45.50132831543787],[13.830286044508462,45.501995081876565],[13.828828078802339,45.50220726179713],[13.826572409123914,45.50195667533663],[13.824243077592191,45.50136546316199],[13.821213060138856,45.50209141291884],[13.819899723193474,45.5031371922539],[13.819649093229204,45.504800577277784],[13.818351027643653,45.50509018508962],[13.81511888925139,45.505207916535014],[13.812744641955462,45.5054861898817],[13.810787212951368,45.50637451482223],[13.809036396462616,45.507718622647054],[13.80901124363466,45.50892986609258],[13.808542323056349,45.510742275768905],[13.807218206327558,45.51224239565963],[13.80482419609538,45.51342899175697],[13.801144696691626,45.51429893650197],[13.798987841694455,45.514427979258755],[13.79704388741962,45.51470998386316],[13.79445314614022,45.51498569235575],[13.792042966232929,45.51692883239518],[13.790293946374748,45.518121624028886],[13.787915207502397,45.51855089694139],[13.785109768870091,45.5188234394809],[13.782095022776588,45.5187913386961],[13.778858392807907,45.51906010352514],[13.776032292924064,45.52024089117057],[13.774067677397698,45.52143109500397],[13.771026880160951,45.52260994473774],[13.767564773055955,45.523329956129636],[13.76410536089681,45.52389828029258],[13.760862442721137,45.524469116169584],[13.758480110587655,45.52504875725766],[13.75630259433895,45.526085299232136],[13.75388702453995,45.52817846420077],[13.751706813345393,45.529365982876115],[13.748889696614395,45.530092200808554],[13.745649473384574,45.530511313649654],[13.742835949914712,45.531085858159905],[13.74001164666144,45.53211473755098],[13.737602365069433,45.533905005749396],[13.734091748939095,45.53674351804908],[13.730142754950103,45.539879495387765],[13.724439351211231,45.544358530479435],[13.717162099094576,45.54767274897216],[13.707170138189314,45.550212385153245],[13.68982007679183,45.55294691092022],[13.675445235615351,45.55585239533466],[13.661609383609342,45.561135852968505],[13.648706881183532,45.56880164390908]]},"properties":{"FID":3,"FAULT_NAME":"Buzet segment 3","FAULT_DESI":"MAF.SI-002/3","FAULT_TYPE":"thrust","MINDEPTH_g":0,"MAXDEPTH_g":7,"MAXDEPTH":7,"STRIKEMIN":255,"STRIKEMAX":360,"STRIKE_BES":300,"DIPMIN":10,"DIPMAX":20,"DIP_BEST_E":15,"RAKEMIN":85,"RAKEMAX":120,"RAKE_BEST":90,"FAULT_WIDT":27.0459231361,"TOTAL_FAUL":75,"TOTAL_FA_1":68,"SEGMENTATI":"structural","TOTAL_SEGM":17,"TOTAL_SE_1":16,"MIN_TOTAL":1534.99731009,"MAX_TOTAL":3023.35450365,"BEST_ESTIM":2028.44423521,"MIN_TOTA_1":347.932723619,"MAX_TOTA_1":685.293687494,"BEST_EST_1":459.780693314,"SLIPRATEMI":0.01,"SLIPRATEMA":0.1,"BEST_EST_2":0.05,"ACTIVITY":"potentially","FAULT_WE_1":" ","__id":77},"id":77},{"type":"Feature","geometry":{"type":"LineString","coordinates":[[13.642496827624415,45.570822159359366],[13.63552410438908,45.579673713361395],[13.629793751191679,45.58644552731986],[13.61856750508604,45.59831607794776],[13.61245536789289,45.604244755504325],[13.604977791467878,45.60903978216898],[13.597282822744113,45.61452999279439],[13.589416275801074,45.61890066324315],[13.581352099495536,45.623128378387385],[13.570487874449393,45.627879072699585],[13.561864047721846,45.630562704058114],[13.55245778838183,45.6326777321455],[13.53586680339943,45.63553763576343],[13.518914695672807,45.63699485536133],[13.492201494068944,45.638739700353476],[13.467281329772186,45.640362646345636],[13.45590775995995,45.64146614740229],[13.446105343579637,45.64328747326136],[13.436661354997689,45.646509190891635],[13.43143046509826,45.64853193294604]]},"properties":{"FID":9,"FAULT_NAME":"Buzet segment 2","FAULT_DESI":"MAF.SI-002/2","FAULT_TYPE":"thrust","MINDEPTH_g":0,"MAXDEPTH_g":7,"MAXDEPTH":7,"STRIKEMIN":275,"STRIKEMAX":330,"STRIKE_BES":295,"DIPMIN":25,"DIPMAX":80,"DIP_BEST_E":60,"RAKEMIN":85,"RAKEMAX":120,"RAKE_BEST":90,"FAULT_WIDT":8.08290376865,"TOTAL_FAUL":75,"TOTAL_FA_1":68,"SEGMENTATI":"structural","TOTAL_SEGM":20,"TOTAL_SE_1":18,"MIN_TOTAL":533.09897124,"MAX_TOTAL":1242.25583116,"BEST_ESTIM":606.217782649,"MIN_TOTA_1":142.159725664,"MAX_TOTA_1":331.268221641,"BEST_EST_1":161.658075373,"SLIPRATEMI":0.01,"SLIPRATEMA":0.1,"BEST_EST_2":0.05,"ACTIVITY":"potentially","FAULT_WE_1":" ","__id":78},"id":78},{"type":"Feature","geometry":{"type":"LineString","coordinates":[[13.417011606472856,45.643686900947024],[13.402669104646606,45.651165595649175],[13.389886078153584,45.659641581995835],[13.378439744803334,45.66994992716821],[13.367761471021003,45.681105535747456],[13.359858991466604,45.69257893640163],[13.353578869315328,45.70295838120079],[13.348413556431641,45.71600602802407],[13.343129665930448,45.73296090737684],[13.337008545584458,45.751159286007564],[13.329931617776165,45.767807723517]]},"properties":{"FID":10,"FAULT_NAME":"Buzet segment 1","FAULT_DESI":"MAF.SI-002/1","FAULT_TYPE":"thrust","MINDEPTH_g":0,"MAXDEPTH_g":7,"MAXDEPTH":7,"STRIKEMIN":310,"STRIKEMAX":350,"STRIKE_BES":335,"DIPMIN":25,"DIPMAX":80,"DIP_BEST_E":60,"RAKEMIN":85,"RAKEMAX":120,"RAKE_BEST":90,"FAULT_WIDT":8.08290376865,"TOTAL_FAUL":75,"TOTAL_FA_1":68,"SEGMENTATI":"structural","TOTAL_SEGM":16,"TOTAL_SE_1":15,"MIN_TOTAL":533.09897124,"MAX_TOTAL":1242.25583116,"BEST_ESTIM":606.217782649,"MIN_TOTA_1":113.727780531,"MAX_TOTA_1":265.014577313,"BEST_EST_1":129.326460298,"SLIPRATEMI":0.01,"SLIPRATEMA":0.1,"BEST_EST_2":0.05,"ACTIVITY":"potentially","FAULT_WE_1":" ","__id":79},"id":79},{"type":"Feature","geometry":{"type":"LineString","coordinates":[[13.818195619099498,45.493239601910844],[13.819508057729598,45.49223142221341],[13.820013809234556,45.49121440816845],[13.820198862183085,45.490080872421785],[13.820383915131615,45.4889466841008],[13.820891463267143,45.487816251583816],[13.822199410320819,45.48703532673504],[13.823341169046936,45.48647922606966],[13.825617499976895,45.485707729645455],[13.827400655815874,45.485385272498796],[13.828694229825004,45.48528450426193],[13.830149500585277,45.48518625505743],[13.832079081815568,45.48554650130285],[13.832869599265592,45.48634948945081],[13.833655625139196,45.48737981669238],[13.834285344153365,45.48818088939807],[13.834710247282752,45.48843972413428],[13.835360627548454,45.488753976874705],[13.83620594223081,45.4889951756846],[13.837820214796377,45.48901217921708],[13.83880476834777,45.488226862564595],[13.83931950300557,45.48675570262461],[13.839660862813535,45.48585069345387],[13.840648111310783,45.48495196780137],[13.841784480145193,45.48462320823462],[13.842755558967328,45.48451928958169],[13.844046438030606,45.48453251560271],[13.84534270698559,45.48431837964246],[13.846163767155275,45.483645105688204],[13.846825825519673,45.48285719489342],[13.847489680514636,45.48195527228794],[13.848156230455453,45.480939962247355],[13.849133597484576,45.480495285959435],[13.850749666680708,45.48039828811593],[13.85204144405927,45.480410885247906],[13.85347785019858,45.4812202450732],[13.854909764761464,45.482256964487235],[13.855864673908483,45.48294789022238],[13.85730108004779,45.483757213602836],[13.85842397415294,45.48410865157474],[13.859874753336792,45.484237133726886],[13.861181802075185,45.48345489961484],[13.86152316188315,45.482549837415064],[13.861707316516396,45.481416127299035],[13.861900454302482,45.479828264947145],[13.86208730388158,45.47858049244663],[13.862277746721812,45.4771065610135],[13.86231637427903,45.475175904467044],[13.861573467539062,45.47198907413914],[13.861592332160027,45.471080677954525],[13.862574190765573,45.47040913571769],[13.863878544558112,45.469740735358634],[13.865499105330665,45.46941566690921],[13.866801662492637,45.46886128228285],[13.867783521098183,45.46818908360954],[13.86812398259086,45.4672844061992],[13.86831083216996,45.46603698595765],[13.868324306899222,45.4653553032323],[13.868835448295883,45.46399758341179],[13.870305990415988,45.463104179632346],[13.87241703133367,45.462443253339025],[13.874361883923786,45.4620085120866],[13.87598244469634,45.46168339904607],[13.8779362804393,45.46079436912437],[13.879411314135826,45.459672823074435],[13.880560259384211,45.45866215235571],[13.881539423043902,45.45810388133637],[13.882834793683603,45.45788964494041],[13.884448167933881,45.45790539764431],[13.886061542184162,45.45792052023591],[13.888481603559578,45.457944464331],[13.89010216433213,45.457619327855824],[13.89156731656053,45.45695203607827],[13.893363947128767,45.45583419438699],[13.894842574086429,45.45448569746918],[13.89730036470378,45.452578842586284],[13.899421287089586,45.45135000240318],[13.902831291908106,45.450247174314526],[13.906066125246218,45.449823682598364],[13.908328981446916,45.449618237554894],[13.912211500104881,45.44908697589022],[13.91481032622184,45.44820341931217],[13.916772246802354,45.44685915155272],[13.919884010946543,45.444390480772796],[13.924491470038795,45.439663969985425],[13.929067488096099,45.43652682056114],[13.931022222154345,45.435523299337646],[13.933619251640732,45.43463889994804],[13.935890192678988,45.4339789007809],[13.93784043516081,45.43320164258061],[13.939795169219053,45.43219806222539],[13.941104014588015,45.431188159958936],[13.94177864936639,45.42960392605128],[13.942457775721184,45.42779331856415],[13.942816203519548,45.42586601690794],[13.943003053098645,45.42450482440596],[13.944852684268646,45.42043366050381],[13.94683796104655,45.41772674463587],[13.949819469474544,45.413438164342175],[13.953454053114092,45.40870212384281],[13.95854570414448,45.40363771576992],[13.963790068773172,45.39891599190494],[13.967069817875492,45.395879398357835],[13.970648705967424,45.394094203845164],[13.972759746885103,45.393204739594346],[13.975836476733212,45.39243764428875],[13.978924884680016,45.39098858798637],[13.980734091662232,45.3889603514495],[13.982704097080306,45.386933934832186],[13.984509710801387,45.38513268473167],[13.985669435833186,45.38332632970843],[13.987634051359557,45.38163979944748],[13.98959327699422,45.38018100168165],[13.99219928963345,45.37861426648819],[13.994318415388687,45.377270234325955],[13.99580602549919,45.375125395709496]]},"properties":{"FID":27,"FAULT_NAME":"Buzet segment 4","FAULT_DESI":"MAF.SI-002/4","FAULT_TYPE":"thrust","MINDEPTH_g":0,"MAXDEPTH_g":7,"MAXDEPTH":7,"STRIKEMIN":230,"STRIKEMAX":10,"STRIKE_BES":310,"DIPMIN":10,"DIPMAX":20,"DIP_BEST_E":15,"RAKEMIN":85,"RAKEMAX":120,"RAKE_BEST":90,"FAULT_WIDT":27.0459231361,"TOTAL_FAUL":75,"TOTAL_FA_1":68,"SEGMENTATI":"structural","TOTAL_SEGM":22,"TOTAL_SE_1":19,"MIN_TOTAL":1534.99731009,"MAX_TOTAL":3023.35450365,"BEST_ESTIM":2028.44423521,"MIN_TOTA_1":450.265877625,"MAX_TOTA_1":886.850654404,"BEST_EST_1":595.010308994,"SLIPRATEMI":0.01,"SLIPRATEMA":0.1,"BEST_EST_2":0.05,"ACTIVITY":"potentially","FAULT_WE_1":" ","__id":80},"id":80},{"type":"Feature","geometry":{"type":"LineString","coordinates":[[13.629895260818786,46.22705685776564],[13.623361813757382,46.22986949801667],[13.61679243408462,46.23407700337659],[13.61258203034795,46.23582055971212],[13.610965062836534,46.23729626350265],[13.605453898568461,46.239322417822265],[13.600361349222789,46.241852365032194],[13.596130284234585,46.24439275700998],[13.593934801680195,46.245960795470246],[13.590341540543719,46.246016086024184],[13.58645992020104,46.24606827031612],[13.583169391315309,46.245529030239034],[13.579699199372754,46.246383238738304],[13.57433805375713,46.24811087359829],[13.56581843160254,46.24969930538856],[13.555885759506031,46.25037143983553],[13.544255271522536,46.2500248133027],[13.532593342504097,46.2508727399247],[13.525660145141263,46.25217970151173],[13.519275818417022,46.254489791750515],[13.515774185439525,46.256438291808095],[13.510401361725208,46.258461875893126],[13.503621776275958,46.25936991789648],[13.491951762419959,46.260413340207585],[13.48663104099212,46.26054252444566],[13.478703408609764,46.26133439233062],[13.469184859859237,46.26250385159116],[13.450254661876984,46.26613690365132]]},"properties":{"FID":207,"FAULT_NAME":"Gemona-Kolovrat segment 2","FAULT_DESI":"MAF.SI-091/2","FAULT_TYPE":"reverse","MINDEPTH_g":0,"MAXDEPTH_g":0,"MAXDEPTH":9,"STRIKEMIN":260,"STRIKEMAX":315,"STRIKE_BES":290,"DIPMIN":20,"DIPMAX":45,"DIP_BEST_E":32,"RAKEMIN":90,"RAKEMAX":130,"RAKE_BEST":110,"FAULT_WIDT":16.9837192332,"TOTAL_FAUL":75,"TOTAL_FA_1":69,"SEGMENTATI":"geometric","TOTAL_SEGM":15,"TOTAL_SE_1":15,"MIN_TOTAL":954.594154602,"MAX_TOTAL":1973.56797011,"BEST_ESTIM":1273.77894249,"MIN_TOTA_1":190.91883092,"MAX_TOTA_1":394.713594022,"BEST_EST_1":254.755788498,"SLIPRATEMI":0.29,"SLIPRATEMA":0.72,"BEST_EST_2":0.5,"ACTIVITY":"potentially","FAULT_WE_1":" ","__id":81},"id":81},{"type":"Feature","geometry":{"type":"LineString","coordinates":[[13.432136540911578,46.276457184048624],[13.427787796621157,46.277693376104885],[13.421025279162302,46.27789950888305],[13.40548981463874,46.278182008870665],[13.400597589601425,46.27831363474112],[13.397265738212626,46.27916422826132],[13.392370818229459,46.27939456919805],[13.388352653963594,46.2791387727345],[13.384190759252268,46.27888049159853],[13.379887829041333,46.278520386059625],[13.375192335051244,46.276858902958914],[13.371215493288444,46.27520730405975],[13.367063480045243,46.27464972296684],[13.363183656333133,46.27459446128004],[13.358285143088828,46.27492292599294],[13.351130061850817,46.273823275521224],[13.347699395780763,46.27317564495881],[13.344538224295945,46.273129695807434],[13.342083128624447,46.273492941425516],[13.339757390353864,46.274356649115546],[13.338718039570137,46.275438282538836],[13.336535133429726,46.27630382226592],[13.333661422835826,46.276261601132994],[13.329784294069567,46.27610575519891],[13.325194801283002,46.27573942237343],[13.320447205006428,46.27586919140018],[13.3131178506033,46.275761154050045],[13.306917678512304,46.276367774802374],[13.304425751914158,46.27792558586601],[13.299767987165998,46.27975094383362],[13.295279105691252,46.28078031957207],[13.289200206163617,46.28208532663364],[13.28528894141656,46.28302401848625],[13.28137677835422,46.283962073443654],[13.277471801814151,46.28470083473809],[13.274862195913785,46.28519871698252],[13.27166688844817,46.284779676741685],[13.269526203126114,46.28487093466715],[13.266640814433522,46.28593932396928],[13.263747340903375,46.2872541405408],[13.260881715147033,46.2877054418809],[13.257679221159147,46.287532867667224],[13.254163215137103,46.285996436581755],[13.25187071453203,46.285220444907594],[13.247952263262702,46.28516022749409],[13.245133349901135,46.28412845080603],[13.242654898032248,46.28359641395751],[13.238379815595122,46.28353060740715],[13.234461364325794,46.283470388136145],[13.23070820306874,46.28378265848293],[13.22450174277076,46.28282162993624],[13.221699897399589,46.2812956210313],[13.216534584515905,46.281214911484284],[13.211364780055796,46.28125837048591],[13.20475856945638,46.28164887911109],[13.202608900981485,46.281985993221454],[13.19701060013085,46.28424516298254],[13.193402965949826,46.28554760433767],[13.189824077857892,46.28598526237966],[13.18678777219757,46.28618453530838],[13.182504604922888,46.286363321618126],[13.178759528503395,46.28642726241363],[13.17622897434803,46.287499345994306],[13.17014737987454,46.288143703447574],[13.164244550142591,46.28879053635014],[13.159587683709715,46.28945660485933],[13.155287448444634,46.29012887269037],[13.15007182990504,46.291527386809875],[13.147358019431712,46.292719168262934],[13.144988263712204,46.29428706623365],[13.141553106065732,46.29571402540805],[13.13794816683056,46.296890819786285],[13.135432884035025,46.29746803563235],[13.13150005972115,46.297774640284786],[13.125124716149754,46.296558142083114],[13.120348373784092,46.29549120126208],[13.116614975463287,46.2951827217697],[13.113407989898983,46.29512996353361],[13.111423611436363,46.29583878170666],[13.10783843513744,46.29639738851347],[13.104419447166084,46.29732900785579],[13.101564601193152,46.297405349044645],[13.096928396011808,46.29745189849782],[13.093543544021248,46.297395418489515],[13.090718342452693,46.29660717493128],[13.088110533182892,46.29470975788572],[13.08135879550745,46.291528628262384],[13.07783650127842,46.29031633648684],[13.072379235927393,46.29005934952989],[13.068787771421482,46.290822857973005],[13.06447226479657,46.29190292490991],[13.060654424839065,46.292332462852436],[13.056147577058637,46.292091624074125],[13.053836211832596,46.29023998541539],[13.052979219051547,46.28758935784739],[13.050762176930341,46.283103483724794],[13.044728193166907,46.27904626352526],[13.03773930025646,46.27513776196138],[13.033032128167674,46.2739033750302],[13.011503104068463,46.27138980905339],[13.005329881435994,46.27128238382811],[12.996782411507597,46.271132733307816],[12.992028527024036,46.27121407866207],[12.98561814915656,46.27110168543084],[12.981783241208655,46.27202255798633],[12.975793274894146,46.27339918082128],[12.970022497508962,46.275273741517715],[12.960445558264961,46.27724571761182],[12.949187871124376,46.279680165780356],[12.943439551621298,46.28089517634115],[12.938622785067846,46.282620482292984],[12.935905381333384,46.28537191934582],[12.930076213454734,46.28872659831322],[12.923638886128732,46.28926913812031],[12.918001957720884,46.28751921069185],[12.912633625582986,46.284949776425925],[12.907285056381339,46.28188665962917],[12.905653715825377,46.28103300414622],[12.905029386702914,46.27871534004173],[12.905123709807746,46.27624545775004],[12.904698806678358,46.274919821420745],[12.902162862631288,46.27289622384854],[12.899325982964038,46.27251496696895],[12.896490001612072,46.27213308649109],[12.891861881268289,46.268917733635966],[12.891250128559804,46.26627042149055],[12.890414695345573,46.263289480686936],[12.888123093055786,46.261105838695585],[12.885056244675798,46.260554945990975],[12.879378892080164,46.25995560322181],[12.87558081505891,46.25988479960188],[12.8729451580153,46.26049470146994],[12.87008402383538,46.26077108042893],[12.867979271124687,46.259908400818674],[12.865150476294996,46.25936122262713],[12.862097102644274,46.25848050891709],[12.85949288663561,46.258266849862345],[12.856638040662679,46.25837802720693],[12.853013338491257,46.259958087557685],[12.847971094801496,46.261345571560064],[12.842954902254972,46.26207532188468],[12.837225447372855,46.26279077830505],[12.833619609822401,46.26387574518276],[12.83120134507755,46.26498304756646],[12.826875956984516,46.26621887743302],[12.822129259023226,46.26612883046921],[12.816504008714071,46.26420924242148],[12.812251384159051,46.26363353921252],[12.805611935894122,46.26334164854449],[12.798932961756694,46.264037215235106],[12.793651766201355,46.26541838578841],[12.786009798079352,46.26642381135095],[12.779554504447669,46.267451574443946],[12.772657239696198,46.26764718880143],[12.763386625964085,46.267795606848196],[12.754854427395516,46.26729880846026],[12.751103961084317,46.26607231816123],[12.745494880450275,46.2638198515923],[12.738971314856999,46.26072574195365],[12.735885601856051,46.25489850422677],[12.736373387055327,46.254578615541654]]},"properties":{"FID":208,"FAULT_NAME":"Gemona-Kolovrat segment 1","FAULT_DESI":"MAF.SI-091/1","FAULT_TYPE":"reverse","MINDEPTH_g":0,"MAXDEPTH_g":0,"MAXDEPTH":9,"STRIKEMIN":180,"STRIKEMAX":330,"STRIKE_BES":270,"DIPMIN":20,"DIPMAX":45,"DIP_BEST_E":32,"RAKEMIN":90,"RAKEMAX":130,"RAKE_BEST":110,"FAULT_WIDT":16.9837192332,"TOTAL_FAUL":75,"TOTAL_FA_1":69,"SEGMENTATI":"geometric","TOTAL_SEGM":60,"TOTAL_SE_1":54,"MIN_TOTAL":954.594154602,"MAX_TOTAL":1973.56797011,"BEST_ESTIM":1273.77894249,"MIN_TOTA_1":763.675323681,"MAX_TOTA_1":1578.85437609,"BEST_EST_1":1019.02315399,"SLIPRATEMI":0.29,"SLIPRATEMA":0.72,"BEST_EST_2":0.5,"ACTIVITY":"potentially","FAULT_WE_1":" ","__id":82},"id":82},{"type":"Feature","geometry":{"type":"LineString","coordinates":[[13.933207823240608,45.369294986387175],[13.925904519980714,45.37058430389557],[13.920958396026352,45.37174548491558],[13.916466819605755,45.37155174604368],[13.913261630672014,45.371219801026704],[13.90940246821144,45.37148485233769],[13.903811353883079,45.372789265333466],[13.897157532573607,45.37363109112886],[13.894348500680165,45.374961958069136],[13.891958083709122,45.37674964990529],[13.888717860479304,45.37822746613995],[13.883993620400119,45.37893544127562],[13.879277465158491,45.379191622607564],[13.873292888735685,45.37867988977578],[13.867943421218754,45.378476078739354],[13.860019382097537,45.37854864312447],[13.855295142018349,45.379255983252385],[13.850138812287504,45.3801097013451],[13.844122794829756,45.38110537401187],[13.835308525261977,45.38282662228359],[13.829717410933617,45.38397682606465],[13.822828231019702,45.3857169143457],[13.818090516211258,45.38702604625445],[13.812063718970098,45.38847268061374],[13.806912779130958,45.38902280834187],[13.8030581082468,45.3889824321769],[13.798341953005172,45.38923478273467],[13.79405609078464,45.38934076963298],[13.790202318215767,45.389299762820905],[13.785089107618559,45.38803863110455],[13.782970880178606,45.38695980175359],[13.780846364531662,45.3861825271443],[13.77914944695996,45.385409658271165],[13.776826403635228,45.38387587658731],[13.77448449568953,45.38324746203719],[13.771497597369832,45.38276226570327],[13.767861217099714,45.38257235026957],[13.763358860895709,45.38282599133707],[13.759285001082226,45.383083416928585],[13.74807941622812,45.38628094887087],[13.73560451187755,45.388709261428225],[13.727434334368484,45.39012746379072],[13.719074612334467,45.3904870557096],[13.710924197761651,45.390999312527335],[13.699531763328448,45.39283191743627],[13.692213188708724,45.39440835170329],[13.68746469411687,45.396013758772376],[13.679889201325889,45.399397265015665],[13.675511710946376,45.40342074966565],[13.67180346545353,45.40624502813776],[13.667024428142014,45.40905655233881],[13.661178192272962,45.41170460518379],[13.655130733780272,45.41374589863854],[13.644134456387365,45.41663460953079],[13.633377130860035,45.41846827467634],[13.62713294132012,45.4197514265282],[13.614428068256816,45.42231449022378],[13.605585052599944,45.424621463307645],[13.596103334776062,45.4267688369984],[13.588338297460131,45.42878562944257],[13.579489891911555,45.43124174449071],[13.57344153510358,45.43312788759677],[13.565452817281903,45.435442613439044],[13.558538484540037,45.43761857086943],[13.552469466480524,45.44025835095542],[13.546395956844592,45.44304864324425],[13.538155710743366,45.446716088822114],[13.531641128302928,45.44995224291974],[13.526414729979923,45.45305398694582],[13.52115689062197,45.457362241873795],[13.50940333344455,45.46400010357168],[13.501290648113669,45.467092254879766],[13.486137865901139,45.46987051022374],[13.476008462757408,45.47271414269454],[13.464829827361823,45.47517086514644]]},"properties":{"FID":5,"FAULT_NAME":"Buje segment 3","FAULT_DESI":"MAF.SI-001/3","FAULT_TYPE":"reverse","MINDEPTH_g":0,"MAXDEPTH_g":7,"MAXDEPTH":7,"STRIKEMIN":240,"STRIKEMAX":290,"STRIKE_BES":290,"DIPMIN":45,"DIPMAX":85,"DIP_BEST_E":70,"RAKEMIN":85,"RAKEMAX":120,"RAKE_BEST":90,"FAULT_WIDT":7.44924440733,"TOTAL_FAUL":73,"TOTAL_FA_1":71,"SEGMENTATI":"structural","TOTAL_SEGM":40,"TOTAL_SE_1":39,"MIN_TOTAL":512.951936985,"MAX_TOTAL":722.663130373,"BEST_ESTIM":543.794841735,"MIN_TOTA_1":281.069554512,"MAX_TOTA_1":395.979797464,"BEST_EST_1":297.969776293,"SLIPRATEMI":0.01,"SLIPRATEMA":0.1,"BEST_EST_2":0.05,"ACTIVITY":"potentially","FAULT_WE_1":" ","__id":83},"id":83},{"type":"Feature","geometry":{"type":"LineString","coordinates":[[13.4535290210876,45.47241239939855],[13.436641592061438,45.480373093843546],[13.412877559535339,45.48804926738504],[13.393402982490912,45.493547530775054],[13.374506920489457,45.49718965365356],[13.356419342243711,45.500281243233765],[13.339938850041253,45.502649248262685],[13.327696609349273,45.50489060769193],[13.310369904149177,45.50891664580065],[13.296661612913514,45.515786372375324],[13.29120524587777,45.52110317779326],[13.281439660424109,45.52877442927715],[13.271935484718123,45.536449039284314],[13.263085282538976,45.54003742220496]]},"properties":{"FID":7,"FAULT_NAME":"Buje segment 2","FAULT_DESI":"MAF.SI-001/2","FAULT_TYPE":"reverse","MINDEPTH_g":0,"MAXDEPTH_g":7,"MAXDEPTH":7,"STRIKEMIN":285,"STRIKEMAX":320,"STRIKE_BES":300,"DIPMIN":45,"DIPMAX":85,"DIP_BEST_E":70,"RAKEMIN":85,"RAKEMAX":120,"RAKE_BEST":90,"FAULT_WIDT":7.44924440733,"TOTAL_FAUL":73,"TOTAL_FA_1":71,"SEGMENTATI":"structural","TOTAL_SEGM":17,"TOTAL_SE_1":16,"MIN_TOTAL":512.951936985,"MAX_TOTAL":722.663130373,"BEST_ESTIM":543.794841735,"MIN_TOTA_1":119.454560668,"MAX_TOTA_1":168.291413922,"BEST_EST_1":126.637154925,"SLIPRATEMI":0.01,"SLIPRATEMA":0.1,"BEST_EST_2":0.05,"ACTIVITY":"potentially","FAULT_WE_1":" ","__id":84},"id":84},{"type":"Feature","geometry":{"type":"LineString","coordinates":[[13.25093556832126,45.53892185793649],[13.23988359538074,45.54508078001363],[13.232853379967219,45.54962545441292],[13.229570935919048,45.552925523381234],[13.225658772856708,45.55937978740913],[13.223611512324196,45.565489929187294],[13.22159928608777,45.570484468558625],[13.219350802931618,45.574544798609985],[13.215177230121599,45.58080795955531],[13.211885802920584,45.58429291965727],[13.20779846837784,45.587765718985885],[13.19097032816043,45.59997162033865],[13.166362777582544,45.61465692045947],[13.15365970114981,45.62189760522358],[13.141662700530395,45.63175434092587],[13.131511737819842,45.64182602096402],[13.123275983295034,45.650067309303395]]},"properties":{"FID":8,"FAULT_NAME":"Buje segment 1","FAULT_DESI":"MAF.SI-001/1","FAULT_TYPE":"reverse","MINDEPTH_g":0,"MAXDEPTH_g":7,"MAXDEPTH":7,"STRIKEMIN":310,"STRIKEMAX":345,"STRIKE_BES":320,"DIPMIN":45,"DIPMAX":85,"DIP_BEST_E":70,"RAKEMIN":85,"RAKEMAX":120,"RAKE_BEST":90,"FAULT_WIDT":7.44924440733,"TOTAL_FAUL":73,"TOTAL_FA_1":71,"SEGMENTATI":"structural","TOTAL_SEGM":16,"TOTAL_SE_1":16,"MIN_TOTAL":512.951936985,"MAX_TOTAL":722.663130373,"BEST_ESTIM":543.794841735,"MIN_TOTA_1":112.427821805,"MAX_TOTA_1":158.391918986,"BEST_EST_1":119.187910517,"SLIPRATEMI":0.01,"SLIPRATEMA":0.1,"BEST_EST_2":0.05,"ACTIVITY":"potentially","FAULT_WE_1":" ","__id":85},"id":85},{"type":"Feature","geometry":{"type":"LineString","coordinates":[[13.5789329364354,46.92005768610271],[13.641728768056494,46.85359496666337],[13.69560522722156,46.817853247862224],[13.759639835619453,46.755747007893994],[13.818626810435877,46.69796087764958],[13.871547462138642,46.65309539973776],[13.914740257629678,46.62503825887726],[13.952031121704048,46.60430832879308],[13.976533569393691,46.59275116527701],[14.000070328152907,46.58427986078374],[14.01464459532246,46.57386764034232],[14.024362570066065,46.564574420734274],[14.078346827065229,46.521316049824826],[14.120561357211857,46.48881192339567],[14.125237986580984,46.48389040237401],[14.131618720044086,46.477509761074955],[14.140842621381422,46.46843886957135],[14.152120969773543,46.45682676392788],[14.15983749806413,46.45060943929668],[14.167456109988748,46.44338429627216],[14.173140649106658,46.43792565424617],[14.178382318789494,46.432076413893355],[14.186018897019794,46.42330075695024]]},"properties":{"FID":225,"FAULT_NAME":"Stol (Hochstuhl) segment 1","FAULT_DESI":"MAF.SI-053/1","FAULT_TYPE":"dextral strike-slip","MINDEPTH_g":0,"MAXDEPTH_g":0,"MAXDEPTH":10,"STRIKEMIN":300,"STRIKEMAX":330,"STRIKE_BES":320,"DIPMIN":80,"DIPMAX":90,"DIP_BEST_E":85,"RAKEMIN":170,"RAKEMAX":180,"RAKE_BEST":175,"FAULT_WIDT":10.0381983754,"TOTAL_FAUL":73,"TOTAL_FA_1":72,"SEGMENTATI":"not segmented","TOTAL_SEGM":73,"TOTAL_SE_1":72,"MIN_TOTAL":730,"MAX_TOTAL":741.261426677,"BEST_ESTIM":732.788481407,"MIN_TOTA_1":730,"MAX_TOTA_1":741.261426677,"BEST_EST_1":732.788481407,"SLIPRATEMI":0.3,"SLIPRATEMA":0.5,"BEST_EST_2":0.4,"ACTIVITY":"probably","FAULT_WE_1":" ","__id":86},"id":86},{"type":"Feature","geometry":{"type":"LineString","coordinates":[[15.642165514695435,46.2653904397867],[15.667926502098132,46.264726562801606],[15.68542119225636,46.26507433846438],[15.703307547878463,46.26702991445476],[15.726363707960676,46.27282171131186],[15.738197215198383,46.274035632102745],[15.764585226669393,46.2780559705946],[15.787594674356829,46.2798347598311],[15.808095127455722,46.28175628401598],[15.811927340457775,46.28289054145899]]},"properties":{"FID":125,"FAULT_NAME":"Donat segment 1","FAULT_DESI":"MAF.SI-086/1","FAULT_TYPE":"dextral strike-slip","MINDEPTH_g":0,"MAXDEPTH_g":0,"MAXDEPTH":15,"STRIKEMIN":250,"STRIKEMAX":270,"STRIKE_BES":260,"DIPMIN":75,"DIPMAX":90,"DIP_BEST_E":85,"RAKEMIN":160,"RAKEMAX":180,"RAKE_BEST":170,"FAULT_WIDT":15.0572975632,"TOTAL_FAUL":68,"TOTAL_FA_1":52,"SEGMENTATI":"geometric","TOTAL_SEGM":13,"TOTAL_SE_1":13,"MIN_TOTAL":1020,"MAX_TOTAL":1055.98170402,"BEST_ESTIM":1023.89623429,"MIN_TOTA_1":195,"MAX_TOTA_1":201.87885518,"BEST_EST_1":195.744868321,"SLIPRATEMI":0.3,"SLIPRATEMA":1,"BEST_EST_2":0.65,"ACTIVITY":"potentially","FAULT_WE_1":" ","__id":87},"id":87},{"type":"Feature","geometry":{"type":"LineString","coordinates":[[15.813273915068672,46.280470515518665],[15.831061456009518,46.283525020054896],[15.846858330280762,46.28616094540448],[15.858426834509654,46.28805307173978],[15.867497123933408,46.28884454220668],[15.874216522258623,46.29008355849757],[15.891644737085826,46.29356146899178],[15.917047296690159,46.29886512105815],[15.939349770248992,46.304016836999864],[15.95143839902739,46.306841045103106],[15.960424246814437,46.30969054884539],[15.989512594029508,46.31890388037244],[16.02246818854272,46.32859143762421]]},"properties":{"FID":180,"FAULT_NAME":"Donat segment 3","FAULT_DESI":"MAF.SI-086/3","FAULT_TYPE":"dextral strike-slip","MINDEPTH_g":0,"MAXDEPTH_g":0,"MAXDEPTH":15,"STRIKEMIN":245,"STRIKEMAX":260,"STRIKE_BES":250,"DIPMIN":75,"DIPMAX":90,"DIP_BEST_E":85,"RAKEMIN":160,"RAKEMAX":180,"RAKE_BEST":170,"FAULT_WIDT":15.0572975632,"TOTAL_FAUL":68,"TOTAL_FA_1":52,"SEGMENTATI":"geometric","TOTAL_SEGM":17,"TOTAL_SE_1":17,"MIN_TOTAL":1020,"MAX_TOTAL":1055.98170402,"BEST_ESTIM":1023.89623429,"MIN_TOTA_1":255,"MAX_TOTA_1":263.995426005,"BEST_EST_1":255.974058574,"SLIPRATEMI":0.3,"SLIPRATEMA":1,"BEST_EST_2":0.65,"ACTIVITY":"potentially","FAULT_WE_1":" ","__id":88},"id":88},{"type":"Feature","geometry":{"type":"LineString","coordinates":[[16.0279281488396,46.330325165601046],[16.052566242137143,46.337325890158745],[16.06873232399016,46.34268111539685],[16.183840647866667,46.386770606435995],[16.216191676193663,46.40065200886668],[16.269099751482447,46.42316638362096]]},"properties":{"FID":181,"FAULT_NAME":"Donat segment 4","FAULT_DESI":"MAF.SI-086/4","FAULT_TYPE":"dextral strike-slip","MINDEPTH_g":0,"MAXDEPTH_g":0,"MAXDEPTH":15,"STRIKEMIN":235,"STRIKEMAX":245,"STRIKE_BES":240,"DIPMIN":75,"DIPMAX":90,"DIP_BEST_E":85,"RAKEMIN":160,"RAKEMAX":180,"RAKE_BEST":170,"FAULT_WIDT":15.0572975632,"TOTAL_FAUL":68,"TOTAL_FA_1":52,"SEGMENTATI":"geometric","TOTAL_SEGM":21,"TOTAL_SE_1":21,"MIN_TOTAL":1020,"MAX_TOTAL":1055.98170402,"BEST_ESTIM":1023.89623429,"MIN_TOTA_1":315,"MAX_TOTA_1":326.111996829,"BEST_EST_1":316.203248826,"SLIPRATEMI":0.3,"SLIPRATEMA":1,"BEST_EST_2":0.65,"ACTIVITY":"potentially","FAULT_WE_1":" ","__id":89},"id":89},{"type":"Feature","geometry":{"type":"LineString","coordinates":[[15.876762347773818,46.28800837659581],[15.859356590828716,46.28404774543216],[15.836021953008427,46.27820932747355],[15.799376977623343,46.2700299019351],[15.783086928261117,46.265922032399345],[15.769561893343415,46.261536860244085],[15.757128311495915,46.25586437038996],[15.749905856611594,46.253609620953355],[15.743438884881218,46.25262880707246],[15.73569361050154,46.25255116114579],[15.711904425147486,46.25231822270622],[15.69199596182083,46.2526965142308],[15.66948777406193,46.25167965572366]]},"properties":{"FID":191,"FAULT_NAME":"Donat segment 2","FAULT_DESI":"MAF.SI-086/2","FAULT_TYPE":"dextral strike-slip","MINDEPTH_g":0,"MAXDEPTH_g":0,"MAXDEPTH":15,"STRIKEMIN":235,"STRIKEMAX":265,"STRIKE_BES":255,"DIPMIN":75,"DIPMAX":90,"DIP_BEST_E":85,"RAKEMIN":160,"RAKEMAX":180,"RAKE_BEST":170,"FAULT_WIDT":15.0572975632,"TOTAL_FAUL":68,"TOTAL_FA_1":52,"SEGMENTATI":"geometric","TOTAL_SEGM":17,"TOTAL_SE_1":16,"MIN_TOTAL":1020,"MAX_TOTAL":1055.98170402,"BEST_ESTIM":1023.89623429,"MIN_TOTA_1":255,"MAX_TOTA_1":263.995426005,"BEST_EST_1":255.974058574,"SLIPRATEMI":0.3,"SLIPRATEMA":1,"BEST_EST_2":0.65,"ACTIVITY":"potentially","FAULT_WE_1":" ","__id":90},"id":90},{"type":"Feature","geometry":{"type":"LineString","coordinates":[[14.685634908588547,45.850108172356656],[14.687630066834577,45.84509224998828],[14.690396877909665,45.839660326988096],[14.694185073462798,45.83512726919957],[14.697624722685692,45.83166417230832],[14.70034571968129,45.83006242493826],[14.70416176300823,45.82616646245947],[14.71125755543749,45.81991945867397],[14.71464869563504,45.8163903022386],[14.719946060865492,45.81087543011029],[14.72735716195948,45.80396541623759],[14.738768461013649,45.797358303323385],[14.750595680044368,45.791636098395685],[14.759363237217373,45.78612691894317],[14.769719914127988,45.77826153567863],[14.777537952045682,45.77230678720585],[14.7902077908129,45.763928712964066],[14.800758503824884,45.75812473325966],[14.81722102972166,45.7469487583455],[14.824077870285345,45.74238997282899],[14.828403258378382,45.73922706530881],[14.833047548397278,45.73481186089844],[14.838429355264436,45.7299548582447],[14.84528978908926,45.7224465533115],[14.852041526764701,45.71604303384414],[14.871864650139365,45.69719825626692],[14.877766581556031,45.69152977934515],[14.88398112669157,45.687039892711034],[14.8942973794144,45.68115323401924],[14.90177046426299,45.67703220437803],[14.90903154670453,45.672689920021774]]},"properties":{"FID":97,"FAULT_NAME":"Dobrepolje segment 2","FAULT_DESI":"MAF.SI-043/2","FAULT_TYPE":"dextral strike-slip","MINDEPTH_g":0,"MAXDEPTH_g":0,"MAXDEPTH":15,"STRIKEMIN":310,"STRIKEMAX":345,"STRIKE_BES":320,"DIPMIN":70,"DIPMAX":85,"DIP_BEST_E":80,"RAKEMIN":160,"RAKEMAX":180,"RAKE_BEST":170,"FAULT_WIDT":15.2313991783,"TOTAL_FAUL":64,"TOTAL_FA_1":65,"SEGMENTATI":"geometric","TOTAL_SEGM":27,"TOTAL_SE_1":26,"MIN_TOTAL":963.667044042,"MAX_TOTAL":1021.61066158,"BEST_ESTIM":974.80954741,"MIN_TOTA_1":406.547034205,"MAX_TOTA_1":430.991997853,"BEST_EST_1":411.247777814,"SLIPRATEMI":0.05,"SLIPRATEMA":0.85,"BEST_EST_2":0.45,"ACTIVITY":"probably","FAULT_WE_1":" ","__id":91},"id":91},{"type":"Feature","geometry":{"type":"LineString","coordinates":[[14.597652113031314,45.958765355231456],[14.598023117243656,45.95677695255617],[14.598165051058546,45.95559536792345],[14.598352798952927,45.954352553518255],[14.598773210505895,45.95168009588158],[14.599324776090343,45.94931918244629],[14.600059597992756,45.94627420512757],[14.600378499918616,45.94534287712336],[14.600965099799147,45.9443496931992],[14.60181849931906,45.94338897383166],[14.602985410873131,45.94233578639729],[14.60410561003243,45.941469359196375],[14.605986682237376,45.94010753565371],[14.608000705104372,45.93896370297049],[14.610150373579271,45.93741689879831],[14.611270572738565,45.93651853311085],[14.612525519190482,45.93546583991649],[14.61427184410281,45.93432128671831],[14.615931930747864,45.93264752256338],[14.618721199705055,45.92870813583869],[14.622272240023179,45.92411860053091],[14.624384179256143,45.921513425106966],[14.6258178904496,45.920243599889446],[14.626491626912689,45.919499313824325],[14.626988395264807,45.91841255074812],[14.627847184676424,45.91658081621936],[14.629197352548456,45.91450215238262],[14.630543927159351,45.912951540952506],[14.631939909110875,45.91068648291156],[14.632751087812432,45.90925889884278],[14.633693420545473,45.90811130464276],[14.634324936190211,45.9068699260334],[14.634866620306534,45.90584542398555],[14.635442440403654,45.90475651822588],[14.638430237038635,45.89990181397104],[14.642158245467733,45.89460653923624],[14.645031956061631,45.8908570293466],[14.648548860398959,45.88556151742974],[14.651966051739747,45.87901224252681],[14.654436418771077,45.87201811785594],[14.658596516851835,45.86466029690017],[14.66020899278683,45.859579372980626],[14.661810688938417,45.856341152130625],[14.66436729423702,45.85222115693563],[14.6681923207168,45.8474419555641],[14.671481052971961,45.84420803414647]]},"properties":{"FID":98,"FAULT_NAME":"Dobrepolje segment 1","FAULT_DESI":"MAF.SI-043/1","FAULT_TYPE":"dextral strike-slip","MINDEPTH_g":0,"MAXDEPTH_g":0,"MAXDEPTH":15,"STRIKEMIN":310,"STRIKEMAX":355,"STRIKE_BES":335,"DIPMIN":70,"DIPMAX":85,"DIP_BEST_E":80,"RAKEMIN":160,"RAKEMAX":180,"RAKE_BEST":170,"FAULT_WIDT":15.2313991783,"TOTAL_FAUL":64,"TOTAL_FA_1":65,"SEGMENTATI":"geometric","TOTAL_SEGM":14,"TOTAL_SE_1":14,"MIN_TOTAL":963.667044042,"MAX_TOTAL":1021.61066158,"BEST_ESTIM":974.80954741,"MIN_TOTA_1":210.802165884,"MAX_TOTA_1":223.47733222,"BEST_EST_1":213.239588496,"SLIPRATEMI":0.05,"SLIPRATEMA":0.85,"BEST_EST_2":0.45,"ACTIVITY":"probably","FAULT_WE_1":" ","__id":92},"id":92},{"type":"Feature","geometry":{"type":"LineString","coordinates":[[14.933696589460599,45.65963404779733],[14.943610396936142,45.649460071415255],[14.961863265194165,45.630636200581186],[14.987274807951339,45.605917091167235],[15.004884482465934,45.58679883879902],[15.023917986705856,45.57299666340614],[15.044374422355828,45.55847154285707],[15.075229755734764,45.52668569185886],[15.089722276213463,45.50942531003232],[15.09726183639308,45.49518790054151]]},"properties":{"FID":187,"FAULT_NAME":"Dobrepolje segment 3","FAULT_DESI":"MAF.SI-043/3","FAULT_TYPE":"dextral strike-slip","MINDEPTH_g":0,"MAXDEPTH_g":0,"MAXDEPTH":15,"STRIKEMIN":315,"STRIKEMAX":340,"STRIKE_BES":325,"DIPMIN":70,"DIPMAX":85,"DIP_BEST_E":80,"RAKEMIN":160,"RAKEMAX":180,"RAKE_BEST":170,"FAULT_WIDT":15.2313991783,"TOTAL_FAUL":64,"TOTAL_FA_1":65,"SEGMENTATI":"geometric","TOTAL_SEGM":23,"TOTAL_SE_1":22,"MIN_TOTAL":963.667044042,"MAX_TOTAL":1021.61066158,"BEST_ESTIM":974.80954741,"MIN_TOTA_1":346.317843952,"MAX_TOTA_1":367.141331504,"BEST_EST_1":350.322181101,"SLIPRATEMI":0.05,"SLIPRATEMA":0.85,"BEST_EST_2":0.45,"ACTIVITY":"probably","FAULT_WE_1":" ","__id":93},"id":93},{"type":"Feature","geometry":{"type":"LineString","coordinates":[[15.018454433147841,46.23288891757557],[15.035806291175897,46.23333880246316],[15.052176290598407,46.23378681952185],[15.069856033705161,46.23423110467138],[15.084590200995288,46.23490280727749],[15.092773853233618,46.234441750499315],[15.105212824972822,46.23329468408066],[15.120268589134668,46.23146218641269],[15.134342494690966,46.2303107077799],[15.149072170404674,46.22938292032033],[15.168386847328529,46.229583020482664],[15.186390882252851,46.22910079028068],[15.20930690515074,46.22928784141612],[15.223059213835324,46.23017026674711],[15.238449151282861,46.230820890985775],[15.253835495469259,46.230787334623415],[15.26725273255287,46.22984774814789],[15.282632788532279,46.2286744853111],[15.300962911904739,46.228172982369344]]},"properties":{"FID":143,"FAULT_NAME":"Celje segment 2","FAULT_DESI":"MAF.SI-072/2","FAULT_TYPE":"dextral transpressive","MINDEPTH_g":0,"MAXDEPTH_g":0,"MAXDEPTH":15,"STRIKEMIN":265,"STRIKEMAX":280,"STRIKE_BES":270,"DIPMIN":70,"DIPMAX":110,"DIP_BEST_E":90,"RAKEMIN":90,"RAKEMAX":160,"RAKE_BEST":125,"FAULT_WIDT":15,"TOTAL_FAUL":58,"TOTAL_FA_1":52,"SEGMENTATI":"geometric","TOTAL_SEGM":22,"TOTAL_SE_1":22,"MIN_TOTAL":925.834662054,"MAX_TOTAL":925.834662054,"BEST_ESTIM":870,"MIN_TOTA_1":351.178664917,"MAX_TOTA_1":351.178664917,"BEST_EST_1":330,"SLIPRATEMI":0.05,"SLIPRATEMA":1,"BEST_EST_2":0.5,"ACTIVITY":"probably","FAULT_WE_1":" ","__id":94},"id":94},{"type":"Feature","geometry":{"type":"LineString","coordinates":[[15.43513258779498,46.2222863500677],[15.452189798409838,46.22676352949371],[15.474790512643002,46.22826184877607],[15.494117765980835,46.22977006997473],[15.510160778639925,46.22992666905925],[15.528491800327668,46.22984277674811],[15.547471405650546,46.22907158290299],[15.56744275104709,46.22920146239956],[15.588397751679747,46.22954946336349],[15.60116371018237,46.229482970492676]]},"properties":{"FID":145,"FAULT_NAME":"Celje segment 5","FAULT_DESI":"MAF.SI-072/5","FAULT_TYPE":"dextral transpressive","MINDEPTH_g":0,"MAXDEPTH_g":0,"MAXDEPTH":15,"STRIKEMIN":250,"STRIKEMAX":275,"STRIKE_BES":265,"DIPMIN":70,"DIPMAX":110,"DIP_BEST_E":90,"RAKEMIN":90,"RAKEMAX":160,"RAKE_BEST":125,"FAULT_WIDT":15,"TOTAL_FAUL":58,"TOTAL_FA_1":52,"SEGMENTATI":"geometric","TOTAL_SEGM":13,"TOTAL_SE_1":13,"MIN_TOTAL":925.834662054,"MAX_TOTAL":925.834662054,"BEST_ESTIM":870,"MIN_TOTA_1":207.514665633,"MAX_TOTA_1":207.514665633,"BEST_EST_1":195,"SLIPRATEMI":0.05,"SLIPRATEMA":1,"BEST_EST_2":0.5,"ACTIVITY":"probably","FAULT_WE_1":" ","__id":95},"id":95},{"type":"Feature","geometry":{"type":"LineString","coordinates":[[15.29046519949452,46.22411107471506],[15.315989031662205,46.22267976483561],[15.333334601483271,46.22217572107853],[15.346101458301176,46.22236466034102],[15.356574916198726,46.22233234182905],[15.369667861464768,46.22229070064137]]},"properties":{"FID":146,"FAULT_NAME":"Celje segment 3","FAULT_DESI":"MAF.SI-072/3","FAULT_TYPE":"dextral transpressive","MINDEPTH_g":0,"MAXDEPTH_g":0,"MAXDEPTH":15,"STRIKEMIN":270,"STRIKEMAX":275,"STRIKE_BES":270,"DIPMIN":70,"DIPMAX":110,"DIP_BEST_E":90,"RAKEMIN":90,"RAKEMAX":160,"RAKE_BEST":125,"FAULT_WIDT":15,"TOTAL_FAUL":58,"TOTAL_FA_1":52,"SEGMENTATI":"geometric","TOTAL_SEGM":6,"TOTAL_SE_1":6,"MIN_TOTAL":925.834662054,"MAX_TOTAL":925.834662054,"BEST_ESTIM":870,"MIN_TOTA_1":95.7759995228,"MAX_TOTA_1":95.7759995228,"BEST_EST_1":90,"SLIPRATEMI":0.05,"SLIPRATEMA":1,"BEST_EST_2":0.5,"ACTIVITY":"probably","FAULT_WE_1":" ","__id":96},"id":96},{"type":"Feature","geometry":{"type":"LineString","coordinates":[[15.476346394715097,46.21894065684642],[15.456046265924563,46.218114612779615],[15.430516145549886,46.217987193288316],[15.418726655761104,46.21712259761316],[15.397113190025188,46.21538217682707],[15.379441531755988,46.2156699716421],[15.359153979379432,46.2161902361948]]},"properties":{"FID":147,"FAULT_NAME":"Celje segment 4","FAULT_DESI":"MAF.SI-072/4","FAULT_TYPE":"dextral transpressive","MINDEPTH_g":0,"MAXDEPTH_g":0,"MAXDEPTH":15,"STRIKEMIN":265,"STRIKEMAX":270,"STRIKE_BES":270,"DIPMIN":70,"DIPMAX":110,"DIP_BEST_E":90,"RAKEMIN":90,"RAKEMAX":160,"RAKE_BEST":125,"FAULT_WIDT":15,"TOTAL_FAUL":58,"TOTAL_FA_1":52,"SEGMENTATI":"geometric","TOTAL_SEGM":9,"TOTAL_SE_1":9,"MIN_TOTAL":925.834662054,"MAX_TOTAL":925.834662054,"BEST_ESTIM":870,"MIN_TOTA_1":143.663999284,"MAX_TOTA_1":143.663999284,"BEST_EST_1":135,"SLIPRATEMI":0.05,"SLIPRATEMA":1,"BEST_EST_2":0.5,"ACTIVITY":"probably","FAULT_WE_1":" ","__id":97},"id":97},{"type":"Feature","geometry":{"type":"LineString","coordinates":[[15.02774570813149,46.23613185884606],[15.012521060696233,46.23681658645543],[14.999261028787345,46.23749882016755],[14.98133514729274,46.23817918140574],[14.954076668311417,46.239535529368084],[14.932218860818223,46.241569677800754],[14.919443919162758,46.24462821413935]]},"properties":{"FID":148,"FAULT_NAME":"Celje segment 1","FAULT_DESI":"MAF.SI-072/1","FAULT_TYPE":"dextral transpressive","MINDEPTH_g":0,"MAXDEPTH_g":0,"MAXDEPTH":15,"STRIKEMIN":275,"STRIKEMAX":290,"STRIKE_BES":275,"DIPMIN":70,"DIPMAX":110,"DIP_BEST_E":90,"RAKEMIN":90,"RAKEMAX":160,"RAKE_BEST":125,"FAULT_WIDT":15,"TOTAL_FAUL":58,"TOTAL_FA_1":52,"SEGMENTATI":"geometric","TOTAL_SEGM":8,"TOTAL_SE_1":8,"MIN_TOTAL":925.834662054,"MAX_TOTAL":925.834662054,"BEST_ESTIM":870,"MIN_TOTA_1":127.701332697,"MAX_TOTA_1":127.701332697,"BEST_EST_1":120,"SLIPRATEMI":0.05,"SLIPRATEMA":1,"BEST_EST_2":0.5,"ACTIVITY":"probably","FAULT_WE_1":" ","__id":98},"id":98},{"type":"Feature","geometry":{"type":"LineString","coordinates":[[14.567343853660406,45.97016481929995],[14.567509143672682,45.96965971086166],[14.567658264009848,45.96918831378797],[14.567872063047469,45.968671957687334],[14.568673360280902,45.96714596303734],[14.56922851912649,45.966260567164476],[14.569620184590363,45.96560993578888],[14.570404413833401,45.96421873289055],[14.571263203245021,45.9625914557258],[14.573187394583602,45.959841336096844],[14.574988516728265,45.95730653410912],[14.57533885968907,45.956766960402746],[14.576515652711267,45.954988328389604],[14.577416662941241,45.95364494874421],[14.577801141882839,45.95305350163495],[14.578103874133589,45.95259008248856],[14.578317673171208,45.952230336652114],[14.578827017937307,45.951397790891455],[14.579129750188056,45.95088626557577],[14.579584297721818,45.95013427107007],[14.579839419262509,45.949703306164636],[14.580258034184906,45.94914054839564],[14.580965906628794,45.94817616441655],[14.581439318783524,45.94753781294255],[14.581761813970523,45.94708371695946],[14.582537958376005,45.94603372286911],[14.58328715332296,45.9450024481599],[14.584083060664687,45.94392867778837],[14.58433818220538,45.94355513324848],[14.58455826944999,45.94319532877012],[14.584896035996817,45.942566289983716],[14.585054139486822,45.94223958678509],[14.585192480040577,45.94191288166128],[14.585517670173425,45.94115514324657],[14.585916522159577,45.94061103944796],[14.586184220114246,45.94023747255447],[14.586301001101182,45.94007192789217],[14.586513901823517,45.939717098422605],[14.586761836841934,45.93932415961744],[14.586933415061202,45.9390736518668],[14.587372691235135,45.93850141545283],[14.587544269454401,45.93826464778577],[14.587887425892934,45.93788669202693],[14.588263819996982,45.937446885719055],[14.588537806158639,45.937163258778305],[14.588894437326434,45.93677592448943],[14.589161236965817,45.936487920949915],[14.589257356701216,45.936388587495024],[14.5893885107327,45.9361849221191],[14.58972448064896,45.935711990738334],[14.589904143705784,45.93534713735302],[14.590145790517212,45.93484546002866],[14.590415285102447,45.93421132839879],[14.590466489073643,45.93374650218472],[14.590626389194217,45.93317358602033],[14.591023444549796,45.93193214322876],[14.591407923491401,45.93041638325117],[14.591431279688788,45.929979641753356],[14.59148248365998,45.92954852016378],[14.591590281494074,45.92871438409627],[14.591710655742148,45.928060187707],[14.591839114827778,45.927202285237804],[14.591974760435678,45.9263968570786],[14.592037642505566,45.926088804271984],[14.592157118438356,45.92557704542228],[14.59237181579126,45.925060907783475],[14.592496681615753,45.924691610230326],[14.592695209293542,45.92442166528595],[14.592901821808889,45.92403361712713],[14.59325485971555,45.923200023015276],[14.59348213348243,45.92275072684119],[14.593649220125277,45.92222019023439],[14.594007647923641,45.92151967417496],[14.594110954181314,45.92132095346828],[14.594250193050355,45.92088976458156],[14.594340024578765,45.92069104161875],[14.594499026384055,45.92033108877953],[14.59471192710639,45.919961759741234],[14.59489698005492,45.919753659555596],[14.595328171391298,45.91930496040353],[14.595553648527613,45.91909185828189],[14.596025264051775,45.91876689159407],[14.596366623859742,45.91855441234606],[14.596981071514078,45.918181946759866],[14.597308956592782,45.917870098649814],[14.597432025786704,45.91776635720668],[14.59773385972217,45.91736888819574],[14.598035693657634,45.916971416337724],[14.598240509542412,45.91680142750411],[14.598610615439469,45.916366453705926],[14.598816329639535,45.916144590757284],[14.599165774285057,45.91568086308175],[14.599776628678258,45.914881517466014],[14.59979010340752,45.914779020400985],[14.599887121458202,45.91452340189572],[14.599972461410196,45.914286531863034],[14.600086547451276,45.91393966231278],[14.60017188740327,45.91367591500557],[14.600322804371002,45.913449666316694],[14.600539298354475,45.913098416524676],[14.60074770750039,45.91285091533613],[14.60094443854761,45.91260903810817],[14.60107918584023,45.912420285637275],[14.601190576935464,45.91227403328134],[14.601388206297969,45.91195965191244],[14.601685548657011,45.91152089004684],[14.601875093181961,45.91120150422821],[14.602361980065954,45.91039209358035],[14.602505710511412,45.910130829553985],[14.602574880788287,45.90999269664115],[14.602861443363924,45.90957204542717],[14.60305458115001,45.90921264550493],[14.603408517371951,45.90883761701801],[14.60356662086196,45.90867322873247],[14.603873844689128,45.90841820715872],[14.60447391929892,45.907921286755844],[14.60463112447364,45.9077962746334],[14.604865584762793,45.9076450095888],[14.60535336996207,45.90732122600041],[14.605433320022359,45.90726559503932],[14.60575042531765,45.906810544185646],[14.606117836268858,45.90622484824202],[14.606267854921306,45.90598544246448],[14.606426856726594,45.90566852513442],[14.606636164187794,45.90525034150997],[14.606989202094454,45.904499603362446],[14.607131135909343,45.903894504776964],[14.607347629892816,45.90296434037091],[14.607307205705032,45.90265553234407],[14.607328765271848,45.902316716702835],[14.60740781701685,45.90201540659115],[14.607520106427366,45.90174722671382],[14.609645520389595,45.89928603760252],[14.611310098611067,45.89698916276446],[14.612768064317192,45.89212690171454],[14.612936947590608,45.88940580041195],[14.61439401498145,45.88454350074019],[14.619548548081728,45.87728677751549],[14.624924965057184,45.86751959814793],[14.629953734017686,45.86009361713113],[14.635327456047285,45.84924781361949],[14.641537509606405,45.8395126313533],[14.647628985548021,45.82996290101324],[14.651111753904551,45.825615597432595],[14.653839937422424,45.8226871575173],[14.660235942245354,45.81820593309546],[14.664584686535775,45.81613423091641],[14.669608065604573,45.81430162745343],[14.672868051770642,45.81288972407376],[14.6728590686178,45.812902872784775]]},"properties":{"FID":84,"FAULT_NAME":"Ortnek segment 3","FAULT_DESI":"MAF.SI-041/3","FAULT_TYPE":"dextral strike-slip","MINDEPTH_g":0,"MAXDEPTH_g":0,"MAXDEPTH":15,"STRIKEMIN":300,"STRIKEMAX":360,"STRIKE_BES":335,"DIPMIN":70,"DIPMAX":85,"DIP_BEST_E":80,"RAKEMIN":160,"RAKEMAX":180,"RAKE_BEST":170,"FAULT_WIDT":15.2313991783,"TOTAL_FAUL":55,"TOTAL_FA_1":57,"SEGMENTATI":"geometric","TOTAL_SEGM":20,"TOTAL_SE_1":19,"MIN_TOTAL":828.151365973,"MAX_TOTAL":877.946662293,"BEST_ESTIM":837.726954806,"MIN_TOTA_1":301.145951263,"MAX_TOTA_1":319.253331743,"BEST_EST_1":304.627983566,"SLIPRATEMI":0.05,"SLIPRATEMA":0.85,"BEST_EST_2":0.45,"ACTIVITY":"probably","FAULT_WE_1":" ","__id":99},"id":99},{"type":"Feature","geometry":{"type":"LineString","coordinates":[[14.675678880294653,45.805040015685336],[14.678358554787179,45.799825885498436],[14.680693276210608,45.791495791770934],[14.686164914606179,45.7817417365855],[14.690904426045194,45.773333124433485],[14.696844086703791,45.76543334988626],[14.70725376421617,45.75350167371404],[14.73250989842919,45.72956231673225],[14.745309992912606,45.71763300652584],[14.748329230582533,45.71452389342405],[14.76037384191201,45.7007117458332],[14.765063047695113,45.693846432430874]]},"properties":{"FID":85,"FAULT_NAME":"Ortnek segment 4","FAULT_DESI":"MAF.SI-041/4","FAULT_TYPE":"dextral strike-slip","MINDEPTH_g":0,"MAXDEPTH_g":0,"MAXDEPTH":15,"STRIKEMIN":325,"STRIKEMAX":350,"STRIKE_BES":330,"DIPMIN":70,"DIPMAX":85,"DIP_BEST_E":80,"RAKEMIN":160,"RAKEMAX":180,"RAKE_BEST":170,"FAULT_WIDT":15.2313991783,"TOTAL_FAUL":55,"TOTAL_FA_1":57,"SEGMENTATI":"geometric","TOTAL_SEGM":14,"TOTAL_SE_1":14,"MIN_TOTAL":828.151365973,"MAX_TOTAL":877.946662293,"BEST_ESTIM":837.726954806,"MIN_TOTA_1":210.802165884,"MAX_TOTA_1":223.47733222,"BEST_EST_1":213.239588496,"SLIPRATEMI":0.05,"SLIPRATEMA":0.85,"BEST_EST_2":0.45,"ACTIVITY":"probably","FAULT_WE_1":" ","__id":100},"id":100},{"type":"Feature","geometry":{"type":"LineString","coordinates":[[14.806056767370622,45.69037078931118],[14.816896737904093,45.67509083441389],[14.832395371501006,45.6574107871018],[14.851563623033549,45.63852991984782],[14.872426995507224,45.622397708246794],[14.887878916709365,45.611929169119655]]},"properties":{"FID":104,"FAULT_NAME":"Ortnek segment 5","FAULT_DESI":"MAF.SI-041/5","FAULT_TYPE":"dextral strike-slip","MINDEPTH_g":0,"MAXDEPTH_g":0,"MAXDEPTH":15,"STRIKEMIN":320,"STRIKEMAX":335,"STRIKE_BES":325,"DIPMIN":70,"DIPMAX":85,"DIP_BEST_E":80,"RAKEMIN":160,"RAKEMAX":180,"RAKE_BEST":170,"FAULT_WIDT":15.2313991783,"TOTAL_FAUL":55,"TOTAL_FA_1":57,"SEGMENTATI":"geometric","TOTAL_SEGM":11,"TOTAL_SE_1":11,"MIN_TOTAL":828.151365973,"MAX_TOTAL":877.946662293,"BEST_ESTIM":837.726954806,"MIN_TOTA_1":165.630273195,"MAX_TOTA_1":175.589332459,"BEST_EST_1":167.545390961,"SLIPRATEMI":0.05,"SLIPRATEMA":0.85,"BEST_EST_2":0.45,"ACTIVITY":"probably","FAULT_WE_1":" ","__id":101},"id":101},{"type":"Feature","geometry":{"type":"LineString","coordinates":[[14.505281047311158,46.048868543842325],[14.508508694126997,46.046000503454536],[14.512206159836431,46.042970818198036],[14.516058135774738,46.03999584106255],[14.519749313277186,46.03761873728647],[14.52383035961294,46.035134267701444],[14.52728168693453,46.03329952995793],[14.530420400537242,46.031409224886715],[14.534503243503565,46.0286525440339],[14.537728195373553,46.02583771876095],[14.541190302478551,46.02248007409071],[14.543710975165789,46.01977098047985],[14.545918135818871,46.017060506467104]]},"properties":{"FID":105,"FAULT_NAME":"Ortnek segment 1","FAULT_DESI":"MAF.SI-041/1","FAULT_TYPE":"dextral strike-slip","MINDEPTH_g":0,"MAXDEPTH_g":0,"MAXDEPTH":15,"STRIKEMIN":130,"STRIKEMAX":140,"STRIKE_BES":140,"DIPMIN":80,"DIPMAX":90,"DIP_BEST_E":85,"RAKEMIN":-160,"RAKEMAX":-180,"RAKE_BEST":-170,"FAULT_WIDT":15.0572975632,"TOTAL_FAUL":55,"TOTAL_FA_1":57,"SEGMENTATI":"geometric","TOTAL_SEGM":5,"TOTAL_SE_1":5,"MIN_TOTAL":825,"MAX_TOTAL":837.726954806,"BEST_ESTIM":828.151365973,"MIN_TOTA_1":75,"MAX_TOTA_1":76.1569958914,"BEST_EST_1":75.2864878158,"SLIPRATEMI":0.05,"SLIPRATEMA":0.85,"BEST_EST_2":0.45,"ACTIVITY":"probably","FAULT_WE_1":" ","__id":102},"id":102},{"type":"Feature","geometry":{"type":"LineString","coordinates":[[14.541503814512708,46.012855733817304],[14.542769540748031,46.010794405049005],[14.543794518487212,46.00954783784504],[14.545131211629984,46.00835677216393],[14.54709133557993,46.00716817660076],[14.549523075054044,46.00565509805529],[14.551722150869569,46.00392296228358],[14.554001176745379,46.001974244713004],[14.557461487219808,45.99850719228075],[14.560765490834799,45.99520280675821],[14.563674235724777,45.9923862785963],[14.566662032359758,45.989351781853074],[14.569101856671429,45.98664231375757],[14.570602941511194,45.98414619019365],[14.572108517927374,45.981106247814424],[14.572908916845526,45.97849937989534],[14.573796452346237,45.974641289797496],[14.573811723706065,45.972629108006906]]},"properties":{"FID":106,"FAULT_NAME":"Ortnek segment 2","FAULT_DESI":"MAF.SI-041/2","FAULT_TYPE":"dextral strike-slip","MINDEPTH_g":0,"MAXDEPTH_g":0,"MAXDEPTH":15,"STRIKEMIN":130,"STRIKEMAX":180,"STRIKE_BES":150,"DIPMIN":75,"DIPMAX":90,"DIP_BEST_E":85,"RAKEMIN":-160,"RAKEMAX":-180,"RAKE_BEST":-170,"FAULT_WIDT":15.0572975632,"TOTAL_FAUL":55,"TOTAL_FA_1":57,"SEGMENTATI":"geometric","TOTAL_SEGM":5,"TOTAL_SE_1":5,"MIN_TOTAL":825,"MAX_TOTAL":854.102848838,"BEST_ESTIM":828.151365973,"MIN_TOTA_1":75,"MAX_TOTA_1":77.6457135308,"BEST_EST_1":75.2864878158,"SLIPRATEMI":0.05,"SLIPRATEMA":0.85,"BEST_EST_2":0.45,"ACTIVITY":"probably","FAULT_WE_1":" ","__id":103},"id":103},{"type":"Feature","geometry":{"type":"LineString","coordinates":[[13.929662172814187,45.55503215688803],[13.929110607229738,45.555346666910076],[13.928374887012044,45.55578634897043],[13.927457707106957,45.55622539858217],[13.926539628886587,45.55666381576009],[13.926439017574767,45.5571739353159],[13.926522560896187,45.55755762268243],[13.926788462220289,45.557943823386],[13.926782174013299,45.55826272001175],[13.926323134903113,45.55851431370554],[13.925592804577125,45.55863507827841],[13.924589386404763,45.55881748260994],[13.923860852709343,45.558874090730384],[13.922949062695961,45.55899359657509],[13.922127104210993,45.55917725769363],[13.920843411669985,45.55974018786145],[13.920465220935371,45.56050312220456],[13.920538882788668,45.5613981259576],[13.92052630637469,45.56203713607663],[13.920424796747586,45.56261072952101],[13.920321490489913,45.56324846798854],[13.920040317805983,45.56369311961888],[13.919401615638971,45.563815130907756],[13.918492520571444,45.563806325978256],[13.917675951978179,45.56367110724474],[13.917130674600719,45.563665446918556],[13.916402140905298,45.56372267907917],[13.915581080735612,45.56384280353436],[13.91512024499486,45.56415789316228],[13.91438093151603,45.56478932494156],[13.913641618037198,45.56542137852913],[13.913174494089457,45.566055311700616],[13.91279809998541,45.566690495500815],[13.912504350887502,45.567774064752946],[13.912492672788812,45.5684123734785],[13.912478299744265,45.569115447994974],[13.91200848085067,45.56994114055087],[13.912086634280389,45.57058068234556],[13.912349840658635,45.57109444860094],[13.912794506724275,45.571609467829155],[13.912877151730413,45.57205719743553],[13.912411824413239,45.572564033104086],[13.911221556661781,45.57299980750951],[13.90993966075134,45.57343494971785],[13.908468220315957,45.574251146674435],[13.906992288304146,45.57532325177068],[13.906235008519634,45.57684868685012],[13.905748121635641,45.57850486251897],[13.905073486857267,45.58047913111591],[13.905108521153348,45.583596322164006],[13.90444646278895,45.585935044885],[13.904071865315473,45.586725284813134],[13.903492451957217,45.58744133191098],[13.901826975420459,45.588508155991555],[13.900418417054958,45.58957684570148],[13.899680900206695,45.59054430666125],[13.89956411921976,45.59122824560816],[13.899290133058104,45.59209195806824],[13.898758330409906,45.59302480288345],[13.897973202851587,45.59377471338234],[13.896366116808297,45.59448124185121],[13.895848687204643,45.59465661542235],[13.895738194424696,45.59501616095855],[13.895625006698896,45.595556732079736],[13.895558531367872,45.59631352290124],[13.895138119814904,45.59681448263982],[13.89466380934489,45.59742354811717],[13.893772680583043,45.59828087985714],[13.892941738945233,45.59870576961849],[13.891998507896906,45.599634733362805],[13.89157180813695,45.600424151898835],[13.89130141523643,45.601107341936896],[13.891289737137738,45.60168430735715],[13.8913256697491,45.60247872498046],[13.891370585513307,45.60284010585721],[13.890842376126244,45.603520124082564],[13.890015926064855,45.60372877866917],[13.88731109874437,45.60380670970128],[13.884206521122456,45.605660682170765],[13.881096553608833,45.60778356251507],[13.878538151679662,45.61125365157482],[13.877943466961575,45.6120598729703],[13.873627960336663,45.616862399863166],[13.867821250340114,45.619496922955484],[13.86281404094643,45.62052418377285],[13.85625005116537,45.62261257526108],[13.850481070410755,45.62336209030013],[13.845872713003223,45.62358449266721],[13.842409707582942,45.62408835013351],[13.837745654627792,45.62700209040363],[13.8361331786928,45.63075429735657],[13.833376249085836,45.63422547759091],[13.829088590234734,45.637411914685195],[13.824005922357186,45.641935929531684],[13.817725800205904,45.648600382113514],[13.814170268311358,45.65340919773009],[13.809463096222572,45.658205671016255],[13.80478287359231,45.66165631586052],[13.798974366965195,45.66401752432014],[13.789262680428578,45.66929896298415],[13.78188212205425,45.67325861650473],[13.776461687629874,45.6753538302799],[13.769492557655676,45.67797116807707],[13.760987308545634,45.68057143784831],[13.75400470384217,45.68372574241131],[13.747021200823426,45.6868792415913],[13.741957397566843,45.69005389830446],[13.736484860855986,45.69430071609379],[13.728311090085786,45.69905541397311],[13.722476532315428,45.70222059635262],[13.7166177200324,45.70646147162074],[13.709989051550881,45.71069387057563],[13.701722754306417,45.71921415342721],[13.691628385458765,45.72563173300092],[13.674610700716402,45.73730164774761],[13.65859823077697,45.74828272198221],[13.646033494897992,45.75664998376693],[13.636479911851382,45.76407472907064],[13.628725654318863,45.7712409554783]]},"properties":{"FID":1,"FAULT_NAME":"Petrinje segment 2","FAULT_DESI":"MAF.SI-008/2","FAULT_TYPE":"thrust","MINDEPTH_g":0,"MAXDEPTH_g":0,"MAXDEPTH":7,"STRIKEMIN":255,"STRIKEMAX":30,"STRIKE_BES":315,"DIPMIN":30,"DIPMAX":35,"DIP_BEST_E":32.5,"RAKEMIN":85,"RAKEMAX":120,"RAKE_BEST":90,"FAULT_WIDT":13.0281129769,"TOTAL_FAUL":52,"TOTAL_FA_1":51,"SEGMENTATI":"structural","TOTAL_SEGM":34,"TOTAL_SE_1":34,"MIN_TOTAL":634.614633606,"MAX_TOTAL":728,"BEST_ESTIM":677.4618748,"MIN_TOTA_1":414.940337358,"MAX_TOTA_1":476,"BEST_EST_1":442.955841215,"SLIPRATEMI":0.1,"SLIPRATEMA":0.5,"BEST_EST_2":0.2,"ACTIVITY":"probably","FAULT_WE_1":" ","__id":104},"id":104},{"type":"Feature","geometry":{"type":"LineString","coordinates":[[13.615515928065886,45.76641469470897],[13.591216499630452,45.77199913298998],[13.573978727643482,45.77858544473277],[13.563606779373039,45.78360172248433],[13.548566286571024,45.7932765322341],[13.536084195698184,45.80144729053365],[13.527480131906886,45.80887170826102],[13.51699140264951,45.81792545329836],[13.503831982052441,45.82841305894111],[13.487410778658735,45.84092385963636],[13.467370262985314,45.865225788402554],[13.461385686562512,45.87212507211074]]},"properties":{"FID":11,"FAULT_NAME":"Petrinje segment 1","FAULT_DESI":"MAF.SI-008/1","FAULT_TYPE":"thrust","MINDEPTH_g":0,"MAXDEPTH_g":0,"MAXDEPTH":7,"STRIKEMIN":290,"STRIKEMAX":330,"STRIKE_BES":315,"DIPMIN":30,"DIPMAX":35,"DIP_BEST_E":32.5,"RAKEMIN":85,"RAKEMAX":120,"RAKE_BEST":90,"FAULT_WIDT":13.0281129769,"TOTAL_FAUL":52,"TOTAL_FA_1":51,"SEGMENTATI":"structural","TOTAL_SEGM":18,"TOTAL_SE_1":17,"MIN_TOTAL":634.614633606,"MAX_TOTAL":728,"BEST_ESTIM":677.4618748,"MIN_TOTA_1":219.674296248,"MAX_TOTA_1":252,"BEST_EST_1":234.506033585,"SLIPRATEMI":0.1,"SLIPRATEMA":0.5,"BEST_EST_2":0.2,"ACTIVITY":"probably","FAULT_WE_1":" ","__id":105},"id":105},{"type":"Feature","geometry":{"type":"LineString","coordinates":[[14.526950208594688,45.91439090479887],[14.52670407020684,45.91541649907421],[14.526528898726436,45.91657519155758],[14.52611118211932,45.91826256452326],[14.525527277184642,45.919965509286975],[14.524968525077922,45.92150342659673],[14.524771794030698,45.92226393313828],[14.524381026882104,45.923603699089334],[14.523912106303795,45.925738259342175],[14.523518644209352,45.92735912054773],[14.52341803289753,45.928004577533954],[14.523271607506217,45.92848382292548],[14.523049723631042,45.92942730566404],[14.522418207986304,45.93117989159984],[14.521909761535495,45.93232013613532],[14.521306991979849,45.933394131329514],[14.5207949522679,45.93408325167221],[14.520719493784036,45.93418508831304],[14.520624272363918,45.934296920973125],[14.520595526274827,45.93432628481856],[14.519902925190769,45.93501164504978],[14.519716075611672,45.93516408500712],[14.519190561170461,45.935548306811],[14.518519519653227,45.93603873240038],[14.518056887281904,45.93633236093224],[14.517030112912154,45.936943977924464],[14.514818460682653,45.93828463876243],[14.513824923978417,45.93890935315145],[14.512776590041847,45.939589034412016],[14.51202649677961,45.94007630077639],[14.511519846959366,45.940415510601916],[14.510725736248206,45.94094774725043],[14.509889404718688,45.94150871415008],[14.50922644803901,45.941953485653336],[14.50852666043268,45.94242261577407],[14.50730495164628,45.94323780580928],[14.506445263919376,45.943845598702],[14.505884715182082,45.944252872430845],[14.50562420374969,45.94445276028292],[14.505322369814227,45.944706991603496],[14.504995383050806,45.94499682637964],[14.50473666824898,45.94524168561312],[14.504499513013972,45.94551964950362],[14.504236306635727,45.94582884365448],[14.503968608681058,45.94616239662288],[14.503788945624233,45.946414746224185],[14.503629045503661,45.94668895649355],[14.50346734875252,45.94702875048076],[14.503307448631947,45.947364794691644],[14.503129582205691,45.947884472433984],[14.503019089425743,45.94822675751643],[14.50290051180824,45.94865898310446],[14.502746899894653,45.94934104321714],[14.502614847547889,45.94996938054552],[14.502534897487605,45.95041970540192],[14.50241811650067,45.95115295885077],[14.502278877631628,45.952126034905234],[14.502136943816739,45.95316467168945],[14.501985128533724,45.95418767554329],[14.501916856572128,45.95460798850322],[14.501819838521444,45.955130720975966],[14.501730905308317,45.955579130327],[14.5015790900253,45.956228005958096],[14.501416494958875,45.95681754566092],[14.501300612287222,45.95719662137283],[14.50113622059023,45.95765250800356],[14.500935896281872,45.95818957511266],[14.500675384849476,45.95876660420569],[14.5004759588564,45.959171270374476],[14.500053750672866,45.959964357534496],[14.499592016616827,45.960771171563685],[14.499171605063859,45.96147993425614],[14.49863980241566,45.96237539768055],[14.498318205543944,45.96292865445957],[14.498038829490586,45.963414466804544],[14.497569010596992,45.96424808088873],[14.497159378827432,45.96499301529606],[14.496875511197649,45.96551689862411],[14.496599728405426,45.96603890378247],[14.496350895071723,45.96651344965794],[14.49608409543234,45.96703045027412],[14.495877482916994,45.96743380730737],[14.495616073169316,45.967950174950126],[14.495311544287999,45.96856019436681],[14.49510044019623,45.96898539328265],[14.494861488330654,45.96947177688006],[14.494661164022295,45.9698826084783],[14.494492280748881,45.97022975255986],[14.494312617692056,45.97060374168072],[14.49411498832955,45.97101394053375],[14.493871544887554,45.97152465571218],[14.493449336704018,45.9724137134431],[14.492964246450594,45.973441356492835],[14.492690260288935,45.974022596943854]]},"properties":{"FID":87,"FAULT_NAME":"Mišja dolina segment 3","FAULT_DESI":"MAF.SI-037/3","FAULT_TYPE":"dextral strike-slip","MINDEPTH_g":0,"MAXDEPTH_g":0,"MAXDEPTH":15,"STRIKEMIN":315,"STRIKEMAX":350,"STRIKE_BES":335,"DIPMIN":80,"DIPMAX":90,"DIP_BEST_E":85,"RAKEMIN":160,"RAKEMAX":180,"RAKE_BEST":175,"FAULT_WIDT":15.0572975632,"TOTAL_FAUL":52,"TOTAL_FA_1":38,"SEGMENTATI":"geometric","TOTAL_SEGM":7,"TOTAL_SE_1":7,"MIN_TOTAL":780,"MAX_TOTAL":792.032757271,"BEST_ESTIM":782.979473284,"MIN_TOTA_1":105,"MAX_TOTA_1":106.619794248,"BEST_EST_1":105.401082942,"SLIPRATEMI":0.05,"SLIPRATEMA":0.85,"BEST_EST_2":0.45,"ACTIVITY":"active","FAULT_WE_1":" ","__id":106},"id":106},{"type":"Feature","geometry":{"type":"LineString","coordinates":[[14.643069137165828,45.77408062189414],[14.641864496369823,45.775379476719166],[14.634911536070739,45.781405316207454],[14.62955578034682,45.78687737701276],[14.624732725586382,45.792258078420645],[14.62067413713273,45.79756686208509],[14.617556084781551,45.80125628157737],[14.612032344099498,45.806541664806005],[14.607105983081388,45.811897926638295],[14.604186458408002,45.81558639711633],[14.600646197873285,45.82220324271806],[14.59742214431858,45.82637866923695],[14.593901646720115,45.83013440754043],[14.591681011337773,45.83354627609817],[14.589462172585996,45.83662247431763]]},"properties":{"FID":88,"FAULT_NAME":"Mišja dolina segment 6","FAULT_DESI":"MAF.SI-037/6","FAULT_TYPE":"dextral strike-slip","MINDEPTH_g":0,"MAXDEPTH_g":0,"MAXDEPTH":15,"STRIKEMIN":320,"STRIKEMAX":340,"STRIKE_BES":330,"DIPMIN":80,"DIPMAX":90,"DIP_BEST_E":85,"RAKEMIN":160,"RAKEMAX":180,"RAKE_BEST":175,"FAULT_WIDT":15.0572975632,"TOTAL_FAUL":52,"TOTAL_FA_1":38,"SEGMENTATI":"geometric","TOTAL_SEGM":8,"TOTAL_SE_1":8,"MIN_TOTAL":780,"MAX_TOTAL":792.032757271,"BEST_ESTIM":782.979473284,"MIN_TOTA_1":120,"MAX_TOTA_1":121.851193426,"BEST_EST_1":120.458380505,"SLIPRATEMI":0.05,"SLIPRATEMA":0.85,"BEST_EST_2":0.45,"ACTIVITY":"active","FAULT_WE_1":" ","__id":107},"id":107},{"type":"Feature","geometry":{"type":"LineString","coordinates":[[14.531463344582104,45.95517880961767],[14.531396869251079,45.95474538580767],[14.531311529299087,45.95419329639143],[14.531245952283346,45.95367555143238],[14.53117229043005,45.95293483672396],[14.53108784879334,45.9522153471916],[14.531049221236126,45.95200549431853],[14.531062695965385,45.95168384328328],[14.531117493197717,45.95105552539088],[14.531330393920054,45.94956152422408],[14.531407649034488,45.948723316971744],[14.531626837963815,45.94762088649567],[14.531855908361266,45.9466364881187],[14.532235895726448,45.94548529449152],[14.532785664680329,45.944411533472405],[14.533253686943354,45.94349828929351],[14.533437841576598,45.9430728947693],[14.533816930626498,45.9420690506987],[14.534496955296575,45.940904643768334],[14.535086250122957,45.939929496617346],[14.5355533740707,45.93914174510803],[14.535777054576448,45.938688829775884],[14.53626663640629,45.93763555305677],[14.537101171305236,45.93603935714359],[14.53802643604788,45.9342962962103],[14.538402830151927,45.93359968126714],[14.538719037131939,45.932874317753516],[14.538953497421092,45.932371993274685],[14.539217602114624,45.931870289036276],[14.539350552776673,45.931605377370936],[14.539687421008217,45.93076127539433],[14.540178799468631,45.92944979909638],[14.54050578623205,45.92862690842614],[14.54074114483649,45.928083306526574],[14.541007944475874,45.92728788862926],[14.541500221251571,45.92580199494872],[14.541797563610615,45.92490156650115],[14.54200507444125,45.92409235567011],[14.542267382504209,45.922535138372616],[14.542429977570634,45.92104786756245],[14.54248746974882,45.92015423609501],[14.542595267582914,45.91923246827805],[14.542741692974227,45.91717890200245],[14.542816253142806,45.916690184529635],[14.542922254346333,45.91593647625553],[14.54297615326338,45.91555836833176],[14.543442378895838,45.91363654030005],[14.544140369871599,45.910773986870325],[14.545518385517438,45.90720746375073],[14.546494854231275,45.90409891381779],[14.54912332475261,45.89210689410324],[14.551596386729791,45.88281257941658]]},"properties":{"FID":89,"FAULT_NAME":"Mišja dolina segment 4","FAULT_DESI":"MAF.SI-037/4","FAULT_TYPE":"dextral strike-slip","MINDEPTH_g":0,"MAXDEPTH_g":0,"MAXDEPTH":15,"STRIKEMIN":335,"STRIKEMAX":5,"STRIKE_BES":345,"DIPMIN":80,"DIPMAX":90,"DIP_BEST_E":85,"RAKEMIN":160,"RAKEMAX":180,"RAKE_BEST":175,"FAULT_WIDT":15.0572975632,"TOTAL_FAUL":52,"TOTAL_FA_1":38,"SEGMENTATI":"geometric","TOTAL_SEGM":8,"TOTAL_SE_1":8,"MIN_TOTAL":780,"MAX_TOTAL":792.032757271,"BEST_ESTIM":782.979473284,"MIN_TOTA_1":120,"MAX_TOTA_1":121.851193426,"BEST_EST_1":120.458380505,"SLIPRATEMI":0.05,"SLIPRATEMA":0.85,"BEST_EST_2":0.45,"ACTIVITY":"active","FAULT_WE_1":" ","__id":108},"id":108},{"type":"Feature","geometry":{"type":"LineString","coordinates":[[14.579236649706864,45.844801267557855],[14.572961917447289,45.852537127889754],[14.565436730312221,45.861440513877774],[14.559534798895557,45.86682714905769],[14.547571934256936,45.880429973061325],[14.546149002846889,45.88266187164801],[14.544287693578195,45.88562342324833],[14.544060419811311,45.88591231615625],[14.542367095500746,45.889060025925446],[14.539724251934867,45.89284216908361],[14.53698798357944,45.89660779982473],[14.532637442658448,45.9014290349227],[14.529915547347567,45.905939811481126],[14.528833077430201,45.90766251135059],[14.526812766356215,45.91061085437891],[14.52381957982953,45.91467027330793],[14.521766031090033,45.917493878757625],[14.519975688728783,45.919198096978555],[14.517507118328023,45.921134730273245],[14.515038547927261,45.92307192086081],[14.513167357190442,45.92430293908432]]},"properties":{"FID":90,"FAULT_NAME":"Mišja dolina segment 5","FAULT_DESI":"MAF.SI-037/5","FAULT_TYPE":"dextral strike-slip","MINDEPTH_g":0,"MAXDEPTH_g":0,"MAXDEPTH":15,"STRIKEMIN":315,"STRIKEMAX":330,"STRIKE_BES":330,"DIPMIN":80,"DIPMAX":90,"DIP_BEST_E":85,"RAKEMIN":160,"RAKEMAX":180,"RAKE_BEST":175,"FAULT_WIDT":15.0572975632,"TOTAL_FAUL":52,"TOTAL_FA_1":38,"SEGMENTATI":"geometric","TOTAL_SEGM":10,"TOTAL_SE_1":10,"MIN_TOTAL":780,"MAX_TOTAL":792.032757271,"BEST_ESTIM":782.979473284,"MIN_TOTA_1":150,"MAX_TOTA_1":152.313991783,"BEST_EST_1":150.572975632,"SLIPRATEMI":0.05,"SLIPRATEMA":0.85,"BEST_EST_2":0.45,"ACTIVITY":"active","FAULT_WE_1":" ","__id":109},"id":109},{"type":"Feature","geometry":{"type":"LineString","coordinates":[[14.535320710412112,45.929754709168186],[14.525735686330558,45.94437155592993],[14.51634200340452,45.95819644454197],[14.50655934996046,45.972678430122485],[14.48699314475705,45.99992374283107],[14.480269254855417,46.009928424405196],[14.476005850516987,46.01994377259184]]},"properties":{"FID":108,"FAULT_NAME":"Mišja dolina segment 2","FAULT_DESI":"MAF.SI-037/2","FAULT_TYPE":"dextral strike-slip","MINDEPTH_g":0,"MAXDEPTH_g":0,"MAXDEPTH":15,"STRIKEMIN":335,"STRIKEMAX":345,"STRIKE_BES":340,"DIPMIN":85,"DIPMAX":95,"DIP_BEST_E":90,"RAKEMIN":160,"RAKEMAX":180,"RAKE_BEST":175,"FAULT_WIDT":15,"TOTAL_FAUL":52,"TOTAL_FA_1":38,"SEGMENTATI":"geometric","TOTAL_SEGM":11,"TOTAL_SE_1":11,"MIN_TOTAL":782.979473284,"MAX_TOTAL":782.979473284,"BEST_ESTIM":780,"MIN_TOTA_1":165.630273195,"MAX_TOTA_1":165.630273195,"BEST_EST_1":165,"SLIPRATEMI":0.05,"SLIPRATEMA":0.85,"BEST_EST_2":0.45,"ACTIVITY":"active","FAULT_WE_1":" ","__id":110},"id":110},{"type":"Feature","geometry":{"type":"LineString","coordinates":[[14.406533739704319,46.07056730058375],[14.414256556201893,46.06674492388049],[14.422707008079605,46.06134091676983],[14.429730036970852,46.05612776139952],[14.435181912430174,46.05150077506898],[14.449388768648525,46.0387954538525],[14.461314802360494,46.02468567603439],[14.467564381792112,46.01780784950737]]},"properties":{"FID":109,"FAULT_NAME":"Mišja dolina segment 1","FAULT_DESI":"MAF.SI-037/1","FAULT_TYPE":"dextral strike-slip","MINDEPTH_g":0,"MAXDEPTH_g":0,"MAXDEPTH":15,"STRIKEMIN":305,"STRIKEMAX":330,"STRIKE_BES":320,"DIPMIN":80,"DIPMAX":90,"DIP_BEST_E":85,"RAKEMIN":160,"RAKEMAX":180,"RAKE_BEST":175,"FAULT_WIDT":15.0572975632,"TOTAL_FAUL":52,"TOTAL_FA_1":38,"SEGMENTATI":"geometric","TOTAL_SEGM":8,"TOTAL_SE_1":8,"MIN_TOTAL":780,"MAX_TOTAL":792.032757271,"BEST_ESTIM":782.979473284,"MIN_TOTA_1":120,"MAX_TOTA_1":121.851193426,"BEST_EST_1":120.458380505,"SLIPRATEMI":0.05,"SLIPRATEMA":0.85,"BEST_EST_2":0.45,"ACTIVITY":"active","FAULT_WE_1":"inferred","__id":111},"id":111},{"type":"Feature","geometry":{"type":"LineString","coordinates":[[14.032763614603152,45.66284478021296],[14.028234308940622,45.664784063802955],[14.02282375598437,45.66671574696991],[14.018565741537643,45.66822488691637],[14.012008938278854,45.67014640763798],[14.007229002652055,45.671217308233516],[14.003336602525964,45.671986887684426],[13.998470428631888,45.67293346845043],[13.993776731272366,45.674128597955274],[13.991020699980686,45.675402161128],[13.987728374464387,45.67704161919921],[13.983455088657832,45.67935259605251],[13.979172819698432,45.68209589415273],[13.972568405729586,45.68642552519522],[13.966949443627419,45.68983615235422],[13.962493799818187,45.69232982613111],[13.959470968887123,45.69366195707225],[13.95653527453862,45.69499531118942],[13.953338170442441,45.69620189083183],[13.949431397271805,45.69758788804724],[13.945879458638396,45.69885338832079],[13.942496403278403,45.70049090442013],[13.939022618074711,45.70231281999108],[13.935096980283108,45.70462526230916],[13.930379926726198,45.70680587177464],[13.923445831048078,45.709584206337894],[13.916772246802354,45.71254995274905],[13.911617713702075,45.71447873254828],[13.905758003103765,45.71633907952245],[13.900966389378272,45.71771454236695],[13.892521327392263,45.720908772108366],[13.889590124620183,45.721869576744574],[13.887284149285847,45.72246536766444],[13.885072497056344,45.72275259933277],[13.882332635439782,45.72297335279913],[13.879325075868548,45.72331451553146],[13.877018202218931,45.723971749628326],[13.873905539759457,45.72517770391526],[13.869897256961714,45.72699191683454],[13.85973641278304,45.73195953601486],[13.854383352004971,45.73474916022476],[13.850199897726826,45.73649973657803],[13.846375769562329,45.73788285372718],[13.841223931407905,45.73943772239974],[13.833145382057815,45.741642677644414],[13.828256750281637,45.743261386627836],[13.824173907315314,45.74433214121747],[13.822122155206387,45.745361500682435],[13.820594120908098,45.746644098644786],[13.819420921147039,45.74786774234958],[13.817455407305387,45.748960348254755],[13.813523481306794,45.751206297698936],[13.809151380818983,45.753385716239556],[13.804343597418377,45.7552516621267],[13.799692120877205,45.75804639013174],[13.795488903662811,45.760536394297986],[13.792267545053958,45.76247981140179],[13.787808307983587,45.7645340819694],[13.783977891612102,45.76603870256411],[13.776599129868345,45.76830902991537],[13.769399132866127,45.77039504278433],[13.763971511919479,45.77225227426076],[13.75961558110678,45.77350355223],[13.754298452940077,45.774310570900006],[13.749599365688848,45.77512509653553],[13.74533236808928,45.77631428259901],[13.742752406593288,45.777151334083044],[13.738941753158054,45.777727112951894],[13.735573070842605,45.77824649923584],[13.73307665266804,45.779269594616345],[13.73021192522698,45.78096865581791],[13.727428944476777,45.78291511989325],[13.725375395737283,45.78388112221298],[13.72250707503509,45.78570345066536],[13.719627076234199,45.78801995821159],[13.717455848192483,45.790221114959394],[13.712638183323751,45.79610004486414],[13.709446469119275,45.80039078360891],[13.706995865024197,45.80320642092043],[13.7051516237459,45.80463798265446]]},"properties":{"FID":12,"FAULT_NAME":"Divača segment 2","FAULT_DESI":"MAF.SI-011/2","FAULT_TYPE":"dextral strike-slip","MINDEPTH_g":0,"MAXDEPTH_g":0,"MAXDEPTH":15,"STRIKEMIN":280,"STRIKEMAX":330,"STRIKE_BES":300,"DIPMIN":65,"DIPMAX":85,"DIP_BEST_E":80,"RAKEMIN":150,"RAKEMAX":170,"RAKE_BEST":160,"FAULT_WIDT":15.2313991783,"TOTAL_FAUL":50,"TOTAL_FA_1":49,"SEGMENTATI":"structural","TOTAL_SEGM":30,"TOTAL_SE_1":30,"MIN_TOTAL":752.864878158,"MAX_TOTAL":827.533439222,"BEST_ESTIM":761.569958914,"MIN_TOTA_1":451.718926895,"MAX_TOTA_1":496.520063533,"BEST_EST_1":456.941975349,"SLIPRATEMI":0.05,"SLIPRATEMA":0.5,"BEST_EST_2":0.2,"ACTIVITY":"probably","FAULT_WE_1":" ","__id":112},"id":112},{"type":"Feature","geometry":{"type":"LineString","coordinates":[[13.7051516237459,45.80463798265446],[13.703306484152318,45.806069507602196],[13.699433846962478,45.80917728050116],[13.696561034683862,45.81112275952805],[13.69325253949245,45.81275385387825],[13.690218030462697,45.814016745175174],[13.686394800613483,45.81496217306311],[13.681960716371067,45.815590779808105],[13.674860432365387,45.81680665040762],[13.668807583980993,45.818590964444546],[13.66194715015617,45.820859151992956],[13.65819398889912,45.82254567704085],[13.652397160370695,45.82464092856998],[13.647233644117577,45.826125147771535],[13.639940222325809,45.827954858270374],[13.635577104990842,45.82920113023401],[13.63137927766815,45.83094311002939],[13.628155224113447,45.83263496275662],[13.62547554962092,45.833715268003445],[13.623422899196704,45.834494501817026],[13.620132370310973,45.835258077780836],[13.609596030343537,45.838817955948144],[13.603417417819363,45.84072109555733],[13.596392592297548,45.843436445782835],[13.58780110492023,45.847451341672304],[13.582905286621779,45.84986289325833],[13.574419800447986,45.852898145970755],[13.565018032684389,45.85608901844432],[13.55585701341694,45.861349178668924],[13.544881397275567,45.86803314334767],[13.532224134922323,45.876658242152],[13.518511352110238,45.885888554458624],[13.507326428507664,45.894530263585224],[13.501234054250766,45.90086016096777]]},"properties":{"FID":47,"FAULT_NAME":"Divača segment 1","FAULT_DESI":"MAF.SI-011/1","FAULT_TYPE":"dextral strike-slip","MINDEPTH_g":0,"MAXDEPTH_g":0,"MAXDEPTH":15,"STRIKEMIN":285,"STRIKEMAX":325,"STRIKE_BES":305,"DIPMIN":65,"DIPMAX":85,"DIP_BEST_E":80,"RAKEMIN":150,"RAKEMAX":170,"RAKE_BEST":160,"FAULT_WIDT":15.2313991783,"TOTAL_FAUL":50,"TOTAL_FA_1":49,"SEGMENTATI":"structural","TOTAL_SEGM":20,"TOTAL_SE_1":19,"MIN_TOTAL":752.864878158,"MAX_TOTAL":827.533439222,"BEST_ESTIM":761.569958914,"MIN_TOTA_1":301.145951263,"MAX_TOTA_1":331.013375689,"BEST_EST_1":304.627983566,"SLIPRATEMI":0.05,"SLIPRATEMA":0.5,"BEST_EST_2":0.2,"ACTIVITY":"probably","FAULT_WE_1":" ","__id":113},"id":113},{"type":"Feature","geometry":{"type":"LineString","coordinates":[[14.702544795496815,45.73829602668314],[14.691676977189537,45.74323631016183],[14.670347379083404,45.7502159096975],[14.648819253299479,45.756500814414395],[14.629243166627946,45.76513443107913],[14.619765042065202,45.76703570285194],[14.613248662994197,45.768255766324465],[14.59842286754509,45.77317334790125],[14.581599218904097,45.78111838623633],[14.574470188809325,45.78481891779082],[14.568309542590834,45.790730362804005],[14.561961148477963,45.79526077255547]]},"properties":{"FID":70,"FAULT_NAME":"Rakitna segment 6","FAULT_DESI":"MAF.SI-029/6","FAULT_TYPE":"dextral transpressive","MINDEPTH_g":0,"MAXDEPTH_g":0,"MAXDEPTH":10,"STRIKEMIN":285,"STRIKEMAX":325,"STRIKE_BES":305,"DIPMIN":50,"DIPMAX":70,"DIP_BEST_E":60,"RAKEMIN":130,"RAKEMAX":160,"RAKE_BEST":145,"FAULT_WIDT":11.5470053838,"TOTAL_FAUL":50,"TOTAL_FA_1":46,"SEGMENTATI":"geometric","TOTAL_SEGM":13,"TOTAL_SE_1":13,"MIN_TOTAL":532.088886238,"MAX_TOTAL":652.703644666,"BEST_ESTIM":577.35026919,"MIN_TOTA_1":138.343110422,"MAX_TOTA_1":169.702947613,"BEST_EST_1":150.111069989,"SLIPRATEMI":0.01,"SLIPRATEMA":0.2,"BEST_EST_2":0.1,"ACTIVITY":"potentially","FAULT_WE_1":" ","__id":114},"id":114},{"type":"Feature","geometry":{"type":"LineString","coordinates":[[14.425485497253387,45.88574785998809],[14.429888140460857,45.88038744792533],[14.433342162728298,45.871019868219086],[14.43856766273602,45.86221247807424],[14.444775021349287,45.85382351783667],[14.452138511733214,45.84806268677514],[14.46960894737877,45.838483757663425],[14.475766000336126,45.83464784373246]]},"properties":{"FID":71,"FAULT_NAME":"Rakitna segment 4","FAULT_DESI":"MAF.SI-029/4","FAULT_TYPE":"dextral transpressive","MINDEPTH_g":0,"MAXDEPTH_g":0,"MAXDEPTH":10,"STRIKEMIN":310,"STRIKEMAX":345,"STRIKE_BES":320,"DIPMIN":50,"DIPMAX":70,"DIP_BEST_E":60,"RAKEMIN":130,"RAKEMAX":160,"RAKE_BEST":145,"FAULT_WIDT":11.5470053838,"TOTAL_FAUL":50,"TOTAL_FA_1":46,"SEGMENTATI":"geometric","TOTAL_SEGM":7,"TOTAL_SE_1":7,"MIN_TOTAL":532.088886238,"MAX_TOTAL":652.703644666,"BEST_ESTIM":577.35026919,"MIN_TOTA_1":74.4924440733,"MAX_TOTA_1":91.3785102533,"BEST_EST_1":80.8290376865,"SLIPRATEMI":0.01,"SLIPRATEMA":0.2,"BEST_EST_2":0.1,"ACTIVITY":"potentially","FAULT_WE_1":" ","__id":115},"id":115},{"type":"Feature","geometry":{"type":"LineString","coordinates":[[14.48944644379798,45.85002870705295],[14.49505013454032,45.84191075943283],[14.49985881625621,45.83406514220595],[14.501319476908188,45.82523875253551],[14.503344279558595,45.81958890322285],[14.510311612902226,45.81285591308835],[14.517864647811102,45.80667755015619],[14.527772167079657,45.801888174280094],[14.535694409570308,45.798332197159105],[14.542438960723477,45.793942337919724],[14.547421017289203,45.78775185463856],[14.553590646660536,45.781013136444436]]},"properties":{"FID":72,"FAULT_NAME":"Rakitna segment 5","FAULT_DESI":"MAF.SI-029/5","FAULT_TYPE":"dextral transpressive","MINDEPTH_g":0,"MAXDEPTH_g":0,"MAXDEPTH":10,"STRIKEMIN":305,"STRIKEMAX":335,"STRIKE_BES":325,"DIPMIN":50,"DIPMAX":70,"DIP_BEST_E":60,"RAKEMIN":130,"RAKEMAX":160,"RAKE_BEST":145,"FAULT_WIDT":11.5470053838,"TOTAL_FAUL":50,"TOTAL_FA_1":46,"SEGMENTATI":"geometric","TOTAL_SEGM":10,"TOTAL_SE_1":9,"MIN_TOTAL":532.088886238,"MAX_TOTAL":652.703644666,"BEST_ESTIM":577.35026919,"MIN_TOTA_1":106.417777248,"MAX_TOTA_1":130.540728933,"BEST_EST_1":115.470053838,"SLIPRATEMI":0.01,"SLIPRATEMA":0.2,"BEST_EST_2":0.1,"ACTIVITY":"potentially","FAULT_WE_1":" ","__id":116},"id":116},{"type":"Feature","geometry":{"type":"LineString","coordinates":[[14.307473818378606,45.99195314588346],[14.306426382757323,45.99280442944033],[14.306011361096058,45.99316703231607],[14.305654729928264,45.9934509967648],[14.305205572286203,45.993837310895195],[14.304918111395285,45.99405823892731],[14.304446495871122,45.994420209503026],[14.30388325218798,45.99479840381681],[14.303515841236777,45.99501059091383],[14.303023564461078,45.99525398099386],[14.302289640873953,45.995622184464885],[14.301509004892052,45.99606215319638],[14.30120986590244,45.99629118517996],[14.300909828597543,45.996551419280614],[14.30047055242361,45.997065019202296],[14.2994303033246,45.99823386249413],[14.299166198631069,45.998438547940744],[14.298751176969805,45.99879362547132],[14.298131339423763,45.99916305345358],[14.29703808972299,45.99996617638502],[14.296291589721886,46.00045415991639],[14.295660972392433,46.000775527794374],[14.294797691404396,46.00140577782437],[14.293694560235497,46.00217704432997],[14.29268305722558,46.00286967741667],[14.291288871904625,46.00402092674064],[14.289584767810652,46.005416121453145],[14.285839691391155,46.00863317156643],[14.285124632424997,46.0092795539421],[14.28445628585361,46.00984731601359],[14.283765481400126,46.0103670315699],[14.283133067440104,46.010776311932155],[14.282810572253105,46.01104396467749],[14.282408127005818,46.0113752533447],[14.282051495838022,46.011619195332045],[14.28157988031386,46.011941746128876],[14.2811082647897,46.01223247695667],[14.280615089698719,46.012515719683925],[14.279949438073183,46.012860724834894],[14.279031359852814,46.01331552942154],[14.278135739514546,46.01382585439506],[14.27750422386981,46.01420329220789],[14.276757723868707,46.01465122332743],[14.27632024432534,46.014950050009375],[14.27597529125624,46.01518649001845],[14.275482116165255,46.015421681320085],[14.274942228679503,46.01572798997715],[14.274482291254033,46.01601870090114],[14.274044811710667,46.01634184987712],[14.273597450699176,46.016561440381636],[14.272781780421196,46.017048653699796],[14.27195443204452,46.017551458333756]]},"properties":{"FID":91,"FAULT_NAME":"Rakitna segment 1","FAULT_DESI":"MAF.SI-029/1","FAULT_TYPE":"dextral transpressive","MINDEPTH_g":0,"MAXDEPTH_g":0,"MAXDEPTH":10,"STRIKEMIN":310,"STRIKEMAX":330,"STRIKE_BES":315,"DIPMIN":80,"DIPMAX":90,"DIP_BEST_E":85,"RAKEMIN":150,"RAKEMAX":170,"RAKE_BEST":155,"FAULT_WIDT":10.0381983754,"TOTAL_FAUL":50,"TOTAL_FA_1":46,"SEGMENTATI":"geologic","TOTAL_SEGM":4,"TOTAL_SE_1":4,"MIN_TOTAL":500,"MAX_TOTAL":507.713305943,"BEST_ESTIM":501.909918772,"MIN_TOTA_1":40,"MAX_TOTA_1":40.6170644754,"BEST_EST_1":40.1527935017,"SLIPRATEMI":0.01,"SLIPRATEMA":0.2,"BEST_EST_2":0.1,"ACTIVITY":"potentially","FAULT_WE_1":" ","__id":117},"id":117},{"type":"Feature","geometry":{"type":"LineString","coordinates":[[14.368227779358895,45.93862136069255],[14.36978186480042,45.937142642666586],[14.371335950241948,45.93572073719413],[14.37269959284324,45.9344481133729],[14.373354464685365,45.93379273507406],[14.374500714987901,45.93255630440169],[14.375239130151447,45.93171346648153],[14.376689011020014,45.92991403651024],[14.378376945438877,45.92851131536473],[14.380090931000975,45.92722165535984],[14.38147882811494,45.9261750342361],[14.382672689127535,45.9255226824832],[14.383677903930465,45.924869073320735],[14.384901409347435,45.924028618099314],[14.385282295027903,45.92369180756328],[14.386098863621166,45.92301818035671],[14.386994483959434,45.92251451682303],[14.389219610918198,45.92132220328627],[14.390251775179653,45.920631049641045],[14.39142227999486,45.9196580456951],[14.392564038720975,45.91887375584951],[14.394249278193982,45.91765886586823],[14.395285035716574,45.91666643600058],[14.396726831747586,45.91548837121036],[14.397761690954892,45.91462777438606],[14.399038196973626,45.91376841420389],[14.399990411174791,45.91296404101633],[14.401080067614428,45.911953401767775],[14.401952331755309,45.9111102507996],[14.402987190962614,45.91019333302148],[14.404156797462537,45.90925827379794],[14.405840240304979,45.90813755706283],[14.407253290246897,45.907147457195435],[14.409289770995997,45.905858550732944],[14.413369919016466,45.903753230810445],[14.42064088292613,45.89906035541626],[14.423532559825713,45.897602463900874],[14.435824207858321,45.88914068598912],[14.442633437711946,45.885559641494766]]},"properties":{"FID":93,"FAULT_NAME":"Rakitna segment 3","FAULT_DESI":"MAF.SI-029/3","FAULT_TYPE":"dextral transpressive","MINDEPTH_g":0,"MAXDEPTH_g":0,"MAXDEPTH":10,"STRIKEMIN":310,"STRIKEMAX":330,"STRIKE_BES":315,"DIPMIN":70,"DIPMAX":85,"DIP_BEST_E":80,"RAKEMIN":150,"RAKEMAX":170,"RAKE_BEST":155,"FAULT_WIDT":10.1542661189,"TOTAL_FAUL":50,"TOTAL_FA_1":46,"SEGMENTATI":"geologic","TOTAL_SEGM":8,"TOTAL_SE_1":8,"MIN_TOTAL":501.909918772,"MAX_TOTAL":532.088886238,"BEST_ESTIM":507.713305943,"MIN_TOTA_1":80.3055870035,"MAX_TOTA_1":85.1342217981,"BEST_EST_1":81.2341289509,"SLIPRATEMI":0.01,"SLIPRATEMA":0.2,"BEST_EST_2":0.1,"ACTIVITY":"potentially","FAULT_WE_1":" ","__id":118},"id":118},{"type":"Feature","geometry":{"type":"LineString","coordinates":[[14.307512445935822,45.99191944377232],[14.30871349347069,45.99094769074081],[14.309829201053567,45.990070789128204],[14.363828729412562,45.94343519868183],[14.364456651796159,45.942798666612966],[14.365850837117112,45.94116826164193],[14.367079732425788,45.93987639714493],[14.368199931585085,45.93864010211283]]},"properties":{"FID":95,"FAULT_NAME":"Rakitna segment 2","FAULT_DESI":"MAF.SI-029/2","FAULT_TYPE":"dextral transpressive","MINDEPTH_g":0,"MAXDEPTH_g":0,"MAXDEPTH":10,"STRIKEMIN":320,"STRIKEMAX":320,"STRIKE_BES":320,"DIPMIN":80,"DIPMAX":90,"DIP_BEST_E":85,"RAKEMIN":150,"RAKEMAX":170,"RAKE_BEST":155,"FAULT_WIDT":10.0381983754,"TOTAL_FAUL":50,"TOTAL_FA_1":46,"SEGMENTATI":"geologic","TOTAL_SEGM":8,"TOTAL_SE_1":8,"MIN_TOTAL":500,"MAX_TOTAL":507.713305943,"BEST_ESTIM":501.909918772,"MIN_TOTA_1":80,"MAX_TOTA_1":81.2341289509,"BEST_EST_1":80.3055870035,"SLIPRATEMI":0.01,"SLIPRATEMA":0.2,"BEST_EST_2":0.1,"ACTIVITY":"potentially","FAULT_WE_1":"inferred","__id":119},"id":119},{"type":"Feature","geometry":{"type":"LineString","coordinates":[[15.095804769002237,46.11874405377342],[15.102167536159659,46.11344477794498],[15.11145791282802,46.1072001946298],[15.121254041001345,46.10091566219864],[15.128401935717083,46.095966633745874],[15.138308556670353,46.09030818830572]]},"properties":{"FID":157,"FAULT_NAME":"Hrastnik segment 4","FAULT_DESI":"MAF.SI-071/4","FAULT_TYPE":"dextral strike-slip","MINDEPTH_g":0,"MAXDEPTH_g":0,"MAXDEPTH":15,"STRIKEMIN":310,"STRIKEMAX":320,"STRIKE_BES":315,"DIPMIN":80,"DIPMAX":90,"DIP_BEST_E":85,"RAKEMIN":160,"RAKEMAX":180,"RAKE_BEST":170,"FAULT_WIDT":15.0572975632,"TOTAL_FAUL":49,"TOTAL_FA_1":40,"SEGMENTATI":"geometric","TOTAL_SEGM":5,"TOTAL_SE_1":5,"MIN_TOTAL":735,"MAX_TOTAL":746.338559736,"BEST_ESTIM":737.807580594,"MIN_TOTA_1":75,"MAX_TOTA_1":76.1569958914,"BEST_EST_1":75.2864878158,"SLIPRATEMI":0.04,"SLIPRATEMA":0.1,"BEST_EST_2":0.07,"ACTIVITY":"probably","FAULT_WE_1":" ","__id":120},"id":120},{"type":"Feature","geometry":{"type":"LineString","coordinates":[[15.165118776324901,46.088692718020226],[15.168557527232512,46.08645353441896],[15.173674331090854,46.08222226350507],[15.176130325077638,46.07973419198842],[15.180022725203726,46.07533601903323],[15.182549686097953,46.07231916074443],[15.188342921365244,46.06756950266801],[15.19516113437171,46.062764584266894],[15.201082828724626,46.05946029795675],[15.204830600089972,46.05736205764932],[15.223428421417099,46.0504247051741]]},"properties":{"FID":158,"FAULT_NAME":"Hrastnik segment 5","FAULT_DESI":"MAF.SI-071/5","FAULT_TYPE":"dextral strike-slip","MINDEPTH_g":0,"MAXDEPTH_g":0,"MAXDEPTH":15,"STRIKEMIN":120,"STRIKEMAX":150,"STRIKE_BES":135,"DIPMIN":80,"DIPMAX":90,"DIP_BEST_E":85,"RAKEMIN":160,"RAKEMAX":180,"RAKE_BEST":170,"FAULT_WIDT":15.0572975632,"TOTAL_FAUL":49,"TOTAL_FA_1":40,"SEGMENTATI":"geometric","TOTAL_SEGM":6,"TOTAL_SE_1":6,"MIN_TOTAL":735,"MAX_TOTAL":746.338559736,"BEST_ESTIM":737.807580594,"MIN_TOTA_1":90,"MAX_TOTA_1":91.3883950697,"BEST_EST_1":90.3437853789,"SLIPRATEMI":0.04,"SLIPRATEMA":0.1,"BEST_EST_2":0.07,"ACTIVITY":"probably","FAULT_WE_1":" ","__id":121},"id":121},{"type":"Feature","geometry":{"type":"LineString","coordinates":[[15.109472636050116,46.125315444234914],[15.11356446216928,46.12149810597728],[15.116734616806937,46.12017122168186],[15.119732294910046,46.11813880386445],[15.122900652917135,46.11631180548439],[15.127756047027802,46.113041862686174],[15.130035072903613,46.11083293797631],[15.132946512739442,46.10835923578733],[15.136700572311781,46.10444293644811],[15.138260945960294,46.102970515304996],[15.140836415879864,46.10152608427305],[15.147339320221608,46.098371125956675],[15.156900988105775,46.09055738891949],[15.16108264575335,46.087935742081555]]},"properties":{"FID":159,"FAULT_NAME":"Hrastnik segment 3","FAULT_DESI":"MAF.SI-071/3","FAULT_TYPE":"dextral strike-slip","MINDEPTH_g":0,"MAXDEPTH_g":0,"MAXDEPTH":15,"STRIKEMIN":300,"STRIKEMAX":325,"STRIKE_BES":315,"DIPMIN":80,"DIPMAX":90,"DIP_BEST_E":85,"RAKEMIN":160,"RAKEMAX":180,"RAKE_BEST":170,"FAULT_WIDT":15.0572975632,"TOTAL_FAUL":49,"TOTAL_FA_1":40,"SEGMENTATI":"geometric","TOTAL_SEGM":6,"TOTAL_SE_1":6,"MIN_TOTAL":735,"MAX_TOTAL":746.338559736,"BEST_ESTIM":737.807580594,"MIN_TOTA_1":90,"MAX_TOTA_1":91.3883950697,"BEST_EST_1":90.3437853789,"SLIPRATEMI":0.04,"SLIPRATEMA":0.1,"BEST_EST_2":0.07,"ACTIVITY":"probably","FAULT_WE_1":" ","__id":122},"id":122},{"type":"Feature","geometry":{"type":"LineString","coordinates":[[15.105533523529253,46.12382926031032],[15.103335346029013,46.12459632798756],[15.102405589709948,46.125214581742824],[15.101138965159342,46.12633339793814],[15.098985703423303,46.12848255706215],[15.096324893551744,46.131102276097685],[15.095016946498067,46.13295617497111],[15.094426753356398,46.13413334968564],[15.094133004258492,46.13519222516889],[15.093880577663656,46.13607491709525],[15.093627252753532,46.13666316302605],[15.092867278023167,46.13728128134451],[15.091684196793981,46.1382529518043],[15.090458894746442,46.13913621712053],[15.085156139624283,46.14499068169724],[15.0785256745122,46.149972025839936],[15.072886949473782,46.154480612450236],[15.069074499407977,46.15713518509273],[15.065262049342174,46.160261890863026],[15.063120465704834,46.16160709746513]]},"properties":{"FID":160,"FAULT_NAME":"Hrastnik segment 2","FAULT_DESI":"MAF.SI-071/2","FAULT_TYPE":"dextral strike-slip","MINDEPTH_g":0,"MAXDEPTH_g":0,"MAXDEPTH":15,"STRIKEMIN":315,"STRIKEMAX":350,"STRIKE_BES":320,"DIPMIN":80,"DIPMAX":90,"DIP_BEST_E":85,"RAKEMIN":160,"RAKEMAX":180,"RAKE_BEST":170,"FAULT_WIDT":15.0572975632,"TOTAL_FAUL":49,"TOTAL_FA_1":40,"SEGMENTATI":"geometric","TOTAL_SEGM":5,"TOTAL_SE_1":5,"MIN_TOTAL":735,"MAX_TOTAL":746.338559736,"BEST_ESTIM":737.807580594,"MIN_TOTA_1":75,"MAX_TOTA_1":76.1569958914,"BEST_EST_1":75.2864878158,"SLIPRATEMI":0.04,"SLIPRATEMA":0.1,"BEST_EST_2":0.07,"ACTIVITY":"probably","FAULT_WE_1":" ","__id":123},"id":123},{"type":"Feature","geometry":{"type":"LineString","coordinates":[[15.06474911131494,46.15487949101056],[15.060464147409691,46.15626216466827],[15.057434129956357,46.158080371205415],[15.053140182898264,46.16007460463442],[15.049099560750298,46.16201401287194],[15.044640323679927,46.164485928183716],[15.038927038472925,46.16908975323916],[15.031331782745694,46.17553446100196],[15.025685871185004,46.17941087509867],[15.020179198493352,46.183093588546775],[15.0181570907888,46.185080073989816],[15.014208995115094,46.1884651435004],[15.012169819420144,46.19158944669042]]},"properties":{"FID":161,"FAULT_NAME":"Hrastnik segment 1","FAULT_DESI":"MAF.SI-071/1","FAULT_TYPE":"dextral strike-slip","MINDEPTH_g":0,"MAXDEPTH_g":0,"MAXDEPTH":15,"STRIKEMIN":305,"STRIKEMAX":335,"STRIKE_BES":315,"DIPMIN":80,"DIPMAX":90,"DIP_BEST_E":85,"RAKEMIN":160,"RAKEMAX":180,"RAKE_BEST":170,"FAULT_WIDT":15.0572975632,"TOTAL_FAUL":49,"TOTAL_FA_1":40,"SEGMENTATI":"geometric","TOTAL_SEGM":6,"TOTAL_SE_1":6,"MIN_TOTAL":735,"MAX_TOTAL":746.338559736,"BEST_ESTIM":737.807580594,"MIN_TOTA_1":90,"MAX_TOTA_1":91.3883950697,"BEST_EST_1":90.3437853789,"SLIPRATEMI":0.04,"SLIPRATEMA":0.1,"BEST_EST_2":0.07,"ACTIVITY":"probably","FAULT_WE_1":" ","__id":124},"id":124},{"type":"Feature","geometry":{"type":"LineString","coordinates":[[15.364025543165214,45.932368869352],[15.357768777211321,45.93780422860991],[15.352913383100656,45.94085279460778],[15.349389292241053,45.94476758218844],[15.346620684535397,45.94976701423128],[15.34381434758781,45.95409337011739],[15.339921049146433,45.95869791058114],[15.336733826518378,45.962896183559685],[15.32618401182168,45.97119687450696],[15.312331091825271,45.980772280929585],[15.304177982306603,45.98822144858206],[15.296292570742601,45.99528830514979],[15.277238405251142,46.009428046123595],[15.265372558663206,46.014217641032594],[15.25241615732035,46.01995999131833],[15.243280290880856,46.024835998076945],[15.234625023118365,46.03098263439833],[15.21770884800311,46.04085760946103],[15.199858424992371,46.04924574242149],[15.190418927986842,46.05564899664023],[15.183403983933152,46.06285060152979]]},"properties":{"FID":162,"FAULT_NAME":"Hrastnik segment 6","FAULT_DESI":"MAF.SI-071/6","FAULT_TYPE":"dextral strike-slip","MINDEPTH_g":0,"MAXDEPTH_g":0,"MAXDEPTH":15,"STRIKEMIN":300,"STRIKEMAX":340,"STRIKE_BES":315,"DIPMIN":80,"DIPMAX":90,"DIP_BEST_E":85,"RAKEMIN":160,"RAKEMAX":180,"RAKE_BEST":170,"FAULT_WIDT":15.0572975632,"TOTAL_FAUL":49,"TOTAL_FA_1":40,"SEGMENTATI":"geometric","TOTAL_SEGM":21,"TOTAL_SE_1":20,"MIN_TOTAL":735,"MAX_TOTAL":746.338559736,"BEST_ESTIM":737.807580594,"MIN_TOTA_1":315,"MAX_TOTA_1":319.859382744,"BEST_EST_1":316.203248826,"SLIPRATEMI":0.04,"SLIPRATEMA":0.1,"BEST_EST_2":0.07,"ACTIVITY":"probably","FAULT_WE_1":" ","__id":125},"id":125},{"type":"Feature","geometry":{"type":"LineString","coordinates":[[13.900834337031508,45.46182138329808],[13.906763217906695,45.45710893542159],[13.91000703439765,45.455912330603205],[13.913651499505324,45.45481337258322],[13.916622228149906,45.45380261476389],[13.918529351498092,45.45230976038444],[13.921255738385396,45.45006882923234],[13.924509436344476,45.44830551428877],[13.927219653556666,45.44691398166608],[13.928857282319616,45.44541842395866],[13.931028510361331,45.444116947671105],[13.934126799776259,45.44348416094277],[13.936406723967355,45.443505590091526],[13.938144964042127,45.44380496705365],[13.940012561517813,45.444389220254635],[13.941342966453593,45.44496779513149],[13.943471973676955,45.44593207340655],[13.946413956232446,45.446431222744955],[13.948559133130924,45.446545925630446],[13.951919730608816,45.44619866507999],[13.954887764307545,45.4452816600657],[13.957335673456772,45.44350937170515],[13.960726813654324,45.441462851407714],[13.963982308243972,45.439508913050425],[13.965091727619859,45.43753536662414],[13.967689655421534,45.43482044564323],[13.970423228831109,45.4320120953128],[13.972742678894708,45.429860508138006],[13.975056739066597,45.42799253866611],[13.978584423187336,45.42575757665202],[13.981425794431004,45.424366118371346],[13.984940902137765,45.42279178099291],[13.98938217290245,45.42188700576606],[13.994219600707435,45.42136304916187],[13.997984440063181,45.420828999340024],[14.001477089887837,45.420482211036315],[14.00497333297363,45.419945630754285],[14.007132882916654,45.419114583307945],[14.009031921427283,45.41790330029068],[14.010929163307344,45.41678657647737],[14.015247364878105,45.415218333590964],[14.020363270421166,45.41403408271938],[14.027124889564732,45.41069244436761],[14.031740433494537,45.40733168811112],[14.03580081857876,45.40509906168942],[14.038918870929939,45.403047994907325],[14.044313254211076,45.401203737210146],[14.051438691044712,45.39994097885391],[14.055876368548263,45.39912792919278],[14.059646597795712,45.398119958443935],[14.062877837872689,45.39729679002005],[14.065976127287618,45.39637772880691],[14.068539020793214,45.39535961609315],[14.072330809607479,45.39302936839486],[14.075999529227825,45.3899426200369],[14.079785928150388,45.38789541927067],[14.083292052704305,45.386601449203134],[14.08812948050929,45.38579010035127],[14.091621232018664,45.3853453046313],[14.095659159220782,45.384244341307785],[14.097551909524421,45.383220331532854],[14.099179656819246,45.38200512396346],[14.10094933792896,45.38022516998663],[14.102183623129338,45.378440112009606],[14.10342239990614,45.37637230208072],[14.104108712783209,45.37533868427488],[14.105197470907559,45.3743082027842],[14.106822523256533,45.37318746185544],[14.10925516104593,45.37188432018105],[14.111414710988953,45.370862610866574],[14.113439513639356,45.36993365345688],[14.115192126758673,45.36919211740024]]},"properties":{"FID":4,"FAULT_NAME":"Sočerga-Lupoglav segment 1","FAULT_DESI":"MAF.SI-003/1","FAULT_TYPE":"thrust","MINDEPTH_g":0,"MAXDEPTH_g":7,"MAXDEPTH":7,"STRIKEMIN":220,"STRIKEMAX":340,"STRIKE_BES":305,"DIPMIN":10,"DIPMAX":20,"DIP_BEST_E":15,"RAKEMIN":85,"RAKEMAX":120,"RAKE_BEST":90,"FAULT_WIDT":27.0459231361,"TOTAL_FAUL":47,"TOTAL_FA_1":35,"SEGMENTATI":"geometric","TOTAL_SEGM":21,"TOTAL_SE_1":20,"MIN_TOTAL":961.931647654,"MAX_TOTAL":1894.63548895,"BEST_ESTIM":1271.1583874,"MIN_TOTA_1":429.799246824,"MAX_TOTA_1":846.539261022,"BEST_EST_1":567.964385858,"SLIPRATEMI":0.01,"SLIPRATEMA":0.01,"BEST_EST_2":0.01,"ACTIVITY":"potentially","FAULT_WE_1":" ","__id":126},"id":126},{"type":"Feature","geometry":{"type":"LineString","coordinates":[[13.99396537748203,45.40507004957888],[14.00229994668809,45.40413850063166],[14.012071820348742,45.40254972328436],[14.024248484024982,45.3993058045172],[14.0378858083532,45.393896125783925],[14.052934385992772,45.389166648195115],[14.065815328851759,45.38609167616767],[14.077553614669352,45.38015954849251],[14.088832861376755,45.37305115401137],[14.1054103716299,45.361127363945435],[14.117697528086083,45.34983806039568],[14.131906180935005,45.336720980774295],[14.140756383114148,45.33226711223854],[14.151531674947162,45.32598576034125],[14.158934691203589,45.32285935032984],[14.166335012514166,45.31989952320429],[14.18401655225149,45.31282904147255],[14.21469940909588,45.30110549875057],[14.232002758098588,45.29096769638951],[14.247849039710458,45.279989932274255],[14.261471092678846,45.27504105902137]]},"properties":{"FID":210,"FAULT_NAME":"Sočerga-Lupoglav segment 2","FAULT_DESI":"MAF.SI-003/2","FAULT_TYPE":"thrust","MINDEPTH_g":0,"MAXDEPTH_g":7,"MAXDEPTH":7,"STRIKEMIN":260,"STRIKEMAX":325,"STRIKE_BES":305,"DIPMIN":10,"DIPMAX":20,"DIP_BEST_E":15,"RAKEMIN":85,"RAKEMAX":120,"RAKE_BEST":90,"FAULT_WIDT":27.0459231361,"TOTAL_FAUL":47,"TOTAL_FA_1":35,"SEGMENTATI":"geometric","TOTAL_SEGM":26,"TOTAL_SE_1":26,"MIN_TOTAL":961.931647654,"MAX_TOTAL":1894.63548895,"BEST_ESTIM":1271.1583874,"MIN_TOTA_1":532.13240083,"MAX_TOTA_1":1048.09622793,"BEST_EST_1":703.194001538,"SLIPRATEMI":0.01,"SLIPRATEMA":0.01,"BEST_EST_2":0.01,"ACTIVITY":"potentially","FAULT_WE_1":" ","__id":127},"id":127},{"type":"Feature","geometry":{"type":"LineString","coordinates":[[14.348895136129357,45.397340944952525],[14.337998571732987,45.40708067971276],[14.326387846685742,45.418040761096854],[14.311950123439374,45.43216780324407],[14.294793199827975,45.440395757329945],[14.276935590294961,45.44861620959299],[14.258740214215122,45.45560671656047],[14.234982469896012,45.4615769178171],[14.20688226949347,45.47067435175971],[14.199581661179431,45.472561696387835],[14.19426273638216,45.47461842689286],[14.187836188839569,45.47705364993751],[14.180415206277457,45.47955994265273],[14.177864889185841,45.480626925622836],[14.176086224923285,45.48169955696679],[14.173984167158446,45.48222736219261],[14.170887674374086,45.48290254257615],[14.16125863284361,45.48554650130285],[14.156269389755609,45.48752592514224],[14.151714931265122,45.489818266719084],[14.146621483604164,45.4913309091607],[14.138419865060152,45.494216278460364],[14.130769812100592,45.49702719883487],[14.122799958899883,45.499059739325816],[14.116707584642985,45.500873726048994],[14.099122164641063,45.50623223267748],[14.087408133336142,45.50949770617675],[14.067192446182316,45.516661945739614],[14.065944686252676,45.51708745310963],[14.064887369163266,45.517253626711856],[14.057027110427223,45.519849396093775],[14.048720388994967,45.52309519818299],[14.04390182581095,45.525541541889474],[14.038534391988335,45.52737166720524],[14.030114482830282,45.52987383297068],[14.0185738263752,45.53339530426211],[14.01588966030625,45.5342882227142],[14.0151629232414,45.534581454293175],[14.012663810120978,45.53554797502394],[14.010082051994416,45.536514479143094],[14.00823781071612,45.53783584461272],[14.005984835983549,45.53892122873439],[14.003819896148821,45.539658648776005],[14.001574107938524,45.540336915667936],[13.999239386515095,45.5413052250018],[13.997734708414196,45.54216404291222],[13.996149181937724,45.542906453683806]]},"properties":{"FID":14,"FAULT_NAME":"Skadanščina segment 2","FAULT_DESI":"MAF.SI-009/2","FAULT_TYPE":"reverse","MINDEPTH_g":0,"MAXDEPTH_g":0,"MAXDEPTH":7,"STRIKEMIN":290,"STRIKEMAX":325,"STRIKE_BES":300,"DIPMIN":55,"DIPMAX":65,"DIP_BEST_E":60,"RAKEMIN":85,"RAKEMAX":120,"RAKE_BEST":90,"FAULT_WIDT":8.08290376865,"TOTAL_FAUL":44,"TOTAL_FA_1":36,"SEGMENTATI":"geometric","TOTAL_SEGM":33,"TOTAL_SE_1":32,"MIN_TOTAL":339.84039904,"MAX_TOTAL":375.998573339,"BEST_ESTIM":355.647765821,"MIN_TOTA_1":254.88029928,"MAX_TOTA_1":281.998930004,"BEST_EST_1":266.735824366,"SLIPRATEMI":0.06,"SLIPRATEMA":0.06,"BEST_EST_2":0.06,"ACTIVITY":"potentially","FAULT_WE_1":" ","__id":128},"id":128},{"type":"Feature","geometry":{"type":"LineString","coordinates":[[14.005113470157953,45.53670387676673],[14.001453733690449,45.53777732765615],[13.998865687356904,45.53909174224865],[13.99644293103563,45.54035012857808],[13.994108209612204,45.54137632178108],[13.992186713219473,45.542347759032936],[13.990096333553327,45.54355070728945],[13.987753527292343,45.54516571292923],[13.986762685533959,45.545892985086006],[13.984595949068664,45.547934455699746],[13.982478619943992,45.550201061788584],[13.981286555561967,45.55228074816397],[13.980351409351199,45.554893771920696],[13.979336313080145,45.557763303192075],[13.978644610311372,45.55938544816709],[13.978168503210789,45.561319507084576],[13.976549739068805,45.56533710512834],[13.975067518850008,45.5679602126773],[13.972915155429257,45.570964907001674],[13.97212194303338,45.57212070935187],[13.97109516866363,45.573894612174854],[13.970068394293882,45.57574642896944],[13.968148694531719,45.57805529802376],[13.965336967692425,45.58089849706665]]},"properties":{"FID":15,"FAULT_NAME":"Skadanščina segment 1","FAULT_DESI":"MAF.SI-009/1","FAULT_TYPE":"reverse","MINDEPTH_g":0,"MAXDEPTH_g":0,"MAXDEPTH":7,"STRIKEMIN":295,"STRIKEMAX":350,"STRIKE_BES":330,"DIPMIN":55,"DIPMAX":65,"DIP_BEST_E":60,"RAKEMIN":85,"RAKEMAX":120,"RAKE_BEST":90,"FAULT_WIDT":8.08290376865,"TOTAL_FAUL":44,"TOTAL_FA_1":36,"SEGMENTATI":"geometric","TOTAL_SEGM":6,"TOTAL_SE_1":6,"MIN_TOTAL":339.84039904,"MAX_TOTAL":375.998573339,"BEST_ESTIM":355.647765821,"MIN_TOTA_1":46.3418725964,"MAX_TOTA_1":51.272532728,"BEST_EST_1":48.4974226119,"SLIPRATEMI":0.06,"SLIPRATEMA":0.06,"BEST_EST_2":0.06,"ACTIVITY":"potentially","FAULT_WE_1":" ","__id":129},"id":129},{"type":"Feature","geometry":{"type":"LineString","coordinates":[[14.19244005467068,45.48438136089173],[14.190061315798332,45.48526561019744],[14.188872844677443,45.48570898924005],[14.18767988198013,45.4861485860388],[14.186476139499412,45.48657054535519],[14.184630101590546,45.48714238965309],[14.184006670783365,45.48732061747119],[14.181538998697892,45.48807319868302],[14.179707333833571,45.48866832900702],[14.17786668581641,45.48925085789058],[14.176635095561883,45.489631860009666],[14.175411590144911,45.49002482478465],[14.174206051033622,45.49044549557586],[14.173012190021026,45.49088253645335],[14.172412115411234,45.49109664746113],[14.17180665090974,45.49130194136892],[14.170982895794202,45.491553204979986],[14.169928273650644,45.491825878257025],[14.168651767631912,45.492133185125525],[14.167380651504883,45.492487719450075],[14.166809322984184,45.49268545165628],[14.165663072681646,45.493163406574176],[14.164564433089168,45.49370684709297],[14.163492742955215,45.49428806446307],[14.162427341028247,45.494881240036065],[14.161347566056737,45.495458667156065],[14.160341452938523,45.495944154732946],[14.159654241746171,45.49623884553978],[14.159064946919788,45.49646804843445],[14.157854916232079,45.49688363372129],[14.156898210454493,45.49716761523663],[14.155465397576322,45.497540378156145],[14.154698236323684,45.497721721386924],[14.153272609967786,45.49810644415451],[14.15224673391332,45.498487386367124],[14.151078025728681,45.498960254850836],[14.150118625005243,45.49928137499247],[14.149231089504532,45.499523788003934],[14.148039025122504,45.499814682240064],[14.146700535349167,45.500174834926405],[14.146080697803125,45.50035742893975],[14.144851802494449,45.50074276332797],[14.143633686969183,45.50114698382251],[14.142421859650906,45.501560016096505],[14.138559103929191,45.50263476727961],[14.134679280217078,45.50354895073182],[14.13127107202913,45.504577074578336]]},"properties":{"FID":44,"FAULT_NAME":"Skadanščina segment 3","FAULT_DESI":"MAF.SI-009/3","FAULT_TYPE":"reverse","MINDEPTH_g":0,"MAXDEPTH_g":0,"MAXDEPTH":7,"STRIKEMIN":290,"STRIKEMAX":305,"STRIKE_BES":295,"DIPMIN":60,"DIPMAX":70,"DIP_BEST_E":65,"RAKEMIN":85,"RAKEMAX":120,"RAKE_BEST":90,"FAULT_WIDT":7.72364543274,"TOTAL_FAUL":44,"TOTAL_FA_1":36,"SEGMENTATI":"geometric","TOTAL_SEGM":5,"TOTAL_SE_1":5,"MIN_TOTAL":327.766753923,"MAX_TOTAL":355.647765821,"BEST_ESTIM":339.84039904,"MIN_TOTA_1":37.2462220367,"MAX_TOTA_1":40.4145188433,"BEST_EST_1":38.6182271637,"SLIPRATEMI":0.06,"SLIPRATEMA":0.06,"BEST_EST_2":0.06,"ACTIVITY":"potentially","FAULT_WE_1":" ","__id":130},"id":130},{"type":"Feature","geometry":{"type":"LineString","coordinates":[[13.58948454776267,46.33124752370681],[13.600011904577265,46.32255800810906],[13.615462029148839,46.31077768974984],[13.629631156125257,46.30149906699114],[13.644683327025962,46.293069869845645],[13.668623429347747,46.28012221668552],[13.679662825874292,46.27437093029294],[13.70867301965965,46.26399374257549],[13.731244089488435,46.25668674077549]]},"properties":{"FID":50,"FAULT_NAME":"Ravne segment 1","FAULT_DESI":"MAF.SI-025/1","FAULT_TYPE":"dextral strike-slip","MINDEPTH_g":0,"MAXDEPTH_g":0,"MAXDEPTH":10,"STRIKEMIN":300,"STRIKEMAX":320,"STRIKE_BES":310,"DIPMIN":60,"DIPMAX":85,"DIP_BEST_E":80,"RAKEMIN":160,"RAKEMAX":180,"RAKE_BEST":170,"FAULT_WIDT":10.1542661189,"TOTAL_FAUL":40,"TOTAL_FA_1":35,"SEGMENTATI":"geometric","TOTAL_SEGM":14,"TOTAL_SE_1":14,"MIN_TOTAL":401.527935017,"MAX_TOTAL":461.880215352,"BEST_ESTIM":406.170644754,"MIN_TOTA_1":140.534777256,"MAX_TOTA_1":161.658075373,"BEST_EST_1":142.159725664,"SLIPRATEMI":0.01,"SLIPRATEMA":0.2,"BEST_EST_2":0.1,"ACTIVITY":"active","FAULT_WE_1":" ","__id":131},"id":131},{"type":"Feature","geometry":{"type":"LineString","coordinates":[[13.618872932282638,46.30766885612036],[13.606715133227368,46.30920157660394],[13.59240856401248,46.31175622220101],[13.575601983361887,46.317217563921325],[13.564569773357613,46.321909092550015]]},"properties":{"FID":51,"FAULT_NAME":"Ravne segment 2","FAULT_DESI":"MAF.SI-025/2","FAULT_TYPE":"dextral strike-slip","MINDEPTH_g":0,"MAXDEPTH_g":0,"MAXDEPTH":10,"STRIKEMIN":280,"STRIKEMAX":305,"STRIKE_BES":295,"DIPMIN":55,"DIPMAX":80,"DIP_BEST_E":65,"RAKEMIN":160,"RAKEMAX":180,"RAKE_BEST":170,"FAULT_WIDT":11.0337791896,"TOTAL_FAUL":40,"TOTAL_FA_1":35,"SEGMENTATI":"structural","TOTAL_SEGM":5,"TOTAL_SE_1":5,"MIN_TOTAL":406.170644754,"MAX_TOTAL":488.309835505,"BEST_ESTIM":441.351167585,"MIN_TOTA_1":50.7713305943,"MAX_TOTA_1":61.0387294381,"BEST_EST_1":55.1688959481,"SLIPRATEMI":0.01,"SLIPRATEMA":0.2,"BEST_EST_2":0.1,"ACTIVITY":"active","FAULT_WE_1":" ","__id":132},"id":132},{"type":"Feature","geometry":{"type":"LineString","coordinates":[[13.733141331368495,46.253138782786735],[13.758560958963225,46.2399785253555],[13.781287437336164,46.224894767875114],[13.793536864550418,46.21809596604326],[13.811948734613734,46.20589964419656],[13.81654271897672,46.20321758206364]]},"properties":{"FID":52,"FAULT_NAME":"Ravne segment 3","FAULT_DESI":"MAF.SI-025/3","FAULT_TYPE":"dextral strike-slip","MINDEPTH_g":0,"MAXDEPTH_g":0,"MAXDEPTH":10,"STRIKEMIN":310,"STRIKEMAX":315,"STRIKE_BES":310,"DIPMIN":60,"DIPMAX":85,"DIP_BEST_E":80,"RAKEMIN":160,"RAKEMAX":180,"RAKE_BEST":170,"FAULT_WIDT":10.1542661189,"TOTAL_FAUL":40,"TOTAL_FA_1":35,"SEGMENTATI":"geometric","TOTAL_SEGM":9,"TOTAL_SE_1":9,"MIN_TOTAL":401.527935017,"MAX_TOTAL":461.880215352,"BEST_ESTIM":406.170644754,"MIN_TOTA_1":90.3437853789,"MAX_TOTA_1":103.923048454,"BEST_EST_1":91.3883950697,"SLIPRATEMI":0.01,"SLIPRATEMA":0.2,"BEST_EST_2":0.1,"ACTIVITY":"active","FAULT_WE_1":" ","__id":133},"id":133},{"type":"Feature","geometry":{"type":"LineString","coordinates":[[13.81980540008864,46.199156937018806],[13.838596359201855,46.189900454518785],[13.85079188749906,46.18136204111934],[13.86136146513201,46.17453856659888],[13.87852288031983,46.16667652596696],[13.893840952544636,46.160054071553965],[13.909562368332011,46.15196717542414],[13.918637149332188,46.1485101563591],[13.939496928544726,46.14185501677104],[13.947039183670194,46.138381178656054],[13.949265208944244,46.137456818212236]]},"properties":{"FID":53,"FAULT_NAME":"Ravne segment 4","FAULT_DESI":"MAF.SI-025/4","FAULT_TYPE":"dextral strike-slip","MINDEPTH_g":0,"MAXDEPTH_g":0,"MAXDEPTH":10,"STRIKEMIN":305,"STRIKEMAX":315,"STRIKE_BES":310,"DIPMIN":60,"DIPMAX":85,"DIP_BEST_E":80,"RAKEMIN":160,"RAKEMAX":180,"RAKE_BEST":170,"FAULT_WIDT":10.1542661189,"TOTAL_FAUL":40,"TOTAL_FA_1":35,"SEGMENTATI":"geometric","TOTAL_SEGM":12,"TOTAL_SE_1":12,"MIN_TOTAL":401.527935017,"MAX_TOTAL":461.880215352,"BEST_ESTIM":406.170644754,"MIN_TOTA_1":120.458380505,"MAX_TOTA_1":138.564064606,"BEST_EST_1":121.851193426,"SLIPRATEMI":0.01,"SLIPRATEMA":0.2,"BEST_EST_2":0.1,"ACTIVITY":"active","FAULT_WE_1":" ","__id":134},"id":134},{"type":"Feature","geometry":{"type":"LineString","coordinates":[[13.63018811160141,46.49605701208841],[13.619701178974598,46.50007278117971],[13.606901084491179,46.502948072679374],[13.59268344848942,46.5039862319657],[13.576997965313408,46.50520677029758],[13.565106965897517,46.506775993601394],[13.557605134959834,46.5082981834824],[13.549357702336334,46.510314926680444],[13.537350820248793,46.51066732354436],[13.525696077752626,46.50880083064881],[13.512008447768496,46.506401313194054],[13.500527080122165,46.50362513533206],[13.487420660126862,46.501432534756674],[13.477493377922055,46.5006948463813],[13.467988303900787,46.50056746581611],[13.456095507854329,46.50212507466727],[13.448444556579485,46.50363812001285],[13.433230688927635,46.50363317346815],[13.417749123321121,46.50271310832678],[13.405802428357614,46.50103184692283],[13.392928672020897,46.50105410743551],[13.383399343486957,46.501728101976134],[13.374285036614282,46.503215188815204],[13.364390992074988,46.50630671525714],[13.355656672567495,46.509717701514894],[13.348291385552999,46.51132883429415],[13.336551303104843,46.512471930621594],[13.328928199603801,46.5129671206476],[13.316828791041996,46.516224381782756],[13.300788473328758,46.51911921770262],[13.287713494368397,46.52074243424888],[13.276844777745838,46.521994119909316],[13.266761188681597,46.52180621437073],[13.259896263280352,46.5229138586962],[13.252996303583032,46.52509879398622],[13.245169282512498,46.52578732398381],[13.232867753011766,46.52600241056042],[13.220194320983408,46.52567112743295],[13.210832079092313,46.52552526332578],[13.2071220369689,46.525601903837696]]},"properties":{"FID":205,"FAULT_NAME":"Fella segment 2","FAULT_DESI":"MAF.SI-090/2","FAULT_TYPE":"reverse","MINDEPTH_g":0,"MAXDEPTH_g":0,"MAXDEPTH":12,"STRIKEMIN":70,"STRIKEMAX":120,"STRIKE_BES":100,"DIPMIN":65,"DIPMAX":85,"DIP_BEST_E":75,"RAKEMIN":80,"RAKEMAX":110,"RAKE_BEST":95,"FAULT_WIDT":12.4233141649,"TOTAL_FAUL":39,"TOTAL_FA_1":39,"SEGMENTATI":"geometric","TOTAL_SEGM":33,"TOTAL_SE_1":33,"MIN_TOTAL":469.78768397,"MAX_TOTAL":516.380866074,"BEST_ESTIM":484.509252432,"MIN_TOTA_1":397.512655667,"MAX_TOTA_1":436.937655909,"BEST_EST_1":409.969367442,"SLIPRATEMI":0.2,"SLIPRATEMA":0.7,"BEST_EST_2":0.5,"ACTIVITY":"probably","FAULT_WE_1":" ","__id":135},"id":135},{"type":"Feature","geometry":{"type":"LineString","coordinates":[[13.205291270419863,46.527862750296066],[13.198270038159185,46.52775273862233],[13.188331077855688,46.52732628677004],[13.181273912983645,46.52829167008716],[13.174193391914216,46.52993006306691],[13.170633368443248,46.53135519609739],[13.159864364817222,46.53239466676968],[13.148160214980432,46.532205561219385],[13.139387267915719,46.531928699618184],[13.135658361171341,46.53254174840914],[13.13167433288627,46.53490118009259]]},"properties":{"FID":206,"FAULT_NAME":"Fella segment 1","FAULT_DESI":"MAF.SI-090/1","FAULT_TYPE":"reverse","MINDEPTH_g":0,"MAXDEPTH_g":0,"MAXDEPTH":12,"STRIKEMIN":90,"STRIKEMAX":130,"STRIKE_BES":100,"DIPMIN":65,"DIPMAX":85,"DIP_BEST_E":75,"RAKEMIN":80,"RAKEMAX":110,"RAKE_BEST":95,"FAULT_WIDT":12.4233141649,"TOTAL_FAUL":39,"TOTAL_FA_1":39,"SEGMENTATI":"geometric","TOTAL_SEGM":6,"TOTAL_SE_1":6,"MIN_TOTAL":469.78768397,"MAX_TOTAL":516.380866074,"BEST_ESTIM":484.509252432,"MIN_TOTA_1":72.2750283031,"MAX_TOTA_1":79.4432101653,"BEST_EST_1":74.5398849895,"SLIPRATEMI":0.2,"SLIPRATEMA":0.7,"BEST_EST_2":0.5,"ACTIVITY":"probably","FAULT_WE_1":" ","__id":136},"id":136},{"type":"Feature","geometry":{"type":"LineString","coordinates":[[14.100360941417863,46.26528238177941],[14.084846138145833,46.269778408565614],[14.070821639930159,46.27554507871078],[14.053149083345676,46.28190900970314],[14.041887802943954,46.2851751266541],[14.032467170559393,46.28698534444079]]},"properties":{"FID":56,"FAULT_NAME":"Ratitovec segment 2","FAULT_DESI":"MAF.SI-038/2","FAULT_TYPE":"dextral strike-slip","MINDEPTH_g":0,"MAXDEPTH_g":0,"MAXDEPTH":15,"STRIKEMIN":285,"STRIKEMAX":300,"STRIKE_BES":295,"DIPMIN":75,"DIPMAX":85,"DIP_BEST_E":80,"RAKEMIN":160,"RAKEMAX":180,"RAKE_BEST":170,"FAULT_WIDT":15.2313991783,"TOTAL_FAUL":38,"TOTAL_FA_1":34,"SEGMENTATI":"geometric","TOTAL_SEGM":6,"TOTAL_SE_1":6,"MIN_TOTAL":572.1773074,"MAX_TOTAL":590.107422834,"BEST_ESTIM":578.793168775,"MIN_TOTA_1":90.3437853789,"MAX_TOTA_1":93.1748562369,"BEST_EST_1":91.3883950697,"SLIPRATEMI":0.05,"SLIPRATEMA":0.3,"BEST_EST_2":0.1,"ACTIVITY":"potentially","FAULT_WE_1":" ","__id":137},"id":137},{"type":"Feature","geometry":{"type":"LineString","coordinates":[[14.105697832520818,46.23487795256344],[14.088318126718955,46.24293029088911],[14.063883052675621,46.256171207912686],[14.046713552650244,46.26883762684032],[14.023404965973194,46.28564879367091],[14.003133583271755,46.301221652171314],[13.982327702976262,46.31237733613212],[13.965179762517701,46.32188241612428],[13.960878628937339,46.32499292377389]]},"properties":{"FID":57,"FAULT_NAME":"Ratitovec segment 1","FAULT_DESI":"MAF.SI-038/1","FAULT_TYPE":"dextral strike-slip","MINDEPTH_g":0,"MAXDEPTH_g":0,"MAXDEPTH":15,"STRIKEMIN":310,"STRIKEMAX":320,"STRIKE_BES":315,"DIPMIN":75,"DIPMAX":85,"DIP_BEST_E":80,"RAKEMIN":160,"RAKEMAX":180,"RAKE_BEST":170,"FAULT_WIDT":15.2313991783,"TOTAL_FAUL":38,"TOTAL_FA_1":34,"SEGMENTATI":"geometric","TOTAL_SEGM":15,"TOTAL_SE_1":15,"MIN_TOTAL":572.1773074,"MAX_TOTAL":590.107422834,"BEST_ESTIM":578.793168775,"MIN_TOTA_1":225.859463447,"MAX_TOTA_1":232.937140592,"BEST_EST_1":228.470987674,"SLIPRATEMI":0.05,"SLIPRATEMA":0.3,"BEST_EST_2":0.1,"ACTIVITY":"potentially","FAULT_WE_1":" ","__id":138},"id":138},{"type":"Feature","geometry":{"type":"LineString","coordinates":[[14.243427531882023,46.174715850807125],[14.246568940430588,46.172146729045025],[14.25086558243453,46.16946177524812],[14.25479930506369,46.16739073779838],[14.25820122504465,46.16519270257843],[14.262487087265185,46.163247184607705],[14.266150416993824,46.161359462457064],[14.269380758755517,46.15866651533249],[14.272522167304084,46.15597343640527],[14.275579134215942,46.152909338826106],[14.279430211838962,46.15015872412711],[14.283453765996535,46.14777951823571],[14.28667153134425,46.14588753117593],[14.290077044586347,46.143257312185156],[14.29241535927091,46.140743362625514],[14.295990654101706,46.13866875429605],[14.30072118238788,46.13629278669119],[14.304657599962892,46.13366522187668]]},"properties":{"FID":66,"FAULT_NAME":"Ratitovec segment 4","FAULT_DESI":"MAF.SI-038/4","FAULT_TYPE":"dextral strike-slip","MINDEPTH_g":0,"MAXDEPTH_g":0,"MAXDEPTH":15,"STRIKEMIN":305,"STRIKEMAX":330,"STRIKE_BES":315,"DIPMIN":75,"DIPMAX":85,"DIP_BEST_E":80,"RAKEMIN":160,"RAKEMAX":180,"RAKE_BEST":170,"FAULT_WIDT":15.2313991783,"TOTAL_FAUL":38,"TOTAL_FA_1":34,"SEGMENTATI":"geometric","TOTAL_SEGM":6,"TOTAL_SE_1":6,"MIN_TOTAL":572.1773074,"MAX_TOTAL":590.107422834,"BEST_ESTIM":578.793168775,"MIN_TOTA_1":90.3437853789,"MAX_TOTA_1":93.1748562369,"BEST_EST_1":91.3883950697,"SLIPRATEMI":0.05,"SLIPRATEMA":0.3,"BEST_EST_2":0.1,"ACTIVITY":"potentially","FAULT_WE_1":" ","__id":139},"id":139},{"type":"Feature","geometry":{"type":"LineString","coordinates":[[14.230549283968882,46.18457630707988],[14.223519068555364,46.18781774875271],[14.213263901271857,46.19309183498774],[14.203003344096643,46.19852956515416],[14.196555236987233,46.202266954203814],[14.192859567908362,46.203967378961536],[14.188812657553406,46.20541844936395],[14.18665490424095,46.20721202883301],[14.183314968014594,46.20883272774538],[14.176770741169783,46.2109239617013],[14.173791927687644,46.212135523067346],[14.170460974614128,46.213097790834574],[14.165102523944356,46.21503222127261],[14.161402363289067,46.21689634603031],[14.158648128627956,46.21884928915231],[14.154588641859021,46.22095754443373],[14.149953334992965,46.221991753277116],[14.142944679146263,46.22325527646339],[14.135928836777289,46.22501098470284],[14.126391423405792,46.22880312287376],[14.118645250710829,46.2317032916699],[14.112442383673985,46.23428640704666]]},"properties":{"FID":67,"FAULT_NAME":"Ratitovec segment 3","FAULT_DESI":"MAF.SI-038/3","FAULT_TYPE":"dextral strike-slip","MINDEPTH_g":0,"MAXDEPTH_g":0,"MAXDEPTH":15,"STRIKEMIN":290,"STRIKEMAX":320,"STRIKE_BES":305,"DIPMIN":75,"DIPMAX":85,"DIP_BEST_E":80,"RAKEMIN":160,"RAKEMAX":180,"RAKE_BEST":170,"FAULT_WIDT":15.2313991783,"TOTAL_FAUL":38,"TOTAL_FA_1":34,"SEGMENTATI":"geometric","TOTAL_SEGM":11,"TOTAL_SE_1":11,"MIN_TOTAL":572.1773074,"MAX_TOTAL":590.107422834,"BEST_ESTIM":578.793168775,"MIN_TOTA_1":165.630273195,"MAX_TOTA_1":170.820569768,"BEST_EST_1":167.545390961,"SLIPRATEMI":0.05,"SLIPRATEMA":0.3,"BEST_EST_2":0.1,"ACTIVITY":"potentially","FAULT_WE_1":" ","__id":140},"id":140},{"type":"Feature","geometry":{"type":"LineString","coordinates":[[14.72399925942744,46.107318528804335],[14.726716663161902,46.10236571502375],[14.7285779724306,46.09879844183813],[14.72993892008604,46.095749850539214],[14.73214787736969,46.0924606214691],[14.734410733570387,46.088408619626456],[14.736571181828696,46.0846335856294],[14.737879128882371,46.082001064596106],[14.740537243808083,46.07840007086902],[14.742494672812178,46.07531794704121],[14.74490215777362,46.07199446940928],[14.746753585574188,46.07023013434993],[14.74890594899494,46.06811921501661],[14.751957526015092,46.065282092050296],[14.755707094011008,46.062238504757175],[14.758757772715876,46.05947027157649],[14.761857858761374,46.056841537089916],[14.763609573565407,46.054937699144745],[14.764963334698576,46.05282494818205],[14.767413938793654,46.050228940494314],[14.775799711970908,46.045072722861875],[14.782490364207032,46.04074723900565],[14.786450137979433,46.03738862920998],[14.789040879258831,46.03425245369657],[14.793508201166759,46.02919952535395],[14.80036234678459,46.01991632550544],[14.804976094083827,46.014863334290936],[14.80824596171802,46.01238969556589],[14.813887381702292,46.00981674435819],[14.826947089302822,46.00467297873858],[14.853072792710869,45.992449313478],[14.869160721134167,45.983449577483555]]},"properties":{"FID":149,"FAULT_NAME":"Toplice segment 1","FAULT_DESI":"MAF.SI-051/1","FAULT_TYPE":"dextral strike-slip","MINDEPTH_g":0,"MAXDEPTH_g":0,"MAXDEPTH":15,"STRIKEMIN":300,"STRIKEMAX":340,"STRIKE_BES":320,"DIPMIN":75,"DIPMAX":85,"DIP_BEST_E":80,"RAKEMIN":160,"RAKEMAX":180,"RAKE_BEST":170,"FAULT_WIDT":15.2313991783,"TOTAL_FAUL":37,"TOTAL_FA_1":35,"SEGMENTATI":"structural","TOTAL_SEGM":18,"TOTAL_SE_1":18,"MIN_TOTAL":557.120009837,"MAX_TOTAL":574.578280128,"BEST_ESTIM":563.561769597,"MIN_TOTA_1":271.031356137,"MAX_TOTA_1":279.524568711,"BEST_EST_1":274.165185209,"SLIPRATEMI":0.01,"SLIPRATEMA":0.1,"BEST_EST_2":0.05,"ACTIVITY":"active","FAULT_WE_1":" ","__id":141},"id":141},{"type":"Feature","geometry":{"type":"LineString","coordinates":[[14.871684088767259,45.99469792670172],[14.875040194668728,45.98937487511385],[14.877983973854791,45.98500196316412],[14.881579031621836,45.97848939165962],[14.884724931746822,45.9720559693165],[14.886735361352683,45.96736512442871],[14.899793272322642,45.94987944005262],[14.915615299421841,45.93130047747289],[14.935379133987752,45.906799917953556],[14.947110233283071,45.89389629633355],[14.962186658696448,45.87696469311785],[14.966403350640105,45.871465204858715],[14.968270049800505,45.86828084433009],[14.973041900589747,45.856314875224136],[14.975046940303905,45.85076579031576],[14.978225179779118,45.84589260026352]]},"properties":{"FID":177,"FAULT_NAME":"Toplice segment 2","FAULT_DESI":"MAF.SI-051/2","FAULT_TYPE":"dextral strike-slip","MINDEPTH_g":0,"MAXDEPTH_g":0,"MAXDEPTH":15,"STRIKEMIN":330,"STRIKEMAX":345,"STRIKE_BES":335,"DIPMIN":85,"DIPMAX":90,"DIP_BEST_E":87,"RAKEMIN":170,"RAKEMAX":180,"RAKE_BEST":175,"FAULT_WIDT":15.02058519,"TOTAL_FAUL":37,"TOTAL_FA_1":35,"SEGMENTATI":"geometric","TOTAL_SEGM":19,"TOTAL_SE_1":18,"MIN_TOTAL":555,"MAX_TOTAL":557.120009837,"BEST_ESTIM":555.761652029,"MIN_TOTA_1":285,"MAX_TOTA_1":286.0886537,"BEST_EST_1":285.391118609,"SLIPRATEMI":0.01,"SLIPRATEMA":0.1,"BEST_EST_2":0.05,"ACTIVITY":"active","FAULT_WE_1":" ","__id":142},"id":142},{"type":"Feature","geometry":{"type":"LineString","coordinates":[[15.609838740881111,46.299889172585715],[15.613219999610537,46.30011384072256],[15.62874648098126,46.30253299888136],[15.644158876310897,46.30801449764536],[15.646494496049607,46.308994320554014],[15.662869885363824,46.316105733036544],[15.678888643510241,46.3220157981229],[15.6919240965981,46.3248198467224],[15.722521613490496,46.33159549740434],[15.759905902354411,46.33963859317417],[15.77607018757686,46.34241197125611],[15.79239437291988,46.34410061176495],[15.824865775494947,46.347113121083204],[15.841561863365595,46.35023335503881],[15.862609390472514,46.35427972066914],[15.874771681104209,46.355628235972574],[15.890825473546709,46.36162826060674],[15.901661850819043,46.36658686611054],[15.913859175746815,46.36985227023103],[15.940774498289604,46.371315068291956]]},"properties":{"FID":182,"FAULT_NAME":"Haloze south segment 1","FAULT_DESI":"MAF.SI-087/1","FAULT_TYPE":"reverse","MINDEPTH_g":0,"MAXDEPTH_g":0,"MAXDEPTH":10,"STRIKEMIN":55,"STRIKEMAX":85,"STRIKE_BES":70,"DIPMIN":55,"DIPMAX":70,"DIP_BEST_E":65,"RAKEMIN":70,"RAKEMAX":110,"RAKE_BEST":90,"FAULT_WIDT":11.0337791896,"TOTAL_FAUL":35,"TOTAL_FA_1":35,"SEGMENTATI":"geometric","TOTAL_SEGM":27,"TOTAL_SE_1":27,"MIN_TOTAL":372.462220367,"MAX_TOTAL":427.271106067,"BEST_ESTIM":386.182271637,"MIN_TOTA_1":287.327998568,"MAX_TOTA_1":329.609138966,"BEST_EST_1":297.91203812,"SLIPRATEMI":0.01,"SLIPRATEMA":0.1,"BEST_EST_2":0.05,"ACTIVITY":"potentially","FAULT_WE_1":" ","__id":143},"id":143},{"type":"Feature","geometry":{"type":"LineString","coordinates":[[15.952574767861801,46.359035646361306],[15.966671131300204,46.362263686503375],[15.987011684278523,46.367028835228076],[16.006635381660114,46.37538404411375],[16.02363510009679,46.38183614260062],[16.048746605549066,46.39340785046638]]},"properties":{"FID":193,"FAULT_NAME":"Haloze south segment 2","FAULT_DESI":"MAF.SI-087/2","FAULT_TYPE":"reverse","MINDEPTH_g":0,"MAXDEPTH_g":0,"MAXDEPTH":10,"STRIKEMIN":60,"STRIKEMAX":70,"STRIKE_BES":65,"DIPMIN":65,"DIPMAX":80,"DIP_BEST_E":75,"RAKEMIN":70,"RAKEMAX":110,"RAKE_BEST":90,"FAULT_WIDT":10.3527618041,"TOTAL_FAUL":35,"TOTAL_FA_1":35,"SEGMENTATI":"geometric","TOTAL_SEGM":8,"TOTAL_SE_1":8,"MIN_TOTAL":355.39931416,"MAX_TOTAL":386.182271637,"BEST_ESTIM":362.346663144,"MIN_TOTA_1":81.2341289509,"MAX_TOTA_1":88.270233517,"BEST_EST_1":82.8220944328,"SLIPRATEMI":0.01,"SLIPRATEMA":0.1,"BEST_EST_2":0.05,"ACTIVITY":"potentially","FAULT_WE_1":" ","__id":144},"id":144},{"type":"Feature","geometry":{"type":"LineString","coordinates":[[16.047903985812564,46.47276168253897],[16.068532897997084,46.47798794849724],[16.08616682702435,46.48323969164259],[16.10496766760569,46.488954793627535],[16.119103556916592,46.49200383941089],[16.135537336724276,46.49455055840204],[16.14248131387052,46.494927175735995],[16.160909353608947,46.49642186938822],[16.174791019694446,46.49916997011604],[16.187238076271207,46.503007431934094],[16.19857840841793,46.50760881357358],[16.208478741164214,46.51084599406387],[16.21573084045291,46.51325767948626],[16.22398276465283,46.51605994701205],[16.2322149259165,46.51881694544228],[16.24512102160345,46.5210972359769],[16.260194752070973,46.52409008796318],[16.269949557741224,46.52478851998592],[16.279060271352765,46.52567298163519],[16.283232047532216,46.52634296256503],[16.28729692419286,46.52800057359535],[16.31130529847624,46.532746920450904],[16.32767350126818,46.538204088652954],[16.340620919458196,46.541817592700376],[16.35302216195546,46.54427053552458],[16.375656113854138,46.55063284138903],[16.39407157717859,46.55444257763141],[16.405815252887884,46.55636062640753],[16.41338535578716,46.55770105825366],[16.42173429803777,46.55894200918691],[16.471519829398954,46.56797001478431]]},"properties":{"FID":194,"FAULT_NAME":"Ljutomer segment 1","FAULT_DESI":"MAF.SI-089/1","FAULT_TYPE":"reverse","MINDEPTH_g":0,"MAXDEPTH_g":0,"MAXDEPTH":10,"STRIKEMIN":60,"STRIKEMAX":80,"STRIKE_BES":70,"DIPMIN":60,"DIPMAX":80,"DIP_BEST_E":70,"RAKEMIN":80,"RAKEMAX":100,"RAKE_BEST":90,"FAULT_WIDT":10.6417777248,"TOTAL_FAUL":34,"TOTAL_FA_1":34,"SEGMENTATI":"not segmented","TOTAL_SEGM":34,"TOTAL_SE_1":34,"MIN_TOTAL":345.245048041,"MAX_TOTAL":392.598183049,"BEST_ESTIM":361.820442642,"MIN_TOTA_1":345.245048041,"MAX_TOTA_1":392.598183049,"BEST_EST_1":361.820442642,"SLIPRATEMI":0.015,"SLIPRATEMA":0.025,"BEST_EST_2":0.025,"ACTIVITY":"probably","FAULT_WE_1":" ","__id":145},"id":145},{"type":"Feature","geometry":{"type":"LineString","coordinates":[[13.299556883074228,46.1691233473032],[13.387543271892602,46.117491204007095],[13.424684117314522,46.09575047348068],[13.488254296710524,46.053786263008654]]},"properties":{"FID":209,"FAULT_NAME":"Raša West segment 1","FAULT_DESI":"MAF.SI-092/1","FAULT_TYPE":"dextral strike-slip","MINDEPTH_g":0,"MAXDEPTH_g":0,"MAXDEPTH":15,"STRIKEMIN":310,"STRIKEMAX":315,"STRIKE_BES":310,"DIPMIN":80,"DIPMAX":90,"DIP_BEST_E":85,"RAKEMIN":160,"RAKEMAX":180,"RAKE_BEST":170,"FAULT_WIDT":15.0572975632,"TOTAL_FAUL":34,"TOTAL_FA_1":35,"SEGMENTATI":"geometric","TOTAL_SEGM":19,"TOTAL_SE_1":19,"MIN_TOTAL":510,"MAX_TOTAL":517.867572062,"BEST_ESTIM":511.948117147,"MIN_TOTA_1":285,"MAX_TOTA_1":289.396584387,"BEST_EST_1":286.0886537,"SLIPRATEMI":0.23,"SLIPRATEMA":1.3,"BEST_EST_2":0.7,"ACTIVITY":"active","FAULT_WE_1":" ","__id":146},"id":146},{"type":"Feature","geometry":{"type":"LineString","coordinates":[[13.492684787691804,46.05386980060152],[13.511718291931729,46.04349084596048],[13.52083619206554,46.036776873809956],[13.542226875610993,46.02748621459161],[13.561882912342812,46.01756206334503],[13.595581413595989,45.9949026252279],[13.622593754189461,45.97731513714133],[13.642269553857533,45.965251523302385]]},"properties":{"FID":239,"FAULT_NAME":"Raša West segment 2","FAULT_DESI":"MAF.SI-092/2","FAULT_TYPE":"dextral strike-slip","MINDEPTH_g":0,"MAXDEPTH_g":0,"MAXDEPTH":15,"STRIKEMIN":305,"STRIKEMAX":320,"STRIKE_BES":310,"DIPMIN":80,"DIPMAX":90,"DIP_BEST_E":85,"RAKEMIN":160,"RAKEMAX":180,"RAKE_BEST":170,"FAULT_WIDT":15.0572975632,"TOTAL_FAUL":34,"TOTAL_FA_1":35,"SEGMENTATI":"geometric","TOTAL_SEGM":15,"TOTAL_SE_1":15,"MIN_TOTAL":510,"MAX_TOTAL":517.867572062,"BEST_ESTIM":511.948117147,"MIN_TOTA_1":225,"MAX_TOTA_1":228.470987674,"BEST_EST_1":225.859463447,"SLIPRATEMI":0.23,"SLIPRATEMA":1.3,"BEST_EST_2":0.7,"ACTIVITY":"active","FAULT_WE_1":"inferred","__id":147},"id":147},{"type":"Feature","geometry":{"type":"LineString","coordinates":[[13.994675046556484,46.33306304126082],[14.006086345610653,46.32224471809743],[14.019579939493413,46.313332261783074],[14.034576414846505,46.30485089647857],[14.04100386070438,46.301125456547645]]},"properties":{"FID":54,"FAULT_NAME":"Dražgoše segment 1","FAULT_DESI":"MAF.SI-040/1","FAULT_TYPE":"dextral strike-slip","MINDEPTH_g":0,"MAXDEPTH_g":0,"MAXDEPTH":15,"STRIKEMIN":310,"STRIKEMAX":325,"STRIKE_BES":315,"DIPMIN":75,"DIPMAX":85,"DIP_BEST_E":80,"RAKEMIN":160,"RAKEMAX":180,"RAKE_BEST":170,"FAULT_WIDT":15.2313991783,"TOTAL_FAUL":33,"TOTAL_FA_1":29,"SEGMENTATI":"geometric","TOTAL_SEGM":5,"TOTAL_SE_1":5,"MIN_TOTAL":496.890819584,"MAX_TOTAL":512.461709303,"BEST_ESTIM":502.636172883,"MIN_TOTA_1":75.2864878158,"MAX_TOTA_1":77.6457135308,"BEST_EST_1":76.1569958914,"SLIPRATEMI":0.05,"SLIPRATEMA":0.3,"BEST_EST_2":0.1,"ACTIVITY":"probably","FAULT_WE_1":" ","__id":148},"id":148},{"type":"Feature","geometry":{"type":"LineString","coordinates":[[14.054349232565261,46.30018645426028],[14.067755689865459,46.29567678466682],[14.085127310829764,46.28930824547314],[14.106802760320283,46.278770597572915],[14.119617227848247,46.27278072937351],[14.188432670188226,46.24662241473449]]},"properties":{"FID":55,"FAULT_NAME":"Dražgoše segment 2","FAULT_DESI":"MAF.SI-040/2","FAULT_TYPE":"dextral strike-slip","MINDEPTH_g":0,"MAXDEPTH_g":0,"MAXDEPTH":15,"STRIKEMIN":295,"STRIKEMAX":305,"STRIKE_BES":300,"DIPMIN":75,"DIPMAX":85,"DIP_BEST_E":80,"RAKEMIN":160,"RAKEMAX":180,"RAKE_BEST":170,"FAULT_WIDT":15.2313991783,"TOTAL_FAUL":33,"TOTAL_FA_1":29,"SEGMENTATI":"geometric","TOTAL_SEGM":12,"TOTAL_SE_1":12,"MIN_TOTAL":496.890819584,"MAX_TOTAL":512.461709303,"BEST_ESTIM":502.636172883,"MIN_TOTA_1":180.687570758,"MAX_TOTA_1":186.349712474,"BEST_EST_1":182.776790139,"SLIPRATEMI":0.05,"SLIPRATEMA":0.3,"BEST_EST_2":0.1,"ACTIVITY":"probably","FAULT_WE_1":" ","__id":149},"id":149},{"type":"Feature","geometry":{"type":"LineString","coordinates":[[14.13705442582829,46.261364824672114],[14.160547167138585,46.24936137146447],[14.16746958471801,46.245217163166885],[14.177014184611782,46.235427239119524],[14.180558936722916,46.23176170360892],[14.184237537811388,46.22934998450941],[14.192935924707514,46.22529375724003],[14.209384077559742,46.217024389623006],[14.218413942795713,46.21110920985956],[14.230125279154779,46.20521080067949],[14.24901864621038,46.19710815898977],[14.254992442849776,46.193498517471696],[14.266872662482255,46.191168447238844],[14.28023240738768,46.18667281776158],[14.28943834241934,46.18346986947777],[14.294397941102963,46.18016286280791],[14.298138525946035,46.17607127854895]]},"properties":{"FID":59,"FAULT_NAME":"Dražgoše segment 3","FAULT_DESI":"MAF.SI-040/3","FAULT_TYPE":"dextral strike-slip","MINDEPTH_g":0,"MAXDEPTH_g":0,"MAXDEPTH":15,"STRIKEMIN":285,"STRIKEMAX":330,"STRIKE_BES":305,"DIPMIN":75,"DIPMAX":85,"DIP_BEST_E":80,"RAKEMIN":160,"RAKEMAX":180,"RAKE_BEST":170,"FAULT_WIDT":15.2313991783,"TOTAL_FAUL":33,"TOTAL_FA_1":29,"SEGMENTATI":"geometric","TOTAL_SEGM":16,"TOTAL_SE_1":16,"MIN_TOTAL":496.890819584,"MAX_TOTAL":512.461709303,"BEST_ESTIM":502.636172883,"MIN_TOTA_1":240.91676101,"MAX_TOTA_1":248.466283298,"BEST_EST_1":243.702386853,"SLIPRATEMI":0.05,"SLIPRATEMA":0.3,"BEST_EST_2":0.1,"ACTIVITY":"probably","FAULT_WE_1":" ","__id":150},"id":150},{"type":"Feature","geometry":{"type":"LineString","coordinates":[[15.063320790013194,46.08449464150551],[15.06033299337821,46.08639185278294],[15.056879869426055,46.088566867596484],[15.053626171466973,46.09125016070993],[15.049841569174978,46.094627298578736],[15.04678639889369,46.09758812018695],[15.043333274941533,46.10082596695699],[15.040410157007006,46.10323149298581],[15.034364495144883,46.10795005531394],[15.029713018603712,46.11141958519963],[15.026656051691853,46.11373186105403],[15.024130887428194,46.11585971678168],[15.022535479483597,46.11784800756229],[15.020741543861211,46.119559138052935],[15.01854785793739,46.12150184188045],[15.016553598006645,46.12307401197588],[15.012896556484996,46.125201506961815],[15.00904008897027,46.12756052079049],[15.00604780075887,46.129733911784186],[15.00272313589234,46.13223093317883]]},"properties":{"FID":152,"FAULT_NAME":"Zagorje segment 3","FAULT_DESI":"MAF.SI-066/3","FAULT_TYPE":"dextral strike-slip","MINDEPTH_g":0,"MAXDEPTH_g":0,"MAXDEPTH":15,"STRIKEMIN":140,"STRIKEMAX":150,"STRIKE_BES":140,"DIPMIN":80,"DIPMAX":90,"DIP_BEST_E":85,"RAKEMIN":160,"RAKEMAX":180,"RAKE_BEST":170,"FAULT_WIDT":15.0572975632,"TOTAL_FAUL":32,"TOTAL_FA_1":26,"SEGMENTATI":"geometric","TOTAL_SEGM":7,"TOTAL_SE_1":7,"MIN_TOTAL":480,"MAX_TOTAL":487.404773705,"BEST_ESTIM":481.833522021,"MIN_TOTA_1":105,"MAX_TOTA_1":106.619794248,"BEST_EST_1":105.401082942,"SLIPRATEMI":0.04,"SLIPRATEMA":0.1,"BEST_EST_2":0.07,"ACTIVITY":"probably","FAULT_WE_1":" ","__id":151},"id":151},{"type":"Feature","geometry":{"type":"LineString","coordinates":[[15.060999543319028,46.08870330937942],[15.065649223229629,46.08694386981956],[15.071295134790319,46.08467470803841],[15.0756124380458,46.083145681483984],[15.07826875634094,46.08217303903586],[15.083182540945076,46.080088747476836],[15.087763948894084,46.07837452222828],[15.092678631813502,46.07675184773763],[15.097591518102352,46.07489855052952],[15.101043743739222,46.07378554522539],[15.105624253372946,46.07188540759176],[15.108943528347769,46.07040276870477],[15.113258136657397,46.068780483048464],[15.116643886963244,46.06771347547892],[15.119232831612075,46.06697054681363],[15.12533957891352,46.06497605799143],[15.132042807563622,46.06274900141506],[15.137020372552925,46.06089336397418],[15.141466134894035,46.05903828752093],[15.145446569917967,46.057276031835436],[15.149625532619691,46.05537470245998],[15.156649459826221,46.05193531183608],[15.16356648751394,46.049002589913435],[15.169225873803896,46.04665642495509],[15.176354005583383,46.044161138313335],[15.182852418348702,46.042104717930115]]},"properties":{"FID":153,"FAULT_NAME":"Zagorje segment 4","FAULT_DESI":"MAF.SI-066/4","FAULT_TYPE":"dextral strike-slip","MINDEPTH_g":0,"MAXDEPTH_g":0,"MAXDEPTH":15,"STRIKEMIN":120,"STRIKEMAX":125,"STRIKE_BES":120,"DIPMIN":80,"DIPMAX":90,"DIP_BEST_E":85,"RAKEMIN":160,"RAKEMAX":180,"RAKE_BEST":170,"FAULT_WIDT":15.0572975632,"TOTAL_FAUL":32,"TOTAL_FA_1":26,"SEGMENTATI":"structural","TOTAL_SEGM":11,"TOTAL_SE_1":11,"MIN_TOTAL":480,"MAX_TOTAL":487.404773705,"BEST_ESTIM":481.833522021,"MIN_TOTA_1":165,"MAX_TOTA_1":167.545390961,"BEST_EST_1":165.630273195,"SLIPRATEMI":0.04,"SLIPRATEMA":0.1,"BEST_EST_2":0.07,"ACTIVITY":"probably","FAULT_WE_1":" ","__id":152},"id":152},{"type":"Feature","geometry":{"type":"LineString","coordinates":[[15.04497629359619,46.0847376377262],[15.04140279539596,46.08690212606064],[15.03666418227223,46.089229136655504],[15.032390896465673,46.0919884016468],[15.026952495735614,46.09588315985341],[15.0222129842966,46.100318936944504],[15.016461071532383,46.10345634388716],[15.009620400643811,46.106972244924975],[15.002935138299394,46.110487298950176],[14.998659157546985,46.11389439551348],[14.993759745987395,46.11913945521622],[14.990726135272926,46.123357309143294],[14.989014844656678,46.12703443646166],[14.988003341646758,46.130495294303195],[14.987325113607247,46.13238096252192],[14.986209406024374,46.13432010169054],[14.984600523350515,46.13753649433635]]},"properties":{"FID":154,"FAULT_NAME":"Zagorje segment 2","FAULT_DESI":"MAF.SI-066/2","FAULT_TYPE":"dextral strike-slip","MINDEPTH_g":0,"MAXDEPTH_g":0,"MAXDEPTH":15,"STRIKEMIN":310,"STRIKEMAX":340,"STRIKE_BES":320,"DIPMIN":75,"DIPMAX":85,"DIP_BEST_E":80,"RAKEMIN":150,"RAKEMAX":180,"RAKE_BEST":165,"FAULT_WIDT":15.2313991783,"TOTAL_FAUL":32,"TOTAL_FA_1":26,"SEGMENTATI":"geometric","TOTAL_SEGM":8,"TOTAL_SE_1":8,"MIN_TOTAL":481.833522021,"MAX_TOTAL":496.932566597,"BEST_ESTIM":487.404773705,"MIN_TOTA_1":120.458380505,"MAX_TOTA_1":124.233141649,"BEST_EST_1":121.851193426,"SLIPRATEMI":0.04,"SLIPRATEMA":0.1,"BEST_EST_2":0.07,"ACTIVITY":"probably","FAULT_WE_1":" ","__id":153},"id":153},{"type":"Feature","geometry":{"type":"LineString","coordinates":[[14.972676286269111,46.1422595885768],[14.968473069054717,46.14586823755189],[14.965430475187404,46.1483663944283],[14.962147132823947,46.1499396647391],[14.959258150870218,46.151375981434455],[14.956156268194153,46.1525969456149],[14.949383869267178,46.15591992194874],[14.944552729669182,46.1580977938385],[14.941355625573003,46.159951406036754],[14.93776416106709,46.16162265239074],[14.935134792230473,46.16365906527571],[14.933645385489402,46.16457116466177],[14.926593610509064,46.1677304206593],[14.921072564772864,46.170829152248544],[14.919187899306783,46.17228794054942],[14.917873664046118,46.173229756023474],[14.912834115302205,46.175781410165165],[14.911782188104503,46.17633128794515]]},"properties":{"FID":155,"FAULT_NAME":"Zagorje segment 1","FAULT_DESI":"MAF.SI-066/1","FAULT_TYPE":"dextral strike-slip","MINDEPTH_g":0,"MAXDEPTH_g":0,"MAXDEPTH":15,"STRIKEMIN":300,"STRIKEMAX":320,"STRIKE_BES":310,"DIPMIN":80,"DIPMAX":90,"DIP_BEST_E":85,"RAKEMIN":160,"RAKEMAX":180,"RAKE_BEST":170,"FAULT_WIDT":15.0572975632,"TOTAL_FAUL":32,"TOTAL_FA_1":26,"SEGMENTATI":"geometric","TOTAL_SEGM":6,"TOTAL_SE_1":6,"MIN_TOTAL":480,"MAX_TOTAL":487.404773705,"BEST_ESTIM":481.833522021,"MIN_TOTA_1":90,"MAX_TOTA_1":91.3883950697,"BEST_EST_1":90.3437853789,"SLIPRATEMI":0.04,"SLIPRATEMA":0.1,"BEST_EST_2":0.07,"ACTIVITY":"probably","FAULT_WE_1":" ","__id":154},"id":154},{"type":"Feature","geometry":{"type":"LineString","coordinates":[[14.439321349259396,46.44752155531584],[14.43292624275175,46.444701518763026],[14.425328292078666,46.442598156771496],[14.41920986667853,46.44194757133083],[14.41265935162673,46.439849055358806],[14.405356048366837,46.43826180552269],[14.39581863499534,46.436146432291785],[14.38463371139277,46.434434634696714],[14.374048862399988,46.43262186600178],[14.365399882844486,46.431334689327635],[14.356450865984087,46.430252422018725],[14.343026442378203,46.428729905482626],[14.331393259448856,46.427320657483584],[14.319009084941985,46.426318186928306],[14.311105707072302,46.42534108547098],[14.305903563261964,46.42334781849876],[14.30293463124795,46.421883937625644],[14.29651257528178,46.42194772005628],[14.290722034960345,46.419330102108354],[14.284619779235323,46.41774287393282],[14.278972969359346,46.415642187222886],[14.268377340583157,46.41516221354257],[14.263897442261252,46.41513310532544],[14.250155913360077,46.41424065223415],[14.232831004790546,46.41290225488735],[14.210555480690235,46.411282013133075],[14.195684769476921,46.41166849718898]]},"properties":{"FID":171,"FAULT_NAME":"Košuta segment 2","FAULT_DESI":"MAF.SI-052/2","FAULT_TYPE":"reverse","MINDEPTH_g":0,"MAXDEPTH_g":0,"MAXDEPTH":10,"STRIKEMIN":240,"STRIKEMAX":270,"STRIKE_BES":260,"DIPMIN":70,"DIPMAX":80,"DIP_BEST_E":75,"RAKEMIN":70,"RAKEMAX":110,"RAKE_BEST":90,"FAULT_WIDT":10.3527618041,"TOTAL_FAUL":31,"TOTAL_FA_1":32,"SEGMENTATI":"geometric","TOTAL_SEGM":19,"TOTAL_SE_1":19,"MIN_TOTAL":314.782249685,"MAX_TOTAL":329.895109468,"BEST_ESTIM":320.935615927,"MIN_TOTA_1":192.931056258,"MAX_TOTA_1":202.19377677,"BEST_EST_1":196.702474278,"SLIPRATEMI":0.1,"SLIPRATEMA":0.5,"BEST_EST_2":0.3,"ACTIVITY":"potentially","FAULT_WE_1":" ","__id":155},"id":155},{"type":"Feature","geometry":{"type":"LineString","coordinates":[[14.19384861303618,46.41624539976697],[14.188265583545379,46.41675694850274],[14.17709054141093,46.41846744344339],[14.164681214076104,46.42264684491412],[14.153889752567977,46.42518380641367],[14.148877153282589,46.42734975919469],[14.138586053387714,46.43594832465245],[14.12333804975507,46.44285566513285],[14.110796670073476,46.454601951787204],[14.107096509418191,46.461596034026336],[14.102593254898897,46.46885897766335],[14.094105972094535,46.47595268442438],[14.088389991941686,46.48403204845037],[14.08515695523414,46.48662243653823]]},"properties":{"FID":172,"FAULT_NAME":"Košuta segment 1","FAULT_DESI":"MAF.SI-052/1","FAULT_TYPE":"reverse","MINDEPTH_g":0,"MAXDEPTH_g":0,"MAXDEPTH":10,"STRIKEMIN":200,"STRIKEMAX":260,"STRIKE_BES":225,"DIPMIN":70,"DIPMAX":80,"DIP_BEST_E":75,"RAKEMIN":90,"RAKEMAX":130,"RAKE_BEST":110,"FAULT_WIDT":10.3527618041,"TOTAL_FAUL":31,"TOTAL_FA_1":32,"SEGMENTATI":"geometric","TOTAL_SEGM":12,"TOTAL_SE_1":11,"MIN_TOTAL":314.782249685,"MAX_TOTAL":329.895109468,"BEST_ESTIM":320.935615927,"MIN_TOTA_1":121.851193426,"MAX_TOTA_1":127.701332697,"BEST_EST_1":124.233141649,"SLIPRATEMI":0.1,"SLIPRATEMA":0.5,"BEST_EST_2":0.3,"ACTIVITY":"potentially","FAULT_WE_1":" ","__id":156},"id":156},{"type":"Feature","geometry":{"type":"LineString","coordinates":[[15.49075896513351,46.32142022947395],[15.508624659504079,46.32278320358343],[15.517823408013465,46.32406239554971],[15.532394980237166,46.32519639716998],[15.541756323812974,46.32527207915471],[15.552497479665194,46.32462009403246],[15.566027904474602,46.325634358680524],[15.589106522438916,46.32779930104242],[15.622943364245847,46.330741996476334],[15.63267032214229,46.332369591379],[15.64814829448767,46.33648550320836],[15.666276296921202,46.34442679925678],[15.685788603207563,46.351636534145804],[15.712095766303005,46.36084218205201],[15.720963036472547,46.36246826107303],[15.72981683191283,46.363011929767],[15.762073537134993,46.362440984508],[15.785149460153457,46.3628848469194],[15.80703062384404,46.364533181490565],[15.822481646730894,46.365383675402015],[15.84414451980744,46.364024862481216],[15.866637436206506,46.360373505229184]]},"properties":{"FID":183,"FAULT_NAME":"Haloze north segment 1","FAULT_DESI":"MAF.SI-081/1","FAULT_TYPE":"reverse","MINDEPTH_g":0,"MAXDEPTH_g":0,"MAXDEPTH":10,"STRIKEMIN":55,"STRIKEMAX":105,"STRIKE_BES":80,"DIPMIN":40,"DIPMAX":60,"DIP_BEST_E":50,"RAKEMIN":90,"RAKEMAX":110,"RAKE_BEST":100,"FAULT_WIDT":13.0540728933,"TOTAL_FAUL":30,"TOTAL_FA_1":29,"SEGMENTATI":"not segmented","TOTAL_SEGM":30,"TOTAL_SE_1":29,"MIN_TOTAL":346.410161514,"MAX_TOTAL":466.717148058,"BEST_ESTIM":391.6221868,"MIN_TOTA_1":346.410161514,"MAX_TOTA_1":466.717148058,"BEST_EST_1":391.6221868,"SLIPRATEMI":0.01,"SLIPRATEMA":0.1,"BEST_EST_2":0.05,"ACTIVITY":"potentially","FAULT_WE_1":" ","__id":157},"id":157},{"type":"Feature","geometry":{"type":"LineString","coordinates":[[15.215512467133438,45.6887298392302],[15.209201802262498,45.684037648659775],[15.205356114531181,45.681188380088216],[15.202170688533693,45.67842244248415],[15.196518488766014,45.67292970224569],[15.191229208373118,45.66810875238385],[15.182218207758115,45.660437062083346],[15.172612522425025,45.6533539407679],[15.159108148758856,45.64350288823178]]},"properties":{"FID":220,"FAULT_NAME":"Orehovec segment 1","FAULT_DESI":"MAF.SI-093/1","FAULT_TYPE":"sinistral strike-slip","MINDEPTH_g":0,"MAXDEPTH_g":0,"MAXDEPTH":15,"STRIKEMIN":35,"STRIKEMAX":40,"STRIKE_BES":40,"DIPMIN":80,"DIPMAX":100,"DIP_BEST_E":90,"RAKEMIN":-10,"RAKEMAX":10,"RAKE_BEST":0,"FAULT_WIDT":15,"TOTAL_FAUL":30,"TOTAL_FA_1":28,"SEGMENTATI":"geometric","TOTAL_SEGM":7,"TOTAL_SE_1":7,"MIN_TOTAL":456.941975349,"MAX_TOTAL":456.941975349,"BEST_ESTIM":450,"MIN_TOTA_1":106.619794248,"MAX_TOTA_1":106.619794248,"BEST_EST_1":105,"SLIPRATEMI":0.1,"SLIPRATEMA":0.5,"BEST_EST_2":0.2,"ACTIVITY":"probably","FAULT_WE_1":" ","__id":158},"id":158},{"type":"Feature","geometry":{"type":"LineString","coordinates":[[15.363429960131842,45.78231120332527],[15.36065596253448,45.78034592332034],[15.35824578262719,45.779009593589045],[15.354330924618996,45.77696337451441],[15.350654120161092,45.7744546801479],[15.34896528742695,45.7732002906427],[15.344506050356582,45.770357446366816],[15.335463608706632,45.76374822900805],[15.327871047925253,45.75835224107962],[15.318474670053364,45.752078827503],[15.309264243445288,45.746602098102954],[15.304629834894516,45.74384253057232],[15.300121190483518,45.742048299677876],[15.291827045465242,45.7390038682382],[15.282994809591779,45.73612793179213],[15.271755987072162,45.731577041275585],[15.26670745517541,45.72936290960379],[15.259732935309504,45.72559912330008],[15.253901072485,45.72237819444245],[15.250232352864657,45.72007652131784],[15.240975213861805,45.71472021736264],[15.233644062828105,45.71091341713588],[15.228953958729717,45.707436952889026],[15.218309820928186,45.699225441208],[15.211397284816886,45.69403027971688],[15.204188304661827,45.68946529202647],[15.19872205615796,45.68590465674538],[15.193737304646382,45.68284712391208],[15.189952702354384,45.680207419907326],[15.18358634193583,45.675597994786564]]},"properties":{"FID":221,"FAULT_NAME":"Orehovec segment 2","FAULT_DESI":"MAF.SI-093/2","FAULT_TYPE":"sinistral strike-slip","MINDEPTH_g":0,"MAXDEPTH_g":0,"MAXDEPTH":15,"STRIKEMIN":45,"STRIKEMAX":60,"STRIKE_BES":50,"DIPMIN":80,"DIPMAX":100,"DIP_BEST_E":90,"RAKEMIN":-10,"RAKEMAX":10,"RAKE_BEST":0,"FAULT_WIDT":15,"TOTAL_FAUL":30,"TOTAL_FA_1":28,"SEGMENTATI":"geometric","TOTAL_SEGM":18,"TOTAL_SE_1":18,"MIN_TOTAL":456.941975349,"MAX_TOTAL":456.941975349,"BEST_ESTIM":450,"MIN_TOTA_1":274.165185209,"MAX_TOTA_1":274.165185209,"BEST_EST_1":270,"SLIPRATEMI":0.1,"SLIPRATEMA":0.5,"BEST_EST_2":0.2,"ACTIVITY":"probably","FAULT_WE_1":" ","__id":159},"id":159},{"type":"Feature","geometry":{"type":"LineString","coordinates":[[15.415242989089288,45.815398567144186],[15.405898713503875,45.810812188741075],[15.393542386770813,45.80463986132023],[15.38709158471555,45.80100765582387],[15.377809292884743,45.79595661788001],[15.363346416810419,45.78793977783893]]},"properties":{"FID":222,"FAULT_NAME":"Orehovec segment 3","FAULT_DESI":"MAF.SI-093/3","FAULT_TYPE":"sinistral strike-slip","MINDEPTH_g":0,"MAXDEPTH_g":0,"MAXDEPTH":15,"STRIKEMIN":50,"STRIKEMAX":55,"STRIKE_BES":55,"DIPMIN":80,"DIPMAX":100,"DIP_BEST_E":90,"RAKEMIN":-10,"RAKEMAX":10,"RAKE_BEST":0,"FAULT_WIDT":15,"TOTAL_FAUL":30,"TOTAL_FA_1":28,"SEGMENTATI":"geometric","TOTAL_SEGM":5,"TOTAL_SE_1":5,"MIN_TOTAL":456.941975349,"MAX_TOTAL":456.941975349,"BEST_ESTIM":450,"MIN_TOTA_1":76.1569958914,"MAX_TOTA_1":76.1569958914,"BEST_EST_1":75,"SLIPRATEMI":0.1,"SLIPRATEMA":0.5,"BEST_EST_2":0.2,"ACTIVITY":"probably","FAULT_WE_1":" ","__id":160},"id":160},{"type":"Feature","geometry":{"type":"LineString","coordinates":[[15.387690761010058,45.90223357527936],[15.397563245982532,45.903920134086356],[15.412279446966977,45.90643299916248],[15.429107587184388,45.91134963447438],[15.439142667223287,45.9147365215624],[15.448536350149325,45.91892625049609],[15.456244793602355,45.923351245665735],[15.464940485552633,45.92891682726093]]},"properties":{"FID":227,"FAULT_NAME":"Orlica segment 1","FAULT_DESI":"MAF.SI-074/1","FAULT_TYPE":"reverse","MINDEPTH_g":0,"MAXDEPTH_g":0,"MAXDEPTH":10,"STRIKEMIN":230,"STRIKEMAX":260,"STRIKE_BES":245,"DIPMIN":40,"DIPMAX":60,"DIP_BEST_E":50,"RAKEMIN":80,"RAKEMAX":100,"RAKE_BEST":90,"FAULT_WIDT":13.0540728933,"TOTAL_FAUL":30,"TOTAL_FA_1":25,"SEGMENTATI":"structural","TOTAL_SEGM":7,"TOTAL_SE_1":7,"MIN_TOTAL":346.410161514,"MAX_TOTAL":466.717148058,"BEST_ESTIM":391.6221868,"MIN_TOTA_1":80.8290376865,"MAX_TOTA_1":108.90066788,"BEST_EST_1":91.3785102533,"SLIPRATEMI":0.05,"SLIPRATEMA":0.1,"BEST_EST_2":0.08,"ACTIVITY":"probably","FAULT_WE_1":" ","__id":161},"id":161},{"type":"Feature","geometry":{"type":"LineString","coordinates":[[15.573416547686485,46.00052404978849],[15.554279737188887,45.98779452487517],[15.54239772092584,45.97895946105014],[15.52821961079658,45.96896354026082],[15.50974126540224,45.95677320549885],[15.491493787035921,45.945359117718915],[15.467284190128899,45.930209571897606]]},"properties":{"FID":228,"FAULT_NAME":"Orlica segment 2","FAULT_DESI":"MAF.SI-074/2","FAULT_TYPE":"sinistral strike-slip","MINDEPTH_g":0,"MAXDEPTH_g":0,"MAXDEPTH":10,"STRIKEMIN":40,"STRIKEMAX":50,"STRIKE_BES":45,"DIPMIN":80,"DIPMAX":100,"DIP_BEST_E":90,"RAKEMIN":0,"RAKEMAX":20,"RAKE_BEST":10,"FAULT_WIDT":10,"TOTAL_FAUL":30,"TOTAL_FA_1":25,"SEGMENTATI":"structural","TOTAL_SEGM":11,"TOTAL_SE_1":11,"MIN_TOTAL":304.627983566,"MAX_TOTAL":304.627983566,"BEST_ESTIM":300,"MIN_TOTA_1":111.696927307,"MAX_TOTA_1":111.696927307,"BEST_EST_1":110,"SLIPRATEMI":0.05,"SLIPRATEMA":0.1,"BEST_EST_2":0.08,"ACTIVITY":"probably","FAULT_WE_1":" ","__id":162},"id":162},{"type":"Feature","geometry":{"type":"LineString","coordinates":[[15.5843274851274,45.98243710144716],[15.589314033269547,45.9881971065294],[15.59824598213955,45.995971039391655],[15.608562234862378,46.0025208659821],[15.613219101295252,46.00536495661564],[15.61825146351689,46.00949667682908],[15.624554941865556,46.015349314872275],[15.632450234897682,46.021393458427134],[15.63747181733591,46.024753040319766]]},"properties":{"FID":229,"FAULT_NAME":"Orlica segment 3","FAULT_DESI":"MAF.SI-074/3","FAULT_TYPE":"sinistral strike-slip","MINDEPTH_g":0,"MAXDEPTH_g":0,"MAXDEPTH":10,"STRIKEMIN":40,"STRIKEMAX":50,"STRIKE_BES":45,"DIPMIN":80,"DIPMAX":100,"DIP_BEST_E":90,"RAKEMIN":0,"RAKEMAX":20,"RAKE_BEST":10,"FAULT_WIDT":10,"TOTAL_FAUL":30,"TOTAL_FA_1":25,"SEGMENTATI":"structural","TOTAL_SEGM":6,"TOTAL_SE_1":6,"MIN_TOTAL":304.627983566,"MAX_TOTAL":304.627983566,"BEST_ESTIM":300,"MIN_TOTA_1":60.9255967131,"MAX_TOTA_1":60.9255967131,"BEST_EST_1":60,"SLIPRATEMI":0.05,"SLIPRATEMA":0.1,"BEST_EST_2":0.08,"ACTIVITY":"probably","FAULT_WE_1":" ","__id":163},"id":163},{"type":"Feature","geometry":{"type":"LineString","coordinates":[[15.598491222212115,45.98895170518424],[15.614369843174208,45.99274763600365],[15.628999805891382,45.997202311205],[15.640195509277364,46.00109876583529],[15.649435580289813,46.00501740884498],[15.65949850810252,46.00918970973956]]},"properties":{"FID":230,"FAULT_NAME":"Orlica segment 4","FAULT_DESI":"MAF.SI-074/4","FAULT_TYPE":"sinistral transpressive","MINDEPTH_g":0,"MAXDEPTH_g":0,"MAXDEPTH":10,"STRIKEMIN":240,"STRIKEMAX":250,"STRIKE_BES":245,"DIPMIN":30,"DIPMAX":70,"DIP_BEST_E":60,"RAKEMIN":30,"RAKEMAX":60,"RAKE_BEST":50,"FAULT_WIDT":11.5470053838,"TOTAL_FAUL":30,"TOTAL_FA_1":25,"SEGMENTATI":"structural","TOTAL_SEGM":5,"TOTAL_SE_1":5,"MIN_TOTAL":319.253331743,"MAX_TOTAL":600,"BEST_ESTIM":346.410161514,"MIN_TOTA_1":53.2088886238,"MAX_TOTA_1":100,"BEST_EST_1":57.735026919,"SLIPRATEMI":0.05,"SLIPRATEMA":0.1,"BEST_EST_2":0.08,"ACTIVITY":"probably","FAULT_WE_1":" ","__id":164},"id":164},{"type":"Feature","geometry":{"type":"LineString","coordinates":[[15.244528949125781,46.534187428834144],[15.277326440148984,46.531623408627105],[15.328519631560388,46.53098933723922],[15.363130821142228,46.53088427596299],[15.400627399416663,46.531007259436635],[15.44281138684363,46.53109996036335],[15.478861677510633,46.530705671327],[15.519961398389668,46.530525212067126],[15.564666058503875,46.53031261545749],[15.607220151827901,46.53133789201773]]},"properties":{"FID":200,"FAULT_NAME":"Lovrenc segment 1","FAULT_DESI":"MAF.SI-085/1","FAULT_TYPE":"reverse","MINDEPTH_g":0,"MAXDEPTH_g":0,"MAXDEPTH":10,"STRIKEMIN":90,"STRIKEMAX":95,"STRIKE_BES":90,"DIPMIN":80,"DIPMAX":90,"DIP_BEST_E":90,"RAKEMIN":70,"RAKEMAX":110,"RAKE_BEST":90,"FAULT_WIDT":10,"TOTAL_FAUL":28,"TOTAL_FA_1":28,"SEGMENTATI":"not segmented","TOTAL_SEGM":28,"TOTAL_SE_1":28,"MIN_TOTAL":280,"MAX_TOTAL":284.319451328,"BEST_ESTIM":280,"MIN_TOTA_1":280,"MAX_TOTA_1":284.319451328,"BEST_EST_1":280,"SLIPRATEMI":0.01,"SLIPRATEMA":0.1,"BEST_EST_2":0.05,"ACTIVITY":"potentially","FAULT_WE_1":" ","__id":165},"id":165},{"type":"Feature","geometry":{"type":"LineString","coordinates":[[15.56369677631231,45.70254808368588],[15.573915112669171,45.70861440824621],[15.580568035663358,45.71432380537764],[15.592899209568468,45.720653516401704],[15.60150237504448,45.72510307723453],[15.609722858209459,45.727056507497615],[15.618482330544907,45.72925693508544],[15.632425082069728,45.732675609287426],[15.648170752369774,45.73758127942708],[15.673213985860457,45.74442742985794],[15.68590987577092,45.74734807317192],[15.696096771092837,45.74915905856202],[15.70379084150132,45.75123387787278],[15.71257007677302,45.75442556411961],[15.719211321668515,45.757754325981445],[15.722860278352607,45.75929610659067],[15.725205779559442,45.762230385969666],[15.726839815061258,45.76446702796211]]},"properties":{"FID":231,"FAULT_NAME":"Sv. Nedelja segment 1","FAULT_DESI":"MAF.SI-094/1","FAULT_TYPE":"sinistral strike-slip","MINDEPTH_g":0,"MAXDEPTH_g":0,"MAXDEPTH":16,"STRIKEMIN":210,"STRIKEMAX":250,"STRIKE_BES":240,"DIPMIN":80,"DIPMAX":90,"DIP_BEST_E":85,"RAKEMIN":0,"RAKEMAX":20,"RAKE_BEST":10,"FAULT_WIDT":16.0611174007,"TOTAL_FAUL":28,"TOTAL_FA_1":21,"SEGMENTATI":"geometric","TOTAL_SEGM":15,"TOTAL_SE_1":14,"MIN_TOTAL":448,"MAX_TOTAL":454.911122125,"BEST_ESTIM":449.711287219,"MIN_TOTA_1":240,"MAX_TOTA_1":243.702386853,"BEST_EST_1":240.91676101,"SLIPRATEMI":0.1,"SLIPRATEMA":0.5,"BEST_EST_2":0.22,"ACTIVITY":"active","FAULT_WE_1":" ","__id":166},"id":166},{"type":"Feature","geometry":{"type":"LineString","coordinates":[[15.726839815061258,45.76446702796211],[15.730018054536474,45.76837357278678],[15.734626411944008,45.77283875556256],[15.742352821702719,45.780372862596465],[15.75181926816677,45.78770800580064],[15.758440750126015,45.79234576890312],[15.770973146654764,45.7984411720021],[15.784181974592459,45.80490537877849]]},"properties":{"FID":232,"FAULT_NAME":"Sv. Nedelja segment 2","FAULT_DESI":"MAF.SI-094/2","FAULT_TYPE":"sinistral strike-slip","MINDEPTH_g":0,"MAXDEPTH_g":0,"MAXDEPTH":16,"STRIKEMIN":210,"STRIKEMAX":235,"STRIKE_BES":225,"DIPMIN":80,"DIPMAX":90,"DIP_BEST_E":85,"RAKEMIN":0,"RAKEMAX":20,"RAKE_BEST":10,"FAULT_WIDT":16.0611174007,"TOTAL_FAUL":28,"TOTAL_FA_1":21,"SEGMENTATI":"geometric","TOTAL_SEGM":6,"TOTAL_SE_1":6,"MIN_TOTAL":448,"MAX_TOTAL":454.911122125,"BEST_ESTIM":449.711287219,"MIN_TOTA_1":96,"MAX_TOTA_1":97.480954741,"BEST_EST_1":96.3667044042,"SLIPRATEMI":0.1,"SLIPRATEMA":0.5,"BEST_EST_2":0.22,"ACTIVITY":"active","FAULT_WE_1":" ","__id":167},"id":167},{"type":"Feature","geometry":{"type":"LineString","coordinates":[[15.64631842625392,45.72971093101596],[15.653289352858687,45.731262891997716],[15.659990784878218,45.73262858198991],[15.663075599563888,45.73345374855506],[15.665094114007301,45.73456544684556],[15.666301449749158,45.73483944917256],[15.6684430333865,45.735013756589396],[15.672848371539821,45.73442625064045],[15.677525000908949,45.73421118555133],[15.681001481058493,45.734190494114245],[15.685016052063222,45.73444756900067],[15.691179393227564,45.73544011776202],[15.695065505146665,45.73616555127596],[15.699774473866022,45.73742704329274],[15.701885514783699,45.73788849647403],[15.704077404076953,45.73871734709539],[15.7111965527036,45.74251786462662],[15.71702122900583,45.74506247434078],[15.718690298803725,45.746157642671484],[15.720217434786731,45.747886548139846],[15.72161341673825,45.751142988611974],[15.72385291674156,45.755605789925205],[15.72424548052072,45.75681482170534]]},"properties":{"FID":233,"FAULT_NAME":"Sv. Nedelja segment 3","FAULT_DESI":"MAF.SI-094/3","FAULT_TYPE":"sinistral transpressive","MINDEPTH_g":0,"MAXDEPTH_g":0,"MAXDEPTH":16,"STRIKEMIN":190,"STRIKEMAX":280,"STRIKE_BES":245,"DIPMIN":70,"DIPMAX":80,"DIP_BEST_E":75,"RAKEMIN":40,"RAKEMAX":60,"RAKE_BEST":50,"FAULT_WIDT":16.5644188866,"TOTAL_FAUL":28,"TOTAL_FA_1":21,"SEGMENTATI":"geometric","TOTAL_SEGM":7,"TOTAL_SE_1":7,"MIN_TOTAL":454.911122125,"MAX_TOTAL":476.751642069,"BEST_ESTIM":463.803728824,"MIN_TOTA_1":113.727780531,"MAX_TOTA_1":119.187910517,"BEST_EST_1":115.950932206,"SLIPRATEMI":0.1,"SLIPRATEMA":0.5,"BEST_EST_2":0.22,"ACTIVITY":"active","FAULT_WE_1":" ","__id":168},"id":168},{"type":"Feature","geometry":{"type":"LineString","coordinates":[[13.975161841954838,45.73224358369185],[13.965706175274198,45.734379851828315],[13.947093980902526,45.74068534780628],[13.930878491708883,45.74666353172062],[13.92480408375767,45.74909261292286],[13.91505915955554,45.75333682598893],[13.900653775659398,45.759328069884255],[13.881999360469374,45.76695235907296],[13.877152051196262,45.769738355047366],[13.866101874886308,45.77691387838928],[13.86150519557747,45.77947007650834],[13.854162366445077,45.78298152525773],[13.848405063789155,45.78569843918719],[13.843235259329045,45.787901566839494],[13.840317531286228,45.78914372411095],[13.836159229836037,45.790373326057306],[13.831261614907017,45.791421880103364],[13.826524798413855,45.79264579458172],[13.821613708755574,45.79432941602592],[13.81260450477114,45.798225727279096],[13.80583839405115,45.80156627938849],[13.801162662997307,45.803714923876775],[13.797637673822425,45.80622167541394],[13.79401476828157,45.80936325294967],[13.784688459001842,45.81626007540527],[13.779577943350485,45.81932783815574],[13.771693430101768,45.82438927719014],[13.765658548023053,45.82808255391837],[13.757544066061602,45.832214977477804],[13.750004505881986,45.83652671730359],[13.744042387341286,45.840508943461366],[13.734478024511265,45.846416357267294],[13.72585240115315,45.851003557026516],[13.72241814182196,45.852873118796374],[13.720481374069397,45.854354708117896],[13.716740789226327,45.85870664848279],[13.711481153237806,45.86431374284905],[13.70831818512242,45.86867178429132],[13.705980768753143,45.87309765837375]]},"properties":{"FID":16,"FAULT_NAME":"Tomačevica segment 1","FAULT_DESI":"MAF.SI-012/1","FAULT_TYPE":"dextral strike-slip","MINDEPTH_g":0,"MAXDEPTH_g":0,"MAXDEPTH":10,"STRIKEMIN":295,"STRIKEMAX":340,"STRIKE_BES":305,"DIPMIN":70,"DIPMAX":80,"DIP_BEST_E":75,"RAKEMIN":160,"RAKEMAX":180,"RAKE_BEST":170,"FAULT_WIDT":10.3527618041,"TOTAL_FAUL":27,"TOTAL_FA_1":26,"SEGMENTATI":"not segmented","TOTAL_SEGM":27,"TOTAL_SE_1":26,"MIN_TOTAL":274.165185209,"MAX_TOTAL":287.327998568,"BEST_ESTIM":279.524568711,"MIN_TOTA_1":274.165185209,"MAX_TOTA_1":287.327998568,"BEST_EST_1":279.524568711,"SLIPRATEMI":0.01,"SLIPRATEMA":0.1,"BEST_EST_2":0.05,"ACTIVITY":"potentially","FAULT_WE_1":" ","__id":169},"id":169},{"type":"Feature","geometry":{"type":"LineString","coordinates":[[13.981491371446747,46.14401913013998],[13.984479168081728,46.14032508604938],[13.987806527894106,46.13676711694459],[13.988828810687435,46.13578234799615],[13.99045476135169,46.134993648660505],[13.992566700584653,46.134229838300584],[13.99358628843213,46.13337201745905],[13.99463731731455,46.13245068556299],[13.99593448458482,46.13132078790618],[13.998913298066958,46.12969780343929],[14.000506909380988,46.12905594253074],[14.001397139827551,46.128577810436155],[14.001799585074835,46.128179363853555],[14.00236103212741,46.12738121687358],[14.002828156075152,46.126792871796724],[14.003443502044775,46.12637573444313],[14.004269952106165,46.12606568105024],[14.00711222166512,46.12526563561993],[14.01007845873328,46.124339809790634],[14.011915513489306,46.12359453048592],[14.014612255972233,46.12245511155796],[14.018101312535752,46.12115315649381],[14.02147358811234,46.11955415667302],[14.023834360679004,46.118432712057995],[14.02613853938277,46.117077732424946],[14.027468046003268,46.11579931346478],[14.02839510737648,46.11494058285986],[14.029228743960141,46.11422880398556],[14.030913085117867,46.11350331562005],[14.03363947200517,46.11234251437008],[14.035808005101032,46.11174715832089],[14.037822926283312,46.11125704344146],[14.039443487055864,46.110699664806766],[14.041372169970868,46.109933649218675],[14.043120291513764,46.10901815320972],[14.047084556862584,46.10651385140802],[14.050688597782472,46.10373164484998],[14.053497629675913,46.10119720464817],[14.055594297549051,46.099438163651485],[14.056700123663802,46.09874985506802],[14.05734780898365,46.09820543115247],[14.057752949176786,46.097595595234935],[14.058221869755098,46.09683811855488],[14.058813859527334,46.095976600769376],[14.059588207302244,46.09513687272251],[14.060574557484209,46.09429962372018],[14.06219960983318,46.093424983955174],[14.063242553878043,46.09286244122093],[14.064073495515853,46.09223510274437],[14.065124524398275,46.091186615458525],[14.066547455808317,46.0896758366949],[14.068607292754805,46.088275915270074],[14.072253554493047,46.08644481176754],[14.075927664005095,46.08480430573296],[14.078286639941192,46.08361860009162],[14.08120167303816,46.08188703776987],[14.08499795342885,46.08014171251238],[14.086773024430268,46.07933103034318],[14.087815968475134,46.0787265939188],[14.089480546696606,46.07728090468636],[14.093663102659466,46.07416381998291],[14.096827867405418,46.07194772865673],[14.097846556937611,46.07098299068389],[14.099844410129494,46.06949783460333],[14.102084808448085,46.068119838270135],[14.106124532280774,46.066206416799155],[14.114413287407345,46.06263431149034],[14.11992265504485,46.05994962655085],[14.125948553970723,46.057183772117995],[14.128795315106096,46.055788636790474],[14.132260117156948,46.053637266540505],[14.13590907384104,46.05138169768235],[14.145005414408033,46.046333453174334],[14.148985849431968,46.044185455743474],[14.150361170131955,46.04356130498101],[14.151218162913002,46.04314478486486],[14.153699309727743,46.04166199764641],[14.16322414668526,46.036171347779224],[14.165030658721626,46.035148611094414],[14.166135586521094,46.034353482606],[14.167211768231468,46.03340991529004],[14.169049721302775,46.03230231010062],[14.174218627447601,46.029676024623676],[14.178529642496091,46.02761407543742],[14.18344252878494,46.02580965086941],[14.18521310820994,46.02512416616091]]},"properties":{"FID":77,"FAULT_NAME":"Čeplez segment 1","FAULT_DESI":"MAF.SI-026/1","FAULT_TYPE":"dextral strike-slip","MINDEPTH_g":0,"MAXDEPTH_g":0,"MAXDEPTH":10,"STRIKEMIN":290,"STRIKEMAX":335,"STRIKE_BES":310,"DIPMIN":70,"DIPMAX":85,"DIP_BEST_E":80,"RAKEMIN":160,"RAKEMAX":180,"RAKE_BEST":170,"FAULT_WIDT":10.1542661189,"TOTAL_FAUL":27,"TOTAL_FA_1":22,"SEGMENTATI":"geometric","TOTAL_SEGM":21,"TOTAL_SE_1":21,"MIN_TOTAL":271.031356137,"MAX_TOTAL":287.327998568,"BEST_ESTIM":274.165185209,"MIN_TOTA_1":210.802165884,"MAX_TOTA_1":223.47733222,"BEST_EST_1":213.239588496,"SLIPRATEMI":0.01,"SLIPRATEMA":0.1,"BEST_EST_2":0.05,"ACTIVITY":"potentially","FAULT_WE_1":" ","__id":170},"id":170},{"type":"Feature","geometry":{"type":"LineString","coordinates":[[14.137957232688832,46.04771199329883],[14.139846389731336,46.046006738486454],[14.1414435943065,46.04477842361219],[14.142834186366317,46.04388678707762],[14.143531279026792,46.043328103985516],[14.143989419821693,46.042485703953886],[14.14473232656166,46.04153292219155],[14.145764490823115,46.04024402176232],[14.149137664714985,46.0367450698272],[14.15367954679149,46.033481010810924],[14.155481567251435,46.03211271779815],[14.1562981358447,46.03166742279328],[14.15731413043104,46.031393009518986],[14.158940081095295,46.03089781484448],[14.160695389160464,46.02992425167348],[14.162942075686049,46.02855898910414],[14.166568574488037,46.026894308578655],[14.169091043805846,46.026010491912785],[14.172721135868976,46.02411993754638],[14.17615449688488,46.02180452851732],[14.177748108198905,46.02077341672787],[14.179050665360878,46.02024693723079],[14.180593072703713,46.019891373596884],[14.182619671984686,46.01968052951999],[14.184001280891662,46.019295643436365],[14.18509992048414,46.01888081183742],[14.185833844071267,46.018490929678016],[14.186647717718678,46.01818713159382],[14.187538846480525,46.01808045876995],[14.189319307373651,46.01806486331063],[14.190534727953064,46.017960685529495],[14.192443647931817,46.01749469029759],[14.195613802569476,46.016530872437514],[14.20081325143396,46.01510102237458]]},"properties":{"FID":78,"FAULT_NAME":"Čeplez segment 2","FAULT_DESI":"MAF.SI-026/2","FAULT_TYPE":"dextral strike-slip","MINDEPTH_g":0,"MAXDEPTH_g":0,"MAXDEPTH":10,"STRIKEMIN":270,"STRIKEMAX":350,"STRIKE_BES":310,"DIPMIN":70,"DIPMAX":85,"DIP_BEST_E":80,"RAKEMIN":160,"RAKEMAX":180,"RAKE_BEST":170,"FAULT_WIDT":10.1542661189,"TOTAL_FAUL":27,"TOTAL_FA_1":22,"SEGMENTATI":"geometric","TOTAL_SEGM":6,"TOTAL_SE_1":6,"MIN_TOTAL":271.031356137,"MAX_TOTAL":287.327998568,"BEST_ESTIM":274.165185209,"MIN_TOTA_1":60.2291902526,"MAX_TOTA_1":63.8506663486,"BEST_EST_1":60.9255967131,"SLIPRATEMI":0.01,"SLIPRATEMA":0.1,"BEST_EST_2":0.05,"ACTIVITY":"potentially","FAULT_WE_1":" ","__id":171},"id":171},{"type":"Feature","geometry":{"type":"LineString","coordinates":[[14.165357645485045,46.33931919914263],[14.153132472783463,46.34573835098945],[14.133855525101545,46.35693269911164],[14.107540277168546,46.37142849548793],[14.090112960656626,46.3796900724768],[14.079334075562477,46.38926214600184],[14.071349849317222,46.39486691977009]]},"properties":{"FID":61,"FAULT_NAME":"Kranj segment 1","FAULT_DESI":"MAF.SI-045/1","FAULT_TYPE":"dextral strike-slip","MINDEPTH_g":1,"MAXDEPTH_g":0,"MAXDEPTH":15,"STRIKEMIN":305,"STRIKEMAX":325,"STRIKE_BES":310,"DIPMIN":75,"DIPMAX":85,"DIP_BEST_E":80,"RAKEMIN":160,"RAKEMAX":180,"RAKE_BEST":170,"FAULT_WIDT":15.2313991783,"TOTAL_FAUL":26,"TOTAL_FA_1":27,"SEGMENTATI":"geometric","TOTAL_SEGM":10,"TOTAL_SE_1":10,"MIN_TOTAL":391.489736642,"MAX_TOTAL":403.75771036,"BEST_ESTIM":396.016378635,"MIN_TOTA_1":150.572975632,"MAX_TOTA_1":155.291427062,"BEST_EST_1":152.313991783,"SLIPRATEMI":0.05,"SLIPRATEMA":0.3,"BEST_EST_2":0.1,"ACTIVITY":"potentially","FAULT_WE_1":"inferred","__id":172},"id":172},{"type":"Feature","geometry":{"type":"LineString","coordinates":[[14.25284996089715,46.30071150312885],[14.232422271336272,46.31144224983939],[14.211176216551562,46.3192109853903],[14.183413782695848,46.32917390191875],[14.174495308555109,46.33265305093522],[14.169952528163316,46.33620268373594]]},"properties":{"FID":62,"FAULT_NAME":"Kranj segment 2","FAULT_DESI":"MAF.SI-045/2","FAULT_TYPE":"dextral strike-slip","MINDEPTH_g":1,"MAXDEPTH_g":0,"MAXDEPTH":15,"STRIKEMIN":300,"STRIKEMAX":320,"STRIKE_BES":310,"DIPMIN":75,"DIPMAX":85,"DIP_BEST_E":80,"RAKEMIN":160,"RAKEMAX":180,"RAKE_BEST":170,"FAULT_WIDT":15.2313991783,"TOTAL_FAUL":26,"TOTAL_FA_1":27,"SEGMENTATI":"geometric","TOTAL_SEGM":7,"TOTAL_SE_1":7,"MIN_TOTAL":391.489736642,"MAX_TOTAL":403.75771036,"BEST_ESTIM":396.016378635,"MIN_TOTA_1":105.401082942,"MAX_TOTA_1":108.703998943,"BEST_EST_1":106.619794248,"SLIPRATEMI":0.05,"SLIPRATEMA":0.3,"BEST_EST_2":0.1,"ACTIVITY":"potentially","FAULT_WE_1":"inferred","__id":173},"id":173},{"type":"Feature","geometry":{"type":"LineString","coordinates":[[14.258332379076132,46.29434292875362],[14.266405538534514,46.28943425786453],[14.279236175737594,46.28538185208124],[14.295840635449258,46.27910772939311],[14.317439728140629,46.268135911145464],[14.332575442362756,46.25582399690389],[14.347715648161307,46.2425649789078]]},"properties":{"FID":63,"FAULT_NAME":"Kranj segment 3","FAULT_DESI":"MAF.SI-045/3","FAULT_TYPE":"dextral strike-slip","MINDEPTH_g":1,"MAXDEPTH_g":0,"MAXDEPTH":15,"STRIKEMIN":305,"STRIKEMAX":320,"STRIKE_BES":315,"DIPMIN":75,"DIPMAX":85,"DIP_BEST_E":80,"RAKEMIN":160,"RAKEMAX":180,"RAKE_BEST":170,"FAULT_WIDT":15.2313991783,"TOTAL_FAUL":26,"TOTAL_FA_1":27,"SEGMENTATI":"geometric","TOTAL_SEGM":9,"TOTAL_SE_1":9,"MIN_TOTAL":391.489736642,"MAX_TOTAL":403.75771036,"BEST_ESTIM":396.016378635,"MIN_TOTA_1":135.515678068,"MAX_TOTA_1":139.762284355,"BEST_EST_1":137.082592605,"SLIPRATEMI":0.05,"SLIPRATEMA":0.3,"BEST_EST_2":0.1,"ACTIVITY":"potentially","FAULT_WE_1":"inferred","__id":174},"id":174},{"type":"Feature","geometry":{"type":"LineString","coordinates":[[14.593709407249316,46.259410909861984],[14.58396987293889,46.25605381481224],[14.571838125026858,46.2524306544499],[14.56025345112285,46.249830999662834],[14.548659794066003,46.24838048160949],[14.536505588271865,46.24794811420351],[14.521212668875016,46.248396633199434],[14.509972049724826,46.24886067877134],[14.49320319831617,46.249554565562],[14.479928793362737,46.2507733499366],[14.46756348347683,46.253144373237234],[14.452419684417142,46.256907238291234],[14.437633414840537,46.26156418714445],[14.426168216869318,46.265596618841876],[14.41764859471473,46.26964303634825],[14.406342398548801,46.2757195534044]]},"properties":{"FID":138,"FAULT_NAME":"Cerklje segment 2","FAULT_DESI":"MAF.SI-054/2","FAULT_TYPE":"dextral transpressive","MINDEPTH_g":0,"MAXDEPTH_g":0,"MAXDEPTH":10,"STRIKEMIN":245,"STRIKEMAX":310,"STRIKE_BES":280,"DIPMIN":60,"DIPMAX":80,"DIP_BEST_E":70,"RAKEMIN":90,"RAKEMAX":150,"RAKE_BEST":130,"FAULT_WIDT":10.6417777248,"TOTAL_FAUL":26,"TOTAL_FA_1":15,"SEGMENTATI":"geometric","TOTAL_SEGM":15,"TOTAL_SE_1":15,"MIN_TOTAL":264.01091909,"MAX_TOTAL":300.222139979,"BEST_ESTIM":276.686220844,"MIN_TOTA_1":152.313991783,"MAX_TOTA_1":173.205080757,"BEST_EST_1":159.626665871,"SLIPRATEMI":0.1,"SLIPRATEMA":1,"BEST_EST_2":0.3,"ACTIVITY":"active","FAULT_WE_1":" ","__id":175},"id":175},{"type":"Feature","geometry":{"type":"LineString","coordinates":[[14.44213756767511,46.27168165686828],[14.455266445552517,46.2671441790432],[14.465981550261496,46.26425519905137],[14.480205474470246,46.26048662745694],[14.489808464857482,46.258101636185266],[14.510285561758987,46.2551239780429],[14.521900778382653,46.25402268804778],[14.534251715224011,46.253179158249715],[14.543277088883558,46.25334314443999],[14.554325468562945,46.25389783651723],[14.56352870864875,46.25495502805287],[14.5769549288852,46.25794511750569]]},"properties":{"FID":139,"FAULT_NAME":"Cerklje segment 1","FAULT_DESI":"MAF.SI-054/1","FAULT_TYPE":"dextral transpressive","MINDEPTH_g":0,"MAXDEPTH_g":0,"MAXDEPTH":10,"STRIKEMIN":255,"STRIKEMAX":300,"STRIKE_BES":280,"DIPMIN":60,"DIPMAX":80,"DIP_BEST_E":70,"RAKEMIN":90,"RAKEMAX":150,"RAKE_BEST":130,"FAULT_WIDT":10.6417777248,"TOTAL_FAUL":26,"TOTAL_FA_1":15,"SEGMENTATI":"geometric","TOTAL_SEGM":11,"TOTAL_SE_1":11,"MIN_TOTAL":264.01091909,"MAX_TOTAL":300.222139979,"BEST_ESTIM":276.686220844,"MIN_TOTA_1":111.696927307,"MAX_TOTA_1":127.017059222,"BEST_EST_1":117.059554972,"SLIPRATEMI":0.1,"SLIPRATEMA":1,"BEST_EST_2":0.3,"ACTIVITY":"active","FAULT_WE_1":" ","__id":176},"id":176},{"type":"Feature","geometry":{"type":"LineString","coordinates":[[14.60201882362742,46.142468719913886],[14.608447167800577,46.133431778995664],[14.616091830868436,46.123555304980066],[14.621745827266686,46.11641081615145],[14.627548045686812,46.109477148687716],[14.63409406916219,46.104441690761554],[14.64063739769172,46.09951166577979],[14.647538255704324,46.09270669747853]]},"properties":{"FID":178,"FAULT_NAME":"Stična segment 1","FAULT_DESI":"MAF.SI-050/1","FAULT_TYPE":"dextral strike-slip","MINDEPTH_g":0,"MAXDEPTH_g":0,"MAXDEPTH":15,"STRIKEMIN":140,"STRIKEMAX":155,"STRIKE_BES":150,"DIPMIN":80,"DIPMAX":90,"DIP_BEST_E":85,"RAKEMIN":160,"RAKEMAX":180,"RAKE_BEST":170,"FAULT_WIDT":15.0572975632,"TOTAL_FAUL":26,"TOTAL_FA_1":26,"SEGMENTATI":"geometric","TOTAL_SEGM":7,"TOTAL_SE_1":7,"MIN_TOTAL":390,"MAX_TOTAL":396.016378635,"BEST_ESTIM":391.489736642,"MIN_TOTA_1":105,"MAX_TOTA_1":106.619794248,"BEST_EST_1":105.401082942,"SLIPRATEMI":0.01,"SLIPRATEMA":0.1,"BEST_EST_2":0.05,"ACTIVITY":"probably","FAULT_WE_1":" ","__id":177},"id":177},{"type":"Feature","geometry":{"type":"LineString","coordinates":[[14.661112697962656,46.07691137545538],[14.6619813688424,46.0758744370463],[14.677060489201626,46.059694677544215],[14.683918228080596,46.05107558657299],[14.688640671529212,46.045294693292654],[14.694889352645548,46.0369895234988],[14.700525382738114,46.029629871732716],[14.70386981054089,46.02626809131329],[14.710400562656439,46.020911897469006],[14.71555958733314,46.01744852723619],[14.724052260029204,46.01241277921296],[14.732547627671122,46.00642817717165],[14.741650256445105,45.99939082454454],[14.751798524209804,45.9947778091435],[14.75770045562647,45.99299977345343],[14.761635974886197,45.99163859204798],[14.765876023027243,45.98964575210209],[14.771481510400147,45.986180423910255],[14.779657077800918,45.98240401776243],[14.789502613314868,45.976312537553255],[14.79904990815449,45.97018916928133],[14.806007360029994,45.966429155621725],[14.810860957510092,45.96362177874489],[14.814018535733775,45.9609241651589]]},"properties":{"FID":179,"FAULT_NAME":"Stična segment 2","FAULT_DESI":"MAF.SI-050/2","FAULT_TYPE":"dextral strike-slip","MINDEPTH_g":0,"MAXDEPTH_g":0,"MAXDEPTH":15,"STRIKEMIN":125,"STRIKEMAX":145,"STRIKE_BES":140,"DIPMIN":80,"DIPMAX":90,"DIP_BEST_E":85,"RAKEMIN":160,"RAKEMAX":180,"RAKE_BEST":170,"FAULT_WIDT":15.0572975632,"TOTAL_FAUL":26,"TOTAL_FA_1":26,"SEGMENTATI":"geometric","TOTAL_SEGM":18,"TOTAL_SE_1":17,"MIN_TOTAL":390,"MAX_TOTAL":396.016378635,"BEST_ESTIM":391.489736642,"MIN_TOTA_1":270,"MAX_TOTA_1":274.165185209,"BEST_EST_1":271.031356137,"SLIPRATEMI":0.01,"SLIPRATEMA":0.1,"BEST_EST_2":0.05,"ACTIVITY":"probably","FAULT_WE_1":" ","__id":178},"id":178},{"type":"Feature","geometry":{"type":"LineString","coordinates":[[14.474818277711378,46.44441925948187],[14.477391052685098,46.445350833355825],[14.479863216346995,46.44599271252928],[14.482334481693607,46.4466890531276],[14.486184661001344,46.447734475765415],[14.491560179661517,46.448700034800936],[14.493814951024657,46.44895813325942],[14.496109248260295,46.44909429981904],[14.49855895404009,46.44933939876855],[14.500224430576848,46.449779460023706],[14.50187733069963,46.450282648072324],[14.503649706755194,46.45055373638569],[14.505880223605665,46.45052279029942],[14.507538513620148,46.450489368506496],[14.509371975115036,46.450558068836365],[14.511951038295743,46.45096469874421],[14.514177063569791,46.45138989298081],[14.516171323500537,46.451560712438145],[14.51773978198661,46.45164797869327],[14.519559768752236,46.45159475248337],[14.522717346975915,46.45113056821537],[14.524964033501501,46.45111014401672],[14.526783121951842,46.45109776571077],[14.52839649620212,46.45121597841767],[14.529495135794598,46.451412792721754],[14.530987237481522,46.451875736771406],[14.532451491394637,46.452307112912266],[14.534297529303501,46.45263946207073],[14.536012413180885,46.45281894215092],[14.537874620764866,46.452988519338426],[14.539590402957534,46.45304607643898],[14.541132810300367,46.45281894215092],[14.543620245322092,46.45195681346607],[14.546002577455578,46.45122588104117],[14.548560081069468,46.450478846826705],[14.550774428244821,46.45002765052781],[14.553211557610638,46.449692809706065],[14.556102336194934,46.44908811043736],[14.557930407798118,46.44850197280441],[14.559868073865964,46.447872502240116],[14.561418566046354,46.44722940729807],[14.563667947517791,46.44636100044357],[14.565986499266101,46.446141884908876],[14.568428120208338,46.4462502048455],[14.570549042594147,46.44661353928858],[14.572867594342457,46.44702762618453],[14.575091822985938,46.44767938886845],[14.577290000486178,46.44863009424067],[14.579789113606598,46.44971075871175],[14.581164434306585,46.450146484483504],[14.581766305546944,46.450239323331],[14.582540653321855,46.45020713921511],[14.585695536599683,46.449913767743645],[14.587599965002015,46.449761511040656],[14.588394974028462,46.44968538252955],[14.588968997495016,46.44948979985061],[14.590755746595129,46.44895565750063],[14.591891217114254,46.44868641806173],[14.593945664169038,46.44835528267402],[14.595006574519582,46.44821292478579],[14.596074671392403,46.44818383421502],[14.597087072717603,46.44815164888458],[14.598286323621902,46.44800557676125],[14.600018275489685,46.447794514230125],[14.601317239390523,46.44771528820088],[14.603120158165748,46.447802560617276],[14.604992247217856,46.44780627433402],[14.606856251432403,46.4476707235088],[14.608528914491433,46.447625539825424],[14.610025507754777,46.44763049146379],[14.610919331462476,46.44783660301128],[14.612456348913604,46.448297720616196],[14.61504798850829,46.44905716351836],[14.617213826658302,46.44979431435004],[14.618151667814923,46.44999051486348],[14.618885591402046,46.44994223846201],[14.619708448202301,46.4497417052594],[14.621207736411497,46.4493511585389],[14.623409507172873,46.44891666428501],[14.624909693697353,46.44870436739906],[14.625939163012953,46.44873283874959],[14.627301907298964,46.448633807901],[14.628404140152579,46.4483200027103],[14.629109317650611,46.448200545821415],[14.629783054113703,46.448324954285546],[14.63138115700415,46.44856324831154],[14.633624250268598,46.44877306998042],[14.634928604061137,46.448949468103194],[14.636172770729644,46.44940005439894],[14.637652296002589,46.4498302122886],[14.639574690710605,46.45020094995988],[14.640607753287343,46.45049679557337],[14.641826767127892,46.45091827995846],[14.643335936805212,46.451217216245716],[14.645086753293963,46.451467256931835],[14.648273975922018,46.451545858593555],[14.650436220810896,46.451462305642266],[14.652726924785398,46.451144803258394],[14.656680410350807,46.450081497196116],[14.660676116734571,46.4492112790007],[14.66392442480195,46.448297720616196],[14.66827945729936,46.446648820357545],[14.672789000025638,46.445297600992184],[14.677082947083731,46.443790360736514],[14.682744130004252,46.442663771998355],[14.68761928705117,46.44204475728034],[14.691686858657663,46.44149382826601],[14.696482065644291,46.44097384520955],[14.701785719081734,46.441194838614905],[14.70589101993016,46.4416492031925],[14.710038541596939,46.44222179620779],[14.711662695630627,46.442551111843215],[14.713285951349032,46.44296894366595],[14.714779849666522,46.44368265490828],[14.716443529572711,46.44460371856365],[14.718749504907047,46.44561513746086],[14.721525299134974,46.446656866913926],[14.721653758220604,46.44671628760123],[14.725585684219197,46.447672580371695],[14.729728714309555,46.449220563051966],[14.73348457051246,46.45126982391117],[14.736949372563307,46.45258190454044]]},"properties":{"FID":163,"FAULT_NAME":"Olševa segment 1","FAULT_DESI":"MAF.SI-064/1","FAULT_TYPE":"reverse","MINDEPTH_g":0,"MAXDEPTH_g":0,"MAXDEPTH":10,"STRIKEMIN":240,"STRIKEMAX":300,"STRIKE_BES":270,"DIPMIN":70,"DIPMAX":75,"DIP_BEST_E":72,"RAKEMIN":90,"RAKEMAX":120,"RAKE_BEST":105,"FAULT_WIDT":10.5146222424,"TOTAL_FAUL":25,"TOTAL_FA_1":22,"SEGMENTATI":"structural","TOTAL_SEGM":21,"TOTAL_SE_1":20,"MIN_TOTAL":258.819045103,"MAX_TOTAL":266.044443119,"BEST_ESTIM":262.86555606,"MIN_TOTA_1":217.407997886,"MAX_TOTA_1":223.47733222,"BEST_EST_1":220.80706709,"SLIPRATEMI":0.1,"SLIPRATEMA":0.5,"BEST_EST_2":0.3,"ACTIVITY":"potentially","FAULT_WE_1":" ","__id":179},"id":179},{"type":"Feature","geometry":{"type":"LineString","coordinates":[[14.717452337636779,46.44196118975458],[14.720193097568625,46.4415470643465],[14.723619272062258,46.44087170509746],[14.725750974231474,46.44040371522625],[14.730539893011114,46.44104627171845],[14.73380526906889,46.44210542103356],[14.738056995308627,46.443850403548325],[14.7427650657127,46.445595949149805],[14.745953186656038,46.44707590516928],[14.749066747430795,46.4482395395497],[14.752412971864144,46.44856201042317],[14.757889101836133,46.4487316008651],[14.762223473082011,46.44910853539425],[14.76463095804345,46.44982711763966]]},"properties":{"FID":164,"FAULT_NAME":"Olševa segment 2","FAULT_DESI":"MAF.SI-064/2","FAULT_TYPE":"reverse","MINDEPTH_g":0,"MAXDEPTH_g":0,"MAXDEPTH":10,"STRIKEMIN":235,"STRIKEMAX":285,"STRIKE_BES":260,"DIPMIN":70,"DIPMAX":75,"DIP_BEST_E":72,"RAKEMIN":90,"RAKEMAX":120,"RAKE_BEST":105,"FAULT_WIDT":10.5146222424,"TOTAL_FAUL":25,"TOTAL_FA_1":22,"SEGMENTATI":"structural","TOTAL_SEGM":4,"TOTAL_SE_1":4,"MIN_TOTAL":258.819045103,"MAX_TOTAL":266.044443119,"BEST_ESTIM":262.86555606,"MIN_TOTA_1":41.4110472164,"MAX_TOTA_1":42.567110899,"BEST_EST_1":42.0584889695,"SLIPRATEMI":0.1,"SLIPRATEMA":0.5,"BEST_EST_2":0.3,"ACTIVITY":"potentially","FAULT_WE_1":" ","__id":180},"id":180},{"type":"Feature","geometry":{"type":"LineString","coordinates":[[15.82115034347983,45.82102880845699],[15.827716129891462,45.83891621236539],[15.836505246631283,45.85458495156344],[15.85119719310306,45.873040742218876],[15.868126842947575,45.88990413706968],[15.884130329734164,45.90456961434332],[15.904179828560428,45.91794259255521],[15.926926968184901,45.93034578006609],[15.946925263039972,45.93962089426669],[15.969222346707104,45.94858028332062],[15.975260822046954,45.95111735818336],[15.981425061526583,45.95265691001698],[15.992872293192116,45.95425075391741],[15.999306925572265,45.95489090167233],[16.003177766131536,45.955852670739816],[16.007325287798317,45.95631418906031],[16.011321892497364,45.956278591708255],[16.018291022471562,45.954922128202924],[16.02812308325625,45.95403778604948],[16.031968770987568,45.953604977860714]]},"properties":{"FID":219,"FAULT_NAME":"North Medvednica segment 1","FAULT_DESI":"MAF.SI-095/1","FAULT_TYPE":"sinistral transpressive","MINDEPTH_g":0,"MAXDEPTH_g":16,"MAXDEPTH":16,"STRIKEMIN":15,"STRIKEMAX":100,"STRIKE_BES":45,"DIPMIN":50,"DIPMAX":80,"DIP_BEST_E":65,"RAKEMIN":20,"RAKEMAX":50,"RAKE_BEST":35,"FAULT_WIDT":17.6540467034,"TOTAL_FAUL":24,"TOTAL_FA_1":22,"SEGMENTATI":"not segmented","TOTAL_SEGM":24,"TOTAL_SE_1":22,"MIN_TOTAL":389.923818964,"MAX_TOTAL":501.276399104,"BEST_ESTIM":423.697120882,"MIN_TOTA_1":389.923818964,"MAX_TOTA_1":501.276399104,"BEST_EST_1":423.697120882,"SLIPRATEMI":0.1,"SLIPRATEMA":0.3,"BEST_EST_2":0.2,"ACTIVITY":"active","FAULT_WE_1":" ","__id":181},"id":181},{"type":"Feature","geometry":{"type":"LineString","coordinates":[[14.504343206154536,45.778332958726544],[14.524120515449711,45.76173215846413],[14.541549628592197,45.745118894527835],[14.556628748951429,45.72914719794625],[14.584855611809033,45.70209951338539],[14.600832149137096,45.68776156197132],[14.617749222567635,45.67113382140887],[14.627209380824699,45.651863238054716],[14.63388206675514,45.62996467748452],[14.641515051724303,45.602835077965324]]},"properties":{"FID":68,"FAULT_NAME":"Podplanina segment 1","FAULT_DESI":"MAF.SI-023/1","FAULT_TYPE":"dextral transpressive","MINDEPTH_g":0,"MAXDEPTH_g":0,"MAXDEPTH":10,"STRIKEMIN":140,"STRIKEMAX":170,"STRIKE_BES":145,"DIPMIN":60,"DIPMAX":80,"DIP_BEST_E":70,"RAKEMIN":140,"RAKEMAX":170,"RAKE_BEST":155,"FAULT_WIDT":10.6417777248,"TOTAL_FAUL":23,"TOTAL_FA_1":22,"SEGMENTATI":"not segmented","TOTAL_SEGM":23,"TOTAL_SE_1":22,"MIN_TOTAL":233.548120734,"MAX_TOTAL":265.581123827,"BEST_ESTIM":244.760887669,"MIN_TOTA_1":233.548120734,"MAX_TOTA_1":265.581123827,"BEST_EST_1":244.760887669,"SLIPRATEMI":0.01,"SLIPRATEMA":0.1,"BEST_EST_2":0.05,"ACTIVITY":"potentially","FAULT_WE_1":" ","__id":182},"id":182},{"type":"Feature","geometry":{"type":"LineString","coordinates":[[13.506871880973902,46.180211377790826],[13.510847824421413,46.17820108007226],[13.512781897228125,46.176609334910474],[13.514153624666974,46.17430343087257],[13.515664590974863,46.17220084979661],[13.51834336715211,46.1699115576948],[13.522474719143773,46.16774161895967],[13.527043550678806,46.1654764052392],[13.531024884018024,46.163405839912926],[13.534721451412176,46.1611286258051],[13.536524370187403,46.158929095920584],[13.538494375605477,46.155922410994386],[13.541915160207406,46.15303566466098],[13.544856244447612,46.15175932478742],[13.548085687894021,46.15058812778431],[13.553250102462423,46.147722884040896],[13.556507393682642,46.14544004183287],[13.558589688511232,46.14364755848387],[13.560547117515325,46.141044619381496],[13.562500054943005,46.13864385603164],[13.564900353382171,46.135743753658524],[13.567402161448443,46.134562255847236],[13.57222072463246,46.13371315535913],[13.576006225239741,46.133457302132165],[13.579075768565577,46.132788094032556],[13.580996366643026,46.131599062373105],[13.58338768192935,46.12900177933785],[13.585473570019076,46.12700641999555],[13.587857698783129,46.124711511740806],[13.590231047763773,46.12282122250425],[13.593174826949834,46.12134182046806],[13.596552492418121,46.11996823234078],[13.60079793045087,46.11870669286046],[13.60431752973405,46.117435784050386],[13.610471887745554,46.11538894278565],[13.615316502072812,46.113054940352875],[13.619562838420844,46.11147127462379],[13.624320316165539,46.10921557778472],[13.626318169357422,46.10772335432244],[13.629524256606445,46.105867360594054],[13.633051042411898,46.10424238055173],[13.638325949760247,46.102410561410345],[13.642067432918605,46.10086333999208],[13.646470974441359,46.099020819200994],[13.650980517167639,46.09725485660145],[13.655406516572494,46.094427329932714],[13.659395036433986,46.09167005592298],[13.663409607438718,46.08887463990738],[13.666636355939273,46.08654636826638],[13.67031855028888,46.08435133554029],[13.6730269708705,46.082559979565296],[13.67551081263109,46.08051059699675],[13.677894941395145,46.07881196317616],[13.683854364989992,46.07549118865221],[13.68961705753762,46.072711779193256],[13.69459102926579,46.07021081422609],[13.697709081616969,46.06848755662246],[13.70144247993777,46.06600447528928],[13.703031599675377,46.06480714640953],[13.704965672482086,46.062623091811],[13.707171934819883,46.060601642371616],[13.709095227843184,46.058864994265996],[13.710395090059304,46.05760080974951]]},"properties":{"FID":22,"FAULT_NAME":"Banjšice segment 1","FAULT_DESI":"MAF.SI-018/1","FAULT_TYPE":"dextral strike-slip","MINDEPTH_g":0,"MAXDEPTH_g":0,"MAXDEPTH":10,"STRIKEMIN":300,"STRIKEMAX":325,"STRIKE_BES":310,"DIPMIN":60,"DIPMAX":80,"DIP_BEST_E":70,"RAKEMIN":150,"RAKEMAX":170,"RAKE_BEST":160,"FAULT_WIDT":10.6417777248,"TOTAL_FAUL":22,"TOTAL_FA_1":21,"SEGMENTATI":"not segmented","TOTAL_SEGM":22,"TOTAL_SE_1":21,"MIN_TOTAL":223.393854615,"MAX_TOTAL":254.034118443,"BEST_ESTIM":234.119109945,"MIN_TOTA_1":223.393854615,"MAX_TOTA_1":254.034118443,"BEST_EST_1":234.119109945,"SLIPRATEMI":0.01,"SLIPRATEMA":0.1,"BEST_EST_2":0.05,"ACTIVITY":"potentially","FAULT_WE_1":" ","__id":183},"id":183},{"type":"Feature","geometry":{"type":"LineString","coordinates":[[15.106330329186266,46.38031971080351],[15.09676057646454,46.382386435183044],[15.083898498226516,46.38471953975644],[15.07439162757468,46.38704882676572],[15.064535312277322,46.39015190974206],[15.056356151615413,46.39243077885338],[15.031838432565939,46.39785742524889],[15.015462144936443,46.401815395628425],[14.994575416265379,46.404402882029196]]},"properties":{"FID":121,"FAULT_NAME":"Velenje segment 1","FAULT_DESI":"MAF.SI-079/1","FAULT_TYPE":"dextral strike-slip","MINDEPTH_g":0,"MAXDEPTH_g":0,"MAXDEPTH":15,"STRIKEMIN":100,"STRIKEMAX":115,"STRIKE_BES":105,"DIPMIN":80,"DIPMAX":100,"DIP_BEST_E":90,"RAKEMIN":-160,"RAKEMAX":-180,"RAKE_BEST":-170,"FAULT_WIDT":15,"TOTAL_FAUL":21,"TOTAL_FA_1":20,"SEGMENTATI":"geometric","TOTAL_SEGM":9,"TOTAL_SE_1":9,"MIN_TOTAL":319.859382744,"MAX_TOTAL":319.859382744,"BEST_ESTIM":315,"MIN_TOTA_1":137.082592605,"MAX_TOTA_1":137.082592605,"BEST_EST_1":135,"SLIPRATEMI":0.01,"SLIPRATEMA":0.1,"BEST_EST_2":0.05,"ACTIVITY":"probably","FAULT_WE_1":" ","__id":184},"id":184},{"type":"Feature","geometry":{"type":"LineString","coordinates":[[15.103733299699877,46.38430064173745],[15.125362935110905,46.37219706700336],[15.138670577729853,46.36569671829658],[15.142789353307542,46.36356241205418]]},"properties":{"FID":122,"FAULT_NAME":"Velenje segment 2","FAULT_DESI":"MAF.SI-079/2","FAULT_TYPE":"dextral strike-slip","MINDEPTH_g":0,"MAXDEPTH_g":0,"MAXDEPTH":15,"STRIKEMIN":125,"STRIKEMAX":130,"STRIKE_BES":125,"DIPMIN":80,"DIPMAX":100,"DIP_BEST_E":90,"RAKEMIN":-160,"RAKEMAX":-180,"RAKE_BEST":-170,"FAULT_WIDT":15,"TOTAL_FAUL":21,"TOTAL_FA_1":20,"SEGMENTATI":"geometric","TOTAL_SEGM":4,"TOTAL_SE_1":4,"MIN_TOTAL":319.859382744,"MAX_TOTAL":319.859382744,"BEST_ESTIM":315,"MIN_TOTA_1":60.9255967131,"MAX_TOTA_1":60.9255967131,"BEST_EST_1":60,"SLIPRATEMI":0.01,"SLIPRATEMA":0.1,"BEST_EST_2":0.05,"ACTIVITY":"probably","FAULT_WE_1":" ","__id":185},"id":185},{"type":"Feature","geometry":{"type":"LineString","coordinates":[[15.22240164704735,46.32861376863802],[15.196387334734533,46.33890863553048],[15.173889926759044,46.34689794735169],[15.146319732374133,46.36008956943123],[15.140554344880654,46.36342169244769],[15.135804053658228,46.36555476441421]]},"properties":{"FID":123,"FAULT_NAME":"Velenje segment 3","FAULT_DESI":"MAF.SI-079/3","FAULT_TYPE":"dextral strike-slip","MINDEPTH_g":0,"MAXDEPTH_g":0,"MAXDEPTH":15,"STRIKEMIN":115,"STRIKEMAX":130,"STRIKE_BES":120,"DIPMIN":80,"DIPMAX":100,"DIP_BEST_E":90,"RAKEMIN":-160,"RAKEMAX":-180,"RAKE_BEST":-170,"FAULT_WIDT":15,"TOTAL_FAUL":21,"TOTAL_FA_1":20,"SEGMENTATI":"geometric","TOTAL_SEGM":8,"TOTAL_SE_1":8,"MIN_TOTAL":319.859382744,"MAX_TOTAL":319.859382744,"BEST_ESTIM":315,"MIN_TOTA_1":121.851193426,"MAX_TOTA_1":121.851193426,"BEST_EST_1":120,"SLIPRATEMI":0.01,"SLIPRATEMA":0.1,"BEST_EST_2":0.05,"ACTIVITY":"probably","FAULT_WE_1":" ","__id":186},"id":186},{"type":"Feature","geometry":{"type":"LineString","coordinates":[[14.406680165095631,46.168712751780234],[14.420860071855456,46.17304562427976],[14.437482497872804,46.17858112651875],[14.448000871534559,46.18152872980998],[14.462435001519792,46.18551666824427],[14.475414759060037,46.187962029510466],[14.485944810820483,46.19005467981585],[14.497215074375049,46.191808340256564],[14.507939162236866,46.19293015609999],[14.519523836140872,46.193938154019534],[14.529173538922883,46.19531984598809],[14.53689006721347,46.19678917696441],[14.54322678322765,46.19834800526026]]},"properties":{"FID":140,"FAULT_NAME":"Vodice segment 2","FAULT_DESI":"MAF.SI-049/2","FAULT_TYPE":"reverse","MINDEPTH_g":0,"MAXDEPTH_g":0,"MAXDEPTH":10,"STRIKEMIN":245,"STRIKEMAX":265,"STRIKE_BES":255,"DIPMIN":45,"DIPMAX":60,"DIP_BEST_E":55,"RAKEMIN":80,"RAKEMAX":100,"RAKE_BEST":90,"FAULT_WIDT":12.2077458876,"TOTAL_FAUL":21,"TOTAL_FA_1":11,"SEGMENTATI":"geometric","TOTAL_SEGM":11,"TOTAL_SE_1":11,"MIN_TOTAL":242.48711306,"MAX_TOTAL":296.984848098,"BEST_ESTIM":256.36266364,"MIN_TOTA_1":127.017059222,"MAX_TOTA_1":155.563491861,"BEST_EST_1":134.285204764,"SLIPRATEMI":0.1,"SLIPRATEMA":0.1,"BEST_EST_2":0.3,"ACTIVITY":"active","FAULT_WE_1":" ","__id":187},"id":187},{"type":"Feature","geometry":{"type":"LineString","coordinates":[[14.524672081034161,46.19467377562484],[14.51356351423074,46.196788555165284],[14.502091129737249,46.198655786233765],[14.491455076773272,46.19947217468687],[14.482068580369509,46.199525646774624],[14.471723581557587,46.198711746225534],[14.461519618245275,46.197706323020086],[14.451182704270913,46.19612322606614],[14.440847586927116,46.19454008350397],[14.429400355261581,46.19371678160053],[14.421393671134222,46.19386850886026],[14.413100424431232,46.19497660262148],[14.40604505618976,46.196473923903696],[14.399390336564998,46.1992184924452]]},"properties":{"FID":141,"FAULT_NAME":"Vodice segment 1","FAULT_DESI":"MAF.SI-049/1","FAULT_TYPE":"reverse","MINDEPTH_g":0,"MAXDEPTH_g":0,"MAXDEPTH":10,"STRIKEMIN":260,"STRIKEMAX":300,"STRIKE_BES":275,"DIPMIN":45,"DIPMAX":60,"DIP_BEST_E":55,"RAKEMIN":80,"RAKEMAX":100,"RAKE_BEST":90,"FAULT_WIDT":12.2077458876,"TOTAL_FAUL":21,"TOTAL_FA_1":11,"SEGMENTATI":"geometric","TOTAL_SEGM":10,"TOTAL_SE_1":10,"MIN_TOTAL":242.48711306,"MAX_TOTAL":296.984848098,"BEST_ESTIM":256.36266364,"MIN_TOTA_1":115.470053838,"MAX_TOTA_1":141.421356237,"BEST_EST_1":122.077458876,"SLIPRATEMI":0.1,"SLIPRATEMA":0.15,"BEST_EST_2":0.1,"ACTIVITY":"active","FAULT_WE_1":" ","__id":188},"id":188},{"type":"Feature","geometry":{"type":"LineString","coordinates":[[13.7051516237459,45.80463798265446],[13.692488073185665,45.806564834220936],[13.681043536465983,45.808426496525435],[13.675650051500128,45.809476589389874],[13.670387720565758,45.81057425027298],[13.660744305990734,45.81189917891892],[13.653440104415559,45.81241574227553],[13.647595665177077,45.812857165347445],[13.644271000310551,45.81328105342983],[13.638876617029412,45.81432980254462],[13.628090545412991,45.81624004048081],[13.622635975007816,45.816962545387184],[13.615791710858108,45.81762180728252],[13.609478351041316,45.818240366901755],[13.602829021308265,45.81904047735014],[13.596987277015634,45.81933973323338],[13.593951869670596,45.820033399681485],[13.588742539337986,45.82212123345429],[13.583503564601001,45.82537083633632],[13.579356941249507,45.82816893610237],[13.573880811277514,45.830891784059645],[13.564387415354938,45.8345527092061],[13.551626846744021,45.83904388286489],[13.534985556105706,45.84546082554854],[13.524282129495422,45.850614995638246],[13.510024967621163,45.857931507496595],[13.499042164957515,45.864009724339404],[13.48807014207728,45.86962191331119],[13.483678278653219,45.8719480658348]]},"properties":{"FID":13,"FAULT_NAME":"Brestovica segment 1","FAULT_DESI":"MAF.SI-010/1","FAULT_TYPE":"dextral strike-slip","MINDEPTH_g":0,"MAXDEPTH_g":0,"MAXDEPTH":15,"STRIKEMIN":280,"STRIKEMAX":315,"STRIKE_BES":300,"DIPMIN":65,"DIPMAX":75,"DIP_BEST_E":70,"RAKEMIN":150,"RAKEMAX":170,"RAKE_BEST":160,"FAULT_WIDT":15.9626665871,"TOTAL_FAUL":19,"TOTAL_FA_1":19,"SEGMENTATI":"not segmented","TOTAL_SEGM":19,"TOTAL_SE_1":19,"MIN_TOTAL":295.053711417,"MAX_TOTAL":314.462706904,"BEST_ESTIM":303.290665156,"MIN_TOTA_1":295.053711417,"MAX_TOTA_1":314.462706904,"BEST_EST_1":303.290665156,"SLIPRATEMI":0.01,"SLIPRATEMA":0.1,"BEST_EST_2":0.05,"ACTIVITY":"potentially","FAULT_WE_1":" ","__id":189},"id":189},{"type":"Feature","geometry":{"type":"LineString","coordinates":[[14.428865857667528,46.44999608521475],[14.41932125777376,46.44829586377461],[14.401535513463477,46.44728635152618],[14.391454619345089,46.44613136238926],[14.377666378049138,46.444037959534256],[14.363058873214069,46.44395749004842],[14.350318965854687,46.44315216964711],[14.333846558489787,46.443608374902674],[14.3261695560717,46.44154396922696],[14.310573904424103,46.435575632704094],[14.295506462163567,46.430159549108865],[14.282250023515815,46.42860854812553],[14.26633457162707,46.427406105016715],[14.251171009631133,46.429511291790746],[14.232306388664623,46.430304430779124],[14.218478621496171,46.43168016830277],[14.207600921720767,46.431054837369594],[14.203487536034782,46.43196682751041],[14.196907376578606,46.43254076052868],[14.189284273077567,46.43290047166938]]},"properties":{"FID":173,"FAULT_NAME":"Zelenica segment 1","FAULT_DESI":"MAF.SI-055/1","FAULT_TYPE":"reverse","MINDEPTH_g":0,"MAXDEPTH_g":0,"MAXDEPTH":10,"STRIKEMIN":245,"STRIKEMAX":290,"STRIKE_BES":265,"DIPMIN":75,"DIPMAX":85,"DIP_BEST_E":80,"RAKEMIN":70,"RAKEMAX":110,"RAKE_BEST":90,"FAULT_WIDT":10.1542661189,"TOTAL_FAUL":19,"TOTAL_FA_1":19,"SEGMENTATI":"not segmented","TOTAL_SEGM":19,"TOTAL_SE_1":19,"MIN_TOTAL":190.725769133,"MAX_TOTAL":196.702474278,"BEST_ESTIM":192.931056258,"MIN_TOTA_1":190.725769133,"MAX_TOTA_1":196.702474278,"BEST_EST_1":192.931056258,"SLIPRATEMI":0.1,"SLIPRATEMA":0.5,"BEST_EST_2":0.3,"ACTIVITY":"potentially","FAULT_WE_1":" ","__id":190},"id":190},{"type":"Feature","geometry":{"type":"LineString","coordinates":[[14.300989778657831,45.95310908669008],[14.302976852066305,45.95170757682152],[14.304642328603062,45.95055024271373],[14.305378048820753,45.949975001821464],[14.306274567474306,45.94924985251597],[14.307229476621325,45.948485343750136],[14.30847094834398,45.94752407144056],[14.309010835829735,45.94712244330943],[14.309734877948735,45.94654716684253],[14.31042927566336,45.94566081714805],[14.31155037313794,45.94461954115795],[14.313779093357843,45.94236702000172],[14.314729510928439,45.941599292905664],[14.315424806958347,45.940922759728664],[14.317582560270804,45.93884250904809],[14.319287562680062,45.93701144904877],[14.319615447758766,45.93643231922665],[14.321754336450253,45.93464241374424],[14.323743206489297,45.932994275165036],[14.324513062687783,45.932411354685456],[14.327042718527867,45.93070066950276],[14.33087313489935,45.92852068778409],[14.335381779310348,45.92598632790844],[14.339498758257466,45.92365556437817],[14.343263597613214,45.92159341312404],[14.346919740819578,45.91955618238141],[14.348805304600946,45.918943123764805],[14.352226987518158,45.9178294770235],[14.361029578987244,45.91534400186866],[14.364673145779634,45.91428840682767]]},"properties":{"FID":92,"FAULT_NAME":"Vrhnika segment 2","FAULT_DESI":"MAF.SI-027/2","FAULT_TYPE":"dextral transpressive","MINDEPTH_g":0,"MAXDEPTH_g":0,"MAXDEPTH":10,"STRIKEMIN":290,"STRIKEMAX":340,"STRIKE_BES":310,"DIPMIN":75,"DIPMAX":85,"DIP_BEST_E":80,"RAKEMIN":130,"RAKEMAX":160,"RAKE_BEST":150,"FAULT_WIDT":10.1542661189,"TOTAL_FAUL":18,"TOTAL_FA_1":17,"SEGMENTATI":"geometric","TOTAL_SEGM":7,"TOTAL_SE_1":7,"MIN_TOTAL":180.687570758,"MAX_TOTAL":186.349712474,"BEST_ESTIM":182.776790139,"MIN_TOTA_1":70.267388628,"MAX_TOTA_1":72.4693326287,"BEST_EST_1":71.079862832,"SLIPRATEMI":0.01,"SLIPRATEMA":0.1,"BEST_EST_2":0.05,"ACTIVITY":"potentially","FAULT_WE_1":" ","__id":191},"id":191},{"type":"Feature","geometry":{"type":"LineString","coordinates":[[14.296806324379686,45.95055773766966],[14.293315471185599,45.95286301310177],[14.290282758786411,45.9549240017942],[14.288320838205895,45.95619865371152],[14.286106491030539,45.95738334799426],[14.28300371003919,45.958967688689825],[14.275177587283942,45.9622667438943],[14.267980285227575,45.96571109011287],[14.265742581854834,45.96675384305673],[14.263302757543165,45.96774287920754],[14.262433188348139,45.96801386204056],[14.261822333954937,45.968292336105314],[14.261069545746842,45.968733770823626],[14.260102060185847,45.96930756826119],[14.259339390509629,45.96974899488862],[14.258770756934783,45.9700499371921],[14.258330582445565,45.97025535122794],[14.257516708798152,45.970495104032715],[14.256477358014426,45.97086784266044],[14.255641026484911,45.97122684315486],[14.254322299647821,45.97179062532162],[14.253302711800345,45.97223015915371],[14.252766417575726,45.97247926839903],[14.251370435624207,45.973199119144084],[14.24977951925603,45.97411062530948],[14.248845271360544,45.974602582677356],[14.248148178700069,45.97490287430342],[14.247334305052657,45.97518755675304],[14.246541092656779,45.97546474615304],[14.245973357397217,45.97563205800225],[14.244474967503303,45.976045965367604],[14.243050239462692,45.976542275550244],[14.241409017438604,45.97723023526454],[14.239778575197928,45.9779943474693],[14.238403254497943,45.978725363246916],[14.236591352569873,45.979546261860406],[14.234566549919466,45.98059062706789],[14.232810343539011,45.981450824619614],[14.23114846026339,45.982365316068396],[14.229695884448969,45.983227982893155],[14.22791632187113,45.98439212484537],[14.226783546297854,45.985388960455296],[14.22572712752373,45.986347079204975],[14.225057882637062,45.98673906046714],[14.223608001768492,45.987390067799716],[14.221105295386934,45.988682073099184],[14.219102052303349,45.98958021746843],[14.216791585392594,45.990701161086356],[14.214153233403135,45.992229627242736],[14.21147715217174,45.99367879136825],[14.209870066128452,45.994685445059794],[14.20791802701606,45.99588803832939],[14.206368433150955,45.99686844142356],[14.205314709322682,45.99757487005963],[14.204645464436013,45.99798050080118],[14.203558502942228,45.99840921806042],[14.20218497887281,45.99894152176704],[14.200524892227756,45.99961734664481],[14.199398404861471,46.00012467790167],[14.197616147337778,46.00142075397538],[14.194878082351782,46.003225974482746],[14.193113791133772,46.00454880866345],[14.190890460805575,46.00613242420942],[14.189244747205066,46.007112021847846]]},"properties":{"FID":107,"FAULT_NAME":"Vrhnika segment 1","FAULT_DESI":"MAF.SI-027/1","FAULT_TYPE":"dextral transpressive","MINDEPTH_g":0,"MAXDEPTH_g":0,"MAXDEPTH":10,"STRIKEMIN":300,"STRIKEMAX":315,"STRIKE_BES":305,"DIPMIN":75,"DIPMAX":85,"DIP_BEST_E":80,"RAKEMIN":130,"RAKEMAX":160,"RAKE_BEST":150,"FAULT_WIDT":10.1542661189,"TOTAL_FAUL":18,"TOTAL_FA_1":17,"SEGMENTATI":"geometric","TOTAL_SEGM":11,"TOTAL_SE_1":11,"MIN_TOTAL":180.687570758,"MAX_TOTAL":186.349712474,"BEST_ESTIM":182.776790139,"MIN_TOTA_1":110.42018213,"MAX_TOTA_1":113.880379845,"BEST_EST_1":111.696927307,"SLIPRATEMI":0.01,"SLIPRATEMA":0.1,"BEST_EST_2":0.05,"ACTIVITY":"potentially","FAULT_WE_1":" ","__id":192},"id":192},{"type":"Feature","geometry":{"type":"LineString","coordinates":[[13.93320872155589,45.75749547814987],[13.927050770283248,45.75977680752391],[13.919316275686981,45.763313937096015],[13.916468616236322,45.764628709450065],[13.911034707082685,45.76806527024192],[13.908814970015625,45.769287817672065],[13.901241273855213,45.77341081952296],[13.895533378539916,45.77652667933736],[13.893566068067695,45.77731235227633],[13.888923574679366,45.77936545011089],[13.885087768416174,45.781181661313205],[13.879433772017927,45.78327283087493],[13.873243481395058,45.78596843193185],[13.866825018690024,45.789587837163864],[13.864681638422118,45.79044473358961],[13.859049201590688,45.79307171552684],[13.851778237681021,45.79738961850258],[13.845985900729023,45.8009656962044],[13.843515533697692,45.80235535694279],[13.83918655234352,45.80428729726771],[13.834575499990136,45.80631372734519],[13.828454379644146,45.808812221666884],[13.823289066760458,45.810636865757864],[13.820547408513326,45.81165748823651],[13.81825311127768,45.81292666568251],[13.815316518613896,45.81489643190801],[13.813323156998434,45.81680289389671],[13.811080962049273,45.81890149185324],[13.809731692492525,45.81998519389907],[13.807751805606324,45.821257311733554],[13.806231856145596,45.822168185337645],[13.80432473279741,45.82324556367545],[13.801257884417426,45.82475047794462],[13.79872283868564,45.82582154647271],[13.796182403062149,45.82716050964578],[13.793430863346892,45.82852197493914],[13.790228369359006,45.829805164616566],[13.786984552868052,45.831356219769575],[13.784121622057562,45.83308185866374],[13.7809685354103,45.835268091822236],[13.777305205681664,45.83839989485745],[13.773260091957273,45.841478328005245],[13.768853855488668,45.84504093706807],[13.765137525158266,45.84897687607639],[13.761801182193045,45.853062699361864]]},"properties":{"FID":17,"FAULT_NAME":"Kobjeglava segment 1","FAULT_DESI":"MAF.SI-013/1","FAULT_TYPE":"dextral strike-slip","MINDEPTH_g":0,"MAXDEPTH_g":0,"MAXDEPTH":10,"STRIKEMIN":300,"STRIKEMAX":330,"STRIKE_BES":305,"DIPMIN":70,"DIPMAX":80,"DIP_BEST_E":75,"RAKEMIN":160,"RAKEMAX":180,"RAKE_BEST":170,"FAULT_WIDT":10.3527618041,"TOTAL_FAUL":17,"TOTAL_FA_1":17,"SEGMENTATI":"not segmented","TOTAL_SEGM":17,"TOTAL_SE_1":17,"MIN_TOTAL":172.622524021,"MAX_TOTAL":180.910221321,"BEST_ESTIM":175.99695067,"MIN_TOTA_1":172.622524021,"MAX_TOTA_1":180.910221321,"BEST_EST_1":175.99695067,"SLIPRATEMI":0.01,"SLIPRATEMA":0.1,"BEST_EST_2":0.05,"ACTIVITY":"potentially","FAULT_WE_1":" ","__id":193},"id":193},{"type":"Feature","geometry":{"type":"LineString","coordinates":[[15.151302687255143,45.84477435942826],[15.1403989363365,45.853429345090674],[15.13696018542889,45.858457653605534],[15.130071005514976,45.86409229743241],[15.101907923042546,45.8775850947971],[15.070281835149837,45.89408761265718],[15.059715850778021,45.901333389489544]]},"properties":{"FID":188,"FAULT_NAME":"Trebnje segment 2","FAULT_DESI":"MAF.SI-058/2","FAULT_TYPE":"dextral strike-slip","MINDEPTH_g":0,"MAXDEPTH_g":0,"MAXDEPTH":15,"STRIKEMIN":125,"STRIKEMAX":155,"STRIKE_BES":130,"DIPMIN":75,"DIPMAX":80,"DIP_BEST_E":77,"RAKEMIN":160,"RAKEMAX":180,"RAKE_BEST":170,"FAULT_WIDT":15.3945616169,"TOTAL_FAUL":17,"TOTAL_FA_1":19,"SEGMENTATI":"geometric","TOTAL_SEGM":10,"TOTAL_SE_1":9,"MIN_TOTAL":258.933786031,"MAX_TOTAL":263.995426005,"BEST_ESTIM":261.707547487,"MIN_TOTA_1":152.313991783,"MAX_TOTA_1":155.291427062,"BEST_EST_1":153.945616169,"SLIPRATEMI":0.01,"SLIPRATEMA":0.1,"BEST_EST_2":0.05,"ACTIVITY":"potentially","FAULT_WE_1":" ","__id":194},"id":194},{"type":"Feature","geometry":{"type":"LineString","coordinates":[[15.038692578183772,45.9157414853835],[15.025977823652344,45.92445040948603],[14.99430143010372,45.9537923411279],[14.981334248977456,45.96363801398456]]},"properties":{"FID":189,"FAULT_NAME":"Trebnje segment 1","FAULT_DESI":"MAF.SI-058/1","FAULT_TYPE":"dextral strike-slip","MINDEPTH_g":0,"MAXDEPTH_g":0,"MAXDEPTH":15,"STRIKEMIN":135,"STRIKEMAX":145,"STRIKE_BES":140,"DIPMIN":80,"DIPMAX":85,"DIP_BEST_E":82,"RAKEMIN":160,"RAKEMAX":180,"RAKE_BEST":170,"FAULT_WIDT":15.1474135878,"TOTAL_FAUL":17,"TOTAL_FA_1":19,"SEGMENTATI":"geometric","TOTAL_SEGM":7,"TOTAL_SE_1":7,"MIN_TOTAL":255.974058574,"MAX_TOTAL":258.933786031,"BEST_ESTIM":257.506030992,"MIN_TOTA_1":105.401082942,"MAX_TOTA_1":106.619794248,"BEST_EST_1":106.031895114,"SLIPRATEMI":0.01,"SLIPRATEMA":0.1,"BEST_EST_2":0.05,"ACTIVITY":"potentially","FAULT_WE_1":" ","__id":195},"id":195},{"type":"Feature","geometry":{"type":"LineString","coordinates":[[13.901496395395903,45.518511242836034],[13.903576893593925,45.515736644938606],[13.904953112609196,45.513065146912936],[13.907894196849401,45.510080019603954],[13.910659211293922,45.508134124894845],[13.911765935723958,45.50732263355955],[13.912953508529561,45.506347443468414],[13.913444886989977,45.505092073831335],[13.913866196858228,45.503452622183445],[13.914607306967627,45.501377425983186],[13.915182228749464,45.49984868276697],[13.916142527788185,45.49848801602153],[13.917812495901366,45.49675077269797],[13.920819157157315,45.49431325251251],[13.92193037316377,45.4932282670739],[13.923293117449777,45.49121377843271],[13.924882237187386,45.48958525823591],[13.926302473651578,45.488612279964286],[13.926933989296314,45.48817962985873],[13.928420701091532,45.487809953846075],[13.929671155967027,45.48760275788192],[13.932100200495288,45.48685835758315],[13.935946786541885,45.4852504949413],[13.939410690277452,45.48331004025402],[13.94248023360329,45.48158555542738],[13.945143738420702,45.480788168045024],[13.948374978497679,45.47873607184829],[13.949183462253387,45.47715443289658],[13.95006470954711,45.47579258792396],[13.950392594625814,45.474918898541745],[13.951111246853108,45.47399417144823],[13.95245063494173,45.473129903253295],[13.954652405703108,45.471999153348946],[13.956773328088913,45.47097736428503],[13.957855798006277,45.47009352070178],[13.960836408118986,45.46759373694728],[13.962571054932623,45.46613022842521],[13.964689282372575,45.465286000460324],[13.9667581024719,45.46468873303994],[13.967862131956084,45.46423636806086],[13.969918375641434,45.46326169190499],[13.971345798627903,45.46184973618474],[13.97464531066647,45.46023611921623],[13.977081541717004,45.45894254598561],[13.980396325115406,45.45645171959401],[13.981909986369146,45.45467915204557],[13.985858082042853,45.4493901044519],[13.9901825718206,45.445724093211986],[13.994498078445512,45.44258791102075],[14.001830127794497,45.438772071629224],[14.006629826357544,45.436521147438555],[14.013686092914304,45.43411254020396],[14.018710370298386,45.43327413670159],[14.022726737933684,45.43277928367633],[14.025277055025299,45.43015554457487],[14.027075482224106,45.427525379027124],[14.029362592937476,45.42560500338107],[14.03215904841694,45.42315936149005],[14.033429266228685,45.42211209754328]]},"properties":{"FID":26,"FAULT_NAME":"Hrastovlje segment 1","FAULT_DESI":"MAF.SI-005/1","FAULT_TYPE":"thrust","MINDEPTH_g":0,"MAXDEPTH_g":7,"MAXDEPTH":7,"STRIKEMIN":280,"STRIKEMAX":345,"STRIKE_BES":315,"DIPMIN":10,"DIPMAX":20,"DIP_BEST_E":15,"RAKEMIN":85,"RAKEMAX":120,"RAKE_BEST":90,"FAULT_WIDT":27.0459231361,"TOTAL_FAUL":16,"TOTAL_FA_1":15,"SEGMENTATI":"not segmented","TOTAL_SEGM":16,"TOTAL_SE_1":15,"MIN_TOTAL":327.466092818,"MAX_TOTAL":644.982294112,"BEST_ESTIM":432.734770178,"MIN_TOTA_1":327.466092818,"MAX_TOTA_1":644.982294112,"BEST_EST_1":432.734770178,"SLIPRATEMI":0.1,"SLIPRATEMA":0.5,"BEST_EST_2":0.2,"ACTIVITY":"probably","FAULT_WE_1":" ","__id":196},"id":196},{"type":"Feature","geometry":{"type":"LineString","coordinates":[[13.838417594460314,46.40336344210076],[13.845719101089635,46.409784980933054],[13.858478771385272,46.41866561462419],[13.870499128202072,46.426068030808715],[13.886086695012118,46.43403840625171],[13.900539689618315,46.44099303514863],[13.914539933321317,46.4466054927258],[13.926135387008735,46.45172596118594],[13.931026713730766,46.4537095259375]]},"properties":{"FID":80,"FAULT_NAME":"Vrata segment 1","FAULT_DESI":"MAF.SI-033/1","FAULT_TYPE":"sinistral strike-slip","MINDEPTH_g":0,"MAXDEPTH_g":0,"MAXDEPTH":10,"STRIKEMIN":40,"STRIKEMAX":55,"STRIKE_BES":50,"DIPMIN":70,"DIPMAX":85,"DIP_BEST_E":80,"RAKEMIN":0,"RAKEMAX":20,"RAKE_BEST":10,"FAULT_WIDT":10.1542661189,"TOTAL_FAUL":16,"TOTAL_FA_1":17,"SEGMENTATI":"geometric","TOTAL_SEGM":9,"TOTAL_SE_1":9,"MIN_TOTAL":160.611174007,"MAX_TOTAL":170.268443596,"BEST_ESTIM":162.468257902,"MIN_TOTA_1":90.3437853789,"MAX_TOTA_1":95.7759995228,"BEST_EST_1":91.3883950697,"SLIPRATEMI":0.05,"SLIPRATEMA":0.3,"BEST_EST_2":0.1,"ACTIVITY":"potentially","FAULT_WE_1":" ","__id":197},"id":197},{"type":"Feature","geometry":{"type":"LineString","coordinates":[[13.767835165956475,46.353270327438835],[13.771609886780347,46.35503737336314],[13.77672489400812,46.35783166936691],[13.783258341069525,46.36184771584941],[13.790008282114398,46.36597814542694],[13.797378959020598,46.37150535312617],[13.801323461433165,46.37489194038132],[13.804123510173767,46.377679023483154],[13.807219104642844,46.38129575980228],[13.810153002360778,46.38427957281728],[13.812716794181656,46.38642050534251],[13.814896107060928,46.3879113627395],[13.816405276738248,46.3884845202707],[13.8178731239125,46.3890081021607],[13.821033397082031,46.39026158017392],[13.825366870012626,46.391934491645856],[13.827745608884975,46.393011323829484]]},"properties":{"FID":81,"FAULT_NAME":"Vrata segment 2","FAULT_DESI":"MAF.SI-033/2","FAULT_TYPE":"sinistral strike-slip","MINDEPTH_g":0,"MAXDEPTH_g":0,"MAXDEPTH":10,"STRIKEMIN":35,"STRIKEMAX":60,"STRIKE_BES":45,"DIPMIN":70,"DIPMAX":85,"DIP_BEST_E":80,"RAKEMIN":0,"RAKEMAX":20,"RAKE_BEST":10,"FAULT_WIDT":10.1542661189,"TOTAL_FAUL":16,"TOTAL_FA_1":17,"SEGMENTATI":"geometric","TOTAL_SEGM":7,"TOTAL_SE_1":6,"MIN_TOTAL":160.611174007,"MAX_TOTAL":170.268443596,"BEST_ESTIM":162.468257902,"MIN_TOTA_1":70.267388628,"MAX_TOTA_1":74.4924440733,"BEST_EST_1":71.079862832,"SLIPRATEMI":0.05,"SLIPRATEMA":0.3,"BEST_EST_2":0.1,"ACTIVITY":"potentially","FAULT_WE_1":" ","__id":198},"id":198},{"type":"Feature","geometry":{"type":"LineString","coordinates":[[14.599493659363759,45.736502244527706],[14.612916286339074,45.72084542866342],[14.62497437239781,45.69855725002055],[14.632418711157307,45.684595561133165],[14.640941926573033,45.66548341990758],[14.650135285190714,45.640811711720424],[14.662857226244414,45.61925754020792],[14.66521350723466,45.61501131103324]]},"properties":{"FID":69,"FAULT_NAME":"Podpreska segment 1","FAULT_DESI":"MAF.SI-024/1","FAULT_TYPE":"dextral strike-slip","MINDEPTH_g":0,"MAXDEPTH_g":0,"MAXDEPTH":10,"STRIKEMIN":150,"STRIKEMAX":165,"STRIKE_BES":160,"DIPMIN":70,"DIPMAX":85,"DIP_BEST_E":80,"RAKEMIN":160,"RAKEMAX":180,"RAKE_BEST":170,"FAULT_WIDT":10.1542661189,"TOTAL_FAUL":15,"TOTAL_FA_1":14,"SEGMENTATI":"not segmented","TOTAL_SEGM":15,"TOTAL_SE_1":14,"MIN_TOTAL":150.572975632,"MAX_TOTAL":159.626665871,"BEST_ESTIM":152.313991783,"MIN_TOTA_1":150.572975632,"MAX_TOTA_1":159.626665871,"BEST_EST_1":152.313991783,"SLIPRATEMI":0.01,"SLIPRATEMA":0.1,"BEST_EST_2":0.05,"ACTIVITY":"potentially","FAULT_WE_1":" ","__id":199},"id":199},{"type":"Feature","geometry":{"type":"LineString","coordinates":[[14.465009573124078,45.54741418656152],[14.455309564686155,45.55390242237204],[14.446298564071153,45.561016980634975],[14.43990435587879,45.567811797490165],[14.434057221694456,45.5721936536424],[14.422857925047339,45.57868720233718],[14.407739278815606,45.586629098686224],[14.399129825132606,45.59079386990816],[14.393488405148334,45.593170008464774],[14.38669444665454,45.59647506247738],[14.375666728226687,45.60376648724662],[14.363145111481346,45.61235584066011],[14.354011939987702,45.62051790088928],[14.342873728779905,45.62834017393325],[14.331745399040232,45.635091668744494],[14.323014672793873,45.64025336275885]]},"properties":{"FID":75,"FAULT_NAME":"Jesenovec segment 1","FAULT_DESI":"MAF.SI-020/1","FAULT_TYPE":"dextral strike-slip","MINDEPTH_g":0,"MAXDEPTH_g":0,"MAXDEPTH":10,"STRIKEMIN":300,"STRIKEMAX":325,"STRIKE_BES":310,"DIPMIN":80,"DIPMAX":90,"DIP_BEST_E":85,"RAKEMIN":160,"RAKEMAX":180,"RAKE_BEST":170,"FAULT_WIDT":10.0381983754,"TOTAL_FAUL":15,"TOTAL_FA_1":15,"SEGMENTATI":"not segmented","TOTAL_SEGM":15,"TOTAL_SE_1":15,"MIN_TOTAL":170,"MAX_TOTAL":172.622524021,"BEST_ESTIM":170.649372382,"MIN_TOTA_1":150,"MAX_TOTA_1":152.313991783,"BEST_EST_1":150.572975632,"SLIPRATEMI":0.01,"SLIPRATEMA":0.1,"BEST_EST_2":0.05,"ACTIVITY":"potentially","FAULT_WE_1":" ","__id":200},"id":200},{"type":"Feature","geometry":{"type":"LineString","coordinates":[[14.780365848560088,46.43901953118109],[14.774010267924943,46.439007150127566],[14.765222049500403,46.438708765886624],[14.759005707734294,46.43785508078661],[14.752920519999671,46.43802903800876],[14.747915107236555,46.438578763942814],[14.742641098203489,46.43866109854325],[14.738859190857347,46.43781112709455],[14.73247127087197,46.43730534755151],[14.728195290119563,46.43694071287566],[14.722495479641825,46.436020138754934],[14.716739075301186,46.43505930775337],[14.71132762402965,46.43366570124129],[14.707226814757647,46.43255128567323],[14.703410771430704,46.43151609701954],[14.700846081294545,46.43107526908772],[14.697026444706466,46.43078922433691],[14.691319447706455,46.43140527123174],[14.687380335185592,46.43190739073596],[14.685154309911544,46.4321773322319],[14.681164891734772,46.431732794836165],[14.677058692571059,46.43160277624958],[14.673461838173445,46.43214451831411],[14.668671122763236,46.4320522677601],[14.66593575272309,46.43161020589145],[14.661832248505233,46.431204050649946],[14.657436791820036,46.43178232564471],[14.65464213297114,46.4317346522423],[14.652021747287366,46.431213956911364],[14.648484181698503,46.43132168738797],[14.645058905520154,46.431823807662234],[14.640720042697858,46.432441700245114],[14.63575774906838,46.432425602932035],[14.631195205740337,46.43229310948217],[14.63021694039593,46.43219900178944]]},"properties":{"FID":165,"FAULT_NAME":"Podolševa segment 2","FAULT_DESI":"MAF.SI-067/2","FAULT_TYPE":"reverse","MINDEPTH_g":0,"MAXDEPTH_g":0,"MAXDEPTH":10,"STRIKEMIN":255,"STRIKEMAX":280,"STRIKE_BES":265,"DIPMIN":70,"DIPMAX":75,"DIP_BEST_E":72,"RAKEMIN":90,"RAKEMAX":120,"RAKE_BEST":105,"FAULT_WIDT":10.5146222424,"TOTAL_FAUL":15,"TOTAL_FA_1":15,"SEGMENTATI":"structural","TOTAL_SEGM":12,"TOTAL_SE_1":12,"MIN_TOTAL":155.291427062,"MAX_TOTAL":159.626665871,"BEST_ESTIM":157.719333636,"MIN_TOTA_1":124.233141649,"MAX_TOTA_1":127.701332697,"BEST_EST_1":126.175466909,"SLIPRATEMI":0.1,"SLIPRATEMA":0.5,"BEST_EST_2":0.3,"ACTIVITY":"potentially","FAULT_WE_1":" ","__id":201},"id":201},{"type":"Feature","geometry":{"type":"LineString","coordinates":[[14.62147004447446,46.41753169416943],[14.61782827431264,46.41649126579946],[14.611350522798853,46.41497393884214],[14.60324861725138,46.41401149814707],[14.595690192450798,46.412583289081155],[14.588942946351777,46.4111569007205],[14.586956771258587,46.41036719941439],[14.58338956126535,46.4087852849161],[14.578166756203478,46.40618561786697],[14.573800045607372,46.40372892085281]]},"properties":{"FID":166,"FAULT_NAME":"Podolševa segment 1","FAULT_DESI":"MAF.SI-067/1","FAULT_TYPE":"reverse","MINDEPTH_g":0,"MAXDEPTH_g":0,"MAXDEPTH":10,"STRIKEMIN":250,"STRIKEMAX":260,"STRIKE_BES":255,"DIPMIN":70,"DIPMAX":75,"DIP_BEST_E":72,"RAKEMIN":90,"RAKEMAX":120,"RAKE_BEST":105,"FAULT_WIDT":10.5146222424,"TOTAL_FAUL":15,"TOTAL_FA_1":15,"SEGMENTATI":"structural","TOTAL_SEGM":3,"TOTAL_SE_1":3,"MIN_TOTAL":155.291427062,"MAX_TOTAL":159.626665871,"BEST_ESTIM":157.719333636,"MIN_TOTA_1":31.0582854123,"MAX_TOTA_1":31.9253331743,"BEST_EST_1":31.5438667271,"SLIPRATEMI":0.1,"SLIPRATEMA":0.5,"BEST_EST_2":0.3,"ACTIVITY":"potentially","FAULT_WE_1":" ","__id":202},"id":202},{"type":"Feature","geometry":{"type":"LineString","coordinates":[[14.799762272174798,46.36732265283087],[14.803535196368099,46.368432822796905],[14.805965139211644,46.369541110675215],[14.808227097097056,46.37064875623696],[14.811580508052675,46.37164171318591],[14.816609277013175,46.37397341752146],[14.821050547777862,46.37612962859919],[14.825660701815965,46.37811222642835],[14.830438840812194,46.38009475227438],[14.834546836606473,46.3817270749437],[14.840500870309619,46.38394308866673],[14.845447892579262,46.386041278261885],[14.851234839639561,46.38819825207227],[14.856350745182622,46.390179792076125],[14.861801722326659,46.39262656632309],[14.866412774680045,46.39536194121464],[14.872700981668881,46.39920362582553],[14.878403487092474,46.40257920315912],[14.88528278553826,46.40618809556907],[14.893001110459414,46.410145461619145],[14.899294707339957,46.41322988966641],[14.89937825066138,46.413230509011946]]},"properties":{"FID":175,"FAULT_NAME":"Savinja segment 1","FAULT_DESI":"MAF.SI-070/1","FAULT_TYPE":"sinistral strike-slip","MINDEPTH_g":0,"MAXDEPTH_g":0,"MAXDEPTH":10,"STRIKEMIN":45,"STRIKEMAX":75,"STRIKE_BES":55,"DIPMIN":85,"DIPMAX":90,"DIP_BEST_E":87,"RAKEMIN":0,"RAKEMAX":20,"RAKE_BEST":10,"FAULT_WIDT":10.01372346,"TOTAL_FAUL":15,"TOTAL_FA_1":16,"SEGMENTATI":"geometric","TOTAL_SEGM":6,"TOTAL_SE_1":6,"MIN_TOTAL":150,"MAX_TOTAL":150.572975632,"BEST_ESTIM":150.2058519,"MIN_TOTA_1":60,"MAX_TOTA_1":60.2291902526,"BEST_EST_1":60.0823407599,"SLIPRATEMI":0.01,"SLIPRATEMA":0.1,"BEST_EST_2":0.05,"ACTIVITY":"potentially","FAULT_WE_1":" ","__id":203},"id":203},{"type":"Feature","geometry":{"type":"LineString","coordinates":[[14.796131281796386,46.37090536481873],[14.793030297435607,46.36991239448268],[14.789005844962752,46.368801014888476],[14.782969166253467,46.367395797051714],[14.777183117508454,46.36616472957533],[14.773832401498687,46.364763783188906],[14.770482583804206,46.36307268146287],[14.764202461652927,46.35992280295816],[14.756582951413023,46.35613043316788],[14.75156226729008,46.35321514508473],[14.743946350311317,46.34913211633424],[14.738842122866947,46.34621583482355],[14.734408038624533,46.343765740452135],[14.730812980857488,46.34137569192788],[14.729139419483174,46.34050001748363]]},"properties":{"FID":176,"FAULT_NAME":"Savinja segment 2","FAULT_DESI":"MAF.SI-070/2","FAULT_TYPE":"sinistral strike-slip","MINDEPTH_g":0,"MAXDEPTH_g":0,"MAXDEPTH":10,"STRIKEMIN":50,"STRIKEMAX":65,"STRIKE_BES":55,"DIPMIN":85,"DIPMAX":90,"DIP_BEST_E":87,"RAKEMIN":0,"RAKEMAX":20,"RAKE_BEST":10,"FAULT_WIDT":10.01372346,"TOTAL_FAUL":15,"TOTAL_FA_1":16,"SEGMENTATI":"geometric","TOTAL_SEGM":9,"TOTAL_SE_1":9,"MIN_TOTAL":150,"MAX_TOTAL":150.572975632,"BEST_ESTIM":150.2058519,"MIN_TOTA_1":90,"MAX_TOTA_1":90.3437853789,"BEST_EST_1":90.1235111398,"SLIPRATEMI":0.01,"SLIPRATEMA":0.1,"BEST_EST_2":0.05,"ACTIVITY":"potentially","FAULT_WE_1":" ","__id":204},"id":204},{"type":"Feature","geometry":{"type":"LineString","coordinates":[[14.695695141455403,46.25866621770991],[14.735647713716618,46.27354696236306],[14.776659399697813,46.28913691781589],[14.824708487614796,46.30742684369965],[14.868624426909548,46.326232983118835]]},"properties":{"FID":199,"FAULT_NAME":"Gornji Grad segment 1","FAULT_DESI":"MAF.SI-060/1","FAULT_TYPE":"sinistral strike-slip","MINDEPTH_g":0,"MAXDEPTH_g":0,"MAXDEPTH":10,"STRIKEMIN":240,"STRIKEMAX":240,"STRIKE_BES":240,"DIPMIN":80,"DIPMAX":90,"DIP_BEST_E":85,"RAKEMIN":0,"RAKEMAX":20,"RAKE_BEST":10,"FAULT_WIDT":10.0381983754,"TOTAL_FAUL":15,"TOTAL_FA_1":15,"SEGMENTATI":"not segmented","TOTAL_SEGM":15,"TOTAL_SE_1":15,"MIN_TOTAL":150,"MAX_TOTAL":152.313991783,"BEST_ESTIM":150.572975632,"MIN_TOTA_1":150,"MAX_TOTA_1":152.313991783,"BEST_EST_1":150.572975632,"SLIPRATEMI":0.01,"SLIPRATEMA":0.1,"BEST_EST_2":0.05,"ACTIVITY":"potentially","FAULT_WE_1":" ","__id":205},"id":205},{"type":"Feature","geometry":{"type":"LineString","coordinates":[[13.641069404637948,46.3675123317097],[13.649232395624743,46.37105784181079],[13.654356386005361,46.37465952208933],[13.66656359240126,46.38146184132336],[13.677483512995018,46.38773600631414],[13.69391280122628,46.395229977238486],[13.701985960684663,46.399573468948624],[13.711661714609912,46.40431554010369],[13.728123342191402,46.41269601119084],[13.739847254964449,46.41817080461119],[13.747129896972805,46.422645606436916],[13.754725152700034,46.42854910768878],[13.763994868116862,46.436489404439605],[13.771749125649384,46.44310574420342],[13.777841499906282,46.447328440699984],[13.781679102800041,46.45247731059315]]},"properties":{"FID":83,"FAULT_NAME":"Mojstrovka segment 1","FAULT_DESI":"MAF.SI-032/1","FAULT_TYPE":"sinistral strike-slip","MINDEPTH_g":0,"MAXDEPTH_g":0,"MAXDEPTH":10,"STRIKEMIN":210,"STRIKEMAX":235,"STRIKE_BES":230,"DIPMIN":80,"DIPMAX":90,"DIP_BEST_E":85,"RAKEMIN":0,"RAKEMAX":20,"RAKE_BEST":10,"FAULT_WIDT":10.0381983754,"TOTAL_FAUL":14,"TOTAL_FA_1":14,"SEGMENTATI":"not segmented","TOTAL_SEGM":14,"TOTAL_SE_1":14,"MIN_TOTAL":140,"MAX_TOTAL":142.159725664,"BEST_ESTIM":140.534777256,"MIN_TOTA_1":140,"MAX_TOTA_1":142.159725664,"BEST_EST_1":140.534777256,"SLIPRATEMI":0.05,"SLIPRATEMA":0.3,"BEST_EST_2":0.1,"ACTIVITY":"potentially","FAULT_WE_1":" ","__id":206},"id":206},{"type":"Feature","geometry":{"type":"LineString","coordinates":[[13.953481002572614,45.837158835722356],[13.958197157814242,45.8322832018296],[13.964167361192501,45.82474797396131],[13.971382629554547,45.81497469517908],[13.975535541113034,45.80770325468571],[13.979669588050552,45.80141597763487],[13.984587864231104,45.79611883439802],[13.992752651848468,45.789022829535995],[14.001319884713118,45.781789348988994],[14.012955762588316,45.7712089990097],[14.026218489443057,45.7592353136092],[14.035003114606459,45.75045535954664],[14.041118845060746,45.74502548774275],[14.045599641697937,45.741267772433396]]},"properties":{"FID":25,"FAULT_NAME":"Vipava segment 1","FAULT_DESI":"MAF.SI-015/1","FAULT_TYPE":"dextral strike-slip","MINDEPTH_g":0,"MAXDEPTH_g":0,"MAXDEPTH":10,"STRIKEMIN":320,"STRIKEMAX":335,"STRIKE_BES":325,"DIPMIN":80,"DIPMAX":90,"DIP_BEST_E":85,"RAKEMIN":160,"RAKEMAX":180,"RAKE_BEST":170,"FAULT_WIDT":10.0381983754,"TOTAL_FAUL":13,"TOTAL_FA_1":13,"SEGMENTATI":"not segmented","TOTAL_SEGM":13,"TOTAL_SE_1":13,"MIN_TOTAL":130,"MAX_TOTAL":132.005459545,"BEST_ESTIM":130.496578881,"MIN_TOTA_1":130,"MAX_TOTA_1":132.005459545,"BEST_EST_1":130.496578881,"SLIPRATEMI":0.01,"SLIPRATEMA":0.1,"BEST_EST_2":0.05,"ACTIVITY":"potentially","FAULT_WE_1":" ","__id":207},"id":207},{"type":"Feature","geometry":{"type":"LineString","coordinates":[[14.613718481887792,46.34732209303187],[14.618282821846405,46.35088937520782],[14.624991440388209,46.35698787771196],[14.629553085400966,46.361302795700105],[14.633152634744434,46.36823198970086],[14.635808953039575,46.3749712722652],[14.636311111283398,46.37826840175457],[14.639522588424125,46.38276506796172],[14.641624646188964,46.386698107809835],[14.642911033675823,46.39146979915826],[14.646134188915244,46.39442455638213],[14.650159539703385,46.39892360892914],[14.652476294821128,46.401034231854254],[14.658043154636816,46.40224283181728],[14.665120980760395,46.40499816618007],[14.67078485862677,46.406907243849595],[14.677352441668965,46.410361625011596],[14.687464776822301,46.41452616449269],[14.696057162514904,46.418965966447054],[14.700290922448959,46.42339426077657],[14.70554247359992,46.42719372430665],[14.712311279265762,46.43190800986936]]},"properties":{"FID":167,"FAULT_NAME":"Strelovec segment 1","FAULT_DESI":"MAF.SI-063/1","FAULT_TYPE":"sinistral transpressive","MINDEPTH_g":0,"MAXDEPTH_g":0,"MAXDEPTH":10,"STRIKEMIN":5,"STRIKEMAX":75,"STRIKE_BES":40,"DIPMIN":70,"DIPMAX":75,"DIP_BEST_E":72,"RAKEMIN":20,"RAKEMAX":50,"RAKE_BEST":35,"FAULT_WIDT":10.5146222424,"TOTAL_FAUL":13,"TOTAL_FA_1":12,"SEGMENTATI":"not segmented","TOTAL_SEGM":13,"TOTAL_SE_1":12,"MIN_TOTAL":134.585903453,"MAX_TOTAL":138.343110422,"BEST_ESTIM":136.690089151,"MIN_TOTA_1":134.585903453,"MAX_TOTA_1":138.343110422,"BEST_EST_1":136.690089151,"SLIPRATEMI":0.01,"SLIPRATEMA":0.1,"BEST_EST_2":0.05,"ACTIVITY":"potentially","FAULT_WE_1":" ","__id":208},"id":208},{"type":"Feature","geometry":{"type":"LineString","coordinates":[[14.7863216788938,46.103392812700505],[14.788523449655177,46.101281293375294],[14.790424284796373,46.09951602607245],[14.792626055557752,46.09730095299313],[14.794676909351395,46.09536237958147],[14.795680327523758,46.0935265276026],[14.797683570607347,46.091102511336764],[14.799037331740513,46.088712031673694],[14.800490805870218,46.08652954603716],[14.80234492861664,46.08361984624862],[14.804446088066195,46.081369240856326],[14.80634602489211,46.079673125962515],[14.809143378686858,46.077666633233754],[14.812989066418174,46.07496772313059],[14.815286058599666,46.073619153366],[14.816933568830741,46.07247745486777],[14.820079468955727,46.07033234392485],[14.824075175339491,46.067286542023304],[14.82816969640451,46.064171386006585],[14.831016457539885,46.061921857327576],[14.843123052623962,46.05039914358331],[14.850708426883068,46.04262225967959],[14.860097618232686,46.03622186050302],[14.865373423896319,46.03038764742906],[14.87410055688154,46.02409935378771],[14.886114625491356,46.01689768665175]]},"properties":{"FID":151,"FAULT_NAME":"Litija segment 1","FAULT_DESI":"MAF.SI-057/1","FAULT_TYPE":"dextral strike-slip","MINDEPTH_g":0,"MAXDEPTH_g":0,"MAXDEPTH":10,"STRIKEMIN":315,"STRIKEMAX":335,"STRIKE_BES":320,"DIPMIN":85,"DIPMAX":90,"DIP_BEST_E":87,"RAKEMIN":170,"RAKEMAX":180,"RAKE_BEST":175,"FAULT_WIDT":10.01372346,"TOTAL_FAUL":12,"TOTAL_FA_1":12,"SEGMENTATI":"not segmented","TOTAL_SEGM":12,"TOTAL_SE_1":12,"MIN_TOTAL":120,"MAX_TOTAL":120.458380505,"BEST_ESTIM":120.16468152,"MIN_TOTA_1":120,"MAX_TOTA_1":120.458380505,"BEST_EST_1":120.16468152,"SLIPRATEMI":0.01,"SLIPRATEMA":0.1,"BEST_EST_2":0.05,"ACTIVITY":"potentially","FAULT_WE_1":" ","__id":209},"id":209},{"type":"Feature","geometry":{"type":"LineString","coordinates":[[13.860934765372054,46.35281894654661],[13.862480765976025,46.355109914027516],[13.864457059601088,46.357652496475446],[13.86643335322615,46.359497515150174],[13.868577631809341,46.361222824026314],[13.871151305098344,46.36298837296878],[13.876316617982033,46.36524358037708],[13.888443874317645,46.3705235506459],[13.89144784062774,46.37235697810455],[13.89694912342769,46.375967869238856],[13.904715059058903,46.38230649437521],[13.905712189024277,46.383118290936025],[13.910312461594252,46.38668633451957],[13.915721217919936,46.3914815714168],[13.920917073523281,46.397343840666835],[13.924681014563744,46.40239088502069],[13.928020052474816,46.409437505026965],[13.932220574743358,46.41696008032576],[13.936145314219678,46.42381223949646],[13.938555494126968,46.429046300178825]]},"properties":{"FID":82,"FAULT_NAME":"Krma segment 1","FAULT_DESI":"MAF.SI-034/1","FAULT_TYPE":"sinistral strike-slip","MINDEPTH_g":0,"MAXDEPTH_g":0,"MAXDEPTH":10,"STRIKEMIN":20,"STRIKEMAX":60,"STRIKE_BES":35,"DIPMIN":70,"DIPMAX":85,"DIP_BEST_E":80,"RAKEMIN":0,"RAKEMAX":20,"RAKE_BEST":10,"FAULT_WIDT":10.1542661189,"TOTAL_FAUL":11,"TOTAL_FA_1":10,"SEGMENTATI":"not segmented","TOTAL_SEGM":11,"TOTAL_SE_1":10,"MIN_TOTAL":110.42018213,"MAX_TOTAL":117.059554972,"BEST_ESTIM":111.696927307,"MIN_TOTA_1":110.42018213,"MAX_TOTA_1":117.059554972,"BEST_EST_1":111.696927307,"SLIPRATEMI":0.05,"SLIPRATEMA":0.3,"BEST_EST_2":0.1,"ACTIVITY":"potentially","FAULT_WE_1":" ","__id":210},"id":210},{"type":"Feature","geometry":{"type":"LineString","coordinates":[[14.564399176159062,45.945547758134055],[14.564793536568791,45.94460517428584],[14.565137591322607,45.943838727493784],[14.565469967977732,45.94310662661284],[14.565923617196212,45.9421896128947],[14.5665748957772,45.94086841182992],[14.566930628629713,45.94017000535554],[14.567397752577454,45.93912612739955],[14.567987945719121,45.937813599458934],[14.568626647886129,45.936407954409],[14.569278824782398,45.93492667833428],[14.570002866901401,45.93342849383413],[14.570224750776577,45.93294929116613],[14.570593060043068,45.932098961767586],[14.57120660938212,45.930963086287846],[14.571316203846782,45.93076127539433],[14.571589291693154,45.9298852951412],[14.571885735736915,45.92899305566848],[14.572192959564084,45.9282944996215],[14.572783152705751,45.92702357992185],[14.573422753188044,45.92550831066281],[14.573570975209922,45.92505340938045],[14.574382153911483,45.92329438099843],[14.575204112396452,45.92162840784525],[14.57573142346823,45.92050044188192],[14.575866170760849,45.92025672323175],[14.576592009510415,45.91855628716651],[14.577488528163968,45.91667143569177],[14.578248502894333,45.91510588538055],[14.578813543208046,45.91391091266716],[14.579181852474532,45.913144666624376],[14.579439668961076,45.91254716236891],[14.57989241986427,45.9117902727429],[14.58058951252475,45.910646481055885],[14.580833854282028,45.91023396023762],[14.581140179793914,45.90967892738989],[14.581567777869155,45.90897762794953],[14.582997895801473,45.90721121415827],[14.584207926489183,45.90546162152263],[14.591036919279059,45.895380543605434],[14.59542249449613,45.88933326923334],[14.597541620251368,45.88529826060245],[14.60499045058729,45.87418155600052],[14.61819029537214,45.855661702415055]]},"properties":{"FID":86,"FAULT_NAME":"Želimlje segment 1","FAULT_DESI":"MAF.SI-039/1","FAULT_TYPE":"dextral strike-slip","MINDEPTH_g":0,"MAXDEPTH_g":0,"MAXDEPTH":15,"STRIKEMIN":330,"STRIKEMAX":345,"STRIKE_BES":335,"DIPMIN":80,"DIPMAX":90,"DIP_BEST_E":85,"RAKEMIN":160,"RAKEMAX":180,"RAKE_BEST":170,"FAULT_WIDT":15.0572975632,"TOTAL_FAUL":11,"TOTAL_FA_1":11,"SEGMENTATI":"not segmented","TOTAL_SEGM":11,"TOTAL_SE_1":11,"MIN_TOTAL":165,"MAX_TOTAL":167.545390961,"BEST_ESTIM":165.630273195,"MIN_TOTA_1":165,"MAX_TOTA_1":167.545390961,"BEST_EST_1":165.630273195,"SLIPRATEMI":0.05,"SLIPRATEMA":0.85,"BEST_EST_2":0.45,"ACTIVITY":"potentially","FAULT_WE_1":" ","__id":211},"id":211},{"type":"Feature","geometry":{"type":"LineString","coordinates":[[14.38827548155459,45.909399533754915],[14.38869679142284,45.908946375540076],[14.389231289016893,45.90791691133632],[14.389705599486907,45.907204338410914],[14.390391014048689,45.90517032993431],[14.391977438840447,45.9003262893391],[14.392738311886095,45.896481511847746],[14.392860482764736,45.894106369124025],[14.392873059178712,45.8929015658722],[14.392921568204054,45.8884172423174],[14.393212622356112,45.88366616549426],[14.393796527290789,45.87848191320671],[14.394066920191307,45.87563881147124],[14.394096564595683,45.8728612370409],[14.393830663271585,45.866467472458815]]},"properties":{"FID":94,"FAULT_NAME":"Borovnica segment 2","FAULT_DESI":"MAF.SI-028/2","FAULT_TYPE":"dextral strike-slip","MINDEPTH_g":0,"MAXDEPTH_g":0,"MAXDEPTH":10,"STRIKEMIN":325,"STRIKEMAX":360,"STRIKE_BES":355,"DIPMIN":60,"DIPMAX":80,"DIP_BEST_E":70,"RAKEMIN":150,"RAKEMAX":180,"RAKE_BEST":165,"FAULT_WIDT":10.6417777248,"TOTAL_FAUL":11,"TOTAL_FA_1":9,"SEGMENTATI":"geometric","TOTAL_SEGM":5,"TOTAL_SE_1":5,"MIN_TOTAL":111.696927307,"MAX_TOTAL":127.017059222,"BEST_ESTIM":117.059554972,"MIN_TOTA_1":50.7713305943,"MAX_TOTA_1":57.735026919,"BEST_EST_1":53.2088886238,"SLIPRATEMI":0.05,"SLIPRATEMA":0.2,"BEST_EST_2":0.1,"ACTIVITY":"potentially","FAULT_WE_1":" ","__id":212},"id":212},{"type":"Feature","geometry":{"type":"LineString","coordinates":[[14.355107884634329,45.94044924406228],[14.35646254408278,45.93945284894455],[14.358443329284265,45.93822591524796],[14.360088144569486,45.93703019101317],[14.361829977905396,45.93570137004016],[14.362624986931841,45.935062874918245],[14.36313523001322,45.934684272577556],[14.364194343733198,45.93408325167221],[14.3650540314601,45.9332404369574],[14.365994567562572,45.93238448896368],[14.366608116901627,45.93179531416503],[14.367354616902732,45.93096433588861],[14.367804672860073,45.93042700496149],[14.368069675868888,45.93011834972618],[14.368408340731001,45.92939793922477],[14.369233892477109,45.927822125788175],[14.369483624126094,45.92688611390244],[14.369768390071158,45.92588697564354],[14.370238208964755,45.924523519666955],[14.370380142779643,45.92410360346911],[14.371043099459325,45.92281259120356],[14.37179229440628,45.92198272815435],[14.372413030267607,45.92143843623622],[14.37344519452906,45.920689166870424],[14.374180914746754,45.92001862782435],[14.375628998984753,45.918731895068014],[14.376812978529225,45.917713861462765],[14.37703037082798,45.91753200082298],[14.378676084428488,45.91593710122517],[14.379445940626978,45.91519463232758],[14.379997506211428,45.914737146545555],[14.380789820292021,45.914089660222196],[14.381410556153348,45.913513416040594],[14.382201971918658,45.91292216579143],[14.383211678298006,45.912197156888425],[14.384242045928893,45.91157526670566],[14.385158327518695,45.911055873685186],[14.385648807663824,45.910963369965835],[14.386481545932202,45.9107296098799],[14.387559524273147,45.90994894406314],[14.388167683720496,45.90951516663795],[14.388474907547664,45.90937703219293],[14.390784476143136,45.90865322708275],[14.393572846785041,45.90793191277328],[14.400434178925146,45.907365605715924],[14.403749860638833,45.90664677497108],[14.409417331766342,45.905671650560706]]},"properties":{"FID":96,"FAULT_NAME":"Borovnica segment 1","FAULT_DESI":"MAF.SI-028/1","FAULT_TYPE":"dextral strike-slip","MINDEPTH_g":0,"MAXDEPTH_g":0,"MAXDEPTH":10,"STRIKEMIN":275,"STRIKEMAX":350,"STRIKE_BES":315,"DIPMIN":60,"DIPMAX":80,"DIP_BEST_E":70,"RAKEMIN":150,"RAKEMAX":180,"RAKE_BEST":165,"FAULT_WIDT":10.6417777248,"TOTAL_FAUL":11,"TOTAL_FA_1":9,"SEGMENTATI":"geometric","TOTAL_SEGM":6,"TOTAL_SE_1":6,"MIN_TOTAL":111.696927307,"MAX_TOTAL":127.017059222,"BEST_ESTIM":117.059554972,"MIN_TOTA_1":60.9255967131,"MAX_TOTA_1":69.2820323028,"BEST_EST_1":63.8506663486,"SLIPRATEMI":0.05,"SLIPRATEMA":0.2,"BEST_EST_2":0.1,"ACTIVITY":"potentially","FAULT_WE_1":" ","__id":213},"id":213},{"type":"Feature","geometry":{"type":"LineString","coordinates":[[14.571408730321048,46.34615940513321],[14.57426357629398,46.3500609779225],[14.577954753796426,46.35396599233759],[14.583009573900165,46.35834872555897],[14.591036919279059,46.361532791101745],[14.60337977128286,46.36667674791779],[14.610266256250918,46.37038098947496],[14.616156509568894,46.37539643961651],[14.622786974680977,46.383463455740014],[14.626694646166897,46.389839007016164],[14.630608605859807,46.39542513511839],[14.634434530654872,46.40295707641035],[14.639704048111518,46.41075616744743],[14.642551707562175,46.417179932513214],[14.644201912739106,46.4206559564771],[14.645165805038962,46.42433981694985]]},"properties":{"FID":169,"FAULT_NAME":"Logarska dolina segment 1","FAULT_DESI":"MAF.SI-061/1","FAULT_TYPE":"sinistral strike-slip","MINDEPTH_g":0,"MAXDEPTH_g":0,"MAXDEPTH":10,"STRIKEMIN":10,"STRIKEMAX":60,"STRIKE_BES":35,"DIPMIN":85,"DIPMAX":90,"DIP_BEST_E":87,"RAKEMIN":0,"RAKEMAX":20,"RAKE_BEST":10,"FAULT_WIDT":10.01372346,"TOTAL_FAUL":11,"TOTAL_FA_1":10,"SEGMENTATI":"not segmented","TOTAL_SEGM":11,"TOTAL_SE_1":10,"MIN_TOTAL":110,"MAX_TOTAL":110.42018213,"BEST_ESTIM":110.15095806,"MIN_TOTA_1":110,"MAX_TOTA_1":110.42018213,"BEST_EST_1":110.15095806,"SLIPRATEMI":0.01,"SLIPRATEMA":0.1,"BEST_EST_2":0.05,"ACTIVITY":"potentially","FAULT_WE_1":" ","__id":214},"id":214},{"type":"Feature","geometry":{"type":"LineString","coordinates":[[15.447462863384803,45.81722362154415],[15.453188725005782,45.825289457728324],[15.464066424781183,45.830924332241075],[15.47371253430206,45.8362194175378],[15.477180929614043,45.83878666405909],[15.488061324335302,45.84407536926911],[15.495966498835553,45.84696639067577],[15.504127693191778,45.850888428009284],[15.51178852593475,45.85378034667215],[15.522175745565022,45.85837945146677],[15.531607157732996,45.86590762338323],[15.540288476638723,45.872061900324304],[15.548224193858635,45.877358699019204],[15.556407846096965,45.8826537421717]]},"properties":{"FID":190,"FAULT_NAME":"Poštena vas segment 1","FAULT_DESI":"MAF.SI-068/1","FAULT_TYPE":"sinistral transpressive","MINDEPTH_g":0,"MAXDEPTH_g":0,"MAXDEPTH":10,"STRIKEMIN":25,"STRIKEMAX":60,"STRIKE_BES":50,"DIPMIN":50,"DIPMAX":70,"DIP_BEST_E":60,"RAKEMIN":20,"RAKEMAX":70,"RAKE_BEST":45,"FAULT_WIDT":11.5470053838,"TOTAL_FAUL":11,"TOTAL_FA_1":11,"SEGMENTATI":"not segmented","TOTAL_SEGM":11,"TOTAL_SE_1":11,"MIN_TOTAL":117.059554972,"MAX_TOTAL":143.594801827,"BEST_ESTIM":127.017059222,"MIN_TOTA_1":117.059554972,"MAX_TOTA_1":143.594801827,"BEST_EST_1":127.017059222,"SLIPRATEMI":0.05,"SLIPRATEMA":0.1,"BEST_EST_2":0.08,"ACTIVITY":"potentially","FAULT_WE_1":" ","__id":215},"id":215},{"type":"Feature","geometry":{"type":"LineString","coordinates":[[14.770672128329155,46.229390377482325],[14.776915419553784,46.22723956568516],[14.78491042558245,46.22522663773667],[14.794261887690132,46.22497369590791],[14.809067920202992,46.224593348752926],[14.841012011706281,46.22545285499427],[14.855620414856634,46.22614828078085],[14.87197693954988,46.22914180486993],[14.886190982290504,46.23294235713368],[14.898457477495157,46.23741556077003],[14.912086716985817,46.243645375838625]]},"properties":{"FID":197,"FAULT_NAME":"Menina segment 1","FAULT_DESI":"MAF.SI-062/1","FAULT_TYPE":"reverse","MINDEPTH_g":0,"MAXDEPTH_g":0,"MAXDEPTH":10,"STRIKEMIN":235,"STRIKEMAX":290,"STRIKE_BES":260,"DIPMIN":60,"DIPMAX":80,"DIP_BEST_E":70,"RAKEMIN":80,"RAKEMAX":100,"RAKE_BEST":90,"FAULT_WIDT":10.6417777248,"TOTAL_FAUL":11,"TOTAL_FA_1":11,"SEGMENTATI":"not segmented","TOTAL_SEGM":11,"TOTAL_SE_1":11,"MIN_TOTAL":111.696927307,"MAX_TOTAL":127.017059222,"BEST_ESTIM":117.059554972,"MIN_TOTA_1":111.696927307,"MAX_TOTA_1":127.017059222,"BEST_EST_1":117.059554972,"SLIPRATEMI":0.01,"SLIPRATEMA":0.5,"BEST_EST_2":0.3,"ACTIVITY":"potentially","FAULT_WE_1":" ","__id":216},"id":216},{"type":"Feature","geometry":{"type":"LineString","coordinates":[[14.93507999499814,46.24406597314533],[14.96021575496309,46.24772758066527],[14.971517459552595,46.25030000264687],[14.984769406623927,46.25300647529207],[14.993344724326132,46.25571095098477],[15.000556399427046,46.25936122262713],[15.005624694260048,46.26368756986784],[15.010889720140272,46.26923070790133],[15.013815533020649,46.27558481676815],[15.017912749031517,46.28220887231375],[15.021621892839649,46.29113136202397],[15.024553993927015,46.304515784822286]]},"properties":{"FID":198,"FAULT_NAME":"Vransko segment 1","FAULT_DESI":"MAF.SI-073/1","FAULT_TYPE":"reverse","MINDEPTH_g":0,"MAXDEPTH_g":0,"MAXDEPTH":10,"STRIKEMIN":200,"STRIKEMAX":260,"STRIKE_BES":225,"DIPMIN":50,"DIPMAX":70,"DIP_BEST_E":60,"RAKEMIN":80,"RAKEMAX":100,"RAKE_BEST":90,"FAULT_WIDT":11.5470053838,"TOTAL_FAUL":11,"TOTAL_FA_1":10,"SEGMENTATI":"not segmented","TOTAL_SEGM":11,"TOTAL_SE_1":10,"MIN_TOTAL":117.059554972,"MAX_TOTAL":143.594801827,"BEST_ESTIM":127.017059222,"MIN_TOTA_1":117.059554972,"MAX_TOTA_1":143.594801827,"BEST_EST_1":127.017059222,"SLIPRATEMI":0.01,"SLIPRATEMA":0.5,"BEST_EST_2":0.3,"ACTIVITY":"potentially","FAULT_WE_1":" ","__id":217},"id":217},{"type":"Feature","geometry":{"type":"LineString","coordinates":[[16.01245466807064,45.96867445518913],[16.036217802281456,45.954538040653745],[16.050264758379228,45.94591379366463],[16.055622310733717,45.94303229159708],[16.060636706649674,45.939918252027425],[16.074105147704476,45.93672407146801],[16.087561910660586,45.93305675288078],[16.09323656831037,45.9292267388224],[16.103966944379177,45.924639745910085],[16.117414724182446,45.92073291098142],[16.12918445103498,45.91754949946715]]},"properties":{"FID":223,"FAULT_NAME":"Kašina segment 1","FAULT_DESI":"MAF.SI-096/1","FAULT_TYPE":"dextral transtensive","MINDEPTH_g":0,"MAXDEPTH_g":0,"MAXDEPTH":16,"STRIKEMIN":290,"STRIKEMAX":315,"STRIKE_BES":300,"DIPMIN":50,"DIPMAX":70,"DIP_BEST_E":60,"RAKEMIN":-110,"RAKEMAX":-160,"RAKE_BEST":-135,"FAULT_WIDT":18.4752086141,"TOTAL_FAUL":11,"TOTAL_FA_1":11,"SEGMENTATI":"not segmented","TOTAL_SEGM":11,"TOTAL_SE_1":11,"MIN_TOTAL":187.295287956,"MAX_TOTAL":229.751682922,"BEST_ESTIM":203.227294755,"MIN_TOTA_1":187.295287956,"MAX_TOTA_1":229.751682922,"BEST_EST_1":203.227294755,"SLIPRATEMI":0.1,"SLIPRATEMA":0.3,"BEST_EST_2":0.2,"ACTIVITY":"active","FAULT_WE_1":" ","__id":218},"id":218},{"type":"Feature","geometry":{"type":"LineString","coordinates":[[15.569215127102659,45.940791575054575],[15.578582758885455,45.94302604495257],[15.59058335276601,45.94601373468638],[15.596115178285618,45.94780202388657],[15.604978855194025,45.951171071462255],[15.615751452081184,45.95314343697717],[15.626170112746403,45.95443811500133],[15.642466450315617,45.95464296239485],[15.653325285470054,45.95459112608331],[15.66066721628716,45.955050156794414],[15.673706262636156,45.95756632698279],[15.684680980462243,45.96014170775576],[15.695971006953059,45.96284185720387],[15.702145127900812,45.964301781440874]]},"properties":{"FID":226,"FAULT_NAME":"Artiče segment 1","FAULT_DESI":"MAF.SI-075/1","FAULT_TYPE":"reverse","MINDEPTH_g":1,"MAXDEPTH_g":0,"MAXDEPTH":10,"STRIKEMIN":240,"STRIKEMAX":270,"STRIKE_BES":255,"DIPMIN":30,"DIPMAX":60,"DIP_BEST_E":60,"RAKEMIN":80,"RAKEMAX":100,"RAKE_BEST":90,"FAULT_WIDT":11.5470053838,"TOTAL_FAUL":11,"TOTAL_FA_1":11,"SEGMENTATI":"not segmented","TOTAL_SEGM":11,"TOTAL_SE_1":11,"MIN_TOTAL":127.017059222,"MAX_TOTAL":220,"BEST_ESTIM":127.017059222,"MIN_TOTA_1":127.017059222,"MAX_TOTA_1":220,"BEST_EST_1":127.017059222,"SLIPRATEMI":0.06,"SLIPRATEMA":0.12,"BEST_EST_2":0.09,"ACTIVITY":"active","FAULT_WE_1":" ","__id":219},"id":219},{"type":"Feature","geometry":{"type":"LineString","coordinates":[[14.01226316150426,46.231741197296984],[14.022853400388746,46.226652288065395],[14.02670986790347,46.22458837687724],[14.029774919652887,46.2220862233062],[14.032764512918435,46.218781540219744],[14.036631760216569,46.21603919215503],[14.040306768043905,46.21415887663602],[14.04719864290367,46.21113283206301],[14.053814734971208,46.20859773869224],[14.059907109228106,46.20550362239972],[14.064841555083776,46.20258403922926],[14.067787130900404,46.201683139929195],[14.073512094206096,46.19926263821359],[14.081482845722089,46.19519548269713],[14.089458088814503,46.19081958114361],[14.093927207353,46.18900494424254],[14.100181278361038,46.18658761553406],[14.105545118922516,46.184348055614606],[14.11259150401115,46.18230618904228],[14.118901270566804,46.18026673457802],[14.119843603299847,46.17985746622746],[14.122878112329602,46.177461505889994],[14.12610306419959,46.17480666986435],[14.126895378280185,46.174422242965754],[14.129906531112553,46.17343068286474],[14.132508950490648,46.17225372634155]]},"properties":{"FID":237,"FAULT_NAME":"Možic segment 1","FAULT_DESI":"MAF.SI-035/1","FAULT_TYPE":"dextral strike-slip","MINDEPTH_g":0,"MAXDEPTH_g":0,"MAXDEPTH":10,"STRIKEMIN":295,"STRIKEMAX":320,"STRIKE_BES":305,"DIPMIN":75,"DIPMAX":85,"DIP_BEST_E":80,"RAKEMIN":160,"RAKEMAX":180,"RAKE_BEST":170,"FAULT_WIDT":10.1542661189,"TOTAL_FAUL":11,"TOTAL_FA_1":11,"SEGMENTATI":"not segmented","TOTAL_SEGM":11,"TOTAL_SE_1":11,"MIN_TOTAL":110.42018213,"MAX_TOTAL":113.880379845,"BEST_ESTIM":111.696927307,"MIN_TOTA_1":110.42018213,"MAX_TOTA_1":113.880379845,"BEST_EST_1":111.696927307,"SLIPRATEMI":0.01,"SLIPRATEMA":0.1,"BEST_EST_2":0.05,"ACTIVITY":"potentially","FAULT_WE_1":" ","__id":220},"id":220},{"type":"Feature","geometry":{"type":"LineString","coordinates":[[13.704127544322004,46.05591019824091],[13.701938349974604,46.05788880699277],[13.700122854785398,46.05957374777491],[13.698124103278232,46.06125614381685],[13.69656013636858,46.062644907852075],[13.695259375837177,46.063269466286044],[13.692671329503625,46.06396507394941],[13.689831754890527,46.064913105764866],[13.687850969689043,46.06578508120673],[13.685053615894292,46.06754394901298],[13.681464846334233,46.069079640347105],[13.67770180360906,46.07018713148439],[13.674998772919142,46.07053987863797],[13.672153808414338,46.07170031361389],[13.66882016039497,46.07277036011918],[13.662948771697963,46.07496086819201],[13.660105603823725,46.075993461615646],[13.657434912484037,46.07753951136093],[13.653768887809546,46.079670633470236],[13.648261316802609,46.08195059373488],[13.643997014148894,46.083477161091054],[13.640719959992426,46.08467470803841],[13.637084478037595,46.08552705652288],[13.632281186213408,46.086535153447485],[13.627529098360416,46.08792764269435],[13.625181800523013,46.08870953958976],[13.620900429878898,46.09087511806911],[13.615613844431854,46.094008701634266],[13.611245337205178,46.0971526968934],[13.607192138643232,46.09995952832545],[13.602194810717675,46.10369302805574],[13.599394761977075,46.10536411394173],[13.596547102526417,46.10648021912488]]},"properties":{"FID":23,"FAULT_NAME":"Golek segment 1","FAULT_DESI":"MAF.SI-017/1","FAULT_TYPE":"dextral strike-slip","MINDEPTH_g":0,"MAXDEPTH_g":0,"MAXDEPTH":10,"STRIKEMIN":280,"STRIKEMAX":325,"STRIKE_BES":305,"DIPMIN":70,"DIPMAX":80,"DIP_BEST_E":75,"RAKEMIN":150,"RAKEMAX":170,"RAKE_BEST":160,"FAULT_WIDT":10.3527618041,"TOTAL_FAUL":10,"TOTAL_FA_1":10,"SEGMENTATI":"not segmented","TOTAL_SEGM":10,"TOTAL_SE_1":10,"MIN_TOTAL":101.542661189,"MAX_TOTAL":106.417777248,"BEST_ESTIM":103.527618041,"MIN_TOTA_1":101.542661189,"MAX_TOTA_1":106.417777248,"BEST_EST_1":103.527618041,"SLIPRATEMI":0.01,"SLIPRATEMA":0.1,"BEST_EST_2":0.05,"ACTIVITY":"potentially","FAULT_WE_1":" ","__id":221},"id":221},{"type":"Feature","geometry":{"type":"LineString","coordinates":[[14.005070351024317,46.00744770163379],[14.005727019497005,46.00690362482204],[14.007235290859043,46.005736212594186],[14.008662713845508,46.00474785503108],[14.009918558612709,46.00395665708456],[14.011640629012366,46.00312426469616],[14.012761726486945,46.002611345009115],[14.013936722878574,46.001999204705974],[14.01547733359084,46.0011655348478],[14.016641550199058,46.000436063417254],[14.017505729502382,45.99981141856059],[14.018183059226608,45.999192382934325],[14.018982559829475,45.99815772929945],[14.019978791479561,45.99641974222677],[14.021212178364658,45.99429913684985],[14.022252427463668,45.99267399168027],[14.022792314949426,45.9920217982686],[14.023285490040406,45.991397682544424],[14.02390532758645,45.99070927473802],[14.024586250571813,45.9902012330235],[14.02516117235365,45.98989041404881],[14.026034334809813,45.989474113611344],[14.027546199432987,45.98879317166371],[14.030921169955421,45.987307678033126],[14.033332248177999,45.9862372240858],[14.034845011116458,45.98546573540276],[14.035707393789213,45.984941416569],[14.036872508712715,45.98412184634889],[14.037592059255296,45.98365057237308],[14.039704896803544,45.98258628989311],[14.04077748525278,45.981865312717865],[14.041393729537686,45.981356565597935],[14.041918345663614,45.98093770403087],[14.042310011127489,45.980706735790484],[14.042752880562562,45.98052071202069],[14.04373833242924,45.98031283908214],[14.0457487620351,45.979978243163565],[14.046125156139146,45.97985526617042],[14.046606653131434,45.97966986379136],[14.047336983457422,45.979315287815545],[14.048082585143241,45.97879902612905],[14.048856034602867,45.97819224082291],[14.049408498502602,45.977637887940794],[14.050409221729112,45.976556009856836],[14.05142072473903,45.97559959454866],[14.052738553260832,45.97452017387984],[14.053008946161354,45.97418491864391],[14.053205677208576,45.97377786486591],[14.05331796661909,45.973249689399765],[14.05334222113176,45.97284138009078],[14.05336557732915,45.97249300371328],[14.053406001516933,45.97215711186932],[14.053531765656711,45.971821217988214],[14.053779700675129,45.9714266337265],[14.054236943154747,45.970902181938825],[14.054922357716528,45.97011424622748],[14.055431702482625,45.96954170587793],[14.055689518969166,45.969325674938865],[14.056769293940677,45.96853022427602],[14.057870628479009,45.96771415744708],[14.059170490695129,45.96700110374997],[14.060308656160107,45.96616378467016],[14.061318362539458,45.965333321478276],[14.062226559291704,45.96433175381944],[14.062451138112733,45.96407199266648],[14.062714344490981,45.9637766377604],[14.062938024996727,45.96356245763637],[14.06320033305969,45.96333016805273],[14.063435691664127,45.96315157916221],[14.063671948583853,45.96296424753949],[14.063986358933294,45.96269636221846],[14.064325922110692,45.962500911271825],[14.064717587574567,45.96225175714843],[14.06530688240095,45.961769681327404],[14.066010263268415,45.961233897837886],[14.06716729335436,45.96029782543848],[14.067963200696092,45.95976577457082],[14.069686169411034,45.95873413086651],[14.071982263277242,45.95744267571885],[14.07366929938082,45.9564590762924],[14.07474907435233,45.95578272446137],[14.076315736207835,45.9548215787115],[14.077878804802202,45.95406526582036],[14.078642372793704,45.9537592403301],[14.080045541267499,45.95331331444763],[14.080808210943715,45.95304350881013],[14.081588846925616,45.95270125347266],[14.082266176649842,45.95235774690292],[14.084145452224218,45.95123103040977],[14.086877229003226,45.94958276030875],[14.090024925758783,45.947817014540675],[14.093413371010481,45.946198625101616],[14.094648554526147,45.9455465088619]]},"properties":{"FID":39,"FAULT_NAME":"Zala segment 1","FAULT_DESI":"MAF.SI-021/1","FAULT_TYPE":"dextral strike-slip","MINDEPTH_g":0,"MAXDEPTH_g":0,"MAXDEPTH":15,"STRIKEMIN":285,"STRIKEMAX":360,"STRIKE_BES":315,"DIPMIN":55,"DIPMAX":75,"DIP_BEST_E":65,"RAKEMIN":150,"RAKEMAX":180,"RAKE_BEST":165,"FAULT_WIDT":16.5506687844,"TOTAL_FAUL":10,"TOTAL_FA_1":10,"SEGMENTATI":"not segmented","TOTAL_SEGM":10,"TOTAL_SE_1":10,"MIN_TOTAL":155.291427062,"MAX_TOTAL":183.116188314,"BEST_ESTIM":165.506687844,"MIN_TOTA_1":155.291427062,"MAX_TOTA_1":183.116188314,"BEST_EST_1":165.506687844,"SLIPRATEMI":0.05,"SLIPRATEMA":0.5,"BEST_EST_2":0.2,"ACTIVITY":"potentially","FAULT_WE_1":" ","__id":222},"id":222},{"type":"Feature","geometry":{"type":"LineString","coordinates":[[13.980743973130359,46.42034942131696],[13.996306387112444,46.41607756614596],[14.015238381725263,46.409942923794944],[14.028655618808873,46.40648851611578],[14.04600208694522,46.403904845345245],[14.063079060496333,46.39921601592049],[14.074952093606539,46.39700310033946],[14.087155706741303,46.393111694906786],[14.098758346950993,46.38879433264661],[14.10637695887561,46.386754495638506]]},"properties":{"FID":60,"FAULT_NAME":"Zasip segment 1","FAULT_DESI":"MAF.SI-044/1","FAULT_TYPE":"dextral strike-slip","MINDEPTH_g":0,"MAXDEPTH_g":0,"MAXDEPTH":10,"STRIKEMIN":285,"STRIKEMAX":295,"STRIKE_BES":290,"DIPMIN":75,"DIPMAX":85,"DIP_BEST_E":80,"RAKEMIN":150,"RAKEMAX":170,"RAKE_BEST":160,"FAULT_WIDT":10.1542661189,"TOTAL_FAUL":10,"TOTAL_FA_1":10,"SEGMENTATI":"not segmented","TOTAL_SEGM":10,"TOTAL_SE_1":10,"MIN_TOTAL":100.381983754,"MAX_TOTAL":103.527618041,"BEST_ESTIM":101.542661189,"MIN_TOTA_1":100.381983754,"MAX_TOTA_1":103.527618041,"BEST_EST_1":101.542661189,"SLIPRATEMI":0.05,"SLIPRATEMA":0.3,"BEST_EST_2":0.1,"ACTIVITY":"potentially","FAULT_WE_1":" ","__id":223},"id":223},{"type":"Feature","geometry":{"type":"LineString","coordinates":[[15.534750362912128,46.29420203095497],[15.543075050650064,46.29512375667897],[15.555042406865102,46.296386837104365],[15.570123323854903,46.29715273998877],[15.588501956252705,46.29850080235042],[15.59543335698497,46.29858458966138],[15.604608749296968,46.29793601046494],[15.60927998877439,46.29731038803748],[15.614128196362783,46.29704474460682],[15.614841458698372,46.297119844866245],[15.62175758807081,46.296267047434895],[15.628301814915618,46.2953676855371],[15.632158282430343,46.29443789490679],[15.635622186165909,46.29360057327985],[15.638631542367708,46.293129457855954],[15.642953337199609,46.29278744662324],[15.647934495450052,46.2928048265559],[15.655937586316272,46.29344043173271],[15.660921439512567,46.29363905683767]]},"properties":{"FID":192,"FAULT_NAME":"Dravinja segment 1","FAULT_DESI":"MAF.SI-082/1","FAULT_TYPE":"reverse","MINDEPTH_g":0,"MAXDEPTH_g":0,"MAXDEPTH":10,"STRIKEMIN":80,"STRIKEMAX":110,"STRIKE_BES":90,"DIPMIN":75,"DIPMAX":85,"DIP_BEST_E":80,"RAKEMIN":70,"RAKEMAX":110,"RAKE_BEST":90,"FAULT_WIDT":10.1542661189,"TOTAL_FAUL":10,"TOTAL_FA_1":10,"SEGMENTATI":"not segmented","TOTAL_SEGM":10,"TOTAL_SE_1":10,"MIN_TOTAL":100.381983754,"MAX_TOTAL":103.527618041,"BEST_ESTIM":101.542661189,"MIN_TOTA_1":100.381983754,"MAX_TOTA_1":103.527618041,"BEST_EST_1":101.542661189,"SLIPRATEMI":0.01,"SLIPRATEMA":0.1,"BEST_EST_2":0.05,"ACTIVITY":"potentially","FAULT_WE_1":" ","__id":224},"id":224},{"type":"Feature","geometry":{"type":"LineString","coordinates":[[15.499030652269683,46.61191567545877],[15.507763175146609,46.61403840784021],[15.527668045212131,46.61803126413397],[15.53623348144621,46.620633157146514],[15.54094784005727,46.62157158491274],[15.549493513355099,46.62213117873844],[15.568867479087704,46.62479765333118],[15.591045086822044,46.6280445041705],[15.612734011041828,46.632385467111654],[15.61797478240938,46.633899201216494],[15.620017551365468,46.63501010953537]]},"properties":{"FID":201,"FAULT_NAME":"Kungota segment 1","FAULT_DESI":"MAF.SI-088/1","FAULT_TYPE":"sinistral transpressive","MINDEPTH_g":0,"MAXDEPTH_g":0,"MAXDEPTH":10,"STRIKEMIN":50,"STRIKEMAX":85,"STRIKE_BES":75,"DIPMIN":75,"DIPMAX":90,"DIP_BEST_E":85,"RAKEMIN":15,"RAKEMAX":75,"RAKE_BEST":45,"FAULT_WIDT":10.0381983754,"TOTAL_FAUL":10,"TOTAL_FA_1":10,"SEGMENTATI":"not segmented","TOTAL_SEGM":10,"TOTAL_SE_1":10,"MIN_TOTAL":100,"MAX_TOTAL":103.527618041,"BEST_ESTIM":100.381983754,"MIN_TOTA_1":100,"MAX_TOTA_1":103.527618041,"BEST_EST_1":100.381983754,"SLIPRATEMI":0.01,"SLIPRATEMA":0.1,"BEST_EST_2":0.05,"ACTIVITY":"potentially","FAULT_WE_1":" ","__id":225},"id":225},{"type":"Feature","geometry":{"type":"LineString","coordinates":[[13.856923787628459,45.533416699232234],[13.856204237085882,45.53215312351265],[13.855782927217627,45.53089266586345],[13.855812571622003,45.52942702581889],[13.856585122766347,45.52807399659925],[13.857942477160652,45.52724957679222],[13.859748090881732,45.526325708789024],[13.861848352016002,45.52561328795096],[13.864404957314607,45.52438226389597],[13.866829510266445,45.52231224502733],[13.868212017488707,45.520232079414235],[13.869736458525857,45.51846718268619],[13.870367974170595,45.51669341828841],[13.872655983199246,45.513993639045616],[13.874316968159581,45.51285867336011],[13.875679712445592,45.51171990774713],[13.876602282242384,45.51026321101475],[13.876924777429382,45.509010446852436],[13.877408969367522,45.5071306187702],[13.878778001860521,45.50567821028038],[13.881037264800081,45.50433909044686],[13.88435384482905,45.50227714877691],[13.886758634844638,45.50114887269652],[13.887808765411773,45.50074024481112],[13.891577198028656,45.498369011211764],[13.893691832207471,45.49681877743153],[13.895949298516465,45.49558397498586],[13.89775850549868,45.4944498974844],[13.900021361699379,45.492900815243885],[13.90242525339968,45.49177235127444],[13.90378081116342,45.49094802931861],[13.905613374343021,45.48855749039671],[13.907757652926216,45.48543691615031],[13.90957943632241,45.48356952719289],[13.912725336447396,45.482552356745465],[13.915556826222941,45.482369704998824],[13.917931971834154,45.48270666551824],[13.921354553066651,45.482738786883104],[13.92269753441641,45.48254164959046]]},"properties":{"FID":6,"FAULT_NAME":"Kubed segment 1","FAULT_DESI":"MAF.SI-004/1","FAULT_TYPE":"thrust","MINDEPTH_g":0,"MAXDEPTH_g":7,"MAXDEPTH":7,"STRIKEMIN":235,"STRIKEMAX":25,"STRIKE_BES":320,"DIPMIN":10,"DIPMAX":20,"DIP_BEST_E":15,"RAKEMIN":85,"RAKEMAX":120,"RAKE_BEST":90,"FAULT_WIDT":27.0459231361,"TOTAL_FAUL":9,"TOTAL_FA_1":8,"SEGMENTATI":"not segmented","TOTAL_SEGM":9,"TOTAL_SE_1":8,"MIN_TOTAL":184.19967721,"MAX_TOTAL":362.802540438,"BEST_ESTIM":243.413308225,"MIN_TOTA_1":184.19967721,"MAX_TOTA_1":362.802540438,"BEST_EST_1":243.413308225,"SLIPRATEMI":0.1,"SLIPRATEMA":0.5,"BEST_EST_2":0.2,"ACTIVITY":"probably","FAULT_WE_1":" ","__id":226},"id":226},{"type":"Feature","geometry":{"type":"LineString","coordinates":[[13.619288852259187,46.38230773376848],[13.633214535793607,46.39011535288246],[13.637679162755683,46.39244626839397],[13.64395658996111,46.39572313675672],[13.64897637576877,46.398181433300614],[13.654650135103267,46.40087502422533],[13.658047563507807,46.40248690257381],[13.658930607432097,46.403237692065694],[13.661171904065975,46.405143734156724],[13.664501060508924,46.40826251216905],[13.670164040060012,46.412793868657594],[13.675616813834617,46.416521611907974],[13.680936636947171,46.419958663897006],[13.689258629739257,46.425170183796794],[13.703940694742904,46.43556263177616]]},"properties":{"FID":79,"FAULT_NAME":"Jalovec segment 1","FAULT_DESI":"MAF.SI-031/1","FAULT_TYPE":"sinistral strike-slip","MINDEPTH_g":0,"MAXDEPTH_g":0,"MAXDEPTH":10,"STRIKEMIN":215,"STRIKEMAX":230,"STRIKE_BES":225,"DIPMIN":80,"DIPMAX":90,"DIP_BEST_E":85,"RAKEMIN":0,"RAKEMAX":20,"RAKE_BEST":10,"FAULT_WIDT":10.0381983754,"TOTAL_FAUL":9,"TOTAL_FA_1":9,"SEGMENTATI":"not segmented","TOTAL_SEGM":9,"TOTAL_SE_1":9,"MIN_TOTAL":90,"MAX_TOTAL":91.3883950697,"BEST_ESTIM":90.3437853789,"MIN_TOTA_1":90,"MAX_TOTA_1":91.3883950697,"BEST_EST_1":90.3437853789,"SLIPRATEMI":0.05,"SLIPRATEMA":0.3,"BEST_EST_2":0.1,"ACTIVITY":"potentially","FAULT_WE_1":" ","__id":227},"id":227},{"type":"Feature","geometry":{"type":"LineString","coordinates":[[15.5634371631952,46.2771892167654],[15.57260177572379,46.27262673636153],[15.579815247455269,46.26846068864129],[15.585831264913017,46.26552644352763],[15.591580482731382,46.26381923055208],[15.599566505607203,46.262487083100396],[15.609320412962175,46.26120955744695],[15.614050941248347,46.2600226802511],[15.619334831749537,46.25838113271612],[15.624442652455041,46.257643879900726],[15.633090733695258,46.25746686321657],[15.640716532142152,46.2572954359883],[15.648340533958475,46.256994194814226],[15.65661761098635,46.256882393545055],[15.663337009311563,46.258714663378505],[15.671173911850225,46.26060401106744],[15.677131538814503,46.260956160391146]]},"properties":{"FID":126,"FAULT_NAME":"Cerovec segment 1","FAULT_DESI":"MAF.SI-083/1","FAULT_TYPE":"reverse","MINDEPTH_g":0,"MAXDEPTH_g":0,"MAXDEPTH":10,"STRIKEMIN":250,"STRIKEMAX":310,"STRIKE_BES":280,"DIPMIN":60,"DIPMAX":80,"DIP_BEST_E":70,"RAKEMIN":70,"RAKEMAX":110,"RAKE_BEST":90,"FAULT_WIDT":10.6417777248,"TOTAL_FAUL":9,"TOTAL_FA_1":9,"SEGMENTATI":"not segmented","TOTAL_SEGM":9,"TOTAL_SE_1":9,"MIN_TOTAL":91.3883950697,"MAX_TOTAL":103.923048454,"BEST_ESTIM":95.7759995228,"MIN_TOTA_1":91.3883950697,"MAX_TOTA_1":103.923048454,"BEST_EST_1":95.7759995228,"SLIPRATEMI":0.01,"SLIPRATEMA":0.1,"BEST_EST_2":0.05,"ACTIVITY":"potentially","FAULT_WE_1":" ","__id":228},"id":228},{"type":"Feature","geometry":{"type":"LineString","coordinates":[[14.76979447429657,46.12321099100795],[14.77476664939417,46.12155663509771],[14.77796285517507,46.12051430932807],[14.782667332318002,46.118982540337555],[14.785508703561675,46.117816250271474],[14.78826293822278,46.116156750686066],[14.791550772162662,46.1141901945449],[14.794304108508486,46.11265389049549],[14.799175672294268,46.10921744615271],[14.803424703588153,46.10606915622854],[14.808373522488367,46.10219318066849],[14.812272210821448,46.099113008993235],[14.817367455112972,46.096070041527],[14.82236029146211,46.09351157640245],[14.827252516499422,46.09098725733197],[14.83596617475538,46.08787343907247],[14.84049009052621,46.08607659001059],[14.84966638115349,46.083638538599985],[14.85372227466129,46.08267275882237],[14.85857677045667,46.08101407048848],[14.863898390199797,46.078754634930306],[14.869351163974402,46.07663407111883]]},"properties":{"FID":150,"FAULT_NAME":"Ponoviče segment 1","FAULT_DESI":"MAF.SI-059/1","FAULT_TYPE":"dextral strike-slip","MINDEPTH_g":0,"MAXDEPTH_g":0,"MAXDEPTH":10,"STRIKEMIN":295,"STRIKEMAX":315,"STRIKE_BES":305,"DIPMIN":80,"DIPMAX":85,"DIP_BEST_E":82,"RAKEMIN":160,"RAKEMAX":180,"RAKE_BEST":170,"FAULT_WIDT":10.0982757252,"TOTAL_FAUL":9,"TOTAL_FA_1":9,"SEGMENTATI":"not segmented","TOTAL_SEGM":9,"TOTAL_SE_1":9,"MIN_TOTAL":90.3437853789,"MAX_TOTAL":91.3883950697,"BEST_ESTIM":90.8844815267,"MIN_TOTA_1":90.3437853789,"MAX_TOTA_1":91.3883950697,"BEST_EST_1":90.8844815267,"SLIPRATEMI":0.01,"SLIPRATEMA":0.1,"BEST_EST_2":0.05,"ACTIVITY":"potentially","FAULT_WE_1":" ","__id":229},"id":229},{"type":"Feature","geometry":{"type":"LineString","coordinates":[[13.912811574714672,45.54181170894625],[13.912063278083002,45.54223828443054],[13.911641069899465,45.54237292557807],[13.9109942828949,45.54264409438715],[13.910350190836184,45.542811450818505],[13.909433010931098,45.54302788095339],[13.908814071700343,45.54312602922833],[13.907999299737645,45.54317007006523],[13.907378563876318,45.543355041203526],[13.906906050036868,45.543575873296085],[13.906188296124858,45.543672762316476],[13.905695121033876,45.54368597444269],[13.904480598769746,45.54395147460642],[13.903784404424554,45.54423962265435],[13.903111566276749,45.544596974513716],[13.902809732341286,45.544888894065195],[13.902507000090537,45.545232400906364],[13.902276133062518,45.545680969866616],[13.902245590342858,45.545993015727895],[13.902215945938483,45.54626982915499],[13.902158453760299,45.546685675854995],[13.901879077706939,45.54706440194294],[13.901552989258803,45.54735567957368],[13.901199951352144,45.54773377204401],[13.901118204661287,45.548148978815306],[13.90105981416782,45.54859941178367],[13.901050831014977,45.54908444101378],[13.901092153518048,45.5495008959755],[13.901283494673567,45.54978020845067],[13.901327512122489,45.55007524647219],[13.901347275058738,45.550301084764165],[13.899407812360325,45.55109685870008],[13.89825976542722,45.551762406430576],[13.897907625835845,45.55207064420255],[13.897828574090841,45.552329814245425],[13.897822285883853,45.55265943655388],[13.89756626602788,45.55315952777692],[13.897364145088952,45.55338283751476],[13.897009310551724,45.55384769634827],[13.896730832813647,45.55420876131407],[13.896328387566363,45.55463838785899],[13.896246640875509,45.555018947428586],[13.896016672162773,45.555415858878696],[13.895536971801056,45.55598322980794],[13.89476172571086,45.556512854707606],[13.894315263014652,45.55659525433236],[13.893744832809237,45.55678081029681],[13.89344479550434,45.556985864649924],[13.893239081304275,45.557382762207524],[13.892683024143405,45.558053267402364],[13.891907778053211,45.55856589027362],[13.89148017997797,45.55897787213637],[13.890975326788295,45.55956218932313],[13.890446219085948,45.56012888942308],[13.889944060842126,45.56054023086555],[13.889517361082168,45.56091760568696],[13.889165221490794,45.56126101457166],[13.888814878529987,45.56151762643394],[13.888314516916735,45.561842163287174],[13.887691984424837,45.56213084856372],[13.886969738936404,45.562452866119834],[13.88664365048827,45.562710101474316],[13.886391223893433,45.56301953706389],[13.886284324374625,45.56343463090987],[13.885802827382335,45.56405412132429],[13.885283601148114,45.564533356938206],[13.884771561436166,45.56491636513915],[13.884308929064844,45.565333960596014],[13.883895704034149,45.565684260414876],[13.883666633636699,45.56573897491106],[13.883405223889019,45.56579368935396],[13.883046796090655,45.565858466154246],[13.88270543628269,45.5658666418616],[13.882444924850297,45.56586412625946],[13.882106259988182,45.56575784196635],[13.88175232376624,45.56558300701124],[13.880991450720591,45.56540439807795],[13.880424613776311,45.56528490586892],[13.879729317746403,45.56511824525817],[13.878885799694615,45.565052838694676],[13.878072824362485,45.56503334249277],[13.876931963951654,45.56519371427524],[13.876456755166357,45.565383015280275],[13.875878240123381,45.5658911689765],[13.875483879713654,45.56638233792049],[13.874648446499423,45.567149584270965],[13.873928895956844,45.56800549180888],[13.873291092105118,45.56920097345385],[13.872235571646275,45.571501936732034],[13.871505241320287,45.572912401370274],[13.871348036145568,45.57420524377057],[13.87171904035791,45.57537984325984],[13.872098129407805,45.57621613306209],[13.872909308109367,45.577333472256214],[13.873374635426542,45.5782011710936],[13.873486924837056,45.579188319408416],[13.873331516292902,45.58035778476174],[13.87296230871113,45.58127887876562],[13.872461947097875,45.58216789304996],[13.871965178745759,45.582840617274805],[13.870940201006578,45.58360135177978],[13.870141598718995,45.5840552727474],[13.86952086285767,45.584357675122334],[13.867796995827442,45.58495681680479],[13.866471082468083,45.58543713143701],[13.864567552381033,45.58621920563092],[13.86332877560423,45.5867001381292],[13.862089100512147,45.58724267533493],[13.8608925445537,45.58778520729697],[13.859916075839864,45.58836105240305],[13.85933486585104,45.58884825298302],[13.859059981374095,45.58943100218706],[13.859133643227393,45.59010992566803],[13.859565732879057,45.590483958706976],[13.86034906380681,45.5908001561217],[13.860827865853246,45.59098999943932],[13.861211446479562,45.59157901253327],[13.861330922412352,45.59216613362772],[13.861314752737234,45.59299777323159],[13.86108029244808,45.59370431148175],[13.860669762363237,45.59450135641048],[13.860128078246913,45.59520536144329]]},"properties":{"FID":2,"FAULT_NAME":"Socerb segment 1","FAULT_DESI":"MAF.SI-007/1","FAULT_TYPE":"thrust","MINDEPTH_g":0,"MAXDEPTH_g":0,"MAXDEPTH":7,"STRIKEMIN":235,"STRIKEMAX":60,"STRIKE_BES":320,"DIPMIN":5,"DIPMAX":17,"DIP_BEST_E":10,"RAKEMIN":85,"RAKEMAX":120,"RAKE_BEST":90,"FAULT_WIDT":40.311393382,"TOTAL_FAUL":8,"TOTAL_FA_1":7,"SEGMENTATI":"not segmented","TOTAL_SEGM":8,"TOTAL_SE_1":7,"MIN_TOTAL":191.537002711,"MAX_TOTAL":642.527941758,"BEST_ESTIM":322.491147056,"MIN_TOTA_1":191.537002711,"MAX_TOTA_1":642.527941758,"BEST_EST_1":322.491147056,"SLIPRATEMI":0.1,"SLIPRATEMA":0.55,"BEST_EST_2":0.2,"ACTIVITY":"probably","FAULT_WE_1":" ","__id":230},"id":230},{"type":"Feature","geometry":{"type":"LineString","coordinates":[[13.715983509441811,46.01669494100078],[13.706803625553393,46.0199425249973],[13.700725624341041,46.022745798896324],[13.694274822285779,46.02674149725092],[13.688462722397526,46.03277878262118],[13.681956224794646,46.039047381434386],[13.67791111107026,46.04294961792161],[13.670525162804228,46.04992531683174],[13.664384279521988,46.05511973232966],[13.658044868561957,46.06138828983392],[13.650622089369275,46.069678573316196]]},"properties":{"FID":24,"FAULT_NAME":"Bate segment 1","FAULT_DESI":"MAF.SI-016/1","FAULT_TYPE":"dextral strike-slip","MINDEPTH_g":0,"MAXDEPTH_g":0,"MAXDEPTH":10,"STRIKEMIN":300,"STRIKEMAX":325,"STRIKE_BES":320,"DIPMIN":75,"DIPMAX":85,"DIP_BEST_E":80,"RAKEMIN":160,"RAKEMAX":180,"RAKE_BEST":170,"FAULT_WIDT":10.1542661189,"TOTAL_FAUL":8,"TOTAL_FA_1":8,"SEGMENTATI":"not segmented","TOTAL_SEGM":8,"TOTAL_SE_1":8,"MIN_TOTAL":80.3055870035,"MAX_TOTAL":82.8220944328,"BEST_ESTIM":81.2341289509,"MIN_TOTA_1":80.3055870035,"MAX_TOTA_1":82.8220944328,"BEST_EST_1":81.2341289509,"SLIPRATEMI":0.01,"SLIPRATEMA":0.1,"BEST_EST_2":0.05,"ACTIVITY":"potentially","FAULT_WE_1":" ","__id":231},"id":231},{"type":"Feature","geometry":{"type":"LineString","coordinates":[[14.034098511115353,46.12166310812544],[14.040505295721692,46.12002551775204],[14.047193253011963,46.11767552166441],[14.058733011151762,46.11292229530379],[14.065106558092591,46.10989254564226],[14.066850188059068,46.1090424420757],[14.06847524040804,46.10883006983384],[14.070367990711679,46.10873291393136],[14.072321826454639,46.10822221983314],[14.073741164603547,46.10736959926434],[14.076029173632199,46.106260363138894],[14.0783710815779,46.10518909763078],[14.083915483511486,46.10311065860459],[14.094432060542673,46.09883394752765],[14.10407367848713,46.09510136465241],[14.10791846790316,46.09337701541868],[14.111775833733168,46.0909012839175],[14.116294359612288,46.08762858756507],[14.11885006659561,46.085393099117226],[14.12089732712812,46.0835045766085],[14.122841281402954,46.081946855150726]]},"properties":{"FID":76,"FAULT_NAME":"Trebije segment 1","FAULT_DESI":"MAF.SI-030/1","FAULT_TYPE":"dextral strike-slip","MINDEPTH_g":0,"MAXDEPTH_g":0,"MAXDEPTH":10,"STRIKEMIN":275,"STRIKEMAX":320,"STRIKE_BES":305,"DIPMIN":70,"DIPMAX":85,"DIP_BEST_E":80,"RAKEMIN":160,"RAKEMAX":180,"RAKE_BEST":170,"FAULT_WIDT":10.1542661189,"TOTAL_FAUL":8,"TOTAL_FA_1":8,"SEGMENTATI":"not segmented","TOTAL_SEGM":8,"TOTAL_SE_1":8,"MIN_TOTAL":80.3055870035,"MAX_TOTAL":85.1342217981,"BEST_ESTIM":81.2341289509,"MIN_TOTA_1":80.3055870035,"MAX_TOTA_1":85.1342217981,"BEST_EST_1":81.2341289509,"SLIPRATEMI":0.01,"SLIPRATEMA":0.1,"BEST_EST_2":0.05,"ACTIVITY":"potentially","FAULT_WE_1":" ","__id":232},"id":232},{"type":"Feature","geometry":{"type":"LineString","coordinates":[[14.631571599844385,46.43441234692314],[14.630367857363664,46.432568002075094],[14.630154956641327,46.432060935604035],[14.628804788769296,46.42921718970097],[14.62708092173907,46.424804229496864],[14.624672538462347,46.421464086365695],[14.622186001755903,46.41826184008205],[14.621905727387258,46.41755089236354],[14.621295771309342,46.41502472352931],[14.619834212342079,46.412022771834344],[14.617115910292332,46.40929256789853],[14.613369935557554,46.406953080714025],[14.609454179234078,46.404376245853975],[14.605949851310724,46.400065969718106],[14.604489190658748,46.39710284454647],[14.600707283312607,46.39204168015143],[14.596919087759474,46.387808503561835],[14.593185689438672,46.38404905351244],[14.589510681611339,46.38013193556628],[14.587544269454401,46.376338489593195],[14.584437895201916,46.372738779460384],[14.583421002300295,46.37159088811254]]},"properties":{"FID":168,"FAULT_NAME":"Matkov kot segment 1","FAULT_DESI":"MAF.SI-065/1","FAULT_TYPE":"sinistral strike-slip","MINDEPTH_g":0,"MAXDEPTH_g":0,"MAXDEPTH":10,"STRIKEMIN":10,"STRIKEMAX":45,"STRIKE_BES":30,"DIPMIN":85,"DIPMAX":90,"DIP_BEST_E":87,"RAKEMIN":0,"RAKEMAX":20,"RAKE_BEST":10,"FAULT_WIDT":10.01372346,"TOTAL_FAUL":8,"TOTAL_FA_1":8,"SEGMENTATI":"not segmented","TOTAL_SEGM":8,"TOTAL_SE_1":8,"MIN_TOTAL":80,"MAX_TOTAL":80.3055870035,"BEST_ESTIM":80.1097876798,"MIN_TOTA_1":80,"MAX_TOTA_1":80.3055870035,"BEST_EST_1":80.1097876798,"SLIPRATEMI":0.01,"SLIPRATEMA":0.1,"BEST_EST_2":0.05,"ACTIVITY":"potentially","FAULT_WE_1":" ","__id":233},"id":233},{"type":"Feature","geometry":{"type":"LineString","coordinates":[[14.080892652580422,46.307121534196376],[14.111958191735845,46.297078260437814],[14.13964247216184,46.289520542044116],[14.169135959570053,46.28196923069039]]},"properties":{"FID":58,"FAULT_NAME":"Pokljuka segment 1","FAULT_DESI":"MAF.SI-042/1","FAULT_TYPE":"dextral strike-slip","MINDEPTH_g":0,"MAXDEPTH_g":0,"MAXDEPTH":10,"STRIKEMIN":290,"STRIKEMAX":295,"STRIKE_BES":295,"DIPMIN":75,"DIPMAX":85,"DIP_BEST_E":80,"RAKEMIN":160,"RAKEMAX":180,"RAKE_BEST":170,"FAULT_WIDT":10.1542661189,"TOTAL_FAUL":7,"TOTAL_FA_1":7,"SEGMENTATI":"not segmented","TOTAL_SEGM":7,"TOTAL_SE_1":7,"MIN_TOTAL":70.267388628,"MAX_TOTAL":72.4693326287,"BEST_ESTIM":71.079862832,"MIN_TOTA_1":70.267388628,"MAX_TOTA_1":72.4693326287,"BEST_EST_1":71.079862832,"SLIPRATEMI":0.01,"SLIPRATEMA":0.1,"BEST_EST_2":0.05,"ACTIVITY":"potentially","FAULT_WE_1":" ","__id":234},"id":234},{"type":"Feature","geometry":{"type":"LineString","coordinates":[[13.846347023473237,46.48999198315049],[13.848262231658982,46.4913538441888],[13.853891075229273,46.49388884346863],[13.86262629305205,46.49810698362788],[13.869718492220173,46.50230810159843],[13.875787510279688,46.50536320002766],[13.887693781055408,46.50826788848621],[13.907509717907796,46.51217642181473],[13.920899107217599,46.5159177661701],[13.927134313604675,46.518352098112295],[13.930831779314111,46.520555142506886]]},"properties":{"FID":174,"FAULT_NAME":"Srednji vrh segment 1","FAULT_DESI":"MAF.SI-048/1","FAULT_TYPE":"sinistral strike-slip","MINDEPTH_g":0,"MAXDEPTH_g":0,"MAXDEPTH":10,"STRIKEMIN":45,"STRIKEMAX":70,"STRIKE_BES":65,"DIPMIN":85,"DIPMAX":90,"DIP_BEST_E":87,"RAKEMIN":0,"RAKEMAX":30,"RAKE_BEST":15,"FAULT_WIDT":10.01372346,"TOTAL_FAUL":7,"TOTAL_FA_1":7,"SEGMENTATI":"not segmented","TOTAL_SEGM":7,"TOTAL_SE_1":7,"MIN_TOTAL":70,"MAX_TOTAL":70.267388628,"BEST_ESTIM":70.0960642199,"MIN_TOTA_1":70,"MAX_TOTA_1":70.267388628,"BEST_EST_1":70.0960642199,"SLIPRATEMI":0.1,"SLIPRATEMA":0.3,"BEST_EST_2":0.2,"ACTIVITY":"potentially","FAULT_WE_1":" ","__id":235},"id":235},{"type":"Feature","geometry":{"type":"LineString","coordinates":[[14.002419422620878,46.2500589790977],[14.0060441247923,46.246205564466074],[14.009755963546281,46.24241462871232],[14.01280843888172,46.240714773046776],[14.019337394366703,46.23836558027278],[14.02327560857228,46.23679608203225],[14.02838881916949,46.234064575833955],[14.03143770124379,46.232487497836],[14.036187992466216,46.23018393801388],[14.040328327610721,46.227135782689835],[14.044397695847783,46.2229768439454],[14.048182298139778,46.21992518072095],[14.051152128469079,46.21766771092224],[14.055903318006786,46.215178916945256],[14.06067337216546,46.21151824552624],[14.061938200085502,46.210295480911476],[14.063405148944469,46.207594361424746],[14.064611586371042,46.204520705101416],[14.06498618384452,46.20335249652249]]},"properties":{"FID":238,"FAULT_NAME":"Sorica segment 1","FAULT_DESI":"MAF.SI-036/1","FAULT_TYPE":"dextral strike-slip","MINDEPTH_g":0,"MAXDEPTH_g":0,"MAXDEPTH":10,"STRIKEMIN":310,"STRIKEMAX":345,"STRIKE_BES":315,"DIPMIN":75,"DIPMAX":85,"DIP_BEST_E":80,"RAKEMIN":160,"RAKEMAX":180,"RAKE_BEST":170,"FAULT_WIDT":10.1542661189,"TOTAL_FAUL":7,"TOTAL_FA_1":7,"SEGMENTATI":"not segmented","TOTAL_SEGM":7,"TOTAL_SE_1":7,"MIN_TOTAL":70.267388628,"MAX_TOTAL":72.4693326287,"BEST_ESTIM":71.079862832,"MIN_TOTA_1":70.267388628,"MAX_TOTA_1":72.4693326287,"BEST_EST_1":71.079862832,"SLIPRATEMI":0.01,"SLIPRATEMA":0.1,"BEST_EST_2":0.05,"ACTIVITY":"potentially","FAULT_WE_1":" ","__id":236},"id":236},{"type":"Feature","geometry":{"type":"LineString","coordinates":[[15.604444357599972,46.269178545647875],[15.614350080237958,46.27203683977196],[15.619889092279841,46.27378601989576],[15.623254181334152,46.275708377106156],[15.626921104323925,46.27676638990055],[15.630106530321415,46.277530704509616],[15.630900641032575,46.27855329235367],[15.63253467653439,46.27956033956948],[15.635113739715097,46.28074368952481],[15.636849284844018,46.281460143970456],[15.638422234906509,46.281668745930176],[15.640673413008514,46.28169295860621],[15.644341234313575,46.282035039116224],[15.648696266810985,46.282917857714295],[15.6536846115837,46.284159491302766],[15.657676724706329,46.28529804456967],[15.660576486443464,46.28702321186957],[15.661948213882315,46.28788608552935],[15.674457254213682,46.29191409790486]]},"properties":{"FID":127,"FAULT_NAME":"Mlinišče segment 1","FAULT_DESI":"MAF.SI-084/1","FAULT_TYPE":"dextral strike-slip","MINDEPTH_g":0,"MAXDEPTH_g":0,"MAXDEPTH":10,"STRIKEMIN":210,"STRIKEMAX":260,"STRIKE_BES":245,"DIPMIN":70,"DIPMAX":110,"DIP_BEST_E":90,"RAKEMIN":160,"RAKEMAX":180,"RAKE_BEST":170,"FAULT_WIDT":10,"TOTAL_FAUL":6,"TOTAL_FA_1":6,"SEGMENTATI":"not segmented","TOTAL_SEGM":6,"TOTAL_SE_1":6,"MIN_TOTAL":63.8506663486,"MAX_TOTAL":63.8506663486,"BEST_ESTIM":60,"MIN_TOTA_1":63.8506663486,"MAX_TOTA_1":63.8506663486,"BEST_EST_1":60,"SLIPRATEMI":0.01,"SLIPRATEMA":0.1,"BEST_EST_2":0.05,"ACTIVITY":"potentially","FAULT_WE_1":" ","__id":237},"id":237},{"type":"Feature","geometry":{"type":"LineString","coordinates":[[15.080175879689126,46.107281160145085],[15.076456854412873,46.109244226087],[15.074034996406883,46.11057946956908],[15.071499950675099,46.112541795293005],[15.068683732259386,46.11489636939181],[15.065077894708931,46.11760453453155],[15.061585244884274,46.12019488296742],[15.059161590247719,46.1214507845153],[15.055722839340108,46.12286418434356],[15.051382179887243,46.1245135200594],[15.044672663030154,46.12639877046893],[15.03925941512805,46.12812644494999],[15.034240527635676,46.130049547515284],[15.027191447601188,46.13271837141861],[15.023751798378294,46.134091641651366],[15.022172560108814,46.13507208335438]]},"properties":{"FID":156,"FAULT_NAME":"Dobovec segment 1","FAULT_DESI":"MAF.SI-069/1","FAULT_TYPE":"dextral strike-slip","MINDEPTH_g":0,"MAXDEPTH_g":0,"MAXDEPTH":10,"STRIKEMIN":120,"STRIKEMAX":140,"STRIKE_BES":125,"DIPMIN":75,"DIPMAX":85,"DIP_BEST_E":80,"RAKEMIN":160,"RAKEMAX":180,"RAKE_BEST":170,"FAULT_WIDT":10.1542661189,"TOTAL_FAUL":6,"TOTAL_FA_1":5,"SEGMENTATI":"not segmented","TOTAL_SEGM":6,"TOTAL_SE_1":5,"MIN_TOTAL":60.2291902526,"MAX_TOTAL":62.1165708246,"BEST_ESTIM":60.9255967131,"MIN_TOTA_1":60.2291902526,"MAX_TOTA_1":62.1165708246,"BEST_EST_1":60.9255967131,"SLIPRATEMI":0.04,"SLIPRATEMA":0.1,"BEST_EST_2":0.07,"ACTIVITY":"potentially","FAULT_WE_1":" ","__id":238},"id":238},{"type":"Feature","geometry":{"type":"LineString","coordinates":[[14.848806693426589,46.4709477143824],[14.879614416095468,46.45888502099964],[14.896721932366237,46.452757052534906],[14.913279679683129,46.44691002335027]]},"properties":{"FID":195,"FAULT_NAME":"Javornik segment 1","FAULT_DESI":"MAF.SI-077/1","FAULT_TYPE":"dextral strike-slip","MINDEPTH_g":0,"MAXDEPTH_g":0,"MAXDEPTH":10,"STRIKEMIN":115,"STRIKEMAX":120,"STRIKE_BES":120,"DIPMIN":80,"DIPMAX":100,"DIP_BEST_E":90,"RAKEMIN":-170,"RAKEMAX":170,"RAKE_BEST":180,"FAULT_WIDT":10,"TOTAL_FAUL":6,"TOTAL_FA_1":6,"SEGMENTATI":"not segmented","TOTAL_SEGM":6,"TOTAL_SE_1":6,"MIN_TOTAL":60.9255967131,"MAX_TOTAL":60.9255967131,"BEST_ESTIM":60,"MIN_TOTA_1":60.9255967131,"MAX_TOTA_1":60.9255967131,"BEST_EST_1":60,"SLIPRATEMI":0.01,"SLIPRATEMA":0.1,"BEST_EST_2":0.05,"ACTIVITY":"potentially","FAULT_WE_1":" ","__id":239},"id":239}]}
